pfr_id,cfb_id,gsis_id,player_name,position,draft_year,draft_round,draft_pick,draft_team,college,height_in,weight_lbs,forty_yard,vertical_jump,broad_jump,bench_reps,cone_drill,shuttle,col_pass_completions,col_pass_attempts,col_pass_yards,col_pass_tds,col_pass_ints,col_rush_attempts,col_rush_yards,col_rush_tds,col_receptions,col_rec_yards,col_rec_tds,weighted_av,draft_team_av,nfl_games,pro_bowls,all_pro,seasons_started,hof,position_group,missing_outcome,missing_combine,missing_height_weight,missing_college_stats
PettAu00,austin-pettis-1,00-0028016,Austin Pettis,WR,2011,3,78,STL,boise st.,75.0,209.0,4.56,33.5,120.0,14.0,6.68,3.88,5.0,6.0,93.0,2.0,0.0,1.0,-11.0,0.0,229.0,2838.0,39.0,8.0,8.0,47.0,0,0,0,False,skill_pass,False,False,False,False
GranRy01,ryan-grant-2,00-0031068,Ryan Grant,WR,2014,5,142,WAS,tulane,72.0,199.0,4.64,35.5,119.0,8.0,6.68,4.11,0.0,2.0,0.0,0.0,1.0,5.0,3.0,0.0,196.0,2769.0,21.0,10.0,7.0,80.0,0,0,1,False,skill_pass,False,False,False,False
MoorD.00,dj-moore-3,00-0034827,D.J. Moore,WR,2018,1,24,CAR,maryland,72.0,210.0,4.42,39.5,132.0,15.0,6.95,4.07,3.0,5.0,36.0,0.0,0.0,17.0,125.0,1.0,146.0,2027.0,17.0,61.0,36.0,131.0,0,0,7,False,skill_pass,False,False,False,False
AbbrJa00,jared-abbrederis-1,00-0031021,Jared Abbrederis,WR,2014,5,176,GNB,wisconsin,73.0,195.0,4.5,30.5,117.0,4.0,6.8,4.08,1.0,1.0,27.0,0.0,0.0,28.0,291.0,2.0,202.0,3140.0,23.0,1.0,1.0,22.0,0,0,0,False,skill_pass,False,False,False,False
PoseDe00,devier-posey-1,00-0029673,DeVier Posey,WR,2012,3,68,HOU,ohio st.,74.0,211.0,4.39,36.5,123.0,14.0,7.03,4.15,1.0,1.0,39.0,1.0,0.0,3.0,13.0,0.0,136.0,1955.0,18.0,2.0,2.0,26.0,0,0,0,False,skill_pass,False,False,False,False
BrowLe00,levi-brown-1,00-0027804,Levi Brown,QB,2010,7,209,BUF,troy,75.0,229.0,4.93,31.5,106.0,20.0,7.07,4.43,522.0,830.0,6284.0,38.0,12.0,87.0,24.0,1.0,1.0,17.0,0.0,0.0,0.0,1.0,0,0,0,False,skill_pass,False,False,False,False
CampMi02,michael-campanaro-1,00-0031025,Michael Campanaro,WR,2014,7,218,BAL,wake forest,69.0,192.0,4.46,39.0,122.0,20.0,6.77,4.01,6.0,7.0,174.0,4.0,1.0,51.0,238.0,2.0,229.0,2506.0,14.0,4.0,4.0,24.0,0,0,0,False,skill_pass,False,False,False,False
FordIs00,isaiah-ford-1,00-0033471,Isaiah Ford,WR,2017,7,237,MIA,virginia tech,73.0,194.0,4.61,35.5,127.0,14.0,6.94,4.34,2.0,4.0,44.0,0.0,0.0,17.0,84.0,0.0,210.0,2967.0,24.0,5.0,5.0,32.0,0,0,0,False,skill_pass,False,False,False,False
SamuDe00,deebo-samuel-1,00-0035719,Deebo Samuel,WR,2019,2,36,SFO,south carolina,71.0,214.0,4.48,39.0,122.0,15.0,7.03,4.14,2.0,2.0,46.0,2.0,0.0,25.0,154.0,7.0,148.0,2076.0,16.0,52.0,47.0,97.0,1,1,5,False,skill_pass,False,False,False,False
JernJe00,jerrel-jernigan-1,00-0028021,Jerrel Jernigan,WR,2011,3,83,NYG,troy,69.0,185.0,4.46,37.5,124.0,11.0,7.07,4.25,7.0,10.0,43.0,2.0,0.0,132.0,892.0,5.0,262.0,3128.0,18.0,2.0,2.0,34.0,0,0,0,False,skill_pass,False,False,False,False
DorsPh00,phillip-dorsett-1,00-0032208,Phillip Dorsett,WR,2015,1,29,IND,miami,70.0,185.0,4.33,37.0,122.0,13.0,6.7,4.11,3.0,3.0,42.0,1.0,0.0,7.0,2.0,0.0,121.0,2132.0,17.0,16.0,7.0,94.0,0,0,0,False,skill_pass,False,False,False,False
SanuMo00,mohamed-sanu-1,00-0029632,Mohamed Sanu,WR,2012,3,83,CIN,rutgers,73.0,211.0,4.62,36.0,126.0,19.0,6.88,4.22,8.0,18.0,207.0,4.0,0.0,125.0,653.0,9.0,210.0,2263.0,12.0,41.0,15.0,136.0,0,0,5,False,skill_pass,False,False,False,False
SuttCo00,courtland-sutton-1,00-0034348,Courtland Sutton,WR,2018,2,40,DEN,southern methodist,75.0,218.0,4.54,35.5,124.0,18.0,6.57,4.11,2.0,2.0,75.0,0.0,0.0,1.0,2.0,1.0,195.0,3220.0,31.0,45.0,45.0,115.0,2,0,5,False,skill_pass,False,False,False,False
ElliBr00,bruce-ellington-1,00-0031326,Bruce Ellington,WR,2014,4,106,SFO,south carolina,69.0,197.0,4.45,39.5,120.0,15.0,6.69,3.95,4.0,5.0,36.0,1.0,0.0,25.0,148.0,1.0,106.0,1586.0,16.0,7.0,2.0,44.0,0,0,0,False,skill_pass,False,False,False,False
ArchDr00,dri-archer-1,00-0031392,Dri Archer,WR,2014,3,97,PIT,kent st.,68.0,173.0,4.26,38.0,122.0,20.0,6.86,4.06,1.0,1.0,24.0,1.0,0.0,325.0,2342.0,24.0,99.0,1194.0,12.0,0.0,0.0,20.0,0,0,0,False,skill_pass,False,False,False,False
BeckOd00,odell-beckham-jr-1,00-0031235,Odell Beckham Jr.,WR,2014,1,12,NYG,louisiana state,71.0,198.0,4.38,38.5,122.0,7.0,6.69,3.94,0.0,1.0,0.0,0.0,0.0,7.0,77.0,0.0,143.0,2340.0,12.0,59.0,41.0,119.0,3,0,6,False,skill_pass,False,False,False,False
CookBr00,brandin-cooks-1,00-0031236,Brandin Cooks,WR,2014,1,20,NOR,oregon st.,70.0,189.0,4.33,36.0,120.0,16.0,6.76,3.81,0.0,1.0,0.0,0.0,0.0,61.0,340.0,2.0,226.0,3272.0,24.0,73.0,21.0,173.0,0,0,10,False,skill_pass,False,False,False,False
CobbRa00,randall-cobb-1,00-0028002,Randall Cobb,WR,2011,2,64,GNB,kentucky,70.0,191.0,4.46,33.5,115.0,16.0,7.08,4.34,62.0,122.0,689.0,5.0,5.0,228.0,1313.0,22.0,144.0,1661.0,13.0,64.0,56.0,166.0,1,0,5,False,skill_pass,False,False,False,False
FordJa01,jacoby-ford-1,00-0027709,Jacoby Ford,WR,2010,4,108,OAK,clemson,69.0,186.0,4.28,33.5,115.0,15.0,7.0,4.44,2.0,2.0,55.0,1.0,0.0,58.0,494.0,2.0,140.0,1919.0,15.0,12.0,12.0,38.0,0,0,1,False,skill_pass,False,False,False,False
WillKy01,kyle-williams-1,00-0027608,Kyle Williams,WR,2010,6,206,SFO,arizona st.,70.0,188.0,4.4,33.0,118.0,11.0,7.0,4.19,1.0,1.0,32.0,1.0,0.0,17.0,130.0,0.0,109.0,1626.0,18.0,6.0,6.0,39.0,0,0,0,False,skill_pass,False,False,False,False
KirkCh01,christian-kirk-1,00-0034775,Christian Kirk,WR,2018,2,47,ARI,texas a&m,70.0,201.0,4.47,35.5,115.0,20.0,7.09,4.45,0.0,2.0,0.0,0.0,0.0,23.0,120.0,0.0,234.0,2856.0,26.0,42.0,23.0,106.0,0,0,7,False,skill_pass,False,False,False,False
WhitJo02,jordan-white-1,00-0029642,Jordan White,WR,2012,7,244,NYJ,western michigan,72.0,208.0,4.63,35.0,119.0,14.0,6.84,4.13,0.0,1.0,0.0,0.0,0.0,4.0,56.0,0.0,294.0,4068.0,32.0,0.0,0.0,3.0,0,0,0,False,skill_pass,False,False,False,False
WatkSa00,sammy-watkins-1,00-0031325,Sammy Watkins,WR,2014,1,4,BUF,clemson,73.0,211.0,4.43,34.0,126.0,16.0,6.95,4.34,2.0,5.0,61.0,1.0,1.0,52.0,339.0,1.0,240.0,3391.0,27.0,43.0,20.0,111.0,0,0,6,False,skill_pass,False,False,False,False
MartKe01,keshawn-martin-1,00-0029415,Keshawn Martin,WR,2012,4,121,HOU,michigan st.,71.0,188.0,4.42,39.5,122.0,13.0,6.85,4.13,8.0,9.0,158.0,2.0,0.0,64.0,540.0,3.0,127.0,1714.0,10.0,7.0,4.0,58.0,0,0,1,False,skill_pass,False,False,False,False
HarrDw00,dwayne-harris-1,00-0028114,Dwayne Harris,WR,2011,6,176,DAL,east carolina,70.0,203.0,4.53,34.0,111.0,10.0,6.77,4.21,4.0,9.0,153.0,2.0,0.0,86.0,526.0,6.0,268.0,3001.0,20.0,12.0,6.0,109.0,1,0,0,False,skill_pass,False,False,False,False
EverGe00,gerald-everett-1,00-0033895,Gerald Everett,TE,2017,2,44,LAR,south alabama,75.0,239.0,4.62,37.5,126.0,22.0,6.99,4.33,1.0,1.0,7.0,1.0,0.0,8.0,7.0,4.0,90.0,1292.0,12.0,22.0,10.0,124.0,0,0,3,False,skill_pass,False,False,False,False
JoneZa00,isaiah-jones-2,00-0033891,Zay Jones,WR,2017,2,37,BUF,east carolina,74.0,201.0,4.45,36.5,133.0,15.0,6.79,4.01,3.0,4.0,36.0,1.0,0.0,5.0,18.0,0.0,397.0,4264.0,23.0,25.0,8.0,123.0,0,0,3,False,skill_pass,False,False,False,False
BoydTy00,tyler-boyd-1,00-0033009,Tyler Boyd,WR,2016,2,55,CIN,pittsburgh,73.0,197.0,4.58,34.0,119.0,11.0,6.9,4.35,3.0,4.0,96.0,0.0,0.0,63.0,520.0,1.0,254.0,3361.0,21.0,48.0,46.0,136.0,0,0,5,False,skill_pass,False,False,False,False
MillBr03,braxton-miller-1,00-0033069,Braxton Miller,WR,2016,3,85,HOU,ohio st.,73.0,201.0,4.5,35.0,123.0,17.0,6.65,4.07,396.0,667.0,5295.0,52.0,17.0,599.0,3314.0,33.0,26.0,341.0,3.0,2.0,2.0,21.0,0,0,1,False,skill_pass,False,False,False,False
WescTr00,trevon-wesco-1,00-0035259,Trevon Wesco,TE,2019,4,121,NYJ,west virginia,75.0,267.0,4.89,31.0,117.0,24.0,7.18,4.38,0.0,1.0,0.0,0.0,0.0,1.0,3.0,0.0,28.0,373.0,2.0,0.0,0.0,69.0,0,0,1,False,skill_pass,False,False,False,False
GiveCh00,chris-givens-2,00-0029614,Chris Givens,WR,2012,4,96,STL,wake forest,71.0,198.0,4.35,33.5,118.0,19.0,6.97,4.23,0.0,2.0,0.0,0.0,0.0,45.0,238.0,2.0,163.0,2473.0,21.0,12.0,11.0,60.0,0,0,2,False,skill_pass,False,False,False,False
CrowJa00,jamison-crowder-1,00-0031941,Jamison Crowder,WR,2015,4,105,WAS,duke,68.0,185.0,4.56,37.0,115.0,10.0,7.17,4.32,2.0,4.0,33.0,1.0,0.0,21.0,135.0,1.0,283.0,3641.0,23.0,33.0,22.0,123.0,0,0,4,False,skill_pass,False,False,False,False
HardJu00,justin-hardy-1,00-0031570,Justin Hardy,WR,2015,4,107,ATL,east carolina,70.0,192.0,4.56,36.5,114.0,11.0,6.63,4.21,4.0,10.0,147.0,2.0,0.0,1.0,7.0,1.0,387.0,4541.0,35.0,8.0,8.0,73.0,0,0,0,False,skill_pass,False,False,False,False
BellBl00,blake-bell-1,00-0032062,Blake Bell,TE,2015,4,117,SFO,oklahoma,78.0,252.0,4.8,33.0,116.0,14.0,6.85,4.32,150.0,253.0,1763.0,12.0,6.0,181.0,631.0,24.0,16.0,214.0,4.0,5.0,2.0,117.0,0,0,1,False,skill_pass,False,False,False,False
SwitRy00,ryan-switzer-1,00-0033562,Ryan Switzer,WR,2017,4,133,DAL,north carolina,68.0,181.0,4.51,32.0,116.0,11.0,6.77,4.0,3.0,5.0,105.0,2.0,0.0,24.0,78.0,0.0,244.0,2907.0,19.0,3.0,1.0,41.0,0,0,0,False,skill_pass,False,False,False,False
LippTo00,tony-lippett-1,00-0031594,Tony Lippett,WR,2015,5,156,MIA,michigan st.,74.0,192.0,4.61,36.0,114.0,10.0,6.92,4.13,1.0,2.0,5.0,1.0,0.0,6.0,51.0,1.0,149.0,2247.0,15.0,6.0,6.0,28.0,0,0,1,False,skill_pass,False,False,False,False
BrowAn04,antonio-brown-1,00-0027793,Antonio Brown,WR,2010,6,195,PIT,central michigan,70.0,186.0,4.56,33.5,105.0,13.0,6.98,4.18,2.0,5.0,26.0,1.0,0.0,71.0,518.0,4.0,301.0,3176.0,22.0,92.0,86.0,146.0,7,4,7,False,skill_pass,False,False,False,False
DickEd00,ed-dickson-1,00-0027675,Ed Dickson,TE,2010,3,70,BAL,oregon,76.0,249.0,4.59,34.0,115.0,23.0,7.32,4.59,0.0,1.0,0.0,0.0,0.0,5.0,28.0,0.0,124.0,1557.0,12.0,16.0,9.0,134.0,0,0,7,False,skill_pass,False,False,False,False
QuinTr00,trey-quinn-1,00-0034339,Trey Quinn,WR,2018,7,256,WAS,southern methodist,71.0,203.0,4.55,33.5,116.0,17.0,6.91,4.19,1.0,2.0,34.0,0.0,1.0,3.0,11.0,0.0,136.0,1512.0,13.0,2.0,2.0,16.0,0,0,0,False,skill_pass,False,False,False,False
JameRi00,richie-james-1,00-0034286,Richie James,WR,2018,7,240,SFO,middle tenn. st.,70.0,183.0,4.48,35.5,122.0,6.0,6.87,4.16,6.0,8.0,80.0,0.0,0.0,60.0,542.0,5.0,244.0,3261.0,23.0,13.0,6.0,66.0,0,0,1,False,skill_pass,False,False,False,False
SamuJa00,jaylen-samuels-1,00-0034331,Jaylen Samuels,TE,2018,5,165,PIT,north carolina st.,71.0,225.0,4.54,34.5,121.0,18.0,6.93,4.28,2.0,3.0,84.0,1.0,0.0,182.0,1107.0,28.0,201.0,1851.0,19.0,7.0,7.0,45.0,0,0,0,False,skill_pass,False,False,False,False
CainDe00,deon-cain-1,00-0034406,Deon Cain,WR,2018,6,185,IND,clemson,74.0,202.0,4.43,33.5,115.0,11.0,6.71,4.37,1.0,1.0,35.0,0.0,0.0,1.0,-5.0,0.0,130.0,2040.0,20.0,1.0,0.0,15.0,0,0,0,False,skill_pass,False,False,False,False
WilsCe01,cedric-wilson-3,00-0034418,Cedrick Wilson Jr.,WR,2018,6,208,DAL,boise st.,74.0,197.0,4.55,37.0,121.0,9.0,6.89,4.23,4.0,5.0,130.0,1.0,0.0,12.0,20.0,0.0,139.0,2640.0,18.0,11.0,6.0,93.0,0,0,0,False,skill_pass,False,False,False,False
PricTa00,taylor-price-1,00-0027693,Taylor Price,WR,2010,3,90,NWE,ohio,72.0,204.0,4.4,37.0,114.0,16.0,6.82,4.34,3.0,5.0,79.0,2.0,0.0,23.0,116.0,0.0,149.0,2019.0,14.0,1.0,1.0,6.0,0,0,0,False,skill_pass,False,False,False,False
SandAc00,ace-sanders-1,00-0030550,Ace Sanders,WR,2013,4,101,JAX,south carolina,67.0,173.0,4.58,32.0,117.0,7.0,6.81,4.37,2.0,4.0,19.0,2.0,0.0,12.0,72.0,0.0,99.0,1230.0,13.0,3.0,3.0,27.0,0,0,0,False,skill_pass,False,False,False,False
LockDr00,drew-lock-1,00-0035704,Drew Lock,QB,2019,2,42,DEN,missouri,76.0,228.0,4.69,31.0,112.0,,7.03,4.12,883.0,1553.0,12193.0,99.0,39.0,203.0,437.0,9.0,1.0,21.0,1.0,14.0,12.0,41.0,0,0,1,False,skill_pass,False,True,False,False
TrubMi00,mitch-trubisky-1,00-0033869,Mitchell Trubisky,QB,2017,1,2,CHI,north carolina,74.0,222.0,4.67,27.5,116.0,,6.87,4.25,386.0,571.0,4762.0,41.0,10.0,120.0,439.0,8.0,1.0,8.0,0.0,40.0,34.0,82.0,1,0,4,False,skill_pass,False,True,False,False
LockTy00,tyler-lockett-1,00-0032211,Tyler Lockett,WR,2015,3,69,SEA,kansas st.,70.0,182.0,4.4,35.5,121.0,,6.89,4.07,0.0,1.0,0.0,0.0,0.0,22.0,192.0,0.0,249.0,3710.0,29.0,68.0,67.0,178.0,1,1,10,False,skill_pass,False,True,False,False
PresDa01,dak-prescott-1,00-0033077,Dak Prescott,QB,2016,4,135,DAL,mississippi st.,74.0,226.0,4.79,32.5,116.0,,7.11,4.32,734.0,1169.0,9376.0,70.0,23.0,536.0,2521.0,41.0,4.0,88.0,3.0,104.0,104.0,139.0,4,0,8,False,skill_pass,False,True,False,False
MannSe00,sean-mannion-1,00-0032245,Sean Mannion,QB,2015,3,89,STL,oregon st.,78.0,229.0,5.14,31.0,105.0,,7.29,4.39,1187.0,1838.0,13600.0,83.0,54.0,132.0,-804.0,2.0,1.0,6.0,0.0,2.0,1.0,14.0,0,0,0,False,skill_pass,False,True,False,False
PeteNa00,nathan-peterman-1,00-0033958,Nathan Peterman,QB,2017,5,171,BUF,pittsburgh,74.0,226.0,4.82,31.0,110.0,,7.14,4.31,398.0,663.0,5236.0,47.0,17.0,173.0,526.0,5.0,1.0,9.0,0.0,3.0,2.0,15.0,0,0,0,False,skill_pass,False,True,False,False
KafkMi00,mike-kafka-1,00-0027722,Mike Kafka,QB,2010,4,122,PHI,northwestern,75.0,225.0,4.93,32.0,110.0,,6.96,4.37,408.0,637.0,4265.0,19.0,20.0,268.0,891.0,11.0,1.0,24.0,1.0,0.0,0.0,4.0,0,0,0,False,skill_pass,False,True,False,False
MariMa01,marcus-mariota-1,00-0032268,Marcus Mariota,QB,2015,1,2,TEN,oregon,76.0,222.0,4.52,36.0,121.0,,6.87,4.11,779.0,1167.0,10796.0,105.0,14.0,337.0,2237.0,29.0,2.0,28.0,2.0,60.0,43.0,104.0,0,0,5,False,skill_pass,False,True,False,False
ManuEJ00,ej-manuel-1,00-0030526,EJ Manuel,QB,2013,1,16,BUF,florida st.,77.0,237.0,4.65,34.0,118.0,,7.08,4.21,600.0,897.0,7736.0,47.0,28.0,298.0,826.0,11.0,0.0,11.0,0.0,10.0,10.0,30.0,0,0,1,False,skill_pass,False,True,False,False
WilsRu00,russell-wilson-1,00-0029263,Russell Wilson,QB,2012,3,75,SEA,wisconsin,71.0,204.0,4.53,34.0,118.0,,6.97,4.09,907.0,1489.0,11720.0,109.0,30.0,441.0,1421.0,23.0,4.0,60.0,1.0,140.0,125.0,205.0,10,0,12,False,skill_pass,False,True,False,False
MayfBa00,baker-mayfield-1,00-0034855,Baker Mayfield,QB,2018,1,1,CLE,oklahoma,73.0,215.0,4.84,29.0,111.0,,7.0,4.28,1026.0,1497.0,14607.0,131.0,30.0,404.0,1083.0,21.0,1.0,2.0,1.0,80.0,35.0,123.0,2,0,6,False,skill_pass,False,True,False,False
AlleJo02,josh-allen-7,00-0034857,Josh Allen,QB,2018,1,7,BUF,wyoming,77.0,237.0,4.75,33.5,119.0,,6.9,4.4,365.0,649.0,5066.0,44.0,21.0,238.0,756.0,12.0,2.0,6.0,1.0,111.0,111.0,128.0,4,0,7,False,skill_pass,False,True,False,False
DaltAn00,andy-dalton-1,00-0027973,Andy Dalton,QB,2011,2,35,CIN,texas christian,74.0,215.0,4.83,29.5,106.0,,6.93,4.27,812.0,1317.0,10314.0,71.0,30.0,413.0,1611.0,22.0,1.0,27.0,0.0,92.0,82.0,179.0,3,0,11,False,skill_pass,False,True,False,False
WillJa01,james-williams-5,00-0019491,James Williams,WR,2000,6,175,SEA,marshall,71.0,180.0,4.59,36.0,123.0,,7.22,4.16,0.0,1.0,0.0,0.0,0.0,316.0,1543.0,19.0,202.0,1437.0,8.0,4.0,4.0,30.0,0,0,0,False,skill_pass,False,True,False,False
HursHa00,hayden-hurst-1,00-0034830,Hayden Hurst,TE,2018,1,25,BAL,south carolina,76.0,250.0,4.67,31.5,120.0,,7.19,4.37,2.0,3.0,21.0,0.0,0.0,11.0,39.0,1.0,100.0,1281.0,3.0,17.0,6.0,88.0,0,0,1,False,skill_pass,False,True,False,False
KaepCo00,colin-kaepernick-1,00-0027974,Colin Kaepernick,QB,2011,2,36,SFO,nevada,77.0,233.0,4.53,32.5,115.0,,6.85,4.18,728.0,1249.0,9846.0,80.0,24.0,591.0,4040.0,59.0,1.0,6.0,1.0,45.0,45.0,69.0,0,0,4,False,skill_pass,False,True,False,False
AdamRo01,rodney-adams-1,00-0033957,Rodney Adams,WR,2017,5,170,MIN,south florida,73.0,189.0,4.44,29.5,125.0,8.0,6.98,4.28,0.0,1.0,0.0,0.0,0.0,39.0,369.0,7.0,137.0,1982.0,16.0,0.0,,1.0,0,0,0,False,skill_pass,False,False,False,False
CousKi00,kirk-cousins-1,00-0029604,Kirk Cousins,QB,2012,4,102,WAS,michigan st.,75.0,214.0,4.84,28.5,109.0,,7.05,4.5,723.0,1128.0,9131.0,66.0,30.0,111.0,-127.0,1.0,1.0,2.0,0.0,102.0,34.0,174.0,4,0,9,False,skill_pass,False,True,False,False
RobiDe01,demarcus-robinson-3,00-0032775,Demarcus Robinson,WR,2016,4,126,KAN,florida,73.0,203.0,4.59,34.5,123.0,,6.77,4.19,0.0,1.0,0.0,0.0,0.0,2.0,4.0,0.0,106.0,1355.0,9.0,27.0,13.0,161.0,0,0,3,False,skill_pass,False,True,False,False
MahoPa00,patrick-mahomes-1,00-0033873,Patrick Mahomes,QB,2017,1,10,KAN,texas tech,74.0,225.0,4.8,30.0,114.0,,6.88,4.08,857.0,1349.0,11252.0,93.0,29.0,308.0,845.0,22.0,1.0,3.0,0.0,115.0,115.0,126.0,6,2,7,False,skill_pass,False,True,False,False
FinlRy00,ryan-finley-1,00-0035652,Ryan Finley,QB,2019,4,104,CIN,north carolina st.,76.0,213.0,4.73,30.5,116.0,,7.2,4.2,912.0,1424.0,10827.0,59.0,29.0,212.0,381.0,5.0,2.0,18.0,0.0,2.0,2.0,8.0,0,0,0,False,skill_pass,False,True,False,False
BrisJa00,jacoby-brissett-2,00-0033119,Jacoby Brissett,QB,2016,3,91,NWE,north carolina st.,76.0,231.0,4.94,31.0,113.0,,7.17,4.53,499.0,839.0,5723.0,46.0,15.0,283.0,902.0,12.0,1.0,20.0,0.0,42.0,2.0,101.0,0,0,3,False,skill_pass,False,True,False,False
NassRy00,ryan-nassib-1,00-0030586,Ryan Nassib,QB,2013,4,110,NYG,syracuse,74.0,227.0,5.06,28.5,105.0,,7.34,4.53,791.0,1312.0,9190.0,70.0,28.0,242.0,164.0,5.0,1.0,-4.0,0.0,0.0,0.0,5.0,0,0,0,False,skill_pass,False,True,False,False
KizeDe00,deshone-kizer-1,00-0033899,DeShone Kizer,QB,2017,2,52,CLE,notre dame,76.0,233.0,4.83,30.5,107.0,,7.4,4.53,423.0,696.0,5809.0,47.0,19.0,263.0,992.0,18.0,1.0,4.0,0.0,6.0,5.0,18.0,0,0,1,False,skill_pass,False,True,False,False
McNuMa00,marvin-mcnutt-1,00-0029424,Marvin McNutt,WR,2012,6,194,PHI,iowa,75.0,216.0,4.48,37.0,122.0,,7.15,4.07,1.0,6.0,10.0,0.0,1.0,8.0,63.0,0.0,170.0,2861.0,28.0,0.0,0.0,5.0,0,0,0,False,skill_pass,False,True,False,False
GoffJa00,jared-goff-1,00-0033106,Jared Goff,QB,2016,1,1,LAR,california,76.0,215.0,4.82,27.0,110.0,,7.17,4.47,977.0,1569.0,12200.0,96.0,30.0,170.0,-114.0,1.0,2.0,10.0,0.0,106.0,44.0,151.0,5,0,8,False,skill_pass,False,True,False,False
WebbDa00,davis-webb-1,00-0033550,Davis Webb,QB,2017,3,87,NYG,california,77.0,229.0,4.79,33.0,118.0,,6.92,4.21,841.0,1367.0,9852.0,83.0,34.0,77.0,-100.0,9.0,1.0,-10.0,0.0,1.0,1.0,2.0,0,0,0,False,skill_pass,False,True,False,False
MeieKe00,kerry-meier-1,00-0027764,Kerry Meier,WR,2010,5,165,ATL,kansas,74.0,224.0,4.62,35.0,115.0,13.0,,4.23,134.0,219.0,1612.0,17.0,10.0,118.0,415.0,6.0,225.0,2302.0,18.0,0.0,0.0,12.0,0,0,0,False,skill_pass,False,True,False,False
RobiDe00,denard-robinson-1,00-0030547,Denard Robinson,WR,2013,5,135,JAX,michigan,70.0,199.0,4.43,36.5,123.0,,7.09,4.22,418.0,734.0,6152.0,49.0,39.0,715.0,4449.0,42.0,3.0,31.0,0.0,8.0,8.0,55.0,0,0,1,False,skill_pass,False,True,False,False
SavaTo00,tom-savage-1,00-0031064,Tom Savage,QB,2014,4,135,HOU,pittsburgh,76.0,228.0,4.97,27.0,105.0,,7.33,4.36,430.0,757.0,5690.0,37.0,19.0,167.0,-319.0,4.0,1.0,-2.0,0.0,3.0,3.0,13.0,0,0,1,False,skill_pass,False,True,False,False
HundBr00,brett-hundley-1,00-0031589,Brett Hundley,QB,2015,5,147,GNB,ucla,75.0,226.0,4.63,36.0,120.0,,6.93,3.98,838.0,1240.0,9971.0,75.0,25.0,479.0,1747.0,30.0,2.0,16.0,1.0,5.0,5.0,18.0,0,0,1,False,skill_pass,False,True,False,False
DiggSt00,stefon-diggs-1,00-0031588,Stefon Diggs,WR,2015,5,146,MIN,maryland,72.0,195.0,4.46,35.0,115.0,,7.03,4.32,1.0,3.0,8.0,1.0,0.0,32.0,187.0,0.0,150.0,2227.0,14.0,90.0,32.0,161.0,4,1,10,False,skill_pass,False,True,False,False
DobbJo00,joshua-dobbs-1,00-0033949,Joshua Dobbs,QB,2017,4,135,PIT,tennessee,75.0,216.0,4.64,33.0,122.0,,6.75,4.31,614.0,999.0,7138.0,53.0,29.0,438.0,2160.0,32.0,2.0,62.0,2.0,9.0,0.0,27.0,0,0,0,False,skill_pass,False,True,False,False
WrigKe01,kendall-wright-1,00-0029708,Kendall Wright,WR,2012,1,20,TEN,baylor,70.0,196.0,4.49,38.5,121.0,,6.93,4.18,4.0,12.0,114.0,2.0,2.0,75.0,425.0,2.0,302.0,4004.0,30.0,28.0,24.0,82.0,0,0,3,False,skill_pass,False,True,False,False
BortBl00,blake-bortles-1,00-0031407,Blake Bortles,QB,2014,1,3,JAX,central florida,77.0,232.0,4.93,32.5,115.0,,7.08,4.21,585.0,891.0,7598.0,56.0,19.0,195.0,561.0,15.0,1.0,-3.0,0.0,44.0,44.0,78.0,0,0,5,False,skill_pass,False,True,False,False
LockJa00,jake-locker-1,00-0027946,Jake Locker,QB,2011,1,8,TEN,washington,74.0,231.0,4.51,35.0,120.0,,6.77,4.12,619.0,1148.0,7639.0,53.0,35.0,454.0,1939.0,29.0,2.0,31.0,0.0,15.0,15.0,30.0,0,0,1,False,skill_pass,False,True,False,False
McClDe00,dexter-mccluster-1,00-0027651,Dexter McCluster,WR,2010,2,36,KAN,mississippi,69.0,172.0,4.53,37.5,118.0,20.0,,4.06,1.0,6.0,27.0,1.0,2.0,304.0,1955.0,15.0,130.0,1703.0,7.0,21.0,17.0,89.0,1,0,1,False,skill_pass,False,True,False,False
ThomLo00,logan-thomas-1,00-0031260,Logan Thomas,QB,2014,4,120,ARI,virginia tech,78.0,248.0,4.61,35.5,118.0,,7.05,4.18,693.0,1248.0,9003.0,53.0,39.0,495.0,1359.0,24.0,2.0,11.0,1.0,15.0,0.0,94.0,0,0,3,False,skill_pass,False,True,False,False
LuckAn00,andrew-luck-1,00-0029668,Andrew Luck,QB,2012,1,1,IND,stanford,76.0,234.0,4.59,36.0,124.0,,6.8,4.28,713.0,1064.0,9430.0,82.0,22.0,163.0,957.0,7.0,2.0,24.0,0.0,72.0,72.0,86.0,4,0,5,False,skill_pass,False,True,False,False
GabbBl00,blaine-gabbert-1,00-0027948,Blaine Gabbert,QB,2011,1,10,JAX,missouri,76.0,234.0,4.61,33.5,120.0,,6.84,4.26,568.0,933.0,6822.0,40.0,18.0,221.0,458.0,8.0,1.0,-10.0,0.0,17.0,7.0,69.0,0,0,2,False,skill_pass,False,True,False,False
JoneDa05,daniel-jones-4,00-0035710,Daniel Jones,QB,2019,1,6,NYG,duke,77.0,221.0,4.81,33.5,120.0,,7.0,4.41,757.0,1260.0,8160.0,51.0,29.0,385.0,1268.0,17.0,2.0,6.0,0.0,52.0,40.0,83.0,0,0,5,False,skill_pass,False,True,False,False
WilsCa00,caleb-wilson-2,00-0035320,Caleb Wilson,TE,2019,7,254,ARI,ucla,76.0,240.0,4.56,29.0,113.0,,7.2,4.4,1.0,1.0,39.0,0.0,0.0,1.0,4.0,0.0,114.0,1675.0,5.0,0.0,,5.0,0,0,0,False,skill_pass,False,True,False,False
HarrNK00,nkeal-harry-1,00-0035624,N'Keal Harry,WR,2019,1,32,NWE,arizona st.,74.0,228.0,4.53,38.5,122.0,27.0,,,2.0,4.0,60.0,1.0,1.0,23.0,144.0,3.0,213.0,2889.0,22.0,7.0,6.0,49.0,0,0,1,False,skill_pass,False,True,False,False
KerlJe00,jeremy-kerley-1,00-0028091,Jeremy Kerley,WR,2011,5,153,NYJ,texas christian,69.0,189.0,4.56,34.5,120.0,16.0,,,5.0,7.0,135.0,1.0,1.0,63.0,306.0,8.0,120.0,1299.0,12.0,23.0,19.0,99.0,0,0,4,False,skill_pass,False,True,False,False
AdamJo01,joe-adams-1,00-0029271,Joe Adams,WR,2012,4,104,CAR,arkansas,71.0,179.0,4.51,36.0,123.0,,7.09,,1.0,1.0,6.0,1.0,0.0,27.0,248.0,2.0,164.0,2410.0,17.0,0.0,0.0,9.0,0,0,0,False,skill_pass,False,True,False,False
BenjTr00,travis-benjamin-1,00-0029269,Travis Benjamin,WR,2012,4,100,CLE,miami,70.0,172.0,4.31,38.0,119.0,14.0,,,1.0,1.0,17.0,0.0,0.0,25.0,126.0,1.0,131.0,2146.0,13.0,25.0,13.0,111.0,0,0,2,False,skill_pass,False,True,False,False
ShipJo00,jordan-shipley-1,00-0027687,Jordan Shipley,WR,2010,3,84,CIN,texas,71.0,193.0,4.6,36.5,116.0,16.0,,,0.0,2.0,0.0,0.0,0.0,16.0,162.0,0.0,248.0,3191.0,33.0,7.0,5.0,24.0,0,0,0,False,skill_pass,False,True,False,False
CoopPh00,pharoh-cooper-1,00-0033111,Pharoh Cooper,WR,2016,4,117,LAR,south carolina,71.0,203.0,4.52,31.0,115.0,15.0,,,9.0,16.0,118.0,4.0,0.0,71.0,513.0,4.0,138.0,2163.0,18.0,6.0,3.0,75.0,1,1,0,False,skill_pass,False,True,False,False
AlleBr00,brandon-allen-2,00-0032434,Brandon Allen,QB,2016,6,201,JAX,arkansas,73.0,217.0,4.84,28.0,110.0,,7.06,4.33,583.0,1016.0,7463.0,64.0,26.0,135.0,133.0,4.0,1.0,11.0,0.0,5.0,,19.0,0,0,0,False,skill_pass,False,True,False,False
KuppCo00,,00-0033908,Cooper Kupp,WR,2017,3,69,LAR,eastern washington,74.0,204.0,4.62,31.0,116.0,,6.75,4.08,1.0,1.0,22.0,0.0,0.0,2.0,29.0,0.0,45.0,786.0,12.0,63.0,60.0,120.0,1,1,6,False,skill_pass,False,True,False,False
HogaKe00,kevin-hogan-2,00-0032784,Kevin Hogan,QB,2016,5,162,KAN,stanford,75.0,218.0,4.78,32.5,113.0,,6.9,4.31,727.0,1103.0,9385.0,75.0,29.0,315.0,1249.0,15.0,1.0,11.0,1.0,2.0,,9.0,0,0,0,False,skill_pass,False,True,False,False
RichPa01,paul-richardson-1,00-0031257,Paul Richardson,WR,2014,2,45,SEA,colorado,72.0,175.0,4.4,38.0,124.0,,7.09,,1.0,2.0,75.0,1.0,0.0,9.0,38.0,0.0,156.0,2412.0,21.0,14.0,11.0,64.0,0,0,3,False,skill_pass,False,True,False,False
CarrDe02,derek-carr-1,00-0031280,Derek Carr,QB,2014,2,36,OAK,fresno st.,74.0,214.0,4.69,34.5,110.0,,,4.2,1086.0,1630.0,12842.0,113.0,24.0,164.0,190.0,5.0,1.0,-1.0,0.0,93.0,80.0,169.0,4,0,11,False,skill_pass,False,True,False,False
TreaLa00,laquon-treadwell-1,00-0032951,Laquon Treadwell,WR,2016,1,23,MIN,mississippi,74.0,221.0,4.52,33.0,117.0,12.0,,,4.0,7.0,153.0,1.0,1.0,6.0,-10.0,0.0,202.0,2393.0,21.0,8.0,5.0,93.0,0,0,2,False,skill_pass,False,True,False,False
GodwTe00,terry-godwin-1,00-0035313,Terry Godwin,WR,2019,7,237,CAR,georgia,71.0,184.0,4.55,36.5,117.0,,6.96,,1.0,3.0,44.0,1.0,1.0,11.0,51.0,1.0,133.0,1788.0,11.0,0.0,,3.0,0,0,0,False,skill_pass,False,True,False,False
FoleNi00,nick-foles-1,00-0029567,Nick Foles,QB,2012,3,88,PHI,arizona,77.0,243.0,5.14,30.5,112.0,,,,938.0,1403.0,10068.0,67.0,33.0,105.0,-289.0,4.0,1.0,-9.0,0.0,32.0,24.0,71.0,1,0,3,False,skill_pass,False,True,False,False
TaylTr02,trent-taylor-2,00-0033292,Trent Taylor,WR,2017,5,177,SFO,louisiana tech,68.0,181.0,4.63,33.0,117.0,13.0,6.74,4.01,0.0,1.0,0.0,0.0,0.0,,,,327.0,4179.0,32.0,7.0,6.0,80.0,0,0,0,False,skill_pass,False,False,False,False
WilsCe00,cedrick-wilson-1,00-0020452,Cedrick Wilson,WR,2001,6,169,SFO,tennessee,70.0,179.0,4.48,38.0,123.0,,,,4.0,5.0,130.0,1.0,0.0,12.0,20.0,0.0,139.0,2640.0,18.0,22.0,11.0,100.0,0,0,2,False,skill_pass,False,True,False,False
AyerDe00,demarcus-ayers-1,00-0032365,Demarcus Ayers,WR,2016,7,229,PIT,houston,69.0,182.0,4.72,33.0,123.0,,,,2.0,3.0,49.0,2.0,0.0,27.0,151.0,1.0,142.0,1687.0,9.0,0.0,0.0,2.0,0,0,0,False,skill_pass,False,True,False,False
BrazLa00,lavon-brazill-1,00-0029548,LaVon Brazill,WR,2012,6,206,IND,ohio,71.0,192.0,4.43,32.5,,11.0,,,2.0,3.0,54.0,1.0,0.0,31.0,239.0,1.0,187.0,2515.0,18.0,3.0,3.0,25.0,0,0,0,False,skill_pass,False,True,False,False
CoopRi00,riley-cooper-1,00-0027758,Riley Cooper,WR,2010,5,159,PHI,florida,75.0,222.0,4.53,33.0,114.0,,,,0.0,1.0,0.0,0.0,0.0,1.0,14.0,0.0,81.0,1496.0,18.0,17.0,17.0,88.0,0,0,3,False,skill_pass,False,True,False,False
StewAr00,ardarius-stewart-1,00-0033916,ArDarius Stewart,WR,2017,3,79,NYJ,alabama,71.0,204.0,4.49,34.0,124.0,,,,2.0,2.0,36.0,0.0,0.0,13.0,82.0,0.0,129.0,1713.0,12.0,1.0,1.0,15.0,0,0,0,False,skill_pass,False,True,False,False
RenfHu00,hunter-renfrow-1,00-0034983,Hunter Renfrow,WR,2019,5,149,OAK,clemson,70.0,184.0,4.59,35.0,116.0,7.0,6.8,4.19,1.0,2.0,2.0,0.0,0.0,,,,186.0,2133.0,15.0,22.0,21.0,79.0,1,0,0,False,skill_pass,False,False,False,False
CallAn00,antonio-callaway-1,00-0034772,Antonio Callaway,WR,2018,4,105,CLE,florida,71.0,200.0,4.41,34.0,121.0,,,,1.0,1.0,2.0,1.0,0.0,8.0,51.0,1.0,89.0,1399.0,7.0,5.0,5.0,25.0,0,0,1,False,skill_pass,False,True,False,False
PattCo00,cordarrelle-patterson-1,00-0030578,Cordarrelle Patterson,WR,2013,1,29,MIN,tennessee,74.0,216.0,4.42,37.0,128.0,,,,1.0,1.0,28.0,0.0,0.0,25.0,308.0,3.0,46.0,778.0,5.0,42.0,16.0,183.0,4,4,4,False,skill_pass,False,True,False,False
GrifRo01,robert-griffin-iii-1,00-0029665,Robert Griffin III,QB,2012,1,2,WAS,baylor,74.0,223.0,4.33,39.0,120.0,,,,800.0,1192.0,10366.0,78.0,17.0,528.0,2254.0,33.0,3.0,24.0,0.0,36.0,31.0,56.0,1,0,3,False,skill_pass,False,True,False,False
ReedJo02,jordan-reed-1,00-0030472,Jordan Reed,TE,2013,3,85,WAS,florida,74.0,236.0,4.72,,,16.0,,,26.0,47.0,252.0,3.0,1.0,77.0,328.0,5.0,79.0,945.0,6.0,25.0,24.0,75.0,1,0,3,False,skill_pass,False,True,False,False
WatsDe00,deshaun-watson-1,00-0033537,Deshaun Watson,QB,2017,1,12,HOU,clemson,74.0,221.0,4.66,32.5,119.0,,6.95,4.31,813.0,1206.0,10163.0,90.0,32.0,435.0,1934.0,26.0,,,,58.0,52.0,73.0,3,0,4,False,skill_pass,False,True,False,False
DarnSa00,sam-darnold-1,00-0034869,Sam Darnold,QB,2018,1,3,NYJ,southern california,75.0,221.0,4.85,26.5,105.0,,6.96,4.4,549.0,846.0,7229.0,57.0,22.0,137.0,332.0,7.0,,,,49.0,14.0,100.0,2,0,5,False,skill_pass,False,True,False,False
HopkDe00,deandre-hopkins-1,00-0030564,DeAndre Hopkins,WR,2013,1,27,HOU,clemson,73.0,214.0,4.57,36.0,115.0,15.0,,4.5,0.0,3.0,0.0,0.0,0.0,,,,205.0,3009.0,27.0,84.0,54.0,195.0,5,3,10,False,skill_pass,False,True,False,False
FaleDa00,david-fales-1,00-0031076,David Fales,QB,2014,6,183,CHI,san jose st.,74.0,212.0,4.99,28.0,103.0,,7.55,4.5,639.0,938.0,8382.0,66.0,22.0,90.0,-132.0,2.0,,,,1.0,0.0,5.0,0,0,0,False,skill_pass,False,True,False,False
RudoMa00,mason-rudolph-1,00-0034771,Mason Rudolph,QB,2018,3,76,PIT,oklahoma st.,77.0,235.0,4.9,26.0,,,,,915.0,1447.0,13618.0,92.0,26.0,225.0,28.0,17.0,3.0,53.0,0.0,10.0,7.0,34.0,0,0,1,False,skill_pass,False,True,False,False
McSoTr00,trace-mcsorley-1,00-0035146,Trace McSorley,QB,2019,6,197,BAL,penn st.,72.0,202.0,4.57,33.0,115.0,,7.09,4.12,720.0,1215.0,9882.0,77.0,25.0,472.0,1698.0,30.0,,,,1.0,0.0,9.0,0,0,0,False,skill_pass,False,True,False,False
DuprMa01,malachi-dupre-1,00-0033305,Malachi Dupre,WR,2017,7,247,GNB,louisiana state,74.0,196.0,4.52,39.5,135.0,11.0,7.19,4.26,0.0,1.0,0.0,0.0,0.0,,,,98.0,1609.0,14.0,0.0,,1.0,0,0,0,False,skill_pass,False,False,False,False
YateT.00,tj-yates-1,00-0028090,T.J. Yates,QB,2011,5,152,HOU,north carolina,75.0,219.0,5.06,29.5,104.0,,6.96,4.12,795.0,1277.0,9377.0,58.0,46.0,220.0,-333.0,7.0,,,,6.0,6.0,22.0,0,0,0,False,skill_pass,False,True,False,False
StidJa00,jarrett-stidham-1,00-0035264,Jarrett Stidham,QB,2019,4,133,NWE,auburn,74.0,218.0,4.81,31.0,110.0,,7.28,4.33,545.0,848.0,7218.0,48.0,13.0,210.0,218.0,9.0,,,,6.0,1.0,20.0,0,0,0,False,skill_pass,False,True,False,False
LeFeDa00,dan-lefevour-1,00-0027605,Dan LeFevour,QB,2010,6,181,CHI,central michigan,75.0,230.0,4.6,29.5,110.0,,6.93,4.22,1171.0,1763.0,12905.0,102.0,36.0,671.0,2948.0,47.0,3.0,58.0,1.0,,,,0,0,0,False,skill_pass,True,True,False,False
RoseJo01,josh-rosen-1,00-0034343,Josh Rosen,QB,2018,1,10,ARI,ucla,76.0,226.0,4.92,31.0,111.0,,7.09,4.28,711.0,1169.0,9302.0,59.0,26.0,109.0,-154.0,6.0,,,,3.0,2.0,24.0,0,0,1,False,skill_pass,False,True,False,False
McCaA.00,aj-mccarron-1,00-0031288,A.J. McCarron,QB,2014,5,164,CIN,alabama,75.0,220.0,4.94,28.0,99.0,,7.18,4.34,686.0,1026.0,9019.0,77.0,15.0,119.0,-64.0,3.0,,,,4.0,3.0,19.0,0,0,0,False,skill_pass,False,True,False,False
PondCh00,christian-ponder-1,00-0027950,Christian Ponder,QB,2011,1,12,MIN,florida st.,74.0,229.0,4.63,34.0,116.0,,6.85,4.09,596.0,965.0,6872.0,49.0,30.0,296.0,833.0,10.0,,,,22.0,22.0,38.0,0,0,3,False,skill_pass,False,True,False,False
StanRi00,ricky-stanzi-1,00-0028073,Ricky Stanzi,QB,2011,5,135,KAN,iowa,76.0,223.0,4.87,32.5,110.0,,6.95,4.43,542.0,907.0,7377.0,56.0,31.0,160.0,-4.0,2.0,1.0,-1.0,0.0,,,,0,0,0,False,skill_pass,True,True,False,False
LyncPa00,paxton-lynch-1,00-0033108,Paxton Lynch,QB,2016,1,26,DEN,memphis,79.0,244.0,4.86,36.0,118.0,,7.14,4.26,758.0,1205.0,8863.0,59.0,23.0,288.0,687.0,17.0,,,,2.0,2.0,5.0,0,0,0,False,skill_pass,False,True,False,False
LaslJo00,jordan-lasley-1,00-0034271,Jordan Lasley,WR,2018,5,162,BAL,ucla,73.0,203.0,4.5,34.5,112.0,8.0,,4.19,1.0,1.0,30.0,0.0,0.0,4.0,-6.0,0.0,113.0,1901.0,14.0,,,,0,0,0,False,skill_pass,True,True,False,False
DeckEr00,eric-decker-1,00-0027690,Eric Decker,WR,2010,3,87,DEN,minnesota,75.0,217.0,4.54,,,15.0,,,3.0,4.0,49.0,2.0,0.0,15.0,114.0,1.0,227.0,3119.0,24.0,45.0,26.0,111.0,0,0,5,False,skill_pass,False,True,False,False
LindRy00,ryan-lindley-1,00-0029531,Ryan Lindley,QB,2012,6,185,ARI,san diego st.,76.0,229.0,4.86,29.5,108.0,,7.52,4.45,961.0,1732.0,12690.0,90.0,47.0,90.0,-275.0,2.0,,,,-4.0,-4.0,10.0,0,0,0,False,skill_pass,False,True,False,False
JoneLa02,landry-jones-1,00-0030524,Landry Jones,QB,2013,4,115,PIT,oklahoma,76.0,225.0,5.11,31.0,115.0,,7.12,4.3,1388.0,2183.0,16646.0,123.0,52.0,132.0,-375.0,3.0,,,,4.0,4.0,18.0,0,0,0,False,skill_pass,False,True,False,False
BroyRy00,ryan-broyles-1,00-0029209,Ryan Broyles,WR,2012,2,54,DET,oklahoma,70.0,192.0,4.57,,,21.0,,,0.0,1.0,0.0,0.0,1.0,15.0,97.0,1.0,349.0,4586.0,45.0,3.0,3.0,21.0,0,0,0,False,skill_pass,False,True,False,False
GlenMi00,mike-glennon-1,00-0030520,Mike Glennon,QB,2013,3,73,TAM,north carolina st.,79.0,225.0,4.94,26.5,102.0,,7.49,4.52,646.0,1069.0,7411.0,63.0,31.0,112.0,-292.0,3.0,,,,9.0,11.0,40.0,0,0,1,False,skill_pass,False,True,False,False
WentCa00,carson-wentz-1,00-0032950,Carson Wentz,QB,2016,1,2,PHI,north dakota st.,77.0,237.0,4.77,30.5,118.0,,6.86,4.15,18.0,28.0,204.0,0.0,0.0,8.0,38.0,0.0,,,,63.0,43.0,103.0,1,0,6,False,skill_pass,False,True,False,False
TaylTy00,tyrod-taylor-1,00-0028118,Tyrod Taylor,QB,2011,6,180,BAL,virginia tech,73.0,217.0,4.47,37.5,126.0,,6.78,4.09,495.0,865.0,7017.0,44.0,20.0,501.0,2187.0,23.0,,,,50.0,1.0,100.0,1,0,3,False,skill_pass,False,True,False,False
HackCh01,christian-hackenberg-1,00-0032953,Christian Hackenberg,QB,2016,2,51,NYJ,penn st.,76.0,223.0,4.78,31.0,114.0,,7.04,4.33,693.0,1235.0,8457.0,48.0,31.0,208.0,-242.0,6.0,1.0,14.0,1.0,,,,0,0,0,False,skill_pass,True,True,False,False
JennGa00,gary-jennings-1,00-0035589,Gary Jennings Jr,WR,2019,4,120,SEA,west virginia,73.0,214.0,4.42,37.0,127.0,20.0,7.32,4.15,0.0,1.0,0.0,0.0,0.0,,,,168.0,2294.0,17.0,0.0,,1.0,0,0,0,False,skill_pass,False,False,False,False
TeboTi00,tim-tebow-1,00-0027876,Tim Tebow,QB,2010,1,25,DEN,florida,75.0,236.0,4.71,38.5,115.0,,6.66,4.17,661.0,995.0,9285.0,88.0,16.0,692.0,2947.0,57.0,,,,12.0,11.0,35.0,0,0,1,False,skill_pass,False,True,False,False
PikeTo00,tony-pike-1,00-0027801,Tony Pike,QB,2010,6,204,CAR,cincinnati,78.0,223.0,4.9,28.5,108.0,,7.06,4.53,421.0,682.0,5018.0,49.0,20.0,94.0,128.0,3.0,,,,0.0,0.0,1.0,0,0,0,False,skill_pass,False,True,False,False
WennKe00,keith-wenning-1,00-0030998,Keith Wenning,QB,2014,6,194,BAL,ball st.,75.0,218.0,5.0,28.0,100.0,,7.07,4.25,999.0,1590.0,11094.0,90.0,40.0,186.0,322.0,13.0,2.0,29.0,1.0,,,,0,0,0,False,skill_pass,True,True,False,False
MinsGa00,gardner-minshew-1,00-0035289,Gardner Minshew II,QB,2019,6,178,JAX,washington st.,73.0,225.0,4.97,33.5,116.0,,7.14,4.45,761.0,1168.0,8263.0,62.0,20.0,96.0,43.0,4.0,,,,32.0,16.0,63.0,1,0,4,False,skill_pass,False,True,False,False
PettBr01,bryce-petty-1,00-0031568,Bryce Petty,QB,2015,4,103,NYJ,baylor,75.0,230.0,4.87,34.0,121.0,,6.91,4.13,530.0,845.0,8195.0,62.0,10.0,192.0,338.0,21.0,,,,4.0,4.0,10.0,0,0,0,False,skill_pass,False,True,False,False
McElGr00,greg-mcelroy-1,00-0028146,Greg McElroy,QB,2011,7,208,NYJ,alabama,74.0,220.0,4.84,33.0,107.0,,7.11,4.45,436.0,658.0,5691.0,39.0,10.0,114.0,71.0,2.0,,,,1.0,1.0,2.0,0,0,0,False,skill_pass,False,True,False,False
WinsJa00,jameis-winston-1,00-0031503,Jameis Winston,QB,2015,1,1,TAM,florida st.,76.0,231.0,4.97,28.5,103.0,,7.16,4.36,562.0,851.0,7964.0,65.0,28.0,145.0,284.0,7.0,,,,63.0,54.0,108.0,1,0,5,False,skill_pass,False,True,False,False
KessCo00,cody-kessler-1,00-0033104,Cody Kessler,QB,2016,3,93,CLE,southern california,73.0,220.0,4.89,29.5,104.0,,7.32,4.0,851.0,1261.0,10339.0,88.0,19.0,158.0,-425.0,7.0,,,,5.0,3.0,17.0,0,0,1,False,skill_pass,False,True,False,False
CookCo00,connor-cook-1,00-0032893,Connor Cook,QB,2016,4,100,OAK,michigan st.,76.0,217.0,4.79,33.0,113.0,,7.21,4.28,673.0,1170.0,9194.0,71.0,22.0,176.0,209.0,3.0,,,,0.0,0.0,1.0,0,0,0,False,skill_pass,False,True,False,False
DougBr00,brandon-doughty-1,00-0032446,Brandon Doughty,QB,2016,7,223,MIA,western kentucky,75.0,213.0,5.22,27.0,103.0,,7.49,4.52,1023.0,1491.0,12855.0,111.0,34.0,102.0,-285.0,3.0,1.0,7.0,1.0,,,,0,0,0,False,skill_pass,True,True,False,False
GrieWi00,will-grier-1,00-0035251,Will Grier,QB,2019,3,100,CAR,west virginia,74.0,217.0,4.84,34.0,112.0,,7.09,4.28,622.0,946.0,8558.0,81.0,23.0,148.0,143.0,7.0,,,,1.0,1.0,2.0,0,0,0,False,skill_pass,False,True,False,False
DossTa00,tandon-doss-1,00-0028061,Tandon Doss,WR,2011,4,123,BAL,indiana,74.0,201.0,4.62,,,14.0,,,0.0,1.0,0.0,0.0,0.0,42.0,290.0,2.0,154.0,1854.0,13.0,4.0,4.0,35.0,0,0,0,False,skill_pass,False,True,False,False
RobiZa00,zac-robinson-1,00-0027841,Zac Robinson,QB,2010,7,250,NWE,oklahoma st.,74.0,214.0,4.68,35.0,110.0,,7.24,4.4,610.0,999.0,8317.0,66.0,31.0,427.0,1854.0,22.0,1.0,21.0,0.0,,,,0,0,0,False,skill_pass,True,True,False,False
ReesTe00,tevin-reese-1,00-0031002,Tevin Reese,WR,2014,7,240,SDG,baylor,70.0,163.0,4.46,41.0,132.0,,6.63,4.18,0.0,1.0,0.0,0.0,0.0,11.0,136.0,0.0,187.0,3102.0,24.0,,,,0,0,0,False,skill_pass,True,True,False,False
GillCr00,crockett-gillmore-1,00-0030992,Crockett Gillmore,TE,2014,3,99,BAL,colorado st.,78.0,260.0,4.89,33.5,120.0,,7.42,4.44,1.0,1.0,27.0,1.0,0.0,,,,111.0,1308.0,8.0,4.0,4.0,32.0,0,0,1,False,skill_pass,False,True,False,False
ManzJo00,johnny-manziel-1,00-0031409,Johnny Manziel,QB,2014,1,22,CLE,texas a&m,72.0,207.0,4.68,31.5,113.0,,6.75,4.03,595.0,863.0,7820.0,63.0,22.0,345.0,2169.0,30.0,,,,4.0,4.0,14.0,0,0,0,False,skill_pass,False,True,False,False
CrinJu00,juron-criner-1,00-0029702,Juron Criner,WR,2012,5,168,OAK,arizona,74.0,224.0,4.66,38.0,117.0,17.0,7.15,4.3,,,,,,17.0,129.0,0.0,209.0,2859.0,32.0,1.0,1.0,13.0,0,0,0,False,skill_pass,False,False,False,False
DickDo00,dorin-dickerson-1,00-0027819,Dorin Dickerson,WR,2010,7,227,HOU,pittsburgh,73.0,226.0,4.4,43.5,125.0,24.0,6.96,4.3,,,,,,5.0,50.0,1.0,63.0,708.0,12.0,1.0,0.0,23.0,0,0,0,False,skill_pass,False,False,False,False
DaviTr03,trevor-davis-1,00-0032423,Trevor Davis,WR,2016,5,163,GNB,california,73.0,188.0,4.42,38.5,124.0,11.0,6.6,4.22,,,,,,4.0,3.0,0.0,109.0,1672.0,12.0,2.0,1.0,43.0,0,0,0,False,skill_pass,False,False,False,False
SimsDi00,dion-sims-1,00-0030422,Dion Sims,TE,2013,4,106,MIA,michigan st.,77.0,262.0,4.75,35.0,112.0,22.0,7.36,4.52,,,,,,1.0,-2.0,0.0,59.0,707.0,8.0,8.0,6.0,78.0,0,0,2,False,skill_pass,False,False,False,False
MoorCh00,chris-moore-4,00-0032398,Chris Moore,WR,2016,4,107,BAL,cincinnati,73.0,206.0,4.53,37.0,130.0,10.0,6.76,4.2,,,,,,4.0,26.0,0.0,119.0,2301.0,26.0,14.0,4.0,125.0,0,0,0,False,skill_pass,False,False,False,False
MoorDe02,denarius-moore-1,00-0028086,Denarius Moore,WR,2011,5,148,OAK,tennessee,72.0,194.0,4.43,36.0,118.0,13.0,6.78,4.15,,,,,,10.0,105.0,1.0,112.0,2004.0,18.0,15.0,15.0,57.0,0,0,3,False,skill_pass,False,False,False,False
MitcMa01,malcolm-mitchell-2,00-0032400,Malcolm Mitchell,WR,2016,4,112,NWE,georgia,72.0,198.0,4.45,36.0,129.0,15.0,6.94,4.34,,,,,,9.0,55.0,0.0,174.0,2350.0,16.0,4.0,4.0,14.0,0,0,0,False,skill_pass,False,False,False,False
WillTe01,terrance-williams-2,00-0030542,Terrance Williams,WR,2013,3,74,DAL,baylor,74.0,208.0,4.52,32.5,119.0,11.0,7.01,4.32,,,,,,3.0,17.0,0.0,202.0,3334.0,27.0,27.0,27.0,83.0,0,0,4,False,skill_pass,False,False,False,False
WillDa04,damian-williams-1,00-0027893,Damian Williams,WR,2010,3,77,TEN,southern california,73.0,197.0,4.52,38.0,118.0,19.0,6.79,4.24,,,,,,7.0,64.0,0.0,147.0,2114.0,17.0,10.0,10.0,57.0,0,0,1,False,skill_pass,False,False,False,False
ShepSt00,sterling-shepard-1,00-0032385,Sterling Shepard,WR,2016,2,40,NYG,oklahoma,70.0,194.0,4.48,41.0,123.0,20.0,7.0,4.35,,,,,,17.0,109.0,1.0,233.0,3482.0,26.0,32.0,26.0,117.0,0,0,5,False,skill_pass,False,False,False,False
BoycJo00,josh-boyce-1,00-0030474,Josh Boyce,WR,2013,4,102,NWE,texas christian,71.0,206.0,4.38,34.0,131.0,22.0,6.68,4.1,,,,,,4.0,7.0,1.0,161.0,2535.0,22.0,1.0,1.0,10.0,0,0,0,False,skill_pass,False,False,False,False
PaulNi00,niles-paul-1,00-0028093,Niles Paul,WR,2011,5,155,WAS,nebraska,73.0,224.0,4.45,34.5,117.0,24.0,6.9,4.14,,,,,,9.0,56.0,1.0,103.0,1532.0,5.0,7.0,6.0,88.0,0,0,1,False,skill_pass,False,False,False,False
BridTe00,teddy-bridgewater-1,00-0031237,Teddy Bridgewater,QB,2014,1,32,MIN,louisville,74.0,214.0,,30.0,113.0,,7.17,4.2,781.0,1142.0,9817.0,72.0,24.0,226.0,164.0,6.0,,,,49.0,22.0,83.0,1,0,4,False,skill_pass,False,True,False,False
BenjKe00,kelvin-benjamin-1,00-0031359,Kelvin Benjamin,WR,2014,1,28,CAR,florida st.,77.0,240.0,4.61,32.5,119.0,13.0,7.33,4.39,,,,,,2.0,33.0,0.0,84.0,1506.0,19.0,22.0,18.0,61.0,0,0,4,False,skill_pass,False,False,False,False
VannNi00,nick-vannett-1,00-0032394,Nick Vannett,TE,2016,3,94,SEA,ohio st.,78.0,257.0,4.76,30.5,111.0,17.0,7.05,4.2,,,,,,1.0,-1.0,0.0,55.0,585.0,6.0,7.0,4.0,121.0,0,0,3,False,skill_pass,False,False,False,False
WillMi04,mike-williams-4,00-0027702,Mike Williams,WR,2010,4,101,TAM,syracuse,73.0,221.0,4.53,33.5,116.0,8.0,6.9,4.31,,,,,,1.0,-7.0,0.0,133.0,2044.0,20.0,25.0,25.0,63.0,0,0,3,False,skill_pass,False,False,False,False
TateGo00,golden-tate-1,00-0027891,Golden Tate,WR,2010,2,60,SEA,notre dame,70.0,199.0,4.42,35.0,120.0,17.0,7.12,4.34,,,,,,31.0,227.0,3.0,157.0,2707.0,26.0,58.0,17.0,160.0,1,0,7,False,skill_pass,False,False,False,False
WilsMa02,marquess-wilson-1,00-0030047,Marquess Wilson,WR,2013,7,236,CHI,washington st.,75.0,194.0,4.51,34.5,122.0,7.0,6.65,4.33,,,,,,3.0,10.0,0.0,189.0,3207.0,23.0,6.0,6.0,31.0,0,0,0,False,skill_pass,False,False,False,False
ClayCh00,charles-clay-1,00-0028112,Charles Clay,TE,2011,6,174,MIA,tulsa,75.0,245.0,4.69,33.5,118.0,18.0,7.07,4.15,,,,,,179.0,911.0,10.0,189.0,2544.0,28.0,29.0,13.0,127.0,0,0,9,False,skill_pass,False,False,False,False
RodgRi00,richard-rodgers-1,00-0031384,Richard Rodgers,TE,2014,3,98,GNB,california,76.0,257.0,4.87,31.5,116.0,16.0,7.23,4.47,,,,,,7.0,9.0,0.0,59.0,896.0,2.0,14.0,11.0,98.0,0,0,2,False,skill_pass,False,False,False,False
TannRy00,ryan-tannehill-1,00-0029701,Ryan Tannehill,QB,2012,1,8,MIA,texas a&m,76.0,221.0,4.65,,,,,,484.0,774.0,5450.0,42.0,21.0,115.0,369.0,5.0,112.0,1596.0,10.0,91.0,47.0,155.0,1,0,10,False,skill_pass,False,True,False,False
WoodRo02,robert-woods-1,00-0030431,Robert Woods,WR,2013,2,41,BUF,southern california,72.0,201.0,4.51,33.5,117.0,14.0,7.15,4.47,,,,,,14.0,142.0,0.0,252.0,2930.0,32.0,59.0,15.0,171.0,0,0,10,False,skill_pass,False,False,False,False
WheaMa00,markus-wheaton-1,00-0030460,Markus Wheaton,WR,2013,3,79,PIT,oregon st.,71.0,189.0,4.45,37.0,120.0,20.0,6.8,4.02,,,,,,83.0,631.0,5.0,227.0,2994.0,16.0,13.0,13.0,59.0,0,0,2,False,skill_pass,False,False,False,False
GreeDo00,dorial-green-beckham-1,00-0032218,Dorial Green-Beckham,WR,2015,2,40,TEN,oklahoma,77.0,237.0,4.49,33.5,119.0,13.0,6.89,4.45,,,,,,6.0,19.0,0.0,87.0,1278.0,17.0,7.0,4.0,31.0,0,0,0,False,skill_pass,False,False,False,False
WillMa04,maxx-williams-1,00-0031558,Maxx Williams,TE,2015,2,55,BAL,minnesota,76.0,249.0,4.78,34.5,117.0,17.0,7.3,4.37,,,,,,1.0,7.0,0.0,61.0,986.0,13.0,8.0,4.0,83.0,0,0,2,False,skill_pass,False,False,False,False
SticEa00,,00-0035282,Easton Stick,QB,2019,5,166,LAC,north dakota st.,73.0,224.0,4.62,33.5,118.0,,6.65,4.05,11.0,19.0,124.0,1.0,1.0,11.0,35.0,0.0,,,,4.0,4.0,6.0,0,0,0,False,skill_pass,False,True,False,False
JohnKe07,keesean-johnson-1,00-0035287,KeeSean Johnson,WR,2019,6,174,ARI,fresno st.,73.0,201.0,4.6,30.0,117.0,14.0,7.28,4.23,,,,,,8.0,27.0,0.0,275.0,3463.0,24.0,4.0,4.0,18.0,0,0,0,False,skill_pass,False,False,False,False
BryaMa00,martavis-bryant-1,00-0031373,Martavis Bryant,WR,2014,4,118,PIT,clemson,76.0,211.0,4.42,39.0,124.0,16.0,7.18,4.15,,,,,,1.0,17.0,0.0,61.0,1354.0,13.0,19.0,17.0,44.0,0,0,1,False,skill_pass,False,False,False,False
GresJe00,jermaine-gresham-1,00-0027873,Jermaine Gresham,TE,2010,1,21,CIN,oklahoma,77.0,261.0,4.66,35.0,113.0,20.0,7.07,4.53,,,,,,1.0,5.0,0.0,111.0,1630.0,26.0,28.0,22.0,132.0,2,0,9,False,skill_pass,False,False,False,False
ThomDe03,demaryius-thomas-1,00-0027874,Demaryius Thomas,WR,2010,1,22,DEN,georgia tech,75.0,224.0,4.52,,,,,,1.0,2.0,22.0,0.0,0.0,4.0,32.0,0.0,120.0,2339.0,15.0,69.0,65.0,143.0,5,0,8,False,skill_pass,False,True,False,False
JohnOl00,olabisi-johnson-1,00-0035006,Olabisi Johnson,WR,2019,7,247,MIN,colorado st.,72.0,204.0,4.51,38.0,124.0,14.0,6.88,4.16,,,,,,1.0,13.0,0.0,125.0,2019.0,11.0,5.0,5.0,32.0,0,0,0,False,skill_pass,False,False,False,False
HerrRo00,robert-herron-1,00-0031187,Robert Herron,WR,2014,6,185,TAM,wyoming,69.0,193.0,4.48,35.5,125.0,18.0,6.84,4.27,,,,,,54.0,310.0,0.0,152.0,2030.0,20.0,0.0,0.0,8.0,0,0,0,False,skill_pass,False,False,False,False
JohnDa05,david-johnson-1,00-0026957,David Johnson,TE,2009,7,241,PIT,arkansas st.,73.0,260.0,4.73,32.5,113.0,21.0,7.28,4.43,,,,,,88.0,410.0,4.0,26.0,584.0,6.0,3.0,3.0,98.0,0,0,1,False,skill_pass,False,False,False,False
HemiJu00,junior-hemingway-1,00-0029311,Junior Hemingway,WR,2012,7,238,KAN,michigan,73.0,225.0,4.48,35.5,124.0,21.0,6.59,3.98,,,,,,5.0,9.0,0.0,87.0,1601.0,11.0,2.0,2.0,31.0,0,0,0,False,skill_pass,False,False,False,False
AlleKe00,keenan-allen-1,00-0030279,Keenan Allen,WR,2013,3,76,SDG,california,74.0,206.0,4.58,,,,,,3.0,3.0,52.0,1.0,0.0,30.0,230.0,2.0,205.0,2570.0,17.0,80.0,77.0,171.0,6,0,11,False,skill_pass,False,True,False,False
PattQu00,quinton-patton-1,00-0030450,Quinton Patton,WR,2013,4,128,SFO,louisiana tech,72.0,204.0,4.53,33.0,118.0,8.0,6.91,4.01,,,,,,11.0,37.0,0.0,183.0,2594.0,24.0,6.0,6.0,40.0,0,0,1,False,skill_pass,False,False,False,False
RidlRi00,riley-ridley-1,00-0035590,Riley Ridley,WR,2019,4,126,CHI,georgia,73.0,199.0,4.58,30.5,124.0,13.0,7.22,4.28,,,,,,4.0,46.0,0.0,70.0,1026.0,13.0,1.0,1.0,10.0,0,0,0,False,skill_pass,False,False,False,False
KelcTr00,travis-kelce-1,00-0030506,Travis Kelce,TE,2013,3,63,KAN,cincinnati,77.0,255.0,4.63,,,,,,1.0,1.0,39.0,1.0,0.0,8.0,47.0,2.0,59.0,875.0,10.0,94.0,94.0,192.0,11,4,11,False,skill_pass,False,True,False,False
AlfoMa00,mario-alford-1,00-0031962,Mario Alford,WR,2015,7,238,CIN,west virginia,68.0,180.0,4.43,34.0,121.0,13.0,6.64,4.07,,,,,,7.0,61.0,0.0,92.0,1497.0,13.0,0.0,0.0,4.0,0,0,0,False,skill_pass,False,False,False,False
AtemMa00,marcell-ateman-1,00-0034747,Marcell Ateman,WR,2018,7,228,OAK,oklahoma st.,76.0,216.0,4.62,34.0,121.0,13.0,7.07,4.25,,,,,,1.0,1.0,0.0,146.0,2466.0,13.0,2.0,2.0,19.0,0,0,0,False,skill_pass,False,False,False,False
MattJo00,jordan-matthews-1,00-0031299,Jordan Matthews,WR,2014,2,42,PHI,vanderbilt,75.0,212.0,4.46,35.5,120.0,21.0,6.95,4.18,,,,,,9.0,115.0,1.0,262.0,3759.0,24.0,23.0,21.0,81.0,0,0,3,False,skill_pass,False,False,False,False
DoctJo00,josh-doctson-1,00-0032760,Josh Doctson,WR,2016,1,22,WAS,texas christian,74.0,202.0,4.5,41.0,131.0,14.0,6.84,4.08,,,,,,1.0,6.0,0.0,215.0,3178.0,34.0,9.0,9.0,34.0,0,0,2,False,skill_pass,False,False,False,False
OLeaNi00,nick-oleary-1,00-0032117,Nick O'Leary,TE,2015,6,194,BUF,florida st.,75.0,252.0,4.93,30.5,110.0,21.0,7.4,4.5,,,,,,0.0,0.0,1.0,114.0,1591.0,17.0,6.0,4.0,59.0,0,0,2,False,skill_pass,False,False,False,False
EaslMa00,marcus-easley-1,00-0027708,Marcus Easley,WR,2010,4,107,BUF,connecticut,75.0,210.0,4.39,34.0,123.0,16.0,6.94,4.6,,,,,,1.0,11.0,0.0,53.0,997.0,8.0,1.0,1.0,42.0,0,0,0,False,skill_pass,False,False,False,False
GreeVi00,virgil-green-1,00-0028142,Virgil Green,TE,2011,7,204,DEN,nevada,75.0,249.0,4.54,42.5,130.0,23.0,6.9,4.4,,,,,,7.0,53.0,0.0,71.0,911.0,11.0,8.0,5.0,137.0,0,0,5,False,skill_pass,False,False,False,False
SmelDe00,deandre-smelter-1,00-0032064,DeAndre Smelter,WR,2015,4,132,SFO,georgia tech,74.0,226.0,4.52,,,,,,0.0,1.0,0.0,0.0,1.0,4.0,115.0,1.0,56.0,1060.0,11.0,0.0,0.0,2.0,0,0,0,False,skill_pass,False,True,False,False
SandEm00,emmanuel-sanders-1,00-0027685,Emmanuel Sanders,WR,2010,3,82,PIT,southern methodist,71.0,186.0,4.4,39.5,126.0,12.0,6.64,4.1,,,,,,9.0,40.0,0.0,285.0,3791.0,34.0,63.0,11.0,172.0,2,0,9,False,skill_pass,False,False,False,False
McDoVa00,vance-mcdonald-1,00-0030470,Vance McDonald,TE,2013,2,55,SFO,rice,76.0,267.0,4.69,33.5,119.0,31.0,7.08,4.53,,,,,,7.0,52.0,0.0,119.0,1504.0,15.0,14.0,5.0,101.0,0,0,6,False,skill_pass,False,False,False,False
GaroJi00,,00-0031345,Jimmy Garoppolo,QB,2014,2,62,NWE,eastern illinois,74.0,226.0,4.97,30.5,110.0,,7.04,4.26,94.0,152.0,1245.0,11.0,5.0,26.0,-28.0,0.0,,,,47.0,2.0,85.0,0,0,3,False,skill_pass,False,True,False,False
BailSt01,stedman-bailey-1,00-0030532,Stedman Bailey,WR,2013,3,92,STL,west virginia,70.0,193.0,4.52,34.5,117.0,11.0,6.81,4.09,,,,,,2.0,13.0,0.0,210.0,3218.0,41.0,7.0,7.0,38.0,0,0,0,False,skill_pass,False,False,False,False
WrigJa02,jarius-wright-1,00-0029572,Jarius Wright,WR,2012,4,118,MIN,arkansas,70.0,182.0,4.39,38.0,120.0,11.0,6.93,4.03,,,,,,2.0,10.0,0.0,168.0,2934.0,24.0,24.0,19.0,111.0,0,0,1,False,skill_pass,False,False,False,False
FantNo00,noah-fant-1,00-0035644,Noah Fant,TE,2019,1,20,DEN,iowa,76.0,249.0,4.5,39.5,127.0,20.0,6.81,4.22,,,,,,4.0,0.0,0.0,78.0,1082.0,19.0,26.0,14.0,110.0,0,0,5,False,skill_pass,False,False,False,False
HousRo01,rob-housler-1,00-0028007,Rob Housler,TE,2011,3,69,ARI,florida atlantic,77.0,248.0,4.46,37.0,117.0,22.0,6.9,4.21,,,,,,5.0,108.0,1.0,78.0,1228.0,8.0,9.0,9.0,65.0,0,0,3,False,skill_pass,False,False,False,False
PeakCh00,charone-peake-1,00-0032959,Charone Peake,WR,2016,7,241,NYJ,clemson,74.0,209.0,4.45,35.5,122.0,12.0,6.96,4.46,,,,,,2.0,-9.0,0.0,99.0,1172.0,10.0,1.0,1.0,31.0,0,0,0,False,skill_pass,False,False,False,False
McKeIs00,isaiah-mckenzie-1,00-0033466,Isaiah McKenzie,WR,2017,5,172,DEN,georgia,67.0,173.0,4.42,36.0,123.0,11.0,6.64,4.15,,,,,,37.0,329.0,4.0,60.0,823.0,7.0,15.0,0.0,93.0,0,0,2,False,skill_pass,False,False,False,False
SterJa00,jace-sternberger-1,00-0035671,Jace Sternberger,TE,2019,3,75,GNB,texas a&m,76.0,251.0,4.75,31.5,113.0,17.0,7.19,4.31,,,,,,1.0,4.0,0.0,49.0,837.0,10.0,1.0,1.0,18.0,0,0,0,False,skill_pass,False,False,False,False
RidlCa00,calvin-ridley-1,00-0034837,Calvin Ridley,WR,2018,1,26,ATL,alabama,72.0,189.0,4.43,31.0,110.0,15.0,6.88,4.41,,,,,,8.0,40.0,1.0,224.0,2781.0,19.0,41.0,24.0,90.0,0,0,4,False,skill_pass,False,False,False,False
GibsSh00,shelton-gibson-1,00-0033573,Shelton Gibson,WR,2017,5,166,PHI,west virginia,71.0,191.0,4.5,32.0,118.0,8.0,6.83,4.2,,,,,,2.0,29.0,0.0,84.0,1898.0,17.0,0.0,0.0,20.0,0,0,0,False,skill_pass,False,False,False,False
ReedDa00,david-reed-1,00-0027755,David Reed,WR,2010,5,156,BAL,utah,72.0,191.0,4.56,37.0,114.0,15.0,6.95,4.38,,,,,,5.0,19.0,1.0,106.0,1615.0,11.0,2.0,2.0,36.0,0,0,0,False,skill_pass,False,False,False,False
MillAn02,anthony-miller-6,00-0034353,Anthony Miller,WR,2018,2,51,CHI,memphis,71.0,201.0,,,,22.0,,,1.0,3.0,35.0,0.0,0.0,31.0,148.0,3.0,238.0,3590.0,37.0,12.0,12.0,52.0,0,0,2,False,skill_pass,False,True,False,False
WashJa00,james-washington-5,00-0034676,James Washington,WR,2018,2,60,PIT,oklahoma st.,71.0,213.0,4.54,34.5,120.0,14.0,7.11,4.32,,,,,,9.0,70.0,1.0,226.0,4472.0,39.0,11.0,11.0,62.0,0,0,2,False,skill_pass,False,False,False,False
GallMi00,michael-gallup-1,00-0034764,Michael Gallup,WR,2018,3,81,DAL,colorado st.,73.0,205.0,4.51,36.0,122.0,10.0,6.95,4.37,,,,,,4.0,15.0,0.0,176.0,2685.0,21.0,30.0,30.0,86.0,0,0,5,False,skill_pass,False,False,False,False
HiltT.00,ty-hilton-1,00-0029608,T.Y. Hilton,WR,2012,3,92,IND,florida international,69.0,183.0,4.34,,,,,,2.0,2.0,38.0,1.0,0.0,66.0,488.0,7.0,226.0,3515.0,23.0,72.0,71.0,146.0,4,0,8,False,skill_pass,False,True,False,False
SmitTo02,torrey-smith-1,00-0027996,Torrey Smith,WR,2011,2,58,BAL,maryland,73.0,204.0,4.41,41.0,126.0,19.0,6.72,4.13,,,,,,21.0,66.0,1.0,152.0,2215.0,19.0,37.0,28.0,119.0,0,0,7,False,skill_pass,False,False,False,False
SamuCu00,curtis-samuel-1,00-0033282,Curtis Samuel,WR,2017,2,40,CAR,ohio st.,71.0,196.0,4.31,37.0,119.0,18.0,7.09,4.33,,,,,,172.0,1286.0,15.0,107.0,1249.0,9.0,30.0,17.0,111.0,0,0,5,False,skill_pass,False,False,False,False
DaviRo00,robert-davis-10,00-0033530,Robert Davis,WR,2017,6,209,WAS,georgia st.,75.0,219.0,4.44,41.0,136.0,19.0,6.82,4.28,,,,,,1.0,3.0,0.0,222.0,3391.0,17.0,0.0,0.0,7.0,0,0,0,False,skill_pass,False,False,False,False
MitcCa00,carlton-mitchell-1,00-0027776,Carlton Mitchell,WR,2010,6,177,CLE,south florida,75.0,215.0,4.46,36.0,122.0,16.0,6.96,4.55,,,,,,5.0,24.0,0.0,105.0,1648.0,9.0,0.0,0.0,16.0,0,0,0,False,skill_pass,False,False,False,False
BrowVi00,vincent-brown-3,00-0028020,Vincent Brown,WR,2011,3,82,SDG,san diego st.,71.0,187.0,4.68,33.5,121.0,12.0,6.64,4.25,,,,,,7.0,34.0,0.0,209.0,3110.0,23.0,9.0,8.0,38.0,0,0,1,False,skill_pass,False,False,False,False
JohnDi01,diontae-johnson-1,00-0035216,Diontae Johnson,WR,2019,3,66,PIT,toledo,70.0,183.0,4.53,33.5,123.0,15.0,7.09,4.45,,,,,,4.0,26.0,0.0,137.0,2276.0,24.0,35.0,33.0,89.0,1,0,5,False,skill_pass,False,False,False,False
EgneMi00,michael-egnew-1,00-0029694,Michael Egnew,TE,2012,3,78,MIA,missouri,77.0,252.0,4.52,36.0,131.0,21.0,7.03,4.32,,,,,,3.0,8.0,0.0,147.0,1332.0,8.0,0.0,0.0,18.0,0,0,0,False,skill_pass,False,False,False,False
GreeA.00,aj-green-1,00-0027942,A.J. Green,WR,2011,1,4,CIN,georgia,76.0,211.0,4.48,34.5,126.0,18.0,6.91,4.21,,,,,,7.0,105.0,0.0,166.0,2619.0,23.0,77.0,71.0,158.0,7,0,10,False,skill_pass,False,False,False,False
McCoAn00,anthony-mccoy-1,00-0027783,Anthony McCoy,TE,2010,6,185,SEA,southern california,76.0,259.0,4.71,35.5,113.0,19.0,6.99,4.57,,,,,,1.0,25.0,0.0,46.0,731.0,3.0,4.0,4.0,41.0,0,0,1,False,skill_pass,False,False,False,False
JoneJu02,julio-jones-1,00-0027944,Julio Jones,WR,2011,1,6,ATL,alabama,75.0,220.0,4.34,38.5,135.0,17.0,6.66,4.25,,,,,,10.0,139.0,2.0,179.0,2653.0,15.0,101.0,97.0,166.0,7,2,9,False,skill_pass,False,False,False,False
LittGr00,greg-little-1,00-0027997,Greg Little,WR,2011,2,59,CLE,north carolina,74.0,231.0,4.51,40.5,129.0,27.0,6.8,4.21,,,,,,166.0,805.0,6.0,86.0,969.0,6.0,12.0,12.0,54.0,0,0,3,False,skill_pass,False,False,False,False
ListKo00,kolby-listenbee-1,00-0032957,Kolby Listenbee,WR,2016,6,192,BUF,texas christian,72.0,197.0,4.39,35.5,129.0,15.0,,,1.0,1.0,31.0,1.0,0.0,3.0,30.0,0.0,74.0,1432.0,9.0,,,,0,0,0,False,skill_pass,True,True,False,False
TaylTa00,taywan-taylor-1,00-0033911,Taywan Taylor,WR,2017,3,72,TEN,western kentucky,71.0,203.0,4.5,33.5,132.0,13.0,6.57,4.21,,,,,,14.0,38.0,0.0,253.0,4234.0,41.0,6.0,6.0,35.0,0,0,0,False,skill_pass,False,False,False,False
HockTJ00,tj-hockenson-1,00-0035229,T.J. Hockenson,TE,2019,1,8,DET,iowa,77.0,251.0,4.7,37.5,123.0,17.0,7.02,4.18,,,,,,1.0,4.0,1.0,73.0,1070.0,9.0,33.0,16.0,97.0,2,0,3,False,skill_pass,False,False,False,False
HillSt00,stephen-hill-1,00-0028995,Stephen Hill,WR,2012,2,43,NYJ,georgia tech,76.0,215.0,4.36,39.5,133.0,14.0,6.88,4.48,,,,,,12.0,147.0,1.0,49.0,1248.0,9.0,4.0,4.0,23.0,0,0,2,False,skill_pass,False,False,False,False
RodrEv00,evan-rodriguez-1,00-0029276,Evan Rodriguez,TE,2012,4,111,CHI,temple,73.0,239.0,4.53,36.0,119.0,18.0,6.94,4.28,,,,,,1.0,1.0,0.0,68.0,868.0,7.0,0.0,0.0,20.0,0,0,0,False,skill_pass,False,False,False,False
WhitMi01,mike-white-6,00-0034401,Mike White,QB,2018,5,171,DAL,western kentucky,77.0,224.0,5.09,27.0,96.0,,7.4,4.4,863.0,1393.0,11262.0,74.0,31.0,135.0,-463.0,6.0,,,,5.0,,15.0,0,0,0,False,skill_pass,False,True,False,False
MaloJo00,josh-malone-1,00-0033859,Josh Malone,WR,2017,4,128,CIN,tennessee,75.0,208.0,4.4,30.5,121.0,10.0,7.05,4.19,,,,,,2.0,11.0,0.0,104.0,1608.0,14.0,1.0,1.0,26.0,0,0,1,False,skill_pass,False,False,False,False
IsabAn00,andy-isabella-1,00-0035527,Andy Isabella,WR,2019,2,62,ARI,massachusetts,69.0,188.0,4.31,36.5,121.0,15.0,6.95,4.15,,,,,,40.0,342.0,2.0,230.0,3525.0,30.0,4.0,4.0,43.0,0,0,0,False,skill_pass,False,False,False,False
WoodLo00,logan-woodside-1,00-0034438,Logan Woodside,QB,2018,7,249,CIN,toledo,73.0,213.0,4.79,31.5,103.0,,6.94,4.15,760.0,1167.0,10523.0,93.0,25.0,146.0,88.0,4.0,,,,0.0,,13.0,0,0,0,False,skill_pass,False,True,False,False
BaldJo00,jonathan-baldwin-1,00-0027964,Jonathan Baldwin,WR,2011,1,26,KAN,pittsburgh,76.0,228.0,4.49,42.0,129.0,20.0,7.07,4.34,,,,,,5.0,68.0,0.0,128.0,2337.0,16.0,4.0,4.0,33.0,0,0,1,False,skill_pass,False,False,False,False
GollKe00,kenny-golladay-1,00-0033932,Kenny Golladay,WR,2017,3,96,DET,northern illinois,76.0,218.0,4.5,35.5,120.0,18.0,7.0,4.15,,,,,,29.0,206.0,3.0,164.0,2340.0,18.0,27.0,23.0,73.0,1,0,4,False,skill_pass,False,False,False,False
CameJo00,jordan-cameron-1,00-0028040,Jordan Cameron,TE,2011,4,102,CLE,southern california,77.0,254.0,4.53,37.5,119.0,23.0,6.82,4.03,,,,,,1.0,6.0,0.0,16.0,126.0,1.0,13.0,10.0,66.0,1,0,4,False,skill_pass,False,False,False,False
GodwCh00,chris-godwin-1,00-0033921,Chris Godwin,WR,2017,3,84,TAM,penn st.,73.0,209.0,4.42,36.0,126.0,19.0,7.01,4.0,,,,,,3.0,14.0,0.0,154.0,2421.0,18.0,53.0,53.0,120.0,1,0,6,False,skill_pass,False,False,False,False
DrisJe00,jeff-driskel-1,00-0032436,Jeff Driskel,QB,2016,6,207,SFO,louisiana tech,76.0,234.0,4.56,32.0,122.0,,7.19,4.25,609.0,1002.0,7444.0,50.0,28.0,312.0,967.0,14.0,,,,7.0,,25.0,0,0,0,False,skill_pass,False,True,False,False
HollTr00,trindon-holliday-1,00-0027606,Trindon Holliday,WR,2010,6,197,HOU,louisiana state,65.0,166.0,4.34,42.0,116.0,10.0,6.54,4.48,,,,,,115.0,776.0,4.0,7.0,72.0,0.0,4.0,0.0,33.0,0,0,0,False,skill_pass,False,False,False,False
CoutKe00,keke-coutee-1,00-0034366,Keke Coutee,WR,2018,4,103,HOU,texas tech,70.0,181.0,4.43,34.5,113.0,14.0,6.93,4.15,,,,,,8.0,17.0,1.0,159.0,2424.0,17.0,7.0,7.0,33.0,0,0,0,False,skill_pass,False,False,False,False
LaulKy00,,00-0034369,Kyle Lauletta,QB,2018,4,108,NYG,richmond,75.0,222.0,4.81,31.0,113.0,,6.95,4.07,42.0,65.0,557.0,3.0,0.0,16.0,-14.0,1.0,,,,0.0,0.0,2.0,0,0,0,False,skill_pass,False,True,False,False
KendLa00,lance-kendricks-1,00-0027985,Lance Kendricks,TE,2011,2,47,STL,wisconsin,75.0,243.0,4.65,34.5,122.0,25.0,6.94,4.15,,,,,,9.0,92.0,0.0,78.0,1160.0,8.0,16.0,13.0,137.0,0,0,6,False,skill_pass,False,False,False,False
OlivJo00,josh-oliver-1,00-0035249,Josh Oliver,TE,2019,3,69,JAX,san jose st.,77.0,249.0,4.63,34.0,117.0,22.0,7.21,4.47,,,,,,1.0,7.0,0.0,98.0,1067.0,7.0,7.0,0.0,82.0,0,0,3,False,skill_pass,False,False,False,False
BurbAa00,aaron-burbridge-1,00-0032441,Aaron Burbridge,WR,2016,6,213,SFO,michigan st.,72.0,206.0,4.56,30.5,115.0,20.0,7.22,4.31,,,,,,22.0,149.0,0.0,165.0,2174.0,10.0,1.0,1.0,16.0,0,0,0,False,skill_pass,False,False,False,False
ChesJe00,jehu-chesson-1,00-0033464,Jehu Chesson,WR,2017,4,139,KAN,michigan,75.0,204.0,4.47,35.5,132.0,10.0,6.7,4.09,,,,,,22.0,219.0,3.0,114.0,1639.0,12.0,0.0,0.0,24.0,0,0,0,False,skill_pass,False,False,False,False
SmitDe04,devin-smith-2,00-0031934,Devin Smith,WR,2015,2,37,NYJ,ohio st.,72.0,196.0,4.42,39.0,122.0,10.0,,4.15,,,,,,1.0,2.0,0.0,121.0,2503.0,30.0,2.0,1.0,22.0,0,0,0,False,skill_pass,False,True,False,False
MattRi00,rishard-matthews-1,00-0029580,Rishard Matthews,WR,2012,7,227,MIA,nevada,72.0,217.0,4.54,36.0,,20.0,6.88,4.19,,,,,,10.0,75.0,2.0,147.0,2243.0,13.0,22.0,8.0,87.0,0,0,4,False,skill_pass,False,True,False,False
SmitJo01,jonnu-smith-1,00-0033858,Jonnu Smith,TE,2017,3,100,TEN,florida international,75.0,248.0,4.62,38.0,127.0,22.0,,4.18,,,,,,1.0,5.0,0.0,178.0,2001.0,18.0,29.0,10.0,141.0,1,0,5,False,skill_pass,False,True,False,False
ClayKa00,kaelin-clay-1,00-0032115,Kaelin Clay,WR,2015,6,184,TAM,utah,70.0,195.0,4.51,33.0,113.0,10.0,6.97,4.26,,,,,,4.0,4.0,0.0,43.0,523.0,4.0,3.0,,22.0,0,0,0,False,skill_pass,False,False,False,False
WestDe00,dede-westbrook-1,00-0033839,Dede Westbrook,WR,2017,4,110,JAX,oklahoma,72.0,178.0,,,,,,,0.0,2.0,0.0,0.0,0.0,15.0,118.0,0.0,126.0,2267.0,21.0,14.0,13.0,55.0,0,0,1,False,skill_pass,False,True,False,False
GreeLa00,,00-0029275,Ladarius Green,TE,2012,4,110,SDG,louisiana,78.0,238.0,4.45,34.5,124.0,16.0,7.12,4.47,,,,,,1.0,20.0,0.0,149.0,2201.0,22.0,11.0,9.0,53.0,0,0,2,False,skill_pass,False,False,False,False
MumpKe00,keith-mumphery-1,00-0031600,Keith Mumphery,WR,2015,5,175,HOU,michigan st.,72.0,215.0,4.54,32.5,121.0,,7.07,4.25,,,,,,14.0,125.0,1.0,88.0,1348.0,7.0,2.0,2.0,27.0,0,0,0,False,skill_pass,False,True,False,False
MontTy01,ty-montgomery-1,00-0032200,Ty Montgomery,WR,2015,3,94,GNB,stanford,72.0,221.0,4.55,40.5,121.0,,6.97,4.21,,,,,,39.0,334.0,4.0,172.0,2125.0,15.0,17.0,13.0,92.0,0,0,1,False,skill_pass,False,True,False,False
CampPa00,parris-campbell-1,00-0035639,Parris Campbell,WR,2019,2,59,IND,ohio st.,72.0,205.0,4.31,40.0,135.0,11.0,,4.03,,,,,,24.0,288.0,3.0,141.0,1688.0,14.0,9.0,9.0,50.0,0,0,1,False,skill_pass,False,True,False,False
RyanMa00,matt-ryan-1,00-0026143,Matt Ryan,QB,2008,1,3,ATL,boston col.,77.0,228.0,4.89,,,,7.4,4.51,552.0,955.0,8385.0,69.0,24.0,135.0,-141.0,7.0,,,,146.0,144.0,234.0,4,1,15,False,skill_pass,False,True,False,False
RobiAl02,allen-robinson-1,00-0031428,Allen Robinson,WR,2014,2,61,JAX,penn st.,75.0,220.0,4.6,39.0,127.0,,7.0,4.0,,,,,,6.0,36.0,0.0,177.0,2479.0,17.0,48.0,18.0,139.0,1,0,8,False,skill_pass,False,True,False,False
GilyMa00,mardy-gilyard-1,00-0027700,Mardy Gilyard,WR,2010,4,99,STL,cincinnati,72.0,187.0,4.61,39.0,116.0,,6.92,4.4,,,,,,7.0,26.0,1.0,204.0,3003.0,25.0,1.0,1.0,19.0,0,0,0,False,skill_pass,False,True,False,False
BrisDe00,dezmon-briscoe-1,00-0027789,Dezmon Briscoe,WR,2010,6,191,CIN,kansas,74.0,207.0,4.66,33.0,115.0,9.0,7.1,4.57,,,,,,4.0,37.0,1.0,217.0,3232.0,31.0,4.0,,25.0,0,0,0,False,skill_pass,False,False,False,False
LaFeBr00,brandon-lafell-1,00-0027681,Brandon LaFell,WR,2010,3,78,CAR,louisiana state,74.0,211.0,4.58,36.0,115.0,,6.81,4.23,,,,,,8.0,37.0,1.0,175.0,2517.0,25.0,43.0,19.0,125.0,0,0,5,False,skill_pass,False,True,False,False
HamiCo00,cobi-hamilton-1,00-0030290,Cobi Hamilton,WR,2013,6,197,CIN,arkansas,74.0,212.0,4.56,29.5,107.0,11.0,,4.31,,,,,,1.0,-8.0,0.0,175.0,2854.0,18.0,2.0,0.0,14.0,0,0,1,False,skill_pass,False,True,False,False
KingTa00,tavarres-king-1,00-0030091,Tavarres King,WR,2013,5,161,DEN,georgia,72.0,189.0,4.47,36.5,123.0,11.0,6.91,4.33,,,,,,3.0,5.0,0.0,136.0,2602.0,21.0,2.0,,17.0,0,0,0,False,skill_pass,False,False,False,False
StilKe00,kenny-stills-1,00-0030085,Kenny Stills,WR,2013,5,144,NOR,oklahoma,72.0,194.0,4.38,33.5,124.0,16.0,,4.35,,,,,,3.0,23.0,0.0,204.0,2594.0,24.0,35.0,14.0,130.0,0,0,5,False,skill_pass,False,True,False,False
HarpCh00,chris-harper-2,00-0030077,Chris Harper,WR,2013,4,123,SEA,kansas st.,73.0,229.0,4.55,35.5,116.0,20.0,6.89,4.39,,,,,,8.0,45.0,0.0,123.0,1734.0,12.0,0.0,,4.0,0,0,0,False,skill_pass,False,False,False,False
BerrBr00,braxton-berrios-1,00-0034419,Braxton Berrios,WR,2018,6,210,NWE,miami,69.0,184.0,,,,11.0,,,1.0,1.0,17.0,0.0,0.0,5.0,81.0,0.0,99.0,1166.0,14.0,11.0,,91.0,0,1,0,False,skill_pass,False,True,False,False
NautIs00,isaac-nauta-1,00-0035539,Isaac Nauta,TE,2019,7,224,DET,georgia,75.0,244.0,4.91,28.0,,19.0,7.45,4.43,,,,,,0.0,31.0,1.0,68.0,905.0,8.0,0.0,0.0,13.0,0,0,0,False,skill_pass,False,True,False,False
CoopAm00,amari-cooper-1,00-0031544,Amari Cooper,WR,2015,1,4,OAK,alabama,73.0,211.0,4.42,33.0,120.0,,6.71,3.98,,,,,,6.0,51.0,0.0,228.0,3463.0,31.0,66.0,22.0,154.0,5,0,9,False,skill_pass,False,True,False,False
AustTa00,tavon-austin-1,00-0030525,Tavon Austin,WR,2013,1,8,STL,west virginia,68.0,174.0,4.34,32.0,120.0,14.0,,4.01,,,,,,109.0,1031.0,6.0,288.0,3413.0,29.0,26.0,22.0,113.0,0,0,4,False,skill_pass,False,True,False,False
JoneT.00,tj-jones-2,00-0031189,T.J. Jones,WR,2014,6,189,DET,notre dame,72.0,188.0,4.46,33.0,119.0,,6.82,4.27,,,,,,10.0,75.0,2.0,181.0,2429.0,19.0,7.0,7.0,45.0,0,0,0,False,skill_pass,False,True,False,False
RobiKe00,kevin-robinson-1,00-0026322,Kevin Robinson,WR,2008,6,182,KAN,utah st.,71.0,202.0,4.69,27.5,115.0,,7.31,4.77,,,,,,121.0,796.0,8.0,35.0,334.0,3.0,0.0,0.0,8.0,0,0,0,False,skill_pass,False,True,False,False
MallRy00,ryan-mallett-1,00-0028012,Ryan Mallett,QB,2011,3,74,NWE,arkansas,79.0,253.0,5.37,24.0,103.0,,,,552.0,955.0,8385.0,69.0,24.0,135.0,-141.0,7.0,,,,4.0,0.0,21.0,0,0,0,False,skill_pass,False,True,False,False
LyncAr00,arthur-lynch-1,00-0031286,Arthur Lynch,TE,2014,5,155,MIA,georgia,77.0,258.0,4.82,29.5,116.0,28.0,7.38,4.35,1.0,1.0,16.0,0.0,0.0,,,,56.0,907.0,8.0,,,,0,0,0,False,skill_pass,True,False,False,False
StreDe00,devin-street-1,00-0031310,Devin Street,WR,2014,5,146,DAL,pittsburgh,75.0,198.0,4.55,37.0,124.0,,6.89,4.01,,,,,,11.0,77.0,0.0,202.0,2901.0,16.0,1.0,1.0,36.0,0,0,0,False,skill_pass,False,True,False,False
ThomSl00,sloan-thomas-1,00-0022686,Sloan Thomas,WR,2004,7,211,HOU,texas,73.0,203.0,4.5,,,,,,693.0,1248.0,9003.0,53.0,39.0,495.0,1359.0,24.0,2.0,11.0,1.0,0.0,,1.0,0,0,0,False,skill_pass,False,True,False,False
SmitGe00,geno-smith-1,00-0030565,Geno Smith,QB,2013,2,39,NYJ,west virginia,74.0,218.0,4.58,33.5,124.0,,,,988.0,1465.0,11662.0,98.0,21.0,245.0,342.0,4.0,,,,57.0,12.0,109.0,2,0,5,False,skill_pass,False,True,False,False
PettDa00,dante-pettis-1,00-0034860,Dante Pettis,WR,2018,2,44,SFO,washington,72.0,186.0,,,,,,,3.0,5.0,125.0,1.0,0.0,4.0,42.0,0.0,163.0,2256.0,24.0,11.0,5.0,66.0,0,0,0,False,skill_pass,False,True,False,False
EscoGa00,gavin-escobar-1,00-0030544,Gavin Escobar,TE,2013,2,47,DAL,san diego st.,78.0,254.0,4.84,32.0,114.0,,7.07,4.31,,,,,,2.0,7.0,0.0,122.0,1646.0,17.0,2.0,2.0,64.0,0,0,0,False,skill_pass,False,True,False,False
SmitLe00,lee-smith-2,00-0028097,Lee Smith,TE,2011,5,159,NWE,marshall,78.0,266.0,4.94,29.0,108.0,25.0,7.13,4.28,,,,,,1.0,0.0,0.0,75.0,791.0,3.0,5.0,,149.0,0,0,4,False,skill_pass,False,False,False,False
DaviCo03,corey-davis-3,00-0033871,Corey Davis,WR,2017,1,5,TEN,western michigan,75.0,209.0,,,,,,,2.0,2.0,40.0,0.0,0.0,3.0,13.0,0.0,332.0,5285.0,52.0,31.0,24.0,78.0,0,0,5,False,skill_pass,False,True,False,False
McBrTr00,,00-0032123,Tre McBride,WR,2015,7,245,TEN,william & mary,72.0,210.0,4.41,38.0,122.0,16.0,6.96,4.08,,,,,,3.0,72.0,1.0,164.0,2098.0,10.0,1.0,0.0,17.0,0,0,0,False,skill_pass,False,False,False,False
DaviFr01,fred-davis-1,00-0026188,Fred Davis,TE,2008,2,48,WAS,southern california,75.0,255.0,4.68,,,24.0,,,16.0,26.0,312.0,2.0,1.0,5.0,-15.0,0.0,,,,14.0,14.0,72.0,0,0,3,False,skill_pass,False,True,False,True
ValdMa00,marquez-valdes-scantling-1,00-0034272,Marquez Valdes-Scantling,WR,2018,5,174,GNB,south florida,76.0,206.0,4.37,30.5,124.0,15.0,,,,,,,,10.0,112.0,1.0,119.0,1832.0,12.0,29.0,18.0,116.0,0,0,5,False,skill_pass,False,True,False,False
SmitJu00,juju-smith-1,00-0033857,JuJu Smith-Schuster,WR,2017,2,62,PIT,southern california,73.0,215.0,4.54,32.5,120.0,15.0,,,,,,,,8.0,34.0,0.0,213.0,3092.0,25.0,43.0,30.0,121.0,1,0,4,False,skill_pass,False,True,False,False
CoreCo00,cody-core-1,00-0032795,Cody Core,WR,2016,6,199,CIN,mississippi,75.0,205.0,4.47,31.5,119.0,14.0,,,,,,,,5.0,87.0,0.0,83.0,1297.0,10.0,3.0,3.0,51.0,0,0,0,False,skill_pass,False,True,False,False
FullCo00,corey-fuller-2,00-0030095,Corey Fuller,WR,2013,6,171,DET,virginia tech,74.0,204.0,4.43,31.5,120.0,12.0,,,,,,,,1.0,10.0,0.0,45.0,834.0,6.0,3.0,3.0,28.0,0,0,0,False,skill_pass,False,True,False,False
HamiDa01,daesean-hamilton-1,00-0034370,DaeSean Hamilton,WR,2018,4,113,DEN,penn st.,73.0,203.0,,34.5,118.0,,6.84,4.15,,,,,,10.0,22.0,0.0,214.0,2842.0,18.0,6.0,6.0,46.0,0,0,0,False,skill_pass,False,True,False,False
HardMe00,mecole-hardman-1,00-0035140,Mecole Hardman,WR,2019,2,56,KAN,georgia,70.0,187.0,4.33,36.5,119.0,17.0,,,,,,,,13.0,97.0,2.0,59.0,950.0,11.0,23.0,23.0,82.0,1,0,0,False,skill_pass,False,True,False,False
HuffJo00,josh-huff-1,00-0030990,Josh Huff,WR,2014,3,86,PHI,oregon,71.0,206.0,4.51,35.5,116.0,14.0,,,,,,,,18.0,242.0,2.0,144.0,2366.0,24.0,6.0,6.0,37.0,0,0,0,False,skill_pass,False,True,False,False
FuncDe00,devin-funchess-1,00-0032055,Devin Funchess,WR,2015,2,41,CAR,michigan,76.0,232.0,4.7,38.5,122.0,17.0,,,,,,,,8.0,23.0,0.0,126.0,1715.0,15.0,20.0,20.0,62.0,0,0,2,False,skill_pass,False,True,False,False
HaskDw00,dwayne-haskins-1,00-0035232,Dwayne Haskins,QB,2019,1,15,WAS,ohio st.,75.0,231.0,5.04,28.5,,,,,411.0,588.0,5316.0,53.0,9.0,103.0,194.0,4.0,,,,4.0,4.0,16.0,0,0,0,False,skill_pass,False,True,False,False
FloyMi00,michael-floyd-1,00-0029638,Michael Floyd,WR,2012,1,13,ARI,notre dame,75.0,220.0,4.4,36.5,122.0,16.0,,,,,,,,4.0,30.0,1.0,271.0,3686.0,37.0,28.0,27.0,102.0,0,0,3,False,skill_pass,False,True,False,False
EbroEr00,eric-ebron-1,00-0031387,Eric Ebron,TE,2014,1,10,DET,north carolina,76.0,250.0,4.6,32.0,120.0,24.0,,,,,,,,2.0,7.0,0.0,112.0,1805.0,8.0,29.0,15.0,106.0,1,0,4,False,skill_pass,False,True,False,False
ColeCo00,corey-coleman-1,00-0032966,Corey Coleman,WR,2016,1,15,CLE,baylor,71.0,194.0,4.42,40.5,129.0,17.0,,,,,,,,33.0,164.0,1.0,173.0,3009.0,33.0,6.0,5.0,27.0,0,0,2,False,skill_pass,False,True,False,False
BennAr00,arrelious-benn-1,00-0027654,Arrelious Benn,WR,2010,2,39,TAM,illinois,73.0,219.0,4.57,37.0,118.0,20.0,,,,,,,,62.0,282.0,3.0,159.0,2221.0,7.0,8.0,7.0,61.0,0,0,2,False,skill_pass,False,True,False,False
JeffD.00,dc-jefferson-1,00-0030291,D.C. Jefferson,TE,2013,7,219,ARI,rutgers,78.0,255.0,4.97,,,3.0,,,0.0,2.0,0.0,0.0,0.0,,,,47.0,560.0,2.0,0.0,0.0,4.0,0,0,0,False,skill_pass,False,True,False,False
CharDJ00,dj-chark-1,00-0034777,DJ Chark,WR,2018,2,61,JAX,louisiana state,75.0,199.0,4.34,40.0,129.0,16.0,,,,,,,,25.0,264.0,4.0,66.0,1351.0,6.0,21.0,13.0,76.0,1,0,4,False,skill_pass,False,True,False,False
CunnB.00,bj-cunningham-1,00-0029564,B.J. Cunningham,WR,2012,6,183,MIA,michigan st.,73.0,211.0,4.52,31.5,116.0,12.0,7.1,,,,,,,8.0,82.0,0.0,218.0,3086.0,25.0,0.0,,2.0,0,0,0,False,skill_pass,False,True,False,False
McClRa00,ray-ray-mccloud-1,00-0034407,Ray-Ray McCloud,WR,2018,6,187,BUF,clemson,69.0,190.0,4.53,34.5,113.0,13.0,,,,,,,,18.0,106.0,0.0,127.0,1226.0,4.0,14.0,0.0,100.0,0,0,1,False,skill_pass,False,True,False,False
LeexMa00,marqise-lee-1,00-0031431,Marqise Lee,WR,2014,2,39,JAX,southern california,72.0,192.0,4.52,38.0,127.0,,,4.01,,,,,,24.0,146.0,0.0,248.0,3655.0,29.0,17.0,17.0,59.0,0,0,2,False,skill_pass,False,True,False,False
ColeSt00,stacy-coley-1,00-0033968,Stacy Coley,WR,2017,7,219,MIN,miami,73.0,195.0,4.45,34.0,122.0,10.0,,,,,,,,8.0,125.0,1.0,167.0,2222.0,20.0,0.0,0.0,7.0,0,0,0,False,skill_pass,False,True,False,False
DarbAm00,amara-darboh-1,00-0033937,Amara Darboh,WR,2017,3,106,SEA,michigan,74.0,214.0,4.45,36.0,124.0,17.0,,,,,,,,2.0,2.0,0.0,151.0,2062.0,14.0,1.0,1.0,16.0,0,0,0,False,skill_pass,False,True,False,False
WilsTy00,tyler-wilson-1,00-0030568,Tyler Wilson,QB,2013,4,112,OAK,arkansas,74.0,215.0,4.95,28.5,112.0,,7.22,4.39,593.0,948.0,7765.0,52.0,26.0,110.0,-44.0,4.0,,,,,,,0,0,0,False,skill_pass,True,True,False,False
RyanSe00,sean-ryan-1,00-0022817,Sean Ryan,TE,2004,5,144,DAL,boston col.,76.0,268.0,4.97,32.5,115.0,22.0,,,,,,,,2.0,26.0,0.0,80.0,1033.0,4.0,1.0,0.0,53.0,0,0,0,False,skill_pass,False,True,False,False
BeatC.00,cj-beathard-1,00-0033936,C.J. Beathard,QB,2017,3,104,SFO,iowa,74.0,219.0,,31.0,113.0,,,,454.0,782.0,5562.0,40.0,19.0,224.0,429.0,10.0,,,,9.0,8.0,32.0,0,0,0,False,skill_pass,False,True,False,False
JenkA.00,aj-jenkins-1,00-0029654,A.J. Jenkins,WR,2012,1,30,SFO,illinois,72.0,190.0,4.37,38.5,124.0,12.0,,,,,,,,6.0,25.0,0.0,167.0,2432.0,19.0,2.0,0.0,28.0,0,0,0,False,skill_pass,False,True,False,False
EtliDa00,danny-etling-1,00-0034423,Danny Etling,QB,2018,7,219,NWE,louisiana state,74.0,222.0,4.76,30.5,114.0,,7.09,4.37,563.0,973.0,7076.0,43.0,19.0,201.0,70.0,7.0,,,,,,,0,0,0,False,skill_pass,True,True,False,False
SudfNa00,nate-sudfeld-1,00-0032792,Nate Sudfeld,QB,2016,6,187,WAS,indiana,78.0,234.0,5.02,29.0,105.0,,,,593.0,983.0,7879.0,61.0,20.0,135.0,132.0,8.0,,,,1.0,,6.0,0,0,0,False,skill_pass,False,True,False,False
CanfSe00,sean-canfield-1,00-0027830,Sean Canfield,QB,2010,7,239,NOR,oregon st.,76.0,223.0,4.93,29.5,100.0,,7.26,4.39,552.0,861.0,5970.0,38.0,26.0,93.0,-313.0,3.0,,,,,,,0,0,0,False,skill_pass,True,True,False,False
WyliDe00,devon-wylie-1,00-0029274,Devon Wylie,WR,2012,4,107,KAN,fresno st.,69.0,187.0,4.36,39.0,123.0,17.0,,,,,,,,18.0,118.0,0.0,98.0,1327.0,8.0,0.0,0.0,8.0,0,0,0,False,skill_pass,False,True,False,False
JohnRo05,ronald-johnson-2,00-0028120,Ronald Johnson,WR,2011,6,182,SFO,southern california,71.0,199.0,4.46,,,16.0,,,0.0,1.0,0.0,0.0,0.0,16.0,88.0,0.0,138.0,1750.0,20.0,,,,0,0,0,False,skill_pass,True,True,False,False
JoneCa01,cardale-jones-1,00-0033098,Cardale Jones,QB,2016,4,139,BUF,ohio st.,77.0,253.0,4.81,36.0,,,,,167.0,270.0,2323.0,15.0,7.0,153.0,617.0,4.0,,,,0.0,0.0,1.0,0,0,0,False,skill_pass,False,True,False,False
McCoCo00,colt-mccoy-1,00-0027688,Colt McCoy,QB,2010,3,85,CLE,texas,73.0,216.0,4.79,,114.0,,,,1157.0,1645.0,13253.0,112.0,45.0,447.0,1571.0,20.0,,,,17.0,9.0,56.0,0,0,2,False,skill_pass,False,True,False,False
HarnCh00,chandler-harnish-1,00-0029554,Chandler Harnish,QB,2012,7,253,IND,northern illinois,74.0,219.0,4.68,32.5,112.0,,6.78,4.15,678.0,1091.0,8846.0,67.0,26.0,521.0,2835.0,23.0,,,,,,,0,0,0,False,skill_pass,True,True,False,False
SharTa00,tajae-sharpe-1,00-0032778,Tajae Sharpe,WR,2016,5,140,TEN,massachusetts,74.0,194.0,4.55,33.5,114.0,11.0,,,,,,,,4.0,11.0,0.0,277.0,3486.0,16.0,12.0,11.0,66.0,0,0,3,False,skill_pass,False,True,False,False
LouiRi00,ricardo-louis-1,00-0033079,Ricardo Louis,WR,2016,4,114,CLE,auburn,74.0,215.0,4.43,38.0,132.0,18.0,,,,,,,,68.0,578.0,2.0,98.0,1338.0,8.0,3.0,3.0,32.0,0,0,1,False,skill_pass,False,True,False,False
LeexTa00,tanner-lee-1,00-0034416,Tanner Lee,QB,2018,6,203,JAX,nebraska,76.0,218.0,4.98,32.0,115.0,,7.0,4.41,574.0,1040.0,6744.0,46.0,37.0,89.0,-384.0,2.0,,,,,,,0,0,0,False,skill_pass,True,True,False,False
NelsJJ00,,00-0032112,JJ Nelson,WR,2015,5,159,ARI,ala-birmingham,70.0,156.0,4.28,36.0,127.0,,7.02,4.15,,,,,,18.0,90.0,1.0,116.0,2273.0,20.0,12.0,12.0,58.0,0,0,0,False,skill_pass,False,True,False,False
HiggRa00,rashard-higgins-1,00-0032977,Rashard Higgins,WR,2016,5,172,CLE,colorado st.,73.0,196.0,4.64,32.0,116.0,13.0,,,,,,,,1.0,20.0,0.0,239.0,3649.0,31.0,13.0,13.0,85.0,0,0,0,False,skill_pass,False,True,False,False
AdamDa01,davante-adams-1,00-0031381,Davante Adams,WR,2014,2,53,GNB,fresno st.,73.0,212.0,4.56,39.5,123.0,14.0,6.82,4.3,,,,,,,,,233.0,3030.0,38.0,92.0,59.0,178.0,6,3,10,False,skill_pass,False,False,False,False
AndrMa00,mark-andrews-1,00-0034753,Mark Andrews,TE,2018,3,86,BAL,oklahoma,77.0,256.0,4.67,31.0,113.0,17.0,7.34,4.38,,,,,,,,,112.0,1765.0,22.0,51.0,51.0,121.0,3,1,3,False,skill_pass,False,False,False,False
NiklTr00,troy-niklas-1,00-0031044,Troy Niklas,TE,2014,2,52,ARI,notre dame,78.0,270.0,4.84,32.0,114.0,27.0,7.57,4.55,,,,,,,,,37.0,573.0,6.0,1.0,1.0,41.0,0,0,1,False,skill_pass,False,False,False,False
BravDa00,daniel-braverman-1,00-0032801,Daniel Braverman,WR,2016,7,230,CHI,western michigan,,,,,,,,,1.0,1.0,11.0,0.0,0.0,12.0,76.0,2.0,212.0,2499.0,19.0,0.0,0.0,3.0,0,0,0,False,skill_pass,False,True,True,False
DuarTh00,thomas-duarte-1,00-0033061,Thomas Duarte,TE,2016,7,231,MIA,ucla,74.0,231.0,4.72,33.5,118.0,12.0,6.97,4.24,,,,,,,,,97.0,1626.0,17.0,0.0,0.0,1.0,0,0,0,False,skill_pass,False,False,False,False
RandRu00,rueben-randle-1,00-0029262,Rueben Randle,WR,2012,2,63,NYG,louisiana state,75.0,210.0,4.55,31.0,121.0,15.0,6.99,4.36,,,,,,,,,97.0,1634.0,13.0,21.0,21.0,64.0,0,0,2,False,skill_pass,False,False,False,False
GesiMi00,mike-gesicki-1,00-0034829,Mike Gesicki,TE,2018,2,42,MIA,penn st.,77.0,247.0,4.54,41.5,129.0,22.0,6.76,4.1,,,,,,,,,129.0,1481.0,15.0,28.0,19.0,128.0,0,0,2,False,skill_pass,False,False,False,False
SaunJa00,jalen-saunders-1,00-0031053,Jalen Saunders,WR,2014,4,104,NYJ,oklahoma,69.0,165.0,4.44,34.0,122.0,,,,,,,,,32.0,301.0,2.0,203.0,3085.0,26.0,0.0,0.0,9.0,0,0,0,False,skill_pass,False,True,False,False
AlleDw00,dwayne-allen-1,00-0029689,Dwayne Allen,TE,2012,3,64,IND,clemson,75.0,255.0,4.85,32.0,110.0,27.0,7.12,4.37,,,,,,,,,93.0,1079.0,12.0,12.0,11.0,86.0,0,0,4,False,skill_pass,False,False,False,False
ErtzZa00,zach-ertz-1,00-0030061,Zach Ertz,TE,2013,2,35,PHI,stanford,77.0,249.0,4.76,30.5,111.0,24.0,7.08,4.47,,,,,,,,,112.0,1434.0,15.0,57.0,40.0,181.0,3,0,8,False,skill_pass,False,False,False,False
MoncDo00,donte-moncrief-1,00-0031339,Donte Moncrief,WR,2014,3,90,IND,mississippi,74.0,221.0,4.4,39.5,132.0,13.0,7.02,4.3,,,,,,,,,156.0,2371.0,20.0,18.0,15.0,83.0,0,0,3,False,skill_pass,False,False,False,False
FiedC.00,cj-fiedorowicz-1,00-0031302,C.J. Fiedorowicz,TE,2014,3,65,HOU,iowa,77.0,265.0,4.76,31.5,116.0,25.0,7.1,4.26,,,,,,,,,91.0,899.0,10.0,6.0,6.0,51.0,0,0,2,False,skill_pass,False,False,False,False
AmarJa00,jace-amaro-1,00-0031042,Jace Amaro,TE,2014,2,49,NYJ,texas tech,77.0,265.0,4.74,33.0,118.0,28.0,7.42,4.3,,,,,,,,,138.0,1818.0,13.0,4.0,3.0,17.0,0,0,0,False,skill_pass,False,False,False,False
OsweBr00,brock-osweiler-1,00-0029682,Brock Osweiler,QB,2012,2,57,DEN,arizona st.,79.0,242.0,4.83,,,,,,412.0,680.0,5082.0,33.0,15.0,137.0,221.0,4.0,,,,14.0,7.0,49.0,0,0,1,False,skill_pass,False,True,False,False
IzzoRy00,ryan-izzo-1,00-0034439,Ryan Izzo,TE,2018,7,250,NWE,florida st.,77.0,256.0,4.94,33.0,110.0,18.0,7.15,4.43,,,,,,,,,54.0,761.0,6.0,3.0,3.0,19.0,0,0,1,False,skill_pass,False,False,False,False
GageRu00,russell-gage-1,00-0034411,Russell Gage,WR,2018,6,194,ATL,louisiana state,,,,,,,,,0.0,1.0,0.0,0.0,0.0,28.0,232.0,1.0,26.0,347.0,4.0,20.0,17.0,75.0,0,0,0,False,skill_pass,False,True,True,False
CantDy00,dylan-cantrell-1,00-0034409,Dylan Cantrell,WR,2018,6,191,LAC,texas tech,75.0,226.0,4.59,38.5,130.0,18.0,6.56,4.03,,,,,,1.0,3.0,1.0,158.0,1873.0,18.0,,,,0,0,0,False,skill_pass,True,False,False,False
RudoJa00,jake-rudock-1,00-0032431,Jake Rudock,QB,2016,6,191,DET,michigan,,,,,,,,,666.0,1080.0,7836.0,54.0,27.0,192.0,560.0,12.0,1.0,10.0,0.0,0.0,0.0,3.0,0,0,0,False,skill_pass,False,True,True,False
RiveMy00,mychal-rivera-1,00-0030514,Mychal Rivera,TE,2013,6,184,OAK,tennessee,75.0,242.0,4.81,31.0,112.0,17.0,7.17,4.43,,,,,,,,,76.0,1018.0,6.0,10.0,10.0,61.0,0,0,1,False,skill_pass,False,False,False,False
BrowJu00,justin-brown-1,00-0030466,Justin Brown,WR,2013,6,186,PIT,oklahoma,,,,,,,,,0.0,1.0,0.0,0.0,1.0,3.0,-12.0,0.0,146.0,1926.0,8.0,1.0,1.0,8.0,0,0,0,False,skill_pass,False,True,True,False
GoodMa00,marquise-goodwin-1,00-0030068,Marquise Goodwin,WR,2013,3,78,BUF,texas,69.0,183.0,4.27,,132.0,13.0,,,,,,,,46.0,405.0,3.0,120.0,1364.0,7.0,24.0,5.0,114.0,0,0,3,False,skill_pass,False,True,False,False
CoolCh00,chris-cooley-1,00-0022738,Chris Cooley,TE,2004,3,81,WAS,utah st.,75.0,265.0,4.87,33.0,115.0,22.0,7.21,4.19,,,,,,,,,117.0,1938.0,20.0,34.0,34.0,117.0,2,0,6,False,skill_pass,False,False,False,False
ConkTy00,tyler-conklin-1,00-0034270,Tyler Conklin,TE,2018,5,157,MIN,central michigan,75.0,254.0,4.8,38.0,120.0,18.0,7.13,4.23,,,,,,,,,83.0,1159.0,11.0,20.0,8.0,127.0,0,0,4,False,skill_pass,False,False,False,False
FalkLu00,luke-falk-1,00-0034412,Luke Falk,QB,2018,6,199,TEN,washington st.,76.0,215.0,,26.5,103.0,,,,1404.0,2055.0,14486.0,119.0,39.0,251.0,-400.0,4.0,,,,1.0,,3.0,0,0,0,False,skill_pass,False,True,False,False
ToilLe00,levine-toilolo-1,00-0030443,Levine Toilolo,TE,2013,4,133,ATL,stanford,80.0,260.0,4.86,31.0,113.0,17.0,7.09,4.57,,,,,,,,,50.0,763.0,10.0,8.0,6.0,124.0,0,0,5,False,skill_pass,False,False,False,False
GranJa00,jakeem-grant-1,00-0032791,Jakeem Grant,WR,2016,6,186,MIA,texas tech,,,,,,,,,1.0,1.0,72.0,1.0,0.0,33.0,199.0,2.0,254.0,3286.0,27.0,14.0,12.0,81.0,1,0,0,False,skill_pass,False,True,True,False
BarkMa00,matt-barkley-1,00-0030533,Matt Barkley,QB,2013,4,98,PHI,southern california,74.0,227.0,4.91,,,,,,1001.0,1562.0,12327.0,116.0,48.0,132.0,-113.0,6.0,,,,5.0,1.0,20.0,0,0,1,False,skill_pass,False,True,False,False
BoykMi00,miles-boykin-1,00-0035703,Miles Boykin,WR,2019,3,93,BAL,notre dame,76.0,220.0,4.42,43.5,140.0,12.0,6.77,4.07,,,,,,,,,77.0,1206.0,11.0,6.0,6.0,73.0,0,0,2,False,skill_pass,False,False,False,False
WilsMa21,mark-wilson-1,00-0022718,Mark Wilson,TE,2004,5,151,WAS,california,79.0,314.0,5.36,28.5,108.0,24.0,7.53,4.49,,,,,,,,,1.0,1.0,1.0,0.0,0.0,2.0,0,0,0,False,skill_pass,False,False,False,False
ThomJo05,jordan-thomas-6,00-0034420,Jordan Thomas,TE,2018,6,211,HOU,mississippi st.,77.0,265.0,4.74,27.0,111.0,16.0,7.5,4.75,,,,,,,,,31.0,311.0,4.0,2.0,2.0,27.0,0,0,1,False,skill_pass,False,False,False,False
SmytDu00,durham-smythe-1,00-0034798,Durham Smythe,TE,2018,4,123,MIA,notre dame,77.0,253.0,4.81,31.0,110.0,18.0,7.17,4.23,,,,,,,,,28.0,381.0,6.0,10.0,10.0,129.0,0,0,5,False,skill_pass,False,False,False,False
DissWi00,will-dissly-1,00-0034159,Will Dissly,TE,2018,4,120,SEA,washington,76.0,262.0,4.87,28.0,111.0,15.0,7.07,4.4,,,,,,,,,24.0,328.0,3.0,16.0,10.0,96.0,0,0,5,False,skill_pass,False,False,False,False
WarrKa00,kahale-warring-1,00-0035660,Kahale Warring,TE,2019,3,86,HOU,san diego st.,77.0,252.0,4.67,36.5,122.0,19.0,7.21,4.25,,,,,,,,,51.0,637.0,8.0,0.0,0.0,9.0,0,0,0,False,skill_pass,False,False,False,False
WillD.00,dj-williams-1,00-0028079,D.J. Williams,TE,2011,5,141,GNB,arkansas,74.0,245.0,4.59,33.5,111.0,20.0,7.29,4.51,,,,,,,,,149.0,1831.0,10.0,4.0,3.0,35.0,0,0,0,False,skill_pass,False,False,False,False
ClauJi00,jimmy-clausen-1,00-0027659,Jimmy Clausen,QB,2010,2,48,CAR,notre dame,75.0,222.0,4.76,,,,,,695.0,1110.0,8148.0,60.0,27.0,175.0,-355.0,5.0,,,,3.0,0.0,21.0,0,0,1,False,skill_pass,False,True,False,False
SmitMa01,marcus-smith-4,00-0026246,Marcus Smith,WR,2008,4,106,BAL,new mexico,73.0,221.0,4.51,26.5,111.0,20.0,7.1,4.42,,,,,,,,,7.0,99.0,0.0,0.0,0.0,21.0,0,0,0,False,skill_pass,False,False,False,False
GragCh00,chris-gragg-1,00-0030049,Chris Gragg,TE,2013,7,222,BUF,arkansas,75.0,244.0,4.5,37.5,125.0,18.0,7.08,4.51,,,,,,,,,72.0,1003.0,7.0,1.0,1.0,32.0,0,0,0,False,skill_pass,False,False,False,False
CoalDa00,danny-coale-1,00-0029633,Danny Coale,WR,2012,5,152,DAL,virginia tech,72.0,201.0,4.42,35.0,115.0,12.0,6.69,4.15,,,,,,13.0,45.0,0.0,165.0,2658.0,8.0,,,,0,0,0,False,skill_pass,True,False,False,False
MoeaTo00,tony-moeaki-1,00-0027695,Tony Moeaki,TE,2010,3,93,KAN,iowa,75.0,245.0,4.69,34.0,113.0,18.0,7.1,4.42,,,,,,,,,76.0,953.0,11.0,10.0,9.0,49.0,0,0,2,False,skill_pass,False,False,False,False
SchuDa00,dalton-schultz-1,00-0034383,Dalton Schultz,TE,2018,4,137,DAL,stanford,77.0,244.0,4.75,32.0,120.0,15.0,7.0,4.4,,,,,,,,,55.0,555.0,5.0,30.0,18.0,124.0,0,0,4,False,skill_pass,False,False,False,False
ScotJa02,jaleel-scott-1,00-0034267,Jaleel Scott,WR,2018,4,132,BAL,new mexico st.,77.0,218.0,4.56,34.5,124.0,16.0,7.2,4.4,,,,,,,,,99.0,1362.0,14.0,0.0,0.0,4.0,0,0,0,False,skill_pass,False,False,False,False
RenfSe00,sean-renfree-1,00-0030569,Sean Renfree,QB,2013,7,249,ATL,duke,75.0,219.0,4.76,,,,,,898.0,1389.0,9465.0,51.0,40.0,153.0,-167.0,9.0,,,,0.0,0.0,2.0,0,0,0,False,skill_pass,False,True,False,False
McLaTe00,terry-mclaurin-1,00-0035659,Terry McLaurin,WR,2019,3,76,WAS,ohio st.,72.0,208.0,4.35,37.5,125.0,18.0,7.01,4.15,,,,,,,,,75.0,1251.0,19.0,51.0,51.0,107.0,2,0,6,False,skill_pass,False,False,False,False
SmitIr01,irv-smith-jr-1,00-0034970,Irv Smith Jr.,TE,2019,2,50,MIN,alabama,74.0,242.0,4.63,32.5,110.0,19.0,7.32,4.33,,,,,,,,,58.0,838.0,10.0,9.0,8.0,54.0,0,0,0,False,skill_pass,False,False,False,False
SalaGr00,greg-salas-1,00-0028050,Greg Salas,WR,2011,4,112,STL,hawaii,73.0,210.0,4.53,37.0,120.0,15.0,6.65,4.1,,,,,,,,,285.0,4345.0,26.0,4.0,1.0,29.0,0,0,0,False,skill_pass,False,False,False,False
CoatSa00,sammie-coates-1,00-0032166,Sammie Coates,WR,2015,3,87,PIT,auburn,73.0,212.0,4.43,41.0,131.0,23.0,6.98,4.06,,,,,,,,,82.0,1757.0,13.0,4.0,4.0,44.0,0,0,0,False,skill_pass,False,False,False,False
RobiAl00,aldrick-robinson-1,00-0028116,Aldrick Robinson,WR,2011,6,178,WAS,southern methodist,70.0,184.0,4.35,40.0,126.0,17.0,6.65,4.09,,,,,,,,,181.0,3314.0,30.0,12.0,5.0,82.0,0,0,0,False,skill_pass,False,False,False,False
WebbJo00,joe-webb-2,00-0027796,Joe Webb,WR,2010,6,199,MIN,ala-birmingham,,,,,,,,,468.0,792.0,5771.0,37.0,25.0,516.0,2774.0,24.0,32.0,471.0,4.0,4.0,4.0,104.0,0,0,0,False,skill_pass,False,True,True,False
SpriJe00,jeremy-sprinkle-1,00-0033528,Jeremy Sprinkle,TE,2017,5,154,WAS,arkansas,77.0,252.0,4.69,29.0,116.0,,,,,,,,,2.0,5.0,0.0,71.0,921.0,11.0,2.0,2.0,76.0,0,0,2,False,skill_pass,False,True,False,False
ToonNi00,nick-toon-1,00-0029667,Nick Toon,WR,2012,4,122,NOR,wisconsin,74.0,215.0,4.49,37.5,,18.0,,,,,,,,6.0,34.0,0.0,171.0,2447.0,18.0,3.0,3.0,17.0,0,0,0,False,skill_pass,False,True,False,False
ConlCh00,chris-conley-1,00-0032128,Chris Conley,WR,2015,3,76,KAN,georgia,74.0,213.0,4.35,45.0,139.0,18.0,7.06,4.3,,,,,,,,,117.0,1938.0,20.0,23.0,11.0,132.0,0,0,3,False,skill_pass,False,False,False,False
GrayGa00,garrett-grayson-1,00-0032148,Garrett Grayson,QB,2015,3,75,NOR,colorado st.,74.0,213.0,4.75,,,,,,688.0,1113.0,9190.0,64.0,27.0,212.0,279.0,4.0,3.0,31.0,1.0,,,,0,0,0,False,skill_pass,True,True,False,False
PaulDa01,david-paulson-1,00-0029218,David Paulson,TE,2012,7,240,PIT,oregon,75.0,246.0,4.79,32.0,110.0,21.0,7.18,4.4,,,,,,,,,67.0,1041.0,10.0,1.0,1.0,32.0,0,0,0,False,skill_pass,False,False,False,False
WalfCl00,clive-walford-1,00-0032256,Clive Walford,TE,2015,3,68,OAK,miami,76.0,251.0,4.79,35.0,120.0,20.0,7.32,4.57,,,,,,,,,121.0,1753.0,14.0,7.0,7.0,52.0,0,0,1,False,skill_pass,False,False,False,False
BrowDa03,daron-brown-1,00-0031960,Da'Ron Brown,WR,2015,7,233,KAN,northern illinois,72.0,205.0,4.54,37.0,120.0,17.0,7.04,4.11,,,,,,22.0,160.0,2.0,154.0,2290.0,19.0,,,,0,0,0,False,skill_pass,True,False,False,False
WeedBr00,brandon-weeden-1,00-0029677,Brandon Weeden,QB,2012,1,22,CLE,oklahoma st.,75.0,221.0,4.89,,,,,,766.0,1102.0,9260.0,75.0,27.0,39.0,-150.0,1.0,,,,13.0,10.0,35.0,0,0,1,False,skill_pass,False,True,False,False
DaviGe00,geremy-davis-1,00-0031953,Geremy Davis,WR,2015,6,186,NYG,connecticut,74.0,216.0,4.49,36.5,124.0,23.0,6.86,4.18,,,,,,,,,165.0,2287.0,7.0,0.0,0.0,36.0,0,0,0,False,skill_pass,False,False,False,False
GentZa00,zach-gentry-2,00-0035222,Zach Gentry,TE,2019,5,141,PIT,michigan,80.0,265.0,4.9,29.5,110.0,12.0,7.4,4.53,,,,,,,,,49.0,817.0,4.0,2.0,2.0,41.0,0,0,2,False,skill_pass,False,False,False,False
MoreFo00,foster-moreau-1,00-0034981,Foster Moreau,TE,2019,4,137,OAK,louisiana state,76.0,253.0,4.66,36.5,121.0,22.0,7.16,4.11,,,,,,,,,52.0,629.0,6.0,13.0,8.0,104.0,0,0,5,False,skill_pass,False,False,False,False
WallDa01,darren-waller-1,00-0031610,Darren Waller,WR,2015,6,204,BAL,georgia tech,78.0,238.0,4.46,37.0,125.0,12.0,7.07,4.25,,,,,,,,,51.0,971.0,9.0,33.0,1.0,95.0,1,0,4,False,skill_pass,False,False,False,False
MetcDK00,dk-metcalf-1,00-0035640,D.K. Metcalf,WR,2019,2,64,SEA,mississippi,75.0,228.0,4.33,40.5,134.0,27.0,7.38,4.5,,,,,,,,,67.0,1228.0,14.0,57.0,50.0,112.0,2,0,6,False,skill_pass,False,False,False,False
HansCh00,chad-hansen-1,00-0033840,Chad Hansen,WR,2017,4,141,NYJ,california,74.0,202.0,4.53,35.0,119.0,11.0,6.74,4.13,,,,,,,,,115.0,1526.0,12.0,3.0,1.0,20.0,0,0,0,False,skill_pass,False,False,False,False
StocLu00,luke-stocker-1,00-0028042,Luke Stocker,TE,2011,4,104,TAM,tennessee,77.0,258.0,4.68,33.0,115.0,27.0,7.03,4.4,,,,,,,,,85.0,956.0,8.0,5.0,3.0,142.0,0,0,7,False,skill_pass,False,False,False,False
JoneMa00,matt-jones-1,00-0023456,Matt Jones,WR,2005,1,21,JAX,arkansas,78.0,242.0,4.37,39.5,129.0,,,,,,,,,297.0,1431.0,11.0,19.0,100.0,1.0,22.0,22.0,54.0,0,0,1,False,skill_pass,False,True,False,False
SiemTr00,trevor-siemian-1,00-0032156,Trevor Siemian,QB,2015,7,250,DEN,northwestern,,,,,,,,,550.0,934.0,5931.0,27.0,24.0,142.0,-23.0,6.0,1.0,17.0,1.0,16.0,13.0,40.0,0,0,2,False,skill_pass,False,True,True,False
UzomC.00,cj-uzomah-1,00-0032134,C.J. Uzomah,TE,2015,5,157,CIN,auburn,,,,,,,,,2.0,4.0,3.0,1.0,1.0,1.0,1.0,0.0,29.0,435.0,7.0,14.0,13.0,113.0,0,0,4,False,skill_pass,False,True,True,False
JameJe00,jesse-james-1,00-0032135,Jesse James,TE,2015,5,160,PIT,penn st.,79.0,261.0,4.83,37.5,121.0,26.0,7.53,4.5,,,,,,,,,78.0,1005.0,11.0,12.0,10.0,104.0,0,0,4,False,skill_pass,False,False,False,False
BellKe02,kenny-bell-2,00-0032113,Kenny Bell,WR,2015,5,162,TAM,nebraska,73.0,197.0,4.42,41.5,129.0,7.0,6.66,4.15,,,,,,6.0,109.0,1.0,181.0,2689.0,21.0,,,,0,0,0,False,skill_pass,True,False,False,False
GrahGa00,garrett-graham-1,00-0027718,Garrett Graham,TE,2010,4,118,HOU,wisconsin,75.0,243.0,4.71,34.5,112.0,20.0,7.09,4.35,,,,,,,,,121.0,1492.0,16.0,7.0,7.0,60.0,0,0,2,False,skill_pass,False,False,False,False
RossJo00,john-ross-1,00-0033460,John Ross,WR,2017,1,9,CIN,washington,71.0,188.0,4.22,37.0,133.0,,,,,,,,,20.0,195.0,2.0,114.0,1729.0,22.0,7.0,5.0,38.0,0,0,1,False,skill_pass,False,True,False,False
EifeTy00,tyler-eifert-1,00-0030549,Tyler Eifert,TE,2013,1,21,CIN,notre dame,77.0,250.0,4.68,35.5,119.0,22.0,6.92,4.32,,,,,,,,,140.0,1840.0,11.0,19.0,17.0,74.0,1,0,2,False,skill_pass,False,False,False,False
HankLe00,leonard-hankerson-1,00-0028017,Leonard Hankerson,WR,2011,3,79,WAS,miami,73.0,209.0,4.4,36.0,117.0,14.0,6.94,4.21,,,,,,,,,134.0,2160.0,22.0,12.0,9.0,41.0,0,0,1,False,skill_pass,False,False,False,False
BoydTa00,tajh-boyd-1,,Tajh Boyd,QB,2014,6,213,NYJ,clemson,73.0,222.0,4.84,30.5,106.0,,7.33,4.23,901.0,1402.0,11904.0,107.0,39.0,505.0,1165.0,26.0,,,,,,,0,0,0,False,skill_pass,True,True,False,False
HoopAu00,austin-hooper-1,00-0032392,Austin Hooper,TE,2016,3,81,ATL,stanford,76.0,254.0,4.72,33.0,117.0,19.0,7.0,4.32,,,,,,,,,74.0,937.0,8.0,33.0,18.0,155.0,2,0,5,False,skill_pass,False,False,False,False
HendCa01,carlos-henderson-1,00-0033919,Carlos Henderson,WR,2017,3,82,DEN,louisiana tech,71.0,199.0,4.46,36.0,131.0,13.0,7.18,4.35,,,,,,32.0,257.0,3.0,147.0,2878.0,28.0,,,,0,0,0,False,skill_pass,True,False,False,False
MurrAa00,aaron-murray-1,00-0031287,Aaron Murray,QB,2014,5,163,KAN,georgia,72.0,207.0,4.84,,,,,,921.0,1478.0,13166.0,121.0,41.0,286.0,388.0,16.0,1.0,-3.0,0.0,,,,0,0,0,False,skill_pass,True,True,False,False
BradSa00,sam-bradford-1,00-0027854,Sam Bradford,QB,2010,1,1,STL,oklahoma,76.0,236.0,4.79,,,,,,605.0,894.0,8406.0,88.0,16.0,77.0,36.0,5.0,,,,44.0,25.0,83.0,0,0,5,False,skill_pass,False,True,False,False
MillSc01,scott-miller-3,00-0035298,Scott Miller,WR,2019,6,208,TAM,bowling green,,,,,,,,,1.0,1.0,24.0,0.0,0.0,6.0,38.0,0.0,214.0,2825.0,23.0,11.0,9.0,93.0,0,0,1,False,skill_pass,False,True,True,False
HarmKe00,kelvin-harmon-1,00-0035297,Kelvin Harmon,WR,2019,6,206,WAS,north carolina st.,74.0,221.0,4.6,32.5,117.0,18.0,7.15,4.32,,,,,,,,,170.0,2565.0,15.0,3.0,3.0,16.0,0,0,1,False,skill_pass,False,False,False,False
PittDe00,dennis-pitta-1,00-0027714,Dennis Pitta,TE,2010,4,114,BAL,byu,76.0,245.0,4.68,34.0,113.0,27.0,6.72,4.17,,,,,,,,,221.0,2901.0,21.0,16.0,16.0,66.0,0,0,1,False,skill_pass,False,False,False,False
SmitRu01,rusty-smith-1,00-0027775,Rusty Smith,QB,2010,6,176,TEN,florida atlantic,,,,,,,,,768.0,1361.0,10112.0,76.0,36.0,115.0,-335.0,5.0,1.0,7.0,0.0,1.0,1.0,3.0,0,0,0,False,skill_pass,False,True,True,False
NjokDa00,david-njoku-1,00-0033885,David Njoku,TE,2017,1,29,CLE,miami,76.0,246.0,4.64,37.5,133.0,21.0,6.97,4.34,,,,,,,,,64.0,1060.0,9.0,27.0,27.0,118.0,1,0,5,False,skill_pass,False,False,False,False
ThomMi05,michael-thomas-3,00-0032765,Michael Thomas,WR,2016,2,47,NOR,ohio st.,75.0,212.0,4.57,35.0,126.0,18.0,6.8,4.13,,,,,,,,,113.0,1602.0,18.0,60.0,60.0,83.0,3,2,4,False,skill_pass,False,False,False,False
WhalRy00,ryan-whalen-1,00-0028105,Ryan Whalen,WR,2011,6,167,CIN,stanford,73.0,202.0,4.53,38.5,123.0,18.0,6.67,4.09,,,,,,,,,140.0,1884.0,7.0,0.0,0.0,17.0,0,0,0,False,skill_pass,False,False,False,False
HannJa00,james-hanna-1,00-0029634,James Hanna,TE,2012,6,186,DAL,oklahoma,76.0,252.0,4.43,36.0,122.0,24.0,6.76,4.11,,,,,,,,,52.0,720.0,9.0,3.0,3.0,78.0,0,0,4,False,skill_pass,False,False,False,False
WhitKe00,kevin-white-6,00-0031545,Kevin White,WR,2015,1,7,CHI,west virginia,75.0,215.0,4.35,36.5,123.0,23.0,6.92,4.14,,,,,,,,,144.0,1954.0,15.0,3.0,2.0,30.0,0,0,0,False,skill_pass,False,False,False,False
BrowNo00,noah-brown-2,00-0033591,Noah Brown,WR,2017,7,239,DAL,ohio st.,74.0,222.0,,,,19.0,7.07,4.33,,,,,,1.0,-4.0,0.0,33.0,411.0,7.0,19.0,9.0,91.0,0,0,2,False,skill_pass,False,True,False,False
GallJe00,jeremy-gallon-1,,Jeremy Gallon,WR,2014,7,244,NWE,michigan,67.0,185.0,4.49,,,15.0,,,0.0,1.0,0.0,0.0,0.0,17.0,97.0,0.0,171.0,2690.0,17.0,,,,0,0,0,False,skill_pass,True,True,False,False
HowaO.00,oj-howard-1,00-0033879,O.J. Howard,TE,2017,1,19,TAM,alabama,78.0,251.0,4.51,30.0,121.0,22.0,6.85,4.16,,,,,,,,,114.0,1726.0,7.0,13.0,12.0,72.0,0,0,4,False,skill_pass,False,False,False,False
SlayDa01,darius-slayton-1,00-0035535,Darius Slayton,WR,2019,5,171,NYG,auburn,73.0,190.0,4.39,40.5,135.0,11.0,7.0,4.15,,,,,,,,,79.0,1605.0,11.0,32.0,32.0,106.0,0,0,5,False,skill_pass,False,False,False,False
NorwKe00,kevin-norwood-1,00-0031327,Kevin Norwood,WR,2014,4,123,SEA,alabama,74.0,198.0,4.48,33.0,121.0,8.0,6.68,4.32,,,,,,,,,81.0,1275.0,12.0,1.0,1.0,10.0,0,0,0,False,skill_pass,False,False,False,False
EngrEv00,evan-engram-1,00-0033881,Evan Engram,TE,2017,1,23,NYG,mississippi,75.0,234.0,4.42,36.0,125.0,19.0,6.92,4.23,,,,,,,,,162.0,2320.0,15.0,37.0,18.0,124.0,2,0,8,False,skill_pass,False,False,False,False
EberJe00,jeremy-ebert-1,00-0029552,Jeremy Ebert,WR,2012,7,235,NWE,northwestern,,,,,,,,,2.0,3.0,60.0,0.0,0.0,9.0,47.0,0.0,173.0,2400.0,21.0,0.0,,5.0,0,0,0,False,skill_pass,False,True,True,False
GrahJi00,jimmy-graham-1,00-0027696,Jimmy Graham,TE,2010,3,95,NOR,miami,78.0,260.0,4.53,38.5,120.0,,6.9,4.45,,,,,,,,,17.0,213.0,5.0,61.0,39.0,197.0,5,1,10,False,skill_pass,False,True,False,False
PaytJo00,jordan-payton-1,00-0032974,Jordan Payton,WR,2016,5,154,CLE,ucla,73.0,207.0,4.47,34.5,121.0,,7.08,4.33,,,,,,,,,201.0,2702.0,14.0,0.0,0.0,4.0,0,0,0,False,skill_pass,False,True,False,False
HemiTe00,,00-0033112,Temarrick Hemingway,TE,2016,6,177,LAR,south carolina st.,77.0,244.0,4.71,30.5,115.0,18.0,6.88,4.31,,,,,,,,,4.0,49.0,0.0,0.0,0.0,23.0,0,0,0,False,skill_pass,False,False,False,False
AdamJe01,jerell-adams-1,00-0032429,Jerell Adams,TE,2016,6,184,NYG,south carolina,77.0,247.0,4.64,32.5,117.0,,7.05,4.31,,,,,,,,,66.0,977.0,7.0,2.0,2.0,30.0,0,0,0,False,skill_pass,False,True,False,False
PilaKe00,kealoha-pilares-1,00-0028070,Kealoha Pilares,WR,2011,5,132,CAR,hawaii,70.0,199.0,4.42,,,19.0,,,,,,,,125.0,701.0,8.0,209.0,2491.0,22.0,1.0,1.0,20.0,0,0,0,False,skill_pass,False,True,False,False
ThomMi01,mike-thomas-9,00-0027076,Mike Thomas,WR,2009,4,107,JAX,arizona,68.0,195.0,4.3,40.5,126.0,,6.65,4.28,,,,,,,,,10.0,83.0,0.0,21.0,20.0,61.0,0,0,2,False,skill_pass,False,True,False,False
HeueJe00,jeff-heuerman-1,00-0032227,Jeff Heuerman,TE,2015,3,92,DEN,ohio st.,77.0,254.0,4.81,,,26.0,,,,,,,,1.0,6.0,0.0,52.0,792.0,7.0,5.0,5.0,51.0,0,0,3,False,skill_pass,False,True,False,False
PruiMy00,,00-0031585,MyCole Pruitt,TE,2015,5,143,MIN,southern illinois,74.0,251.0,4.58,38.0,118.0,17.0,7.25,4.37,,,,,,,,,23.0,299.0,1.0,7.0,1.0,121.0,0,0,1,False,skill_pass,False,False,False,False
BoylNi00,,00-0031598,Nick Boyle,TE,2015,5,171,BAL,delaware,76.0,268.0,5.04,30.5,112.0,20.0,7.13,4.23,,,,,,,,,4.0,47.0,0.0,9.0,9.0,90.0,0,0,4,False,skill_pass,False,False,False,False
SpenEv00,evan-spencer-1,00-0031954,Evan Spencer,WR,2015,6,187,WAS,ohio st.,,,,,,,,,1.0,1.0,13.0,1.0,0.0,1.0,9.0,0.0,52.0,579.0,7.0,0.0,,1.0,0,0,0,False,skill_pass,False,True,True,False
HodgBu00,bucky-hodges-1,00-0033966,Bucky Hodges,TE,2017,6,201,MIN,virginia tech,78.0,257.0,4.57,39.0,134.0,18.0,,4.45,,,,,,21.0,89.0,1.0,133.0,1747.0,20.0,,,,0,0,0,False,skill_pass,True,True,False,False
JackLa00,lamar-jackson-1,00-0034796,Lamar Jackson,QB,2018,1,32,BAL,louisville,74.0,216.0,,,,,,,619.0,1086.0,9043.0,69.0,27.0,655.0,4132.0,50.0,,,,110.0,110.0,116.0,4,3,6,False,skill_pass,False,True,False,False
ThomIa00,ian-thomas-3,00-0034365,Ian Thomas,TE,2018,4,101,CAR,indiana,76.0,259.0,4.74,36.0,123.0,,7.15,4.2,,,,,,,,,28.0,404.0,5.0,8.0,7.0,114.0,0,0,2,False,skill_pass,False,True,False,False
YounTi00,titus-young-1,00-0027982,Titus Young,WR,2011,2,44,DET,boise st.,71.0,174.0,4.43,,123.0,,,,,,,,,47.0,350.0,8.0,204.0,3063.0,25.0,8.0,8.0,26.0,0,0,2,False,skill_pass,False,True,False,False
MurrKy00,kyler-murray-1,00-0035228,Kyler Murray,QB,2019,1,1,ARI,oklahoma,70.0,207.0,,,,,,,349.0,518.0,5409.0,50.0,14.0,207.0,1478.0,13.0,,,,71.0,71.0,87.0,2,0,5,False,skill_pass,False,True,False,False
SampDr00,drew-sample-1,00-0035631,Drew Sample,TE,2019,2,52,CIN,washington,77.0,255.0,4.71,33.5,115.0,,7.15,4.31,,,,,,,,,45.0,480.0,5.0,7.0,7.0,95.0,0,0,3,False,skill_pass,False,True,False,False
LawlKe00,kenny-lawler-1,00-0032453,Kenny Lawler,WR,2016,7,243,SEA,california,74.0,203.0,4.64,31.0,111.0,,7.13,4.2,,,,,,1.0,5.0,0.0,143.0,1706.0,27.0,,,,0,0,0,False,skill_pass,True,True,False,False
ReynJo00,josh-reynolds-1,00-0033943,Josh Reynolds,WR,2017,4,117,LAR,texas a&m,75.0,194.0,4.52,37.0,124.0,,6.83,4.13,,,,,,,,,164.0,2788.0,30.0,26.0,9.0,121.0,0,0,3,False,skill_pass,False,True,False,False
RobeMi01,michael-roberts-3,00-0033559,Michael Roberts,TE,2017,4,127,DET,toledo,76.0,270.0,4.86,30.0,110.0,,7.05,4.51,,,,,,,,,70.0,832.0,22.0,1.0,1.0,23.0,0,0,0,False,skill_pass,False,True,False,False
LeggJo00,jordan-leggett-1,00-0033953,Jordan Leggett,TE,2017,5,150,NYJ,clemson,77.0,258.0,,33.0,114.0,18.0,7.12,4.33,,,,,,,,,112.0,1598.0,18.0,1.0,1.0,15.0,0,0,0,False,skill_pass,False,True,False,False
CunnJu00,justice-cunningham-1,00-0030129,Justice Cunningham,TE,2013,7,254,IND,south carolina,75.0,258.0,4.94,31.5,116.0,,7.12,4.45,,,,,,,,,50.0,581.0,1.0,0.0,0.0,3.0,0,0,0,False,skill_pass,False,True,False,False
HazeMa01,,00-0031315,Matt Hazel,WR,2014,6,190,MIA,coastal carolina,73.0,198.0,4.5,36.5,118.0,15.0,7.08,4.2,,,,,,,,,13.0,156.0,0.0,0.0,0.0,9.0,0,0,0,False,skill_pass,False,False,False,False
EvanMi00,mike-evans-4,00-0031408,Mike Evans,WR,2014,1,7,TAM,texas a&m,77.0,231.0,4.53,37.0,,12.0,7.08,4.26,,,,,,,,,151.0,2499.0,17.0,80.0,80.0,176.0,6,0,11,False,skill_pass,False,True,False,False
MettZa00,zach-mettenberger-1,00-0031266,Zach Mettenberger,QB,2014,6,178,TEN,louisiana state,77.0,224.0,,,,,,,407.0,659.0,5783.0,35.0,15.0,83.0,-313.0,0.0,,,,1.0,1.0,14.0,0,0,1,False,skill_pass,False,True,False,False
LatiCo00,cody-latimer-1,00-0031344,Cody Latimer,WR,2014,2,56,DEN,indiana,74.0,215.0,4.52,,,23.0,,,,,,,,2.0,3.0,0.0,135.0,2042.0,17.0,6.0,3.0,66.0,0,0,1,False,skill_pass,False,True,False,False
BlacJu00,justin-blackmon-1,00-0029707,Justin Blackmon,WR,2012,1,5,JAX,oklahoma st.,73.0,207.0,4.46,,,14.0,,,,,,,,9.0,84.0,1.0,252.0,3564.0,40.0,9.0,9.0,20.0,0,0,1,False,skill_pass,False,True,False,False
SmitTr01,trent-smith-1,00-0022110,Trent Smith,TE,2003,7,223,BAL,oklahoma,77.0,243.0,4.79,35.5,118.0,16.0,7.23,4.37,,,,,,1.0,4.0,0.0,,,,0.0,,5.0,0,0,0,False,skill_pass,False,False,False,True
EnunQu00,quincy-enunwa-1,00-0031023,Quincy Enunwa,WR,2014,6,209,NYJ,nebraska,74.0,225.0,4.41,,,19.0,,,,,,,,3.0,-1.0,0.0,115.0,1526.0,15.0,13.0,13.0,41.0,0,0,2,False,skill_pass,False,True,False,False
SampDe00,demarco-sampson-1,00-0028187,DeMarco Sampson,WR,2011,7,249,ARI,san diego st.,74.0,204.0,4.41,,,14.0,,,,,,,,8.0,9.0,0.0,146.0,2242.0,18.0,0.0,0.0,12.0,0,0,0,False,skill_pass,False,True,False,False
ThorCl00,clayton-thorson-1,00-0035283,Clayton Thorson,QB,2019,5,167,PHI,northwestern,76.0,222.0,,,,,,,990.0,1697.0,10729.0,61.0,45.0,362.0,408.0,27.0,2.0,24.0,0.0,,,,0,0,0,False,skill_pass,True,True,False,False
AghoNe00,nelson-agholor-1,00-0031549,Nelson Agholor,WR,2015,1,20,PHI,southern california,72.0,198.0,4.42,,,12.0,,,,,,,,7.0,18.0,0.0,179.0,2571.0,20.0,36.0,18.0,149.0,0,0,7,False,skill_pass,False,True,False,False
MitcDi00,dillon-mitchell-1,00-0035002,Dillon Mitchell,WR,2019,7,239,MIN,oregon,73.0,197.0,4.46,36.5,122.0,12.0,,4.29,,,,,,5.0,11.0,0.0,119.0,1710.0,14.0,,,,0,0,0,False,skill_pass,True,True,False,False
SwopRy00,ryan-swope-1,,Ryan Swope,WR,2013,6,174,ARI,texas a&m,72.0,205.0,4.34,37.0,125.0,16.0,6.76,4.25,,,,,,19.0,59.0,0.0,252.0,3117.0,24.0,,,,0,0,0,False,skill_pass,True,False,False,False
SmitKa00,kaden-smith-1,00-0034988,Kaden Smith,TE,2019,6,176,SFO,stanford,77.0,255.0,4.92,32.0,108.0,15.0,7.08,4.47,,,,,,,,,70.0,1049.0,7.0,3.0,,33.0,0,0,1,False,skill_pass,False,False,False,False
DobsAa00,aaron-dobson-1,00-0030540,Aaron Dobson,WR,2013,2,59,NWE,marshall,75.0,210.0,4.37,,,,,,,,,,,3.0,19.0,0.0,165.0,2398.0,24.0,6.0,6.0,24.0,0,0,1,False,skill_pass,False,True,False,False
LandJa00,jarvis-landry-1,00-0031382,Jarvis Landry,WR,2014,2,63,MIA,louisiana state,71.0,205.0,4.65,28.5,110.0,12.0,,,,,,,,,,,137.0,1809.0,15.0,56.0,28.0,132.0,5,0,8,False,skill_pass,False,True,False,False
KasaNi00,nick-kasa-1,00-0030512,Nick Kasa,TE,2013,6,172,OAK,colorado,78.0,269.0,4.71,31.5,113.0,22.0,,,,,,,,,,,26.0,399.0,3.0,0.0,0.0,16.0,0,0,0,False,skill_pass,False,True,False,False
KittGe00,george-kittle-1,00-0033288,George Kittle,TE,2017,5,146,SFO,iowa,76.0,247.0,4.52,35.0,132.0,18.0,,,,,,,,,,,48.0,737.0,10.0,60.0,60.0,124.0,7,2,7,False,skill_pass,False,True,False,False
BrowAJ00,aj-brown-3,00-0035676,A.J. Brown,WR,2019,2,51,TEN,mississippi,72.0,226.0,4.49,36.5,120.0,19.0,,,,,,,,,,,189.0,3019.0,19.0,73.0,25.0,105.0,3,0,6,False,skill_pass,False,True,False,False
StreTo00,tommy-streeter-1,00-0029300,Tommy Streeter,WR,2012,6,198,BAL,miami,77.0,219.0,4.37,33.0,125.0,17.0,7.08,,,,,,,,,,52.0,967.0,9.0,0.0,,2.0,0,0,0,False,skill_pass,False,True,False,False
FulgTr00,travis-fulgham-1,00-0035592,Travis Fulgham,WR,2019,6,184,DET,old dominion,74.0,215.0,4.58,36.5,126.0,15.0,,,,,,,,,,,128.0,2044.0,18.0,4.0,0.0,17.0,0,0,1,False,skill_pass,False,True,False,False
ParkDe01,devante-parker-1,00-0031547,DeVante Parker,WR,2015,1,14,MIA,louisville,75.0,209.0,4.45,36.5,125.0,17.0,,,,,,,,,,,156.0,2775.0,33.0,36.0,32.0,119.0,0,0,6,False,skill_pass,False,True,False,False
MaylVi00,vince-mayle-1,00-0032188,Vince Mayle,WR,2015,4,123,CLE,washington st.,74.0,224.0,4.67,35.5,117.0,,6.93,4.13,,,,,,,,,148.0,2022.0,16.0,0.0,,23.0,0,0,0,False,skill_pass,False,True,False,False
WimsJa00,javon-wims-1,00-0034426,Javon Wims,WR,2018,7,224,CHI,georgia,75.0,215.0,4.53,33.5,113.0,,7.0,,,,,,,,,,63.0,914.0,8.0,1.0,1.0,34.0,0,0,0,False,skill_pass,False,True,False,False
CarrLe00,leonte-carroo-1,00-0033060,Leonte Carroo,WR,2016,3,86,MIA,rutgers,72.0,211.0,4.5,35.5,120.0,14.0,,,,,,,,,,,122.0,2373.0,29.0,2.0,2.0,37.0,0,0,0,False,skill_pass,False,True,False,False
DorsKe00,ken-dorsey-1,00-0022039,Ken Dorsey,QB,2003,7,241,SFO,miami,77.0,208.0,4.7,,,,,,,,,,,1.0,4.0,0.0,81.0,1088.0,9.0,2.0,1.0,16.0,0,0,0,False,skill_pass,False,True,False,True
QuarAn00,andrew-quarless-1,00-0027753,Andrew Quarless,TE,2010,5,154,GNB,penn st.,76.0,254.0,4.68,32.0,112.0,23.0,,,,,,,,,,,87.0,1146.0,8.0,9.0,9.0,60.0,0,0,2,False,skill_pass,False,True,False,False
BryaDe01,dez-bryant-1,00-0027902,Dez Bryant,WR,2010,1,24,DAL,oklahoma st.,74.0,225.0,4.52,,,,,,,,,,,1.0,7.0,0.0,142.0,2356.0,29.0,61.0,61.0,119.0,3,1,7,False,skill_pass,False,True,False,False
KnoxDa00,dawson-knox-1,00-0035689,Dawson Knox,TE,2019,3,96,BUF,mississippi,76.0,254.0,,34.5,,16.0,7.12,4.27,,,,,,,,,38.0,599.0,0.0,25.0,25.0,102.0,1,0,6,False,skill_pass,False,True,False,False
HuntJu00,justin-hunter-1,00-0030521,Justin Hunter,WR,2013,2,34,TEN,tennessee,76.0,196.0,4.44,39.5,136.0,,,4.33,,,,,,,,,106.0,1812.0,18.0,9.0,7.0,60.0,0,0,1,False,skill_pass,False,True,False,False
HernAa00,aaron-hernandez-1,00-0027713,Aaron Hernandez,TE,2010,4,113,NWE,florida,74.0,245.0,4.64,,,,,,,,,,,1.0,16.0,0.0,111.0,1382.0,12.0,21.0,21.0,38.0,0,0,2,False,skill_pass,False,True,False,False
GettDa00,david-gettis-1,00-0027795,David Gettis,WR,2010,6,198,CAR,baylor,75.0,217.0,4.43,34.5,124.0,15.0,6.94,4.41,,,,,,,,,,,,3.0,3.0,17.0,0,0,1,False,skill_pass,False,False,False,True
PettBr00,brandon-pettigrew-1,00-0026996,Brandon Pettigrew,TE,2009,1,20,DET,oklahoma st.,77.0,263.0,4.8,33.0,118.0,22.0,7.12,4.37,,,,,,,,,,,,22.0,22.0,93.0,0,0,7,False,skill_pass,False,False,False,True
HeywDa00,darrius-heyward-bey-1,00-0026983,Darrius Heyward-Bey,WR,2009,1,7,OAK,maryland,74.0,210.0,4.3,38.5,126.0,16.0,6.8,4.18,,,,,,,,,,,,23.0,17.0,144.0,0,0,5,False,skill_pass,False,False,False,True
QuinRi00,richard-quinn-1,00-0027040,Richard Quinn,TE,2009,2,64,DEN,north carolina,76.0,264.0,4.88,32.5,119.0,24.0,7.5,4.62,,,,,,,,,,,,0.0,0.0,30.0,0,0,0,False,skill_pass,False,False,False,True
FineDe00,derek-fine-1,00-0026272,Derek Fine,TE,2008,4,132,BUF,kansas,75.0,251.0,4.83,29.0,115.0,24.0,6.8,4.19,,,,,,,,,,,,2.0,2.0,18.0,0,0,1,False,skill_pass,False,False,False,True
BurtKe00,keenan-burton-1,00-0026268,Keenan Burton,WR,2008,4,128,STL,kentucky,72.0,201.0,4.44,38.5,125.0,10.0,6.77,4.2,,,,,,,,,,,,3.0,3.0,22.0,0,0,1,False,skill_pass,False,False,False,True
TammJa00,jacob-tamme-1,00-0026267,Jacob Tamme,TE,2008,4,127,IND,kentucky,75.0,236.0,4.58,30.0,109.0,18.0,6.99,4.27,,,,,,,,,,,,21.0,7.0,130.0,0,0,2,False,skill_pass,False,False,False,True
MannMa01,mario-manningham-1,00-0026235,Mario Manningham,WR,2008,3,95,NYG,michigan,72.0,181.0,4.59,32.0,117.0,16.0,7.34,4.27,,,,,,,,,,,,22.0,18.0,67.0,0,0,4,False,skill_pass,False,False,False,True
FinlJe00,jermichael-finley-1,00-0026231,Jermichael Finley,TE,2008,3,91,GNB,texas,76.0,243.0,4.82,27.5,117.0,20.0,7.15,4.38,,,,,,,,,,,,27.0,27.0,70.0,0,0,3,False,skill_pass,False,False,False,True
StevCr00,craig-stevens-1,00-0026225,Craig Stevens,TE,2008,3,85,TEN,california,75.0,254.0,4.59,27.5,114.0,27.0,7.07,4.31,,,,,,,,,,,,5.0,5.0,109.0,0,0,5,False,skill_pass,False,False,False,True
BarnGa01,gary-barnidge-1,00-0026281,Gary Barnidge,TE,2008,5,141,CAR,louisville,78.0,243.0,4.61,31.0,117.0,22.0,6.92,4.23,,,,,,,,,,,,14.0,3.0,124.0,1,0,4,False,skill_pass,False,False,False,True
SantTo00,tom-santi-1,00-0026336,Tom Santi,TE,2008,6,196,IND,virginia,75.0,250.0,4.8,36.0,121.0,14.0,7.08,4.27,,,,,,,,,,,,2.0,2.0,9.0,0,0,0,False,skill_pass,False,False,False,True
DaviKe01,kellen-davis-1,00-0026298,Kellen Davis,TE,2008,5,158,CHI,michigan st.,78.0,262.0,4.59,28.0,118.0,22.0,7.25,4.38,,,,,,,,,,,,5.0,5.0,125.0,0,0,4,False,skill_pass,False,False,False,True
WallMi00,mike-wallace-1,00-0026901,Mike Wallace,WR,2009,3,84,PIT,mississippi,72.0,199.0,4.33,40.0,129.0,14.0,6.9,4.27,,,,,,,,,,,,57.0,32.0,144.0,1,0,8,False,skill_pass,False,False,False,True
GronDa00,dan-gronkowski-1,00-0027157,Dan Gronkowski,TE,2009,7,255,DET,maryland,77.0,255.0,4.79,33.0,122.0,26.0,6.92,4.26,,,,,,,,,,,,1.0,0.0,21.0,0,0,0,False,skill_pass,False,False,False,True
UndeTi00,tiquan-underwood-1,00-0027156,Tiquan Underwood,WR,2009,7,253,JAX,rutgers,73.0,184.0,4.31,41.5,129.0,7.0,6.62,4.11,,,,,,,,,,,,9.0,1.0,45.0,0,0,1,False,skill_pass,False,False,False,True
MorrCa00,cameron-morrah-1,00-0026963,Cameron Morrah,TE,2009,7,248,SEA,california,75.0,244.0,4.61,32.5,115.0,24.0,6.99,4.36,,,,,,,,,,,,2.0,2.0,27.0,0,0,0,False,skill_pass,False,False,False,True
MitcMa00,marko-mitchell-1,00-0026959,Marko Mitchell,WR,2009,7,243,WAS,nevada,76.0,218.0,4.43,32.0,116.0,9.0,7.04,4.33,,,,,,,,,,,,0.0,0.0,10.0,0,0,0,False,skill_pass,False,False,False,True
StroSa00,sammie-stroughter-1,00-0026953,Sammie Stroughter,WR,2009,7,233,TAM,oregon st.,69.0,189.0,4.45,30.0,110.0,13.0,7.03,4.28,,,,,,,,,,,,5.0,5.0,33.0,0,0,0,False,skill_pass,False,False,False,True
NelsSh00,shawn-nelson-1,00-0027088,Shawn Nelson,TE,2009,4,121,BUF,southern miss,77.0,240.0,4.52,33.0,115.0,19.0,6.96,4.46,,,,,,,,,,,,1.0,1.0,17.0,0,0,1,False,skill_pass,False,False,False,True
DillJa00,jarett-dillard-1,00-0027105,Jarett Dillard,WR,2009,5,144,JAX,rice,70.0,191.0,4.5,42.5,129.0,13.0,7.1,4.41,,,,,,,,,,,,4.0,4.0,21.0,0,0,0,False,skill_pass,False,False,False,True
CollAu00,austin-collie-1,00-0027092,Austin Collie,WR,2009,4,127,IND,byu,73.0,200.0,4.53,34.0,120.0,17.0,6.78,4.24,,,,,,,,,,,,18.0,17.0,49.0,0,0,0,False,skill_pass,False,False,False,True
HillAn00,anthony-hill-1,00-0026908,Anthony Hill,TE,2009,4,122,HOU,north carolina st.,77.0,262.0,4.84,30.5,107.0,21.0,7.31,4.56,,,,,,,,,,,,0.0,0.0,12.0,0,0,0,False,skill_pass,False,False,False,True
ButlDe00,deon-butler-1,00-0027063,Deon Butler,WR,2009,3,91,SEA,penn st.,70.0,182.0,4.31,34.5,118.0,12.0,7.01,4.48,,,,,,,,,,,,4.0,4.0,35.0,0,0,1,False,skill_pass,False,False,False,True
CaseJa00,james-casey-1,00-0027109,James Casey,TE,2009,5,152,HOU,rice,75.0,246.0,4.69,36.0,111.0,28.0,7.0,4.48,,,,,,,,,,,,7.0,7.0,95.0,0,0,1,False,skill_pass,False,False,False,True
PhilJo00,john-phillips-1,00-0027139,John Phillips,TE,2009,6,208,DAL,virginia,77.0,251.0,4.78,33.5,112.0,20.0,6.84,4.27,,,,,,,,,,,,2.0,2.0,120.0,0,0,1,False,skill_pass,False,False,False,True
ButlHa00,hakeem-butler-1,00-0035529,Hakeem Butler,WR,2019,4,103,ARI,iowa st.,77.0,227.0,4.48,36.0,128.0,18.0,,,,,,,,,,,110.0,2149.0,18.0,0.0,,2.0,0,0,0,False,skill_pass,False,True,False,False
LuciDe00,devin-lucien-1,00-0032447,Devin Lucien,WR,2016,7,225,NWE,arizona st.,,,,,,,,,0.0,1.0,0.0,0.0,0.0,2.0,37.0,0.0,124.0,1826.0,12.0,,,,0,0,0,False,skill_pass,True,True,True,False
FullWi01,william-fuller-2,00-0033127,Will Fuller,WR,2016,1,21,HOU,notre dame,72.0,186.0,4.32,33.5,126.0,10.0,6.93,4.27,,,,,,,,,,,,24.0,24.0,55.0,0,0,5,False,skill_pass,False,False,False,True
StroJa01,jaelen-strong-1,00-0031560,Jaelen Strong,WR,2015,3,70,HOU,arizona st.,74.0,217.0,4.44,42.0,123.0,,,,,,,,,,,,157.0,2287.0,17.0,2.0,2.0,20.0,0,0,0,False,skill_pass,False,True,False,False
ChriGe00,gerald-christian-1,00-0032190,Gerald Christian,TE,2015,7,256,ARI,louisville,75.0,244.0,4.87,,,28.0,7.62,4.7,,,,,,,,,64.0,882.0,10.0,0.0,,3.0,0,0,0,False,skill_pass,False,True,False,False
KellCh00,chad-kelly-1,00-0033597,Chad Kelly,QB,2017,7,253,DEN,mississippi,,,,,,,,,513.0,803.0,6858.0,50.0,21.0,204.0,949.0,16.0,,,,0.0,0.0,1.0,0,0,0,False,skill_pass,False,True,True,False
SchrMa00,mason-schreck-1,00-0033798,Mason Schreck,TE,2017,7,251,CIN,buffalo,,,,,,,,,1.0,2.0,23.0,0.0,0.0,,,,107.0,1113.0,6.0,0.0,0.0,26.0,0,0,0,False,skill_pass,False,True,True,False
BrowMa04,marquise-brown-1,00-0035662,Marquise Brown,WR,2019,1,25,BAL,oklahoma,69.0,166.0,,,,,,,,,,,,3.0,0.0,0.0,132.0,2413.0,17.0,39.0,24.0,90.0,0,0,4,False,skill_pass,False,True,False,False
TateAu00,auden-tate-1,00-0034686,Auden Tate,WR,2018,7,253,CIN,florida st.,77.0,228.0,4.68,31.0,112.0,,,,,,,,,,,,65.0,957.0,16.0,5.0,5.0,35.0,0,0,1,False,skill_pass,False,True,False,False
ProeAu00,austin-proehl-1,00-0034442,Austin Proehl,WR,2018,7,255,BUF,north carolina,,,,,,,,,1.0,2.0,8.0,0.0,0.0,2.0,4.0,0.0,91.0,1265.0,5.0,,,,0,0,0,False,skill_pass,True,True,True,False
WillMi07,mike-williams-17,00-0033536,Mike Williams,WR,2017,1,7,LAC,clemson,76.0,218.0,,32.5,121.0,15.0,,,,,,,,,,,177.0,2727.0,21.0,38.0,37.0,106.0,0,0,4,False,skill_pass,False,True,False,False
ButtJa00,jake-butt-1,00-0033564,Jake Butt,TE,2017,5,145,DEN,michigan,77.0,246.0,,,,,,,,,,,,0.0,2.0,0.0,138.0,1646.0,11.0,1.0,1.0,8.0,0,0,0,False,skill_pass,False,True,False,False
GrahT.00,tj-graham-1,00-0029660,T.J. Graham,WR,2012,3,69,BUF,north carolina st.,71.0,188.0,4.34,33.5,120.0,8.0,6.77,4.18,,,,,,,,,,,,7.0,6.0,47.0,0,0,1,False,skill_pass,False,False,False,True
DunsDr00,drake-dunsmore-1,00-0029147,Drake Dunsmore,TE,2012,7,233,TAM,northwestern,74.0,241.0,4.63,35.5,117.0,21.0,6.73,4.03,,,,,,,,,143.0,1567.0,14.0,,,,0,0,0,False,skill_pass,True,False,False,False
JoneMa02,marvin-jones-1,00-0029293,Marvin Jones,WR,2012,5,166,CIN,california,74.0,199.0,4.46,33.0,112.0,22.0,6.81,4.11,,,,,,,,,,,,53.0,15.0,151.0,0,0,8,False,skill_pass,False,False,False,True
McKnSc00,scotty-mcknight-1,00-0028165,Scotty McKnight,WR,2011,7,227,NYJ,colorado,,,,,,,,,2.0,6.0,47.0,0.0,0.0,2.0,4.0,1.0,219.0,2588.0,22.0,,,,0,0,0,False,skill_pass,True,True,True,False
PerrBr02,breshad-perriman-1,00-0032054,Breshad Perriman,WR,2015,1,26,BAL,central florida,74.0,212.0,,,,,,,,,,,,1.0,0.0,0.0,115.0,2243.0,16.0,15.0,4.0,80.0,0,0,1,False,skill_pass,False,True,False,False
MackAl00,alize-mack-1,00-0035309,Alizé Mack,TE,2019,7,231,NOR,notre dame,76.0,249.0,4.7,36.0,120.0,22.0,7.27,4.34,,,,,,,,,68.0,716.0,4.0,,,,0,0,0,False,skill_pass,True,False,False,False
DyseZa00,zac-dysert-1,00-0030394,Zac Dysert,QB,2013,7,234,DEN,miami (oh),75.0,231.0,4.81,,,,,,1066.0,1672.0,12013.0,73.0,51.0,461.0,665.0,12.0,,,,,,,0,0,0,False,skill_pass,True,True,False,False
BrewSe20,sean-brewer-1,00-0020398,Sean Brewer,TE,2001,3,66,CIN,san jose st.,76.0,255.0,4.73,36.0,117.0,14.0,7.37,4.18,,,,,,,,,,,,0.0,0.0,12.0,0,0,0,False,skill_pass,False,False,False,True
GainMi00,michael-gaines-1,00-0022706,Michael Gaines,TE,2004,7,232,CAR,central florida,74.0,275.0,5.06,33.0,109.0,18.0,7.44,4.18,,,,,,,,,,,,7.0,3.0,83.0,0,0,2,False,skill_pass,False,False,False,True
AndeCo00,courtney-anderson-1,00-0022704,Courtney Anderson,TE,2004,7,245,OAK,san jose st.,78.0,269.0,4.89,30.0,106.0,17.0,7.86,4.45,,,,,,,,,,,,6.0,6.0,43.0,0,0,2,False,skill_pass,False,False,False,True
JoneTe00,terry-jones-jr-1,00-0021268,Terry Jones,TE,2002,5,155,BAL,alabama,75.0,265.0,4.79,33.5,111.0,20.0,7.43,4.43,,,,,,,,,,,,5.0,4.0,53.0,0,0,3,False,skill_pass,False,False,False,True
DugaJe00,jeff-dugan-1,00-0022746,Jeff Dugan,TE,2004,7,220,MIN,maryland,76.0,263.0,5.0,28.0,109.0,21.0,7.4,4.32,,,,,,,,,,,,2.0,2.0,79.0,0,0,0,False,skill_pass,False,False,False,True
RoyaRo00,robert-royal-1,00-0021273,Robert Royal,TE,2002,5,160,WAS,louisiana state,77.0,253.0,4.97,31.0,114.0,14.0,7.37,4.27,,,,,,,,,,,,9.0,2.0,110.0,0,0,6,False,skill_pass,False,False,False,True
SypnQu00,quinn-sypniewski-1,00-0024380,Quinn Sypniewski,TE,2006,5,166,BAL,colorado,78.0,268.0,4.77,32.5,114.0,20.0,7.09,4.52,,,,,,,,,,,,2.0,2.0,31.0,0,0,1,False,skill_pass,False,False,False,True
LuzaCh00,chris-luzar-1,00-0021090,Chris Luzar,TE,2002,4,118,JAX,virginia,79.0,270.0,4.76,32.5,115.0,22.0,6.84,4.17,,,,,,,,,,,,0.0,0.0,23.0,0,0,0,False,skill_pass,False,False,False,True
MeieSh00,shad-meier-1,00-0020476,Shad Meier,TE,2001,3,90,TEN,kansas st.,77.0,256.0,4.85,34.0,113.0,20.0,7.14,4.15,,,,,,,,,,,,3.0,3.0,53.0,0,0,0,False,skill_pass,False,False,False,True
McMiRa01,randy-mcmichael-1,00-0021236,Randy McMichael,TE,2002,4,114,MIA,georgia,75.0,247.0,4.88,29.5,112.0,18.0,7.58,4.28,,,,,,,,,,,,33.0,25.0,164.0,0,0,10,False,skill_pass,False,False,False,True
WalkMi01,mike-walker-1,00-0025466,Mike Sims-Walker,WR,2007,3,79,JAX,central florida,74.0,209.0,4.35,36.5,121.0,18.0,6.92,4.39,,,,,,,,,,,,16.0,16.0,44.0,0,0,2,False,skill_pass,False,False,False,True
JoneJa04,james-jones-3,00-0025465,James Jones,WR,2007,3,78,GNB,san jose st.,73.0,207.0,4.54,34.0,119.0,22.0,7.06,4.2,,,,,,,,,,,,46.0,43.0,136.0,0,0,4,False,skill_pass,False,False,False,True
EuhuTi00,tim-euhus-1,00-0022215,Tim Euhus,TE,2004,4,109,BUF,oregon st.,77.0,260.0,4.93,34.5,115.0,25.0,6.99,4.13,,,,,,,,,,,,1.0,1.0,34.0,0,0,0,False,skill_pass,False,False,False,True
FulcMo20,mondriel-fulcher-1,00-0019558,Mondriel Fulcher,TE,2000,7,227,OAK,miami,75.0,253.0,4.85,27.0,116.0,18.0,7.46,4.52,,,,,,,,,,,,0.0,0.0,25.0,0,0,0,False,skill_pass,False,False,False,True
OlseGr00,greg-olsen-1,00-0025418,Greg Olsen,TE,2007,1,31,CHI,miami,78.0,254.0,4.51,35.5,114.0,23.0,7.04,4.48,,,,,,,,,,,,60.0,11.0,199.0,3,0,11,False,skill_pass,False,False,False,True
CrumAl00,alge-crumpler-1,00-0020285,Alge Crumpler,TE,2001,2,35,ATL,north carolina,74.0,266.0,4.76,34.0,112.0,22.0,7.38,4.43,,,,,,,,,,,,41.0,38.0,155.0,4,0,10,False,skill_pass,False,False,False,True
PeelJu00,justin-peelle-1,00-0021227,Justin Peelle,TE,2002,4,103,SDG,oregon,76.0,255.0,4.75,29.0,110.0,21.0,7.34,4.29,,,,,,,,,,,,8.0,2.0,151.0,0,0,4,False,skill_pass,False,False,False,True
LewiMa00,marcedes-lewis-1,00-0024243,Marcedes Lewis,TE,2006,1,28,JAX,ucla,78.0,261.0,4.8,37.0,118.0,23.0,7.24,4.82,,,,,,,,,,,,35.0,33.0,290.0,1,0,15,False,skill_pass,False,False,False,True
DaviVe00,vernon-davis-1,00-0024221,Vernon Davis,TE,2006,1,6,SFO,maryland,75.0,254.0,4.38,42.0,128.0,33.0,7.0,4.17,,,,,,,,,,,,51.0,42.0,198.0,2,0,11,False,skill_pass,False,False,False,True
FasaAn00,anthony-fasano-1,00-0024268,Anthony Fasano,TE,2006,2,53,DAL,notre dame,76.0,259.0,4.72,33.5,112.0,19.0,6.94,4.34,,,,,,,,,,,,22.0,2.0,180.0,0,0,8,False,skill_pass,False,False,False,True
KlopJo00,joe-klopfenstein-1,00-0024261,Joe Klopfenstein,TE,2006,2,46,STL,colorado,78.0,255.0,4.63,36.0,112.0,27.0,7.39,4.21,,,,,,,,,,,,3.0,3.0,49.0,0,0,3,False,skill_pass,False,False,False,True
DreeJo00,joel-dreessen-1,00-0023630,Joel Dreessen,TE,2005,6,198,NYJ,colorado st.,76.0,260.0,4.72,36.0,113.0,22.0,7.09,4.01,,,,,,,,,,,,16.0,0.0,120.0,0,0,4,False,skill_pass,False,False,False,True
OLeaDa20,dan-oleary-1,00-0020326,Dan O'Leary,TE,2001,6,195,BUF,notre dame,76.0,252.0,5.02,32.0,113.0,16.0,7.4,4.31,,,,,,,,,,,,0.0,0.0,17.0,0,0,0,False,skill_pass,False,False,False,True
BajeBi00,billy-bajema-1,00-0023679,Billy Bajema,TE,2005,7,249,SFO,oklahoma st.,77.0,261.0,4.74,31.5,113.0,16.0,7.05,4.25,,,,,,,,,,,,2.0,0.0,120.0,0,0,4,False,skill_pass,False,False,False,True
ScaiBo00,bo-scaife-1,00-0023612,Bo Scaife,TE,2005,6,179,TEN,texas,75.0,249.0,4.75,32.5,114.0,24.0,7.21,4.12,,,,,,,,,,,,20.0,20.0,90.0,0,0,4,False,skill_pass,False,False,False,True
KingJe00,jeff-king-1,00-0024369,Jeff King,TE,2006,5,155,CAR,virginia tech,77.0,245.0,4.83,32.5,109.0,21.0,6.99,4.09,,,,,,,,,,,,10.0,8.0,108.0,0,0,6,False,skill_pass,False,False,False,True
PociJa00,jason-pociask-1,00-0024364,Jason Pociask,TE,2006,5,150,NYJ,wisconsin,75.0,266.0,4.84,32.5,115.0,23.0,7.31,4.3,,,,,,,,,,,,0.0,0.0,4.0,0,0,0,False,skill_pass,False,False,False,True
ScheTo00,tony-scheffler-1,00-0024276,Tony Scheffler,TE,2006,2,61,DEN,western michigan,77.0,254.0,4.54,33.5,115.0,17.0,6.81,4.01,,,,,,,,,,,,24.0,16.0,107.0,0,0,2,False,skill_pass,False,False,False,True
PopeLe00,leonard-pope-1,00-0024287,Leonard Pope,TE,2006,3,72,ARI,georgia,80.0,258.0,4.62,37.5,118.0,22.0,7.47,4.67,,,,,,,,,,,,6.0,4.0,103.0,0,0,4,False,skill_pass,False,False,False,True
JackTa00,tarvaris-jackson-1,00-0024279,Tarvaris Jackson,QB,2006,2,64,MIN,alabama st.,74.0,226.0,4.69,31.5,107.0,22.0,7.4,4.38,,,,,,,,,,,,22.0,13.0,59.0,0,0,2,False,skill_pass,False,False,False,True
JollDo00,doug-jolley-1,00-0021183,Doug Jolley,TE,2002,2,55,OAK,byu,76.0,251.0,4.6,38.0,117.0,18.0,6.9,4.18,,,,,,,,,,,,11.0,9.0,74.0,0,0,2,False,skill_pass,False,False,False,True
WilsTr00,travis-wilson-2,00-0024293,Travis Wilson,WR,2006,3,78,CLE,oklahoma,75.0,256.0,4.89,33.0,109.0,25.0,7.56,4.36,,,,,,,,,,,,0.0,0.0,4.0,0,0,0,False,skill_pass,False,False,False,True
DaniOw00,owen-daniels-1,00-0024313,Owen Daniels,TE,2006,4,98,HOU,wisconsin,75.0,253.0,4.65,34.5,114.0,23.0,6.87,4.1,,,,,,,,,,,,41.0,35.0,131.0,2,0,9,False,skill_pass,False,False,False,True
ThomDa02,david-thomas-1,00-0024301,David Thomas,TE,2006,3,86,NWE,texas,75.0,252.0,4.67,37.5,113.0,19.0,7.05,4.34,,,,,,,,,,,,9.0,3.0,80.0,0,0,3,False,skill_pass,False,False,False,True
WilsKr00,kris-wilson-1,00-0022714,Kris Wilson,TE,2004,2,61,KAN,pittsburgh,74.0,248.0,4.62,35.0,119.0,24.0,6.88,4.1,,,,,,,,,,,,3.0,2.0,97.0,0,0,2,False,skill_pass,False,False,False,True
HardJa00,james-hardy-1,00-0026181,James Hardy,WR,2008,2,41,BUF,indiana,77.0,217.0,4.45,31.5,125.0,18.0,6.84,4.2,,,,,,,,,,,,1.0,1.0,16.0,0,0,0,False,skill_pass,False,False,False,True
RoyaEd00,eddie-royal-1,00-0026182,Eddie Royal,WR,2008,2,42,DEN,virginia tech,70.0,184.0,4.39,36.0,124.0,24.0,7.07,4.34,,,,,,,,,,,,35.0,19.0,116.0,0,0,6,False,skill_pass,False,False,False,True
HartBe00,ben-hartsock-1,00-0022847,Ben Hartsock,TE,2004,3,68,IND,ohio st.,76.0,263.0,4.8,35.0,117.0,23.0,7.1,3.98,,,,,,,,,,,,2.0,0.0,131.0,0,0,2,False,skill_pass,False,False,False,True
CarlJo00,john-carlson-1,00-0026178,John Carlson,TE,2008,2,38,SEA,notre dame,77.0,251.0,4.88,30.5,113.0,20.0,7.12,4.28,,,,,,,,,,,,16.0,12.0,90.0,0,0,4,False,skill_pass,False,False,False,True
KellDu00,dustin-keller-1,00-0026170,Dustin Keller,TE,2008,1,30,NYJ,purdue,74.0,242.0,4.53,38.0,131.0,26.0,6.88,4.14,,,,,,,,,,,,22.0,22.0,72.0,0,0,3,False,skill_pass,False,False,False,True
SchoDe00,derek-schouman-1,00-0025609,Derek Schouman,TE,2007,7,222,BUF,boise st.,74.0,247.0,4.74,37.5,122.0,27.0,7.0,4.27,,,,,,,,,,,,2.0,2.0,25.0,0,0,1,False,skill_pass,False,False,False,True
SmitL.00,lj-smith-1,00-0022126,L.J. Smith,TE,2003,2,61,PHI,rutgers,75.0,258.0,4.62,37.0,122.0,26.0,6.74,4.25,,,,,,,,,,,,21.0,21.0,98.0,0,0,4,False,skill_pass,False,False,False,True
WatsBe00,benjamin-watson-1,00-0022943,Ben Watson,TE,2004,1,32,NWE,georgia,75.0,258.0,4.5,35.5,123.0,34.0,7.38,4.11,,,,,,,,,,,,40.0,19.0,205.0,0,0,11,False,skill_pass,False,False,False,True
BennMa00,martellus-bennett-1,00-0026201,Martellus Bennett,TE,2008,2,61,DAL,texas a&m,78.0,259.0,4.68,34.0,118.0,18.0,7.64,4.53,,,,,,,,,,,,35.0,4.0,144.0,1,0,8,False,skill_pass,False,False,False,True
ChanSc00,scott-chandler-1,00-0025516,Scott Chandler,TE,2007,4,129,SDG,iowa,79.0,270.0,4.78,30.0,111.0,16.0,7.26,4.32,,,,,,,,,,,,18.0,0.0,90.0,0,0,2,False,skill_pass,False,False,False,True
MilnMa00,martrez-milner-1,00-0025520,Martrez Milner,TE,2007,4,133,ATL,georgia,76.0,252.0,4.79,34.0,117.0,19.0,7.35,4.49,,,,,,,,,,,,0.0,0.0,8.0,0,0,0,False,skill_pass,False,False,False,True
HollJo01,johnathan-holland-1,00-0025641,Jonathan Holland,WR,2007,7,254,OAK,louisiana tech,72.0,191.0,4.45,35.5,120.0,15.0,7.12,4.4,,,,,,,,,,,,1.0,1.0,17.0,0,0,0,False,skill_pass,False,False,False,True
LeexDo00,donald-lee-1,00-0021929,Donald Lee,TE,2003,5,156,MIA,mississippi st.,75.0,249.0,4.82,39.0,120.0,26.0,7.42,4.42,,,,,,,,,,,,17.0,2.0,133.0,0,0,5,False,skill_pass,False,False,False,True
BennEa00,earl-bennett-1,00-0026210,Earl Bennett,WR,2008,3,70,CHI,vanderbilt,71.0,209.0,4.48,26.0,110.0,15.0,7.15,4.22,,,,,,,,,,,,19.0,19.0,78.0,0,0,1,False,skill_pass,False,False,False,True
WalkAa00,aaron-walker-2,00-0022060,Aaron Walker,TE,2003,5,161,SFO,florida,78.0,252.0,4.72,33.5,115.0,24.0,7.57,4.3,,,,,,,,,,,,3.0,2.0,55.0,0,0,0,False,skill_pass,False,False,False,True
RosaDa00,dante-rosario-1,00-0025542,Dante Rosario,TE,2007,5,155,CAR,oregon,75.0,244.0,4.78,36.0,115.0,20.0,6.96,4.47,,,,,,,,,,,,9.0,7.0,122.0,0,0,1,False,skill_pass,False,False,False,True
FryeCh00,charlie-frye-1,00-0023502,Charlie Frye,QB,2005,3,67,CLE,akron,76.0,225.0,4.79,33.0,113.0,,6.94,4.08,,,,,,,,,,,,8.0,7.0,26.0,0,0,1,False,skill_pass,False,True,False,True
McCoJo01,josh-mccown-1,00-0021206,Josh McCown,QB,2002,3,81,ARI,sam houston st.,76.0,221.0,4.59,38.5,120.0,,6.85,3.9,,,,,,,,,,,,40.0,13.0,102.0,0,0,5,False,skill_pass,False,True,False,True
WallSe00,seneca-wallace-1,00-0022055,Seneca Wallace,QB,2003,4,110,SEA,iowa st.,71.0,196.0,4.56,38.0,127.0,,6.98,4.14,,,,,,,,,,,,14.0,11.0,64.0,0,0,1,False,skill_pass,False,True,False,True
CharOr00,orson-charles-1,00-0029414,Orson Charles,TE,2012,4,116,CIN,georgia,74.0,251.0,4.73,,,35.0,,,,,,,,,,,94.0,1370.0,10.0,2.0,1.0,49.0,0,0,0,False,skill_pass,False,True,False,False
JaniJe00,,00-0031001,Jeff Janis,WR,2014,7,236,GNB,saginaw valley st.,75.0,219.0,4.42,37.5,123.0,20.0,6.64,3.98,,,,,,,,,,,,2.0,2.0,51.0,0,0,0,False,skill_pass,False,False,False,True
HowrKe00,keenan-howry-1,00-0022032,Keenan Howry,WR,2003,7,221,MIN,oregon,70.0,178.0,4.56,31.5,114.0,,7.34,4.28,,,,,,,,,,,,0.0,0.0,23.0,0,0,0,False,skill_pass,False,True,False,True
BakeCh00,chris-baker-2,00-0021213,Chris Baker,TE,2002,3,88,NYJ,michigan st.,75.0,258.0,4.81,35.0,112.0,18.0,6.95,,,,,,,,,,,,,13.0,12.0,131.0,0,0,5,False,skill_pass,False,True,False,True
BranDe00,deion-branch-1,00-0021192,Deion Branch,WR,2002,2,65,NWE,louisville,69.0,191.0,4.47,36.0,117.0,,6.71,3.78,,,,,,,,,,,,52.0,39.0,140.0,0,0,7,False,skill_pass,False,True,False,True
YounWa00,walter-young-1,00-0021886,Walter Young,WR,2003,7,226,CAR,illinois,77.0,214.0,4.54,39.0,121.0,,6.9,4.25,,,,,,,,,,,,0.0,0.0,9.0,0,0,0,False,skill_pass,False,True,False,True
JoneBr02,brandon-jones-3,00-0023531,Brandon Jones,WR,2005,3,96,TEN,oklahoma,73.0,210.0,4.42,37.0,114.0,,7.03,4.08,,,,,,,,,,,,11.0,11.0,59.0,0,0,2,False,skill_pass,False,True,False,True
GardTa00,talman-gardner-1,00-0022111,Talman Gardner,WR,2003,7,231,NOR,florida st.,73.0,205.0,4.44,34.5,116.0,,7.54,4.43,,,,,,,,,,,,0.0,0.0,21.0,0,0,0,False,skill_pass,False,True,False,True
RobyCo00,courtney-roby-1,00-0023503,Courtney Roby,WR,2005,3,68,TEN,indiana,72.0,189.0,4.41,36.5,126.0,,6.6,3.94,,,,,,,,,,,,4.0,3.0,92.0,0,0,0,False,skill_pass,False,True,False,True
McCoLu00,luke-mccown-1,00-0022864,Luke McCown,QB,2004,4,106,CLE,louisiana tech,76.0,208.0,4.71,37.5,125.0,,6.74,4.21,,,,,,,,,,,,8.0,2.0,62.0,0,0,0,False,skill_pass,False,True,False,True
GilbGa01,garrett-gilbert-1,00-0031395,Garrett Gilbert,QB,2014,6,214,STL,southern methodist,,,,,,,,,908.0,1548.0,9761.0,49.0,45.0,295.0,1013.0,20.0,,,,2.0,,8.0,0,0,0,False,skill_pass,False,True,True,False
RamsPa00,patrick-ramsey-1,00-0021379,Patrick Ramsey,QB,2002,1,32,WAS,tulane,74.0,219.0,5.24,33.5,112.0,,7.12,4.09,,,,,,,,,,,,14.0,13.0,37.0,0,0,1,False,skill_pass,False,True,False,True
QuicBr00,,00-0029640,Brian Quick,WR,2012,2,33,STL,appalachian st.,75.0,220.0,4.5,34.0,119.0,15.0,7.1,4.23,,,,,,,,,,,,11.0,10.0,84.0,0,0,0,False,skill_pass,False,False,False,True
FleeCo00,coby-fleener-1,00-0029697,Coby Fleener,TE,2012,2,34,IND,stanford,78.0,247.0,4.51,,,27.0,,,,,,,,,,,96.0,1543.0,18.0,25.0,18.0,87.0,0,0,4,False,skill_pass,False,True,False,False
MarsRa00,rasheed-marshall-1,00-0023607,Rasheed Marshall,WR,2005,5,174,SFO,west virginia,72.0,185.0,4.51,38.0,121.0,,6.81,3.95,,,,,,,,,,,,0.0,0.0,12.0,0,0,0,False,skill_pass,False,True,False,True
BurtSt00,,00-0028174,Stephen Burton,WR,2011,7,236,MIN,long beach cc,73.0,221.0,4.5,34.5,117.0,19.0,7.04,4.31,,,,,,,,,,,,0.0,0.0,19.0,0,0,0,False,skill_pass,False,False,False,True
WalkJa00,javon-walker-1,00-0021153,Javon Walker,WR,2002,1,20,GNB,florida st.,75.0,210.0,4.38,39.5,128.0,,6.86,4.05,,,,,,,,,,,,40.0,25.0,83.0,1,0,3,False,skill_pass,False,True,False,True
OwenCh00,chad-owens-1,00-0023618,Chad Owens,WR,2005,6,185,JAX,hawaii,67.0,183.0,4.62,37.0,116.0,,6.7,3.94,,,,,,,,,,,,0.0,0.0,6.0,0,0,0,False,skill_pass,False,True,False,True
GabrDo00,doug-gabriel-1,00-0022102,Doug Gabriel,WR,2003,5,167,OAK,central florida,74.0,213.0,4.52,35.5,116.0,,7.05,4.16,,,,,,,,,,,,14.0,10.0,57.0,0,0,1,False,skill_pass,False,True,False,True
DunbLa20,latarence-dunbar-1,00-0021930,LaTarence Dunbar,WR,2003,6,196,ATL,texas christian,71.0,196.0,4.52,34.0,122.0,,7.41,4.35,,,,,,,,,,,,0.0,0.0,5.0,0,0,0,False,skill_pass,False,True,False,True
BattAr00,arnaz-battle-1,00-0022064,Arnaz Battle,WR,2003,6,197,SFO,notre dame,73.0,217.0,4.58,35.0,117.0,,6.74,4.06,,,,,,,,,,,,18.0,18.0,113.0,0,0,2,False,skill_pass,False,True,False,True
DaviAn01,andre-davis-1,00-0021175,Andre' Davis,WR,2002,2,47,CLE,virginia tech,73.0,194.0,4.42,39.5,123.0,,6.77,4.1,,,,,,,,,,,,25.0,12.0,104.0,0,0,1,False,skill_pass,False,True,False,True
CaldRe00,reche-caldwell-1,00-0021176,Reche Caldwell,WR,2002,2,48,SDG,florida,72.0,194.0,4.53,41.5,130.0,,7.0,4.1,,,,,,,,,,,,20.0,11.0,71.0,0,0,1,False,skill_pass,False,True,False,True
CartTi00,tim-carter-1,00-0021174,Tim Carter,WR,2002,2,46,NYG,auburn,72.0,190.0,4.32,39.0,126.0,,6.68,3.93,,,,,,,,,,,,10.0,9.0,71.0,0,0,0,False,skill_pass,False,True,False,True
OrloDa00,dan-orlovsky-1,00-0023578,Dan Orlovsky,QB,2005,5,145,DET,connecticut,77.0,225.0,4.93,29.5,107.0,,7.33,4.39,,,,,,,,,,,,7.0,5.0,26.0,0,0,1,False,skill_pass,False,True,False,True
WadeBo00,bobby-wade-1,00-0022144,Bobby Wade,WR,2003,5,139,CHI,arizona,70.0,193.0,4.66,34.5,115.0,,7.01,4.11,,,,,,,,,,,,22.0,5.0,102.0,0,0,3,False,skill_pass,False,True,False,True
CurrAi00,airese-currie-1,00-0023574,Airese Currie,WR,2005,5,140,CHI,clemson,70.0,186.0,4.49,38.0,125.0,,7.05,4.07,,,,,,,,,,,,0.0,0.0,1.0,0,0,0,False,skill_pass,False,True,False,True
KrofTy00,tyler-kroft-1,00-0032214,Tyler Kroft,TE,2015,3,85,CIN,rutgers,77.0,246.0,4.75,,,17.0,,,,,,,,,,,70.0,901.0,5.0,9.0,6.0,100.0,0,0,2,False,skill_pass,False,True,False,False
LukeTr00,triandos-luke-1,00-0022674,Triandos Luke,WR,2004,6,171,DEN,alabama,71.0,199.0,4.51,38.0,124.0,,7.06,4.17,,,,,,,,,,,,0.0,0.0,10.0,0,0,0,False,skill_pass,False,True,False,True
KrauRy00,,00-0022759,Ryan Krause,TE,2004,6,169,SDG,nebraska-omaha,74.0,244.0,4.6,33.5,119.0,18.0,6.78,4.16,,,,,,,,,,,,1.0,1.0,14.0,0,0,0,False,skill_pass,False,False,False,True
TelfRa00,randall-telfer-1,00-0031533,Randall Telfer,TE,2015,6,198,CLE,southern california,76.0,250.0,4.83,,,20.0,,,,,,,,,,,65.0,648.0,12.0,0.0,0.0,30.0,0,0,2,False,skill_pass,False,True,False,False
MaysLe00,lee-mays-1,00-0021309,Lee Mays,WR,2002,6,202,PIT,texas-el paso,73.0,190.0,4.55,32.5,119.0,,7.08,4.17,,,,,,,,,,,,2.0,2.0,49.0,0,0,0,False,skill_pass,False,True,False,True
BerrBe00,bernard-berrian-1,00-0022807,Bernard Berrian,WR,2004,3,78,CHI,fresno st.,73.0,183.0,4.58,38.0,128.0,,7.34,4.18,,,,,,,,,,,,32.0,14.0,109.0,0,0,5,False,skill_pass,False,True,False,True
HuntJa00,javin-hunter-1,00-0021313,Javin Hunter,WR,2002,6,206,BAL,notre dame,71.0,186.0,4.47,41.0,129.0,,6.84,4.04,,,,,,,,,,,,0.0,0.0,12.0,0,0,0,False,skill_pass,False,True,False,True
NavaJo00,john-navarre-1,00-0022827,John Navarre,QB,2004,7,202,ARI,michigan,78.0,246.0,5.19,26.5,100.0,,7.73,4.46,,,,,,,,,,,,0.0,0.0,2.0,0,0,0,False,skill_pass,False,True,False,True
PickCo00,cody-pickett-1,00-0022731,Cody Pickett,QB,2004,7,217,SFO,washington,75.0,233.0,4.79,30.5,109.0,,7.19,4.3,,,,,,,,,,,,1.0,1.0,6.0,0,0,0,False,skill_pass,False,True,False,True
HannRy00,,00-0021282,Ryan Hannam,TE,2002,5,169,SEA,northern iowa,74.0,251.0,4.69,30.5,113.0,18.0,7.07,4.21,,,,,,,,,,,,2.0,2.0,54.0,0,0,0,False,skill_pass,False,False,False,True
BoldAn00,anquan-boldin-1,00-0022084,Anquan Boldin,WR,2003,2,54,ARI,florida st.,73.0,216.0,4.72,33.5,114.0,,7.35,4.33,,,,,,,,,,,,86.0,49.0,202.0,3,0,14,False,skill_pass,False,True,False,True
DaniB.00,bj-daniels-1,00-0030120,B.J. Daniels,QB,2013,7,237,SFO,south florida,,,,,,,,,648.0,1131.0,8436.0,52.0,39.0,526.0,2060.0,25.0,,,,0.0,,8.0,0,0,0,False,skill_pass,False,True,True,False
HeinKe00,,00-0021287,Keith Heinrich,TE,2002,6,174,CAR,sam houston st.,77.0,255.0,4.77,35.0,120.0,21.0,6.87,4.1,,,,,,,,,,,,1.0,0.0,22.0,0,0,0,False,skill_pass,False,False,False,True
HackD.00,dj-hackett-1,00-0022701,D.J. Hackett,WR,2004,5,157,SEA,colorado,74.0,199.0,4.53,41.0,131.0,,6.79,4.08,,,,,,,,,,,,14.0,12.0,42.0,0,0,0,False,skill_pass,False,True,False,True
BollKy00,kyle-boller-1,00-0022164,Kyle Boller,QB,2003,1,19,BAL,california,75.0,234.0,4.61,35.5,117.0,,7.2,4.02,,,,,,,,,,,,16.0,17.0,67.0,0,0,4,False,skill_pass,False,True,False,True
FranCa20,carlos-francis-1,00-0022861,Carlos Francis,WR,2004,4,99,OAK,texas tech,69.0,198.0,4.33,38.5,114.0,,6.97,4.06,,,,,,,,,,,,0.0,0.0,5.0,0,0,0,False,skill_pass,False,True,False,True
GreeRa00,rashad-greene-1,00-0032170,Rashad Greene,WR,2015,5,139,JAX,florida st.,71.0,182.0,4.53,36.5,122.0,,6.88,4.12,,,,,,,,,,,,2.0,2.0,25.0,0,0,0,False,skill_pass,False,True,False,True
CotcJe00,jerricho-cotchery-1,00-0022811,Jerricho Cotchery,WR,2004,4,108,NYJ,north carolina st.,72.0,212.0,4.54,36.0,121.0,,6.93,3.91,,,,,,,,,,,,51.0,37.0,175.0,0,0,6,False,skill_pass,False,True,False,True
GiveDa00,david-givens-1,00-0021353,David Givens,WR,2002,7,253,NWE,notre dame,72.0,217.0,4.56,40.5,126.0,,6.82,4.13,,,,,,,,,,,,22.0,21.0,58.0,0,0,2,False,skill_pass,False,True,False,True
KrenCr00,craig-krenzel-1,00-0022818,Craig Krenzel,QB,2004,5,148,CHI,ohio st.,75.0,228.0,4.84,28.0,112.0,,7.22,4.08,,,,,,,,,,,,1.0,1.0,6.0,0,0,0,False,skill_pass,False,True,False,True
MoraJo00,johnnie-morant-1,00-0022873,Johnnie Morant,WR,2004,5,134,OAK,syracuse,76.0,229.0,4.51,41.0,130.0,,7.34,4.22,,,,,,,,,,,,0.0,0.0,15.0,0,0,0,False,skill_pass,False,True,False,True
SchaMa00,matt-schaub-1,00-0022787,Matt Schaub,QB,2004,3,90,ATL,virginia,78.0,243.0,5.04,30.5,110.0,,7.65,4.62,,,,,,,,,,,,68.0,4.0,155.0,2,0,7,False,skill_pass,False,True,False,True
CurrRo01,ronald-curry-1,00-0021337,Ronald Curry,WR,2002,7,235,OAK,north carolina,74.0,220.0,4.59,35.0,115.0,,7.06,4.11,,,,,,,,,,,,16.0,16.0,76.0,0,0,2,False,skill_pass,False,True,False,True
GarrDa00,david-garrard-1,00-0021231,David Garrard,QB,2002,4,108,JAX,east carolina,74.0,235.0,4.82,33.5,111.0,,7.35,4.26,,,,,,,,,,,,62.0,62.0,86.0,1,0,5,False,skill_pass,False,True,False,True
SefeAu00,austin-seferian-jenkins-1,00-0031418,Austin Seferian-Jenkins,TE,2014,2,38,TAM,washington,77.0,262.0,4.75,,,20.0,,,,,,,,,,,146.0,1840.0,21.0,9.0,5.0,43.0,0,0,2,False,skill_pass,False,True,False,False
RagoDa00,dave-ragone-1,00-0022091,Dave Ragone,QB,2003,3,88,HOU,louisville,76.0,249.0,4.99,30.5,101.0,,7.42,4.36,,,,,,,,,,,,1.0,1.0,2.0,0,0,0,False,skill_pass,False,True,False,True
BrowRe01,reggie-brown-2,00-0023470,Reggie Brown,WR,2005,2,35,PHI,georgia,74.0,196.0,4.45,41.5,128.0,,6.99,3.94,,,,,,,,,,,,20.0,20.0,72.0,0,0,3,False,skill_pass,False,True,False,True
HenrHu00,hunter-henry-1,00-0033090,Hunter Henry,TE,2016,2,35,SDG,arkansas,77.0,250.0,4.79,,,13.0,,,,,,,,,,,116.0,1661.0,9.0,37.0,15.0,136.0,0,0,7,False,skill_pass,False,True,False,False
WoodRa00,rashaun-woods-1,00-0022892,Rashaun Woods,WR,2004,1,31,SFO,oklahoma st.,74.0,202.0,4.47,39.0,125.0,,6.93,3.97,,,,,,,,,,,,1.0,1.0,14.0,0,0,0,False,skill_pass,False,True,False,True
ClayMa01,mark-clayton-1,00-0023457,Mark Clayton,WR,2005,1,22,BAL,oklahoma,70.0,193.0,4.41,36.5,118.0,,6.95,4.07,,,,,,,,,,,,28.0,26.0,83.0,0,0,5,False,skill_pass,False,True,False,True
BradMa00,mark-bradley-1,00-0023474,Mark Bradley,WR,2005,2,39,CHI,oklahoma,73.0,201.0,4.37,39.5,128.0,,6.96,3.98,,,,,,,,,,,,10.0,5.0,57.0,0,0,0,False,skill_pass,False,True,False,True
WrigGe00,george-wrighster-1,00-0021980,George Wrighster,TE,2003,4,104,JAX,oregon,74.0,249.0,4.89,34.5,115.0,16.0,7.24,,,,,,,,,,,,,8.0,8.0,67.0,0,0,1,False,skill_pass,False,True,False,True
SimmCh00,chris-simms-1,00-0022005,Chris Simms,QB,2003,3,97,TAM,texas,76.0,220.0,4.84,31.0,103.0,,7.38,4.21,,,,,,,,,,,,8.0,8.0,23.0,0,0,1,False,skill_pass,False,True,False,True
ClayMi00,michael-clayton-1,00-0022725,Michael Clayton,WR,2004,1,15,TAM,louisiana state,75.0,209.0,4.67,32.5,116.0,,6.77,4.09,,,,,,,,,,,,22.0,22.0,95.0,0,0,5,False,skill_pass,False,True,False,True
ShiaVi00,,00-0022054,Visanthe Shiancoe,TE,2003,3,91,NYG,morgan st.,76.0,251.0,4.65,39.5,120.0,28.0,7.09,4.31,,,,,,,,,,,,23.0,1.0,149.0,0,0,5,False,skill_pass,False,False,False,True
HaygHe20,herb-haygood-1,00-0021093,Herb Haygood,WR,2002,5,144,DEN,michigan st.,71.0,193.0,4.45,33.0,114.0,,6.65,4.26,,,,,,,,,,,,0.0,0.0,4.0,0,0,0,False,skill_pass,False,True,False,True
McAdJa00,jason-mcaddley-1,00-0021094,Jason McAddley,WR,2002,5,149,ARI,alabama,73.0,203.0,4.47,36.5,123.0,,6.83,4.09,,,,,,,,,,,,4.0,3.0,34.0,0,0,1,False,skill_pass,False,True,False,True
SweeTo00,tommy-sweeney-1,00-0035308,Tommy Sweeney,TE,2019,7,228,BUF,boston col.,76.0,251.0,4.83,,,17.0,,,,,,,,,,,99.0,1281.0,10.0,1.0,1.0,24.0,0,0,0,False,skill_pass,False,True,False,False
KittKu00,kurt-kittner-1,00-0021271,Kurt Kittner,QB,2002,5,158,ATL,illinois,74.0,221.0,4.86,27.0,100.0,,7.34,4.5,,,,,,,,,,,,1.0,1.0,7.0,0,0,0,False,skill_pass,False,True,False,True
CaliTy00,tyrone-calico-1,00-0022087,Tyrone Calico,WR,2003,2,60,TEN,middle tenn. st.,76.0,223.0,4.34,38.0,127.0,,6.73,4.26,,,,,,,,,,,,5.0,5.0,27.0,0,0,0,False,skill_pass,False,True,False,True
CurtKe00,kevin-curtis-2,00-0022001,Kevin Curtis,WR,2003,3,74,STL,utah st.,71.0,186.0,4.42,36.0,122.0,,6.76,3.99,,,,,,,,,,,,25.0,13.0,81.0,0,0,3,False,skill_pass,False,True,False,True
JohnRo03,ron-johnson-1,00-0021242,Ron Johnson,WR,2002,4,123,BAL,minnesota,74.0,225.0,4.7,34.5,118.0,,7.12,4.02,,,,,,,,,,,,1.0,1.0,22.0,0,0,0,False,skill_pass,False,True,False,True
SmitAl03,alex-smith-3,00-0023436,Alex Smith,QB,2005,1,1,SFO,utah,76.0,217.0,4.71,32.0,113.0,,6.82,3.96,,,,,,,,,,,,98.0,28.0,174.0,3,0,14,False,skill_pass,False,True,False,True
VanPBr00,bradlee-van-pelt-1,00-0022774,Bradlee Van Pelt,QB,2004,7,250,DEN,colorado st.,74.0,231.0,4.98,33.5,115.0,,6.89,4.11,,,,,,,,,,,,0.0,0.0,3.0,0,0,0,False,skill_pass,False,True,False,True
BurlNa00,nate-burleson-1,00-0021999,Nate Burleson,WR,2003,3,71,MIN,nevada,72.0,197.0,4.51,42.5,126.0,,6.96,4.16,,,,,,,,,,,,45.0,17.0,135.0,0,0,9,False,skill_pass,False,True,False,True
FasaRa00,randy-fasani-1,00-0021254,Randy Fasani,QB,2002,5,137,CAR,stanford,75.0,224.0,4.77,31.5,106.0,,6.75,3.87,,,,,,,,,,,,1.0,1.0,4.0,0,0,0,False,skill_pass,False,True,False,True
BradTo00,tom-brady-1,00-0019596,Tom Brady,QB,2000,6,199,NWE,michigan,76.0,211.0,5.28,24.5,99.0,,7.2,4.38,,,,,,,,,,,,184.0,168.0,335.0,15,3,21,False,skill_pass,False,True,False,True
DaviNa00,,00-0027118,Nate Davis,QB,2009,5,171,SFO,ball st.,73.0,226.0,4.95,26.5,99.0,,,,,,,,,12.0,80.0,0.0,62.0,653.0,3.0,,,,0,0,0,False,skill_pass,True,True,False,True
HusaTo20,todd-husak-1,00-0019622,Todd Husak,QB,2000,6,202,WAS,stanford,75.0,216.0,5.2,27.5,99.0,,7.17,4.41,,,,,,,,,,,,0.0,0.0,1.0,0,0,0,False,skill_pass,False,True,False,True
RobiRy00,ryne-robinson-1,00-0025505,Ryne Robinson,WR,2007,4,118,CAR,miami (oh),69.0,179.0,4.47,35.0,123.0,,6.71,4.21,,,,,,,,,,,,0.0,0.0,16.0,0,0,0,False,skill_pass,False,True,False,True
HiggJo00,johnnie-lee-higgins-jr-1,00-0025486,Johnnie Lee Higgins,WR,2007,3,99,OAK,texas-el paso,71.0,186.0,4.48,36.5,122.0,,6.62,4.32,,,,,,,,,,,,9.0,9.0,60.0,0,0,0,False,skill_pass,False,True,False,True
PainCu00,curtis-painter-1,00-0027134,Curtis Painter,QB,2009,6,201,IND,purdue,75.0,225.0,4.87,29.0,102.0,,7.0,4.48,,,,,,,,,,,,2.0,2.0,14.0,0,0,1,False,skill_pass,False,True,False,True
KaayBr00,brad-kaaya-1,00-0033585,Brad Kaaya,QB,2017,6,215,DET,miami,76.0,214.0,,,,,,,721.0,1189.0,9972.0,69.0,24.0,94.0,-386.0,4.0,,,,,,,0,0,0,False,skill_pass,True,True,False,False
RattTi00,tim-rattay-1,00-0019623,Tim Rattay,QB,2000,7,212,SFO,louisiana tech,72.0,215.0,4.91,25.5,100.0,,7.34,4.21,,,,,,,,,,,,12.0,10.0,40.0,0,0,1,False,skill_pass,False,True,False,True
WaltTr00,troy-walters-1,00-0019552,Troy Walters,WR,2000,5,165,MIN,stanford,66.0,171.0,4.55,32.5,106.0,,6.61,3.84,,,,,,,,,,,,12.0,0.0,98.0,0,0,0,False,skill_pass,False,True,False,True
McGeSt00,stephen-mcgee-1,00-0027071,Stephen McGee,QB,2009,4,101,DAL,texas a&m,75.0,225.0,4.61,33.0,112.0,,7.34,4.49,,,,,,,,,,,,2.0,2.0,3.0,0,0,0,False,skill_pass,False,True,False,True
WheaAu20,austin-wheatley-1,00-0019589,Austin Wheatley,TE,2000,5,158,NOR,iowa,76.0,254.0,4.66,32.5,121.0,,6.97,4.18,,,,,,,,,,,,0.0,0.0,4.0,0,0,0,False,skill_pass,False,True,False,True
StacDa00,dave-stachelski-1,00-0019598,Dave Stachelski,TE,2000,5,141,NWE,boise st.,75.0,250.0,4.78,38.0,115.0,24.0,6.84,4.14,,,,,,,,,,,,0.0,,9.0,0,0,0,False,skill_pass,False,False,False,True
HartBr00,brian-hartline-1,00-0027077,Brian Hartline,WR,2009,4,108,MIA,ohio st.,74.0,195.0,4.49,34.5,120.0,,6.65,4.12,,,,,,,,,,,,32.0,30.0,104.0,0,0,5,False,skill_pass,False,True,False,True
WynnSp00,spergon-wynn-1,00-0019553,Spergon Wynn,QB,2000,6,183,CLE,texas st.,75.0,229.0,4.91,34.0,108.0,,7.71,4.59,,,,,,,,,,,,2.0,0.0,10.0,0,0,0,False,skill_pass,False,True,False,True
McKiKe00,kenny-mckinley-1,00-0027102,Kenny McKinley,WR,2009,5,141,DEN,south carolina,72.0,189.0,4.37,37.0,113.0,,6.96,4.1,,,,,,,,,,,,0.0,0.0,8.0,0,0,0,False,skill_pass,False,True,False,True
DaviCh02,chris-davis-2,00-0025515,Chris Davis,WR,2007,4,128,TEN,florida st.,70.0,181.0,4.5,35.5,115.0,,6.66,4.14,,,,,,,,,,,,0.0,0.0,17.0,0,0,0,False,skill_pass,False,True,False,True
BreaSt00,steve-breaston-1,00-0025529,Steve Breaston,WR,2007,5,142,ARI,michigan,72.0,193.0,4.46,33.0,124.0,,6.9,4.29,,,,,,,,,,,,26.0,22.0,86.0,0,0,3,False,skill_pass,False,True,False,True
FergRo00,robert-ferguson-1,00-0020428,Robert Ferguson,WR,2001,2,41,GNB,texas a&m,73.0,205.0,4.48,36.5,120.0,,7.24,4.07,,,,,,,,,,,,18.0,15.0,83.0,0,0,3,False,skill_pass,False,True,False,True
BoweDw00,dwayne-bowe-1,00-0025410,Dwayne Bowe,WR,2007,1,23,KAN,louisiana state,74.0,221.0,4.51,33.0,125.0,,6.81,4.35,,,,,,,,,,,,50.0,50.0,125.0,1,0,8,False,skill_pass,False,True,False,True
GronRo00,rob-gronkowski-1,00-0027656,Rob Gronkowski,TE,2010,2,42,NWE,arizona,78.0,264.0,4.68,,,23.0,,,,,,,,,,,75.0,1197.0,16.0,78.0,70.0,143.0,5,4,11,False,skill_pass,False,True,False,False
MeacRo00,robert-meachem-1,00-0025414,Robert Meachem,WR,2007,1,27,NOR,tennessee,74.0,214.0,4.39,37.5,121.0,,6.97,4.31,,,,,,,,,,,,26.0,25.0,103.0,0,0,1,False,skill_pass,False,True,False,True
JohnCh01,chad-johnson-1,00-0020397,Chad Johnson,WR,2001,2,36,CIN,oregon st.,73.0,192.0,4.57,33.0,108.0,,7.51,4.14,,,,,,,,,,,,85.0,84.0,166.0,6,2,9,False,skill_pass,False,True,False,True
GonzAn00,anthony-gonzalez-1,00-0025419,Anthony Gonzalez,WR,2007,1,32,IND,ohio st.,72.0,193.0,4.44,38.0,123.0,,6.54,4.08,,,,,,,,,,,,16.0,16.0,40.0,0,0,1,False,skill_pass,False,True,False,True
CartQu00,quincy-carter-1,00-0020404,Quincy Carter,QB,2001,2,53,DAL,georgia,74.0,225.0,4.58,35.5,113.0,,7.12,4.12,,,,,,,,,,,,16.0,15.0,38.0,0,0,2,False,skill_pass,False,True,False,True
RobeAn00,,00-0027691,Andre Roberts,WR,2010,3,88,ARI,the citadel,71.0,195.0,4.4,36.0,120.0,15.0,6.77,4.15,,,,,,,,,,,,24.0,14.0,182.0,3,1,2,False,skill_pass,False,False,False,True
ObomBe00,ben-obomanu-1,00-0024463,Ben Obomanu,WR,2006,7,249,SEA,auburn,73.0,205.0,4.45,38.0,116.0,,7.17,4.21,,,,,,,,,,,,10.0,10.0,69.0,0,0,0,False,skill_pass,False,True,False,True
AndeDa01,david-anderson-1,00-0024465,David Anderson,WR,2006,7,251,HOU,colorado st.,70.0,192.0,4.57,34.0,116.0,,6.88,4.2,,,,,,,,,,,,7.0,7.0,67.0,0,0,0,False,skill_pass,False,True,False,True
ColsMa00,,00-0024466,Marques Colston,WR,2006,7,252,NOR,hofstra,77.0,224.0,4.5,37.0,123.0,16.0,6.94,4.43,,,,,,,,,,,,72.0,72.0,146.0,0,0,7,False,skill_pass,False,False,False,True
TuiaMa00,marques-tuiasosopo-1,00-0020405,Marques Tuiasosopo,QB,2001,2,59,OAK,washington,73.0,223.0,4.71,35.5,115.0,,7.36,4.35,,,,,,,,,,,,1.0,1.0,13.0,0,0,0,False,skill_pass,False,True,False,True
BreeDr00,drew-brees-1,00-0020531,Drew Brees,QB,2001,2,32,SDG,purdue,72.0,213.0,4.83,32.0,105.0,,7.09,4.21,,,,,,,,,,,,167.0,27.0,287.0,13,1,19,True,skill_pass,False,True,False,True
MitcFr00,freddie-mitchell-1,00-0020497,Freddie Mitchell,WR,2001,1,25,PHI,ucla,71.0,185.0,4.46,39.5,120.0,,6.95,4.06,,,,,,,,,,,,13.0,13.0,63.0,0,0,1,False,skill_pass,False,True,False,True
RobiLa01,,00-0025462,Laurent Robinson,WR,2007,3,75,ATL,illinois st.,74.0,199.0,4.38,39.0,127.0,19.0,6.83,4.28,,,,,,,,,,,,16.0,4.0,59.0,0,0,1,False,skill_pass,False,False,False,True
HillJa00,jason-hill-1,00-0025463,Jason Hill,WR,2007,3,76,SFO,washington st.,72.0,204.0,4.32,37.0,123.0,,7.02,4.22,,,,,,,,,,,,9.0,4.0,54.0,0,0,1,False,skill_pass,False,True,False,True
KolbKe00,kevin-kolb-1,00-0025423,Kevin Kolb,QB,2007,2,36,PHI,houston,75.0,218.0,4.85,32.5,112.0,,6.94,4.44,,,,,,,,,,,,12.0,5.0,34.0,0,0,1,False,skill_pass,False,True,False,True
WillPa00,paul-williams-2,00-0025467,Paul Williams,WR,2007,3,80,TEN,fresno st.,73.0,205.0,4.45,38.5,125.0,,7.03,4.24,,,,,,,,,,,,0.0,0.0,5.0,0,0,0,False,skill_pass,False,True,False,True
LeexCh00,charles-lee-1,00-0019505,Charles Lee,WR,2000,7,242,GNB,central florida,73.0,202.0,4.56,35.5,125.0,,7.3,4.25,,,,,,,,,,,,7.0,1.0,44.0,0,0,0,False,skill_pass,False,True,False,True
SmitSt02,steve-smith-2,00-0025438,Steve Smith,WR,2007,2,51,NYG,southern california,72.0,197.0,4.44,38.0,120.0,,6.68,4.19,,,,,,,,,,,,23.0,21.0,64.0,1,0,1,False,skill_pass,False,True,False,True
RiceSi01,sidney-rice-1,00-0025431,Sidney Rice,WR,2007,2,44,MIN,south carolina,75.0,200.0,4.51,39.5,119.0,,7.09,4.34,,,,,,,,,,,,33.0,20.0,81.0,1,0,3,False,skill_pass,False,True,False,True
StanDr00,drew-stanton-1,00-0025430,Drew Stanton,QB,2007,2,43,DET,michigan st.,75.0,226.0,4.75,30.5,108.0,,6.77,4.41,,,,,,,,,,,,10.0,4.0,38.0,0,0,1,False,skill_pass,False,True,False,True
BeckJo00,john-beck-1,00-0025427,John Beck,QB,2007,2,40,MIA,byu,74.0,215.0,4.75,29.5,111.0,,6.81,4.17,,,,,,,,,,,,4.0,2.0,9.0,0,0,0,False,skill_pass,False,True,False,True
MillZa01,zach-miller-1,00-0025425,Zach Miller,TE,2007,2,38,OAK,arizona st.,76.0,256.0,4.87,34.0,115.0,,7.01,4.42,,,,,,,,,,,,28.0,20.0,110.0,1,0,7,False,skill_pass,False,True,False,True
ThomDe02,devin-thomas-1,00-0026174,Devin Thomas,WR,2008,2,34,WAS,michigan st.,74.0,216.0,4.41,28.0,126.0,,7.15,4.26,,,,,,,,,,,,4.0,4.0,55.0,0,0,1,False,skill_pass,False,True,False,True
JohnJa01,,00-0026333,Jaymar Johnson,WR,2008,6,193,MIN,jackson st.,71.0,177.0,4.5,32.0,118.0,14.0,6.75,4.18,,,,,,,,,,,,0.0,0.0,7.0,0,0,0,False,skill_pass,False,False,False,True
ColeCh00,chris-cole-2,00-0019661,Chris Cole,WR,2000,3,70,DEN,texas a&m,72.0,191.0,4.37,37.5,125.0,,6.76,4.09,,,,,,,,,,,,1.0,1.0,35.0,0,0,0,False,skill_pass,False,True,False,True
WhitDe00,dez-white-1,00-0019660,Dez White,WR,2000,3,69,CHI,georgia tech,73.0,218.0,4.62,37.5,124.0,,6.91,4.09,,,,,,,,,,,,18.0,14.0,82.0,0,0,4,False,skill_pass,False,True,False,True
FlacJo00,joe-flacco-1,00-0026158,Joe Flacco,QB,2008,1,18,BAL,delaware,78.0,236.0,4.84,28.5,110.0,,6.82,4.27,,,,,,,,,,,,97.0,89.0,209.0,1,0,12,False,skill_pass,False,True,False,True
NelsJo00,jordy-nelson-1,00-0026176,Jordy Nelson,WR,2008,2,36,GNB,kansas st.,75.0,217.0,4.51,31.0,123.0,,7.03,4.35,,,,,,,,,,,,73.0,69.0,151.0,1,0,7,False,skill_pass,False,True,False,True
CaldAn00,andre-caldwell-1,00-0026237,Andre Caldwell,WR,2008,3,97,CIN,florida,72.0,204.0,4.35,33.0,124.0,,6.75,4.11,,,,,,,,,,,,12.0,10.0,105.0,0,0,0,False,skill_pass,False,True,False,True
OConKe00,kevin-oconnell-2,00-0026234,Kevin O'Connell,QB,2008,3,94,NWE,san diego st.,77.0,225.0,4.61,31.0,113.0,,7.01,4.38,,,,,,,,,,,,0.0,0.0,2.0,0,0,0,False,skill_pass,False,True,False,True
DougHa00,harry-douglas-1,00-0026224,Harry Douglas,WR,2008,3,84,ATL,louisville,71.0,176.0,4.51,31.0,120.0,,6.57,4.12,,,,,,,,,,,,31.0,28.0,118.0,0,0,2,False,skill_pass,False,True,False,True
HennCh01,chad-henne-1,00-0026197,Chad Henne,QB,2008,2,57,MIA,michigan,75.0,230.0,4.92,25.5,106.0,,7.17,4.4,,,,,,,,,,,,26.0,16.0,78.0,0,0,3,False,skill_pass,False,True,False,True
BechAn00,anthony-becht-1,00-0019457,Anthony Becht,TE,2000,1,27,NYJ,west virginia,78.0,270.0,4.78,33.5,123.0,,6.94,4.08,,,,,,,,,,,,12.0,10.0,167.0,0,0,9,False,skill_pass,False,True,False,True
NortDe00,dennis-northcutt-1,00-0019650,Dennis Northcutt,WR,2000,2,32,CLE,arizona,70.0,175.0,4.43,37.5,123.0,,6.96,4.04,,,,,,,,,,,,41.0,28.0,144.0,0,0,3,False,skill_pass,False,True,False,True
PennCh01,chad-pennington-1,00-0019559,Chad Pennington,QB,2000,1,18,NYJ,marshall,75.0,229.0,4.81,33.5,111.0,,7.12,4.16,,,,,,,,,,,,55.0,41.0,89.0,0,0,5,False,skill_pass,False,True,False,True
St.BEq00,equanimeous-st-brown-1,00-0034279,Equanimeous St. Brown,WR,2018,6,207,GNB,notre dame,77.0,214.0,4.48,,,20.0,,,,,,,,,,,92.0,1484.0,13.0,8.0,4.0,62.0,0,0,2,False,skill_pass,False,True,False,False
GaylTr00,trevor-gaylor-1,00-0019670,Trevor Gaylor,WR,2000,4,111,SDG,miami (oh),75.0,199.0,4.56,37.5,121.0,,7.03,4.29,,,,,,,,,,,,7.0,3.0,34.0,0,0,0,False,skill_pass,False,True,False,True
BritKe00,kenny-britt-1,00-0027006,Kenny Britt,WR,2009,1,30,TEN,rutgers,75.0,218.0,4.47,37.0,124.0,23.0,,4.47,,,,,,,,,,,,35.0,20.0,116.0,0,0,5,False,skill_pass,False,True,False,True
PatrBe00,ben-patrick-1,00-0025602,Ben Patrick,TE,2007,7,215,ARI,delaware,75.0,252.0,4.74,34.5,111.0,,7.21,4.31,,,,,,,,,,,,4.0,4.0,42.0,0,0,2,False,skill_pass,False,True,False,True
FreeJo00,josh-freeman-1,00-0026993,Josh Freeman,QB,2009,1,17,TAM,kansas st.,78.0,248.0,4.9,33.5,119.0,,7.11,4.43,,,,,,,,,,,,37.0,36.0,62.0,0,0,4,False,skill_pass,False,True,False,True
BakeDa01,dallas-baker-1,00-0025614,Dallas Baker,WR,2007,7,227,PIT,florida,75.0,208.0,4.53,36.0,129.0,,6.69,4.19,,,,,,,,,,,,0.0,0.0,8.0,0,0,0,False,skill_pass,False,True,False,True
SheaAa00,aaron-shea-1,00-0019564,Aaron Shea,TE,2000,4,110,CLE,michigan,76.0,253.0,4.81,37.5,114.0,,6.72,4.3,,,,,,,,,,,,6.0,6.0,65.0,0,0,0,False,skill_pass,False,True,False,True
StucCh20,chansi-stuckey-1,00-0025622,Chansi Stuckey,WR,2007,7,235,NYJ,clemson,71.0,197.0,4.56,35.0,120.0,,6.91,4.14,,,,,,,,,,,,10.0,5.0,55.0,0,0,0,False,skill_pass,False,True,False,True
RedmCh00,chris-redman-1,00-0019709,Chris Redman,QB,2000,3,75,BAL,louisville,75.0,222.0,5.37,26.5,98.0,,7.8,4.78,,,,,,,,,,,,9.0,3.0,30.0,0,0,0,False,skill_pass,False,True,False,True
TaylCo00,courtney-taylor-1,00-0025584,Courtney Taylor,WR,2007,6,197,SEA,auburn,74.0,204.0,4.5,36.0,122.0,,7.22,4.28,,,,,,,,,,,,1.0,1.0,18.0,0,0,0,False,skill_pass,False,True,False,True
WhitPa01,pat-white-1,00-0027020,Pat White,QB,2009,2,44,MIA,west virginia,72.0,197.0,4.55,35.0,117.0,,7.06,4.42,,,,,,,,,,,,1.0,1.0,13.0,0,0,0,False,skill_pass,False,True,False,True
SancMa00,mark-sanchez-1,00-0026898,Mark Sanchez,QB,2009,1,5,NYJ,southern california,74.0,227.0,4.93,32.5,116.0,,7.06,4.21,,,,,,,,,,,,32.0,26.0,79.0,0,0,4,False,skill_pass,False,True,False,True
StafMa00,matthew-stafford-1,00-0026498,Matthew Stafford,QB,2009,1,1,DET,georgia,74.0,225.0,4.81,30.5,107.0,,7.06,4.47,,,,,,,,,,,,133.0,91.0,239.0,3,1,15,False,skill_pass,False,True,False,True
HarpJu01,justin-harper-2,00-0026355,Justin Harper,WR,2008,7,215,BAL,virginia tech,75.0,213.0,4.56,28.5,120.0,,7.03,4.43,,,,,,,,,,,,0.0,0.0,2.0,0,0,0,False,skill_pass,False,True,False,True
DawsJa00,jajuan-dawson-1,00-0019461,JaJuan Dawson,WR,2000,3,79,CLE,tulane,73.0,199.0,4.55,34.0,117.0,,6.96,4.16,,,,,,,,,,,,5.0,3.0,30.0,0,0,0,False,skill_pass,False,True,False,True
FlynMa00,matt-flynn-1,00-0026349,Matt Flynn,QB,2008,7,209,GNB,louisiana state,74.0,231.0,4.79,28.0,109.0,,7.21,4.34,,,,,,,,,,,,8.0,7.0,51.0,0,0,0,False,skill_pass,False,True,False,True
ColeLa00,laveranues-coles-1,00-0018958,Laveranues Coles,WR,2000,3,78,NYJ,florida st.,71.0,192.0,4.41,34.0,115.0,,6.89,4.39,,,,,,,,,,,,68.0,49.0,153.0,1,0,9,False,skill_pass,False,True,False,True
GarcPi00,,00-0026345,Pierre Garcon,WR,2008,6,205,IND,mount union,72.0,210.0,4.42,36.5,125.0,20.0,6.9,4.19,,,,,,,,,,,,54.0,21.0,148.0,0,0,10,False,skill_pass,False,False,False,True
LymaDu00,,00-0019464,Dustin Lyman,TE,2000,3,87,CHI,wake forest,76.0,259.0,4.7,35.0,118.0,22.0,6.86,4.06,,,,,,,,,,,,2.0,2.0,55.0,0,0,1,False,skill_pass,False,False,False,True
HollJa01,jabari-holloway-1,00-0020373,Jabari Holloway,TE,2001,4,119,NWE,notre dame,74.0,253.0,4.91,38.5,113.0,20.0,7.14,4.4,,,,,,,,,,,,1.0,,26.0,0,0,2,False,skill_pass,False,False,False,True
ShahAd00,,00-0033896,Adam Shaheen,TE,2017,2,45,CHI,ashland,78.0,278.0,4.79,32.5,121.0,24.0,7.09,4.38,,,,,,,,,,,,4.0,2.0,55.0,0,0,1,False,skill_pass,False,False,False,True
McCaJu00,justin-mccareins-1,00-0020381,Justin McCareins,WR,2001,4,124,TEN,northern illinois,74.0,209.0,4.51,41.0,129.0,,7.06,3.99,,,,,,,,,,,,33.0,16.0,114.0,0,0,5,False,skill_pass,False,True,False,True
PalmJe00,jesse-palmer-1,00-0020483,Jesse Palmer,QB,2001,4,125,NYG,florida,74.0,231.0,4.78,35.5,112.0,,7.13,4.29,,,,,,,,,,,,1.0,1.0,8.0,0,0,0,False,skill_pass,False,True,False,True
NewtCa00,cam-newton-1,00-0027939,Cam Newton,QB,2011,1,1,CAR,auburn,77.0,248.0,4.56,35.0,126.0,,6.92,4.18,,,,,,,,,,,,115.0,107.0,148.0,3,1,9,False,skill_pass,False,True,False,True
ThomJu00,,00-0028067,Julius Thomas,TE,2011,4,129,DEN,portland st.,77.0,246.0,4.64,35.5,111.0,16.0,6.96,4.31,,,,,,,,,,,,21.0,13.0,71.0,2,0,5,False,skill_pass,False,False,False,True
DrayJi00,jim-dray-1,00-0027825,Jim Dray,TE,2010,7,233,ARI,stanford,77.0,246.0,4.82,,,17.0,,,,,,,,,,,41.0,455.0,7.0,3.0,2.0,94.0,0,0,2,False,skill_pass,False,True,False,False
KaspKe00,kevin-kasper-1,00-0020256,Kevin Kasper,WR,2001,6,190,DEN,iowa,72.0,199.0,4.42,43.5,126.0,,6.56,3.73,,,,,,,,,,,,2.0,1.0,39.0,0,0,0,False,skill_pass,False,True,False,True
MartIn00,ingle-martin-1,00-0024362,Ingle Martin,QB,2006,5,148,GNB,furman,74.0,220.0,4.71,36.0,111.0,,7.13,4.17,,,,,,,,,,,,0.0,0.0,1.0,0,0,0,False,skill_pass,False,True,False,True
HagaMa00,marques-hagans-1,00-0024358,Marques Hagans,WR,2006,5,144,STL,virginia,69.0,202.0,4.67,35.0,114.0,,7.03,4.38,,,,,,,,,,,,1.0,1.0,6.0,0,0,0,False,skill_pass,False,True,False,True
CroyBr00,brodie-croyle-1,00-0024300,Brodie Croyle,QB,2006,3,85,KAN,alabama,74.0,205.0,4.88,30.5,104.0,,7.34,4.25,,,,,,,,,,,,2.0,2.0,18.0,0,0,0,False,skill_pass,False,True,False,True
WillBr01,brandon-williams-6,00-0024299,Brandon Williams,WR,2006,3,84,SFO,wisconsin,69.0,179.0,4.48,34.5,115.0,,6.87,4.07,,,,,,,,,,,,0.0,0.0,23.0,0,0,0,False,skill_pass,False,True,False,True
WhitCh02,charlie-whitehurst-1,00-0024296,Charlie Whitehurst,QB,2006,3,81,SDG,clemson,77.0,223.0,4.75,33.0,112.0,,7.0,4.11,,,,,,,,,,,,7.0,0.0,25.0,0,0,0,False,skill_pass,False,True,False,True
JennGr00,greg-jennings-1,00-0024267,Greg Jennings,WR,2006,2,52,GNB,western michigan,71.0,197.0,4.42,36.5,117.0,,6.68,4.16,,,,,,,,,,,,66.0,55.0,143.0,2,0,8,False,skill_pass,False,True,False,True
StewTo00,tony-stewart-1,00-0020268,Tony Stewart,TE,2001,5,147,PHI,penn st.,77.0,256.0,4.96,35.5,109.0,,7.3,4.4,,,,,,,,,,,,5.0,0.0,115.0,0,0,1,False,skill_pass,False,True,False,True
McMaMi00,mike-mcmahon-1,00-0020308,Mike McMahon,QB,2001,5,149,DET,rutgers,74.0,207.0,4.57,37.5,124.0,,7.12,4.12,,,,,,,,,,,,6.0,5.0,29.0,0,0,0,False,skill_pass,False,True,False,True
JackCh00,chad-jackson-1,00-0024251,Chad Jackson,WR,2006,2,36,NWE,florida,73.0,213.0,4.32,38.5,122.0,,6.73,3.97,,,,,,,,,,,,2.0,2.0,18.0,0,0,0,False,skill_pass,False,True,False,True
WillDe03,demetrius-williams-1,00-0024326,Demetrius Williams,WR,2006,4,111,BAL,oregon,74.0,197.0,4.52,38.0,127.0,,6.84,4.08,,,,,,,,,,,,9.0,9.0,46.0,0,0,0,False,skill_pass,False,True,False,True
MadiAd00,adrian-madise-1,00-0021921,Adrian Madise,WR,2003,5,158,DEN,texas christian,71.0,215.0,4.49,32.0,119.0,,7.32,4.26,,,,,,,,,,,,0.0,0.0,11.0,0,0,0,False,skill_pass,False,True,False,True
ManuBr00,brandon-manumaleuna-1,00-0020342,Brandon Manumaleuna,TE,2001,4,129,STL,arizona,74.0,275.0,4.99,30.0,106.0,,7.49,4.26,,,,,,,,,,,,8.0,6.0,158.0,0,0,7,False,skill_pass,False,True,False,True
SmitBr01,brad-smith-1,00-0024318,Brad Smith,QB,2006,4,103,NYJ,missouri,74.0,213.0,4.46,39.5,128.0,,7.0,4.33,,,,,,,,,,,,17.0,12.0,125.0,0,0,1,False,skill_pass,False,True,False,True
ReidWi00,willie-reid-1,00-0024310,Willie Reid,WR,2006,3,95,PIT,florida st.,70.0,188.0,4.34,37.5,117.0,,7.06,4.26,,,,,,,,,,,,1.0,1.0,7.0,0,0,0,False,skill_pass,False,True,False,True
StovMa00,maurice-stovall-1,00-0024305,Maurice Stovall,WR,2006,3,90,TAM,notre dame,76.0,217.0,4.57,35.0,122.0,,6.81,4.14,,,,,,,,,,,,5.0,5.0,81.0,0,0,0,False,skill_pass,False,True,False,True
ShorCe00,,00-0028052,Cecil Shorts,WR,2011,4,114,JAX,mount union,72.0,205.0,4.5,34.5,114.0,21.0,6.5,4.07,,,,,,,,,,,,19.0,14.0,70.0,0,0,4,False,skill_pass,False,False,False,True
SandBe00,,00-0032900,Beau Sandland,TE,2016,7,252,CAR,montana st.,76.0,253.0,4.74,35.0,124.0,23.0,7.1,4.33,,,,,,,,,9.0,94.0,1.0,,,,0,0,0,False,skill_pass,True,False,False,False
BabeBi00,billy-baber-1,,Bill Baber,TE,2001,5,141,KAN,virginia,76.0,255.0,4.76,33.0,106.0,22.0,7.12,4.19,,,,,,,,,,,,0.0,0.0,30.0,0,0,0,False,skill_pass,False,False,False,True
WatkTo20,todd-watkins-1,00-0024432,Todd Watkins,WR,2006,7,218,ARI,byu,74.0,202.0,4.4,36.0,118.0,15.0,7.13,4.24,,,,,,,,,,,,1.0,,21.0,0,0,0,False,skill_pass,False,False,False,True
CarrDa00,david-carr-1,00-0020608,David Carr,QB,2002,1,1,HOU,fresno st.,75.0,223.0,4.67,35.0,108.0,,7.05,4.28,,,,,,,,,,,,45.0,42.0,94.0,0,0,5,False,skill_pass,False,True,False,True
JohnEr00,,00-0020455,Eric Johnson,TE,2001,7,224,SFO,yale,72.0,215.0,4.6,38.0,121.0,12.0,6.96,4.17,,,,,,,,,,,,19.0,17.0,71.0,0,0,5,False,skill_pass,False,False,False,True
HarrJo00,joey-harrington-1,00-0021141,Joey Harrington,QB,2002,1,3,DET,oregon,76.0,215.0,4.89,32.0,112.0,,7.0,4.21,,,,,,,,,,,,31.0,23.0,81.0,0,0,6,False,skill_pass,False,True,False,True
GradBr00,bruce-gradkowski-1,00-0024408,Bruce Gradkowski,QB,2006,6,194,TAM,toledo,73.0,217.0,4.59,34.0,107.0,,7.12,4.16,,,,,,,,,,,,8.0,3.0,37.0,0,0,1,False,skill_pass,False,True,False,True
HoomMi00,michael-hoomanawanui-1,00-0027732,Michael Hoomanawanui,TE,2010,5,132,STL,illinois,76.0,264.0,4.77,,,25.0,,,,,,,,,,,40.0,490.0,4.0,5.0,1.0,87.0,0,0,3,False,skill_pass,False,True,False,False
MinnMa00,snoop-minnis-1,00-0020272,Snoop Minnis,WR,2001,3,77,KAN,florida st.,73.0,171.0,4.57,37.5,115.0,,7.06,4.07,,,,,,,,,,,,5.0,5.0,15.0,0,0,1,False,skill_pass,False,True,False,True
McCoQu00,quentin-mccord-1,00-0020340,Quentin McCord,WR,2001,7,236,ATL,kentucky,70.0,191.0,4.48,36.5,112.0,,7.17,4.18,,,,,,,,,,,,5.0,5.0,25.0,0,0,0,False,skill_pass,False,True,False,True
RobeMi00,mike-roberg-1,00-0020345,Mike Roberg,TE,2001,7,227,CAR,idaho,76.0,256.0,4.75,34.5,117.0,16.0,7.28,4.4,,,,,,,,,,,,0.0,,13.0,0,0,0,False,skill_pass,False,False,False,True
SmitSt01,steve-smith-3,00-0020337,Steve Smith Sr.,WR,2001,3,74,CAR,utah,69.0,184.0,4.41,38.5,121.0,,7.44,4.25,,,,,,,,,,,,102.0,92.0,219.0,5,2,14,False,skill_pass,False,True,False,True
JennAd00,adam-jennings-1,00-0024398,Adam Jennings,WR,2006,6,184,ATL,fresno st.,69.0,181.0,4.44,37.5,118.0,,6.88,4.12,,,,,,,,,,,,0.0,0.0,46.0,0,0,0,False,skill_pass,False,True,False,True
EldrBr00,brody-eldridge-1,00-0027761,Brody Eldridge,TE,2010,5,162,IND,oklahoma,77.0,261.0,4.72,31.5,,,,,,,,,,,,,13.0,98.0,1.0,0.0,0.0,27.0,0,0,2,False,skill_pass,False,True,False,False
McNeRe00,reggie-mcneal-1,00-0024407,Reggie McNeal,QB,2006,6,193,CIN,texas a&m,74.0,198.0,4.4,32.0,121.0,,6.96,4.25,,,,,,,,,,,,0.0,0.0,7.0,0,0,0,False,skill_pass,False,True,False,True
TaylTr01,travis-taylor-1,00-0019721,Travis Taylor,WR,2000,1,10,BAL,florida,73.0,199.0,4.43,37.0,118.0,,7.15,,,,,,,,,,,,,30.0,23.0,101.0,0,0,7,False,skill_pass,False,True,False,True
BlanRo01,rob-blanchflower-1,00-0031194,Rob Blanchflower,TE,2014,7,230,PIT,massachusetts,76.0,256.0,4.82,,,,,,,,,,,1.0,3.0,0.0,71.0,789.0,5.0,,,,0,0,0,False,skill_pass,True,True,False,False
AikeSa00,sam-aiken-1,00-0021915,Sam Aiken,WR,2003,4,127,BUF,north carolina,74.0,209.0,4.59,39.5,121.0,,7.22,,,,,,,,,,,,,7.0,3.0,95.0,0,0,0,False,skill_pass,False,True,False,True
FumaTr00,troy-fumagalli-2,00-0034393,Troy Fumagalli,TE,2018,5,156,DEN,wisconsin,77.0,247.0,,,,14.0,,,,,,,,,,,135.0,1627.0,7.0,1.0,1.0,19.0,0,0,0,False,skill_pass,False,True,False,False
BerlEd00,,00-0020485,Eddie Berlin,WR,2001,5,159,TEN,northern iowa,71.0,191.0,4.43,39.5,122.0,,6.78,4.08,,,,,,,,,,,,3.0,3.0,62.0,0,0,0,False,skill_pass,False,True,False,True
MoorJM00,jmon-moore-2,00-0034268,J'Mon Moore,WR,2018,4,133,GNB,missouri,,,,,,,,,,,,,,0.0,0.0,1.0,158.0,2477.0,21.0,0.0,0.0,12.0,0,0,0,False,skill_pass,False,True,True,False
MorrSy00,,00-0019726,Sylvester Morris,WR,2000,1,21,KAN,jackson st.,75.0,216.0,4.6,34.5,119.0,,7.06,4.17,,,,,,,,,,,,6.0,6.0,15.0,0,0,1,False,skill_pass,False,True,False,True
HigbTy00,tyler-higbee-1,00-0033110,Tyler Higbee,TE,2016,4,110,LAR,western kentucky,78.0,249.0,4.77,,,,,,,,,,,,,,68.0,1054.0,14.0,31.0,31.0,138.0,0,0,8,False,skill_pass,False,True,False,False
RobiKo00,koren-robinson-1,00-0020490,Koren Robinson,WR,2001,1,9,SEA,north carolina st.,73.0,211.0,4.61,,,,,,,,,,,,,,49.0,696.0,6.0,35.0,30.0,96.0,1,0,4,False,skill_pass,False,True,False,False
NewsKe00,kendall-newson-1,00-0021102,Kendall Newson,WR,2002,7,222,JAX,middle tenn. st.,74.0,200.0,4.69,33.5,117.0,,6.87,4.27,,,,,,,,,,,,1.0,,6.0,0,0,0,False,skill_pass,False,True,False,True
ChamCh00,chris-chambers-1,00-0020446,Chris Chambers,WR,2001,2,52,MIA,wisconsin,72.0,210.0,4.33,45.0,134.0,,,4.0,,,,,,,,,,,,58.0,41.0,153.0,1,0,8,False,skill_pass,False,True,False,True
KoyaBe00,ben-koyack-1,00-0032139,Ben Koyack,TE,2015,7,229,JAX,notre dame,77.0,255.0,4.79,,,,,,,,,,,,,,44.0,532.0,5.0,1.0,1.0,48.0,0,0,0,False,skill_pass,False,True,False,False
HollMa00,mack-hollins-1,00-0033555,Mack Hollins,WR,2017,4,118,PHI,north carolina,76.0,221.0,4.53,,,,,,,,,,,,,,81.0,1667.0,20.0,21.0,3.0,127.0,0,0,2,False,skill_pass,False,True,False,False
OwenJo00,john-owens-1,00-0021255,John Owens,TE,2002,5,138,DET,notre dame,75.0,265.0,4.77,38.5,117.0,21.0,,,,,,,,,,,,,,0.0,0.0,76.0,0,0,1,False,skill_pass,False,True,False,True
RoseSa00,sage-rosenfels-1,00-0020480,Sage Rosenfels,QB,2001,4,109,WAS,iowa st.,76.0,228.0,4.74,34.0,107.0,,7.07,4.29,,,,,,,,,,,,13.0,,44.0,0,0,0,False,skill_pass,False,True,False,True
JoppBe00,bennie-joppru-1,00-0022082,Bennie Joppru,TE,2003,2,41,HOU,michigan,76.0,272.0,4.78,30.5,109.0,19.0,,,,,,,,,,,,,,0.0,0.0,19.0,0,0,0,False,skill_pass,False,True,False,True
SmitTr03,trequan-smith-1,00-0034765,Tre'Quan Smith,WR,2018,3,91,NOR,central florida,,,,,,,,,,,,,,5.0,23.0,1.0,168.0,2748.0,22.0,15.0,15.0,67.0,0,0,3,False,skill_pass,False,True,True,False
WhalJa00,james-whalen-1,00-0019569,James Whalen,TE,2000,5,157,TAM,kentucky,74.0,228.0,4.78,31.0,110.0,,7.42,4.22,,,,,,,,,,,,1.0,,26.0,0,0,0,False,skill_pass,False,True,False,True
HurdJa00,jalen-hurd-1,00-0034971,Jalen Hurd,WR,2019,3,67,SFO,baylor,77.0,226.0,,,,23.0,,,,,,,,637.0,2847.0,23.0,136.0,1438.0,10.0,,,,0,0,0,False,skill_pass,True,True,False,False
PhilMa20,,00-0019488,Mareno Philyaw,WR,2000,6,172,ATL,troy,74.0,205.0,4.66,39.5,129.0,,6.93,4.13,,,,,,,,,,,,0.0,0.0,1.0,0,0,0,False,skill_pass,False,True,False,True
ChilGr00,greg-childs-1,00-0029573,Greg Childs,WR,2012,4,134,MIN,arkansas,75.0,219.0,4.52,36.5,125.0,19.0,,,,,,,,,,,133.0,2066.0,15.0,,,,0,0,0,False,skill_pass,True,True,False,False
MoorCl00,,00-0022826,Clarence Moore,WR,2004,6,199,BAL,northern arizona,78.0,211.0,4.55,34.0,122.0,,6.84,4.16,,,,,,,,,,,,2.0,2.0,29.0,0,0,0,False,skill_pass,False,True,False,True
AromDe00,devin-aromashodu-1,00-0024447,Devin Aromashodu,WR,2006,7,233,MIA,auburn,74.0,201.0,4.35,39.0,120.0,,7.04,4.16,,,,,,,,,,,,10.0,,61.0,0,0,0,False,skill_pass,False,True,False,True
TaylJa00,jamaar-taylor-1,00-0022679,Jamaar Taylor,WR,2004,6,168,NYG,texas a&m,73.0,197.0,4.46,,,,,,,,,,,2.0,3.0,0.0,,,,1.0,1.0,13.0,0,0,0,False,skill_pass,False,True,False,True
SkelJo00,,00-0027754,John Skelton,QB,2010,5,155,ARI,fordham,77.0,243.0,4.85,33.5,108.0,,7.17,4.33,,,,,,,,,,,,4.0,4.0,20.0,0,0,1,False,skill_pass,False,True,False,True
SmitJo00,jonathan-smith-1,00-0022664,Jonathan Smith,WR,2004,7,214,BUF,georgia tech,70.0,194.0,4.78,32.5,114.0,,,4.35,,,,,,,,,,,,2.0,2.0,18.0,0,0,0,False,skill_pass,False,True,False,True
HarbCl00,,00-0027725,Clay Harbor,TE,2010,4,125,PHI,missouri state,75.0,252.0,4.62,40.0,120.0,30.0,,4.37,,,,,,,,,,,,7.0,3.0,98.0,0,0,2,False,skill_pass,False,True,False,True
WilfEr00,ernest-wilford-1,00-0022901,Ernest Wilford,WR,2004,4,120,JAX,virginia tech,76.0,226.0,4.79,40.5,130.0,,,4.17,,,,,,,,,,,,22.0,22.0,87.0,0,0,4,False,skill_pass,False,True,False,True
EdwaTr01,trent-edwards-1,00-0025479,Trent Edwards,QB,2007,3,92,BUF,stanford,76.0,231.0,4.76,,,19.0,7.14,4.46,,,,,,,,,,,,16.0,15.0,38.0,0,0,2,False,skill_pass,False,True,False,True
PascBe00,bear-pascoe-1,00-0026931,Bear Pascoe,TE,2009,6,184,SFO,fresno st.,77.0,251.0,4.89,26.5,107.0,,7.65,4.55,,,,,,,,,,,,3.0,,85.0,0,0,2,False,skill_pass,False,True,False,True
JoneJa03,,00-0025460,Jacoby Jones,WR,2007,3,73,HOU,lane,75.0,210.0,4.5,34.0,129.0,,7.03,4.31,,,,,,,,,,,,30.0,18.0,128.0,1,1,2,False,skill_pass,False,True,False,True
FiguYa00,yamon-figurs-1,00-0025461,Yamon Figurs,WR,2007,3,74,BAL,kansas st.,71.0,174.0,4.3,,123.0,,6.85,4.21,,,,,,,,,,,,2.0,2.0,34.0,0,0,0,False,skill_pass,False,True,False,True
SmelBr00,brad-smelley-1,00-0029315,Brad Smelley,TE,2012,7,247,CLE,alabama,,,,,,,,,,,,,,1.0,1.0,0.0,54.0,559.0,4.0,0.0,0.0,4.0,0,0,0,False,skill_pass,False,True,True,False
FitzRy00,,00-0023682,Ryan Fitzpatrick,QB,2005,7,250,STL,harvard,74.0,232.0,4.86,30.5,105.0,,7.09,4.07,,,,,,,,,,,,78.0,1.0,166.0,0,0,10,False,skill_pass,False,True,False,True
OrtoKy00,kyle-orton-1,00-0023541,Kyle Orton,QB,2005,4,106,CHI,purdue,76.0,233.0,5.06,26.5,,,7.38,4.52,,,,,,,,,,,,40.0,10.0,87.0,0,0,5,False,skill_pass,False,True,False,True
CutlJa00,jay-cutler-1,00-0024226,Jay Cutler,QB,2006,1,11,DEN,vanderbilt,75.0,226.0,4.77,,,23.0,7.1,4.26,,,,,,,,,,,,86.0,28.0,153.0,1,0,10,False,skill_pass,False,True,False,True
AusbDa00,david-ausberry-1,00-0028179,David Ausberry,WR,2011,7,241,OAK,southern california,,,,,,,,,,,,,,2.0,14.0,0.0,64.0,700.0,7.0,1.0,1.0,34.0,0,0,0,False,skill_pass,False,True,True,False
AndeDe00,derek-anderson-1,00-0023645,Derek Anderson,QB,2005,6,213,BAL,oregon st.,78.0,242.0,5.03,29.0,103.0,,7.67,4.62,,,,,,,,,,,,23.0,,78.0,1,0,3,False,skill_pass,False,True,False,True
PerrTa00,tab-perry-1,00-0023623,Tab Perry,WR,2005,6,190,CIN,ucla,74.0,229.0,4.46,34.0,116.0,,7.0,,,,,,,,,,,,,1.0,1.0,20.0,0,0,0,False,skill_pass,False,True,False,True
McCoLe00,,00-0023658,LeRon McCoy,WR,2005,7,226,ARI,indiana (pa),73.0,211.0,4.4,37.0,120.0,,7.19,4.21,,,,,,,,,,,,1.0,1.0,10.0,0,0,0,False,skill_pass,False,True,False,True
JeffAl00,alshon-jeffery-1,00-0029137,Alshon Jeffery,WR,2012,2,45,CHI,south carolina,75.0,216.0,4.48,,,,,,,,,,,,,,183.0,3042.0,23.0,48.0,33.0,109.0,1,0,8,False,skill_pass,False,True,False,False
AustTe00,terrence-austin-1,00-0027813,Terrence Austin,WR,2010,7,219,WAS,ucla,,,,,,,,,,,,,,23.0,146.0,0.0,109.0,1192.0,5.0,1.0,1.0,18.0,0,0,0,False,skill_pass,False,True,True,False
EppsDe00,dedrick-epps-1,00-0027827,Dedrick Epps,TE,2010,7,235,SDG,miami,75.0,250.0,4.7,,,19.0,,,,,,,,,,,49.0,634.0,6.0,0.0,,6.0,0,0,0,False,skill_pass,False,True,False,False
HassMi00,mike-hass-1,00-0024385,Mike Hass,WR,2006,6,171,NOR,oregon st.,73.0,208.0,4.59,32.0,116.0,,6.97,4.14,,,,,,,,,,,,0.0,,2.0,0,0,0,False,skill_pass,False,True,False,True
RodgAa00,aaron-rodgers-1,00-0023459,Aaron Rodgers,QB,2005,1,24,GNB,california,74.0,223.0,4.71,34.5,110.0,,7.38,,,,,,,,,,,,,169.0,161.0,264.0,10,4,15,False,skill_pass,False,True,False,True
AvanJa00,jason-avant-1,00-0024324,Jason Avant,WR,2006,4,109,PHI,michigan,72.0,212.0,4.62,37.0,118.0,20.0,,,,,,,,,,,,,,29.0,25.0,148.0,0,0,3,False,skill_pass,False,True,False,True
HagaDe00,derek-hagan-1,00-0024297,Derek Hagan,WR,2006,3,82,MIA,arizona st.,74.0,208.0,4.45,36.0,124.0,,,4.07,,,,,,,,,,,,12.0,5.0,99.0,0,0,0,False,skill_pass,False,True,False,True
RudoKy00,kyle-rudolph-1,00-0027981,Kyle Rudolph,TE,2011,2,43,MIN,notre dame,78.0,259.0,4.83,,,,,,,,,,,,,,90.0,1032.0,8.0,36.0,35.0,165.0,2,0,10,False,skill_pass,False,True,False,False
BrowJo02,,00-0031051,John Brown,WR,2014,3,91,ARI,pittsburg st.,70.0,179.0,4.34,36.5,119.0,,6.91,4.12,,,,,,,,,,,,36.0,19.0,103.0,0,0,5,False,skill_pass,False,True,False,True
SimpJe00,,00-0026186,Jerome Simpson,WR,2008,2,46,CIN,coastal carolina,74.0,199.0,4.42,37.5,136.0,,7.08,4.52,,,,,,,,,,,,18.0,9.0,63.0,0,0,3,False,skill_pass,False,True,False,True
NaanLe00,legedu-naanee-1,00-0025559,Legedu Naanee,WR,2007,5,172,SDG,boise st.,74.0,225.0,4.41,40.0,119.0,19.0,,,,,,,,,,,,,,13.0,8.0,73.0,0,0,2,False,skill_pass,False,True,False,True
KingKl00,kliff-kingsbury-1,00-0022027,Kliff Kingsbury,QB,2003,6,201,NWE,texas tech,75.0,213.0,4.77,30.0,101.0,,6.92,4.1,,,,,,,,,,,,0.0,,1.0,0,0,0,False,skill_pass,False,True,False,True
BardRa00,,00-0026902,Ramses Barden,WR,2009,3,85,NYG,cal poly-san luis obispo,78.0,229.0,4.51,33.5,118.0,17.0,,4.26,,,,,,,,,,,,5.0,5.0,29.0,0,0,0,False,skill_pass,False,True,False,True
JohnJo05,,00-0026300,Josh Johnson,QB,2008,5,160,TAM,san diego,75.0,213.0,4.53,33.5,110.0,,7.56,4.42,,,,,,,,,,,,9.0,3.0,50.0,0,0,0,False,skill_pass,False,True,False,True
CookJa02,jared-cook-2,00-0027061,Jared Cook,TE,2009,3,89,TEN,south carolina,77.0,246.0,4.49,41.0,123.0,23.0,,,,,,,,,,,,,,48.0,10.0,194.0,2,0,5,False,skill_pass,False,True,False,True
HarrCl20,clark-harris-1,00-0025630,Clark Harris,TE,2007,7,243,GNB,rutgers,77.0,261.0,4.8,32.0,112.0,21.0,,4.4,,,,,,,,,,,,11.0,,206.0,1,0,0,False,skill_pass,False,True,False,True
ClowDa00,david-clowney-1,00-0025544,David Clowney,WR,2007,5,157,GNB,virginia tech,72.0,188.0,4.36,32.5,123.0,,7.0,4.15,,,,,,,,,,,,3.0,,28.0,0,0,0,False,skill_pass,False,True,False,True
TyreDa00,david-tyree-1,00-0021927,David Tyree,WR,2003,6,211,NYG,syracuse,,,,,,,,,,,,,,5.0,19.0,1.0,106.0,1615.0,11.0,5.0,5.0,83.0,1,0,0,False,skill_pass,False,True,True,False
RobiBr00,brian-robiskie-1,00-0027012,Brian Robiskie,WR,2009,2,36,CLE,ohio st.,75.0,209.0,4.46,37.5,,,6.72,4.19,,,,,,,,,,,,3.0,3.0,38.0,0,0,1,False,skill_pass,False,True,False,True
PalmJo20,jordan-palmer-1,00-0025592,Jordan Palmer,QB,2007,6,205,WAS,texas-el paso,78.0,231.0,4.98,30.5,104.0,,7.32,4.58,,,,,,,,,,,,0.0,,5.0,0,0,0,False,skill_pass,False,True,False,True
MoorKe00,kenneth-moore-1,00-0026276,Kenny Moore,WR,2008,5,136,DET,wake forest,71.0,195.0,4.47,28.0,120.0,,7.09,4.3,,,,,,,,,,,,1.0,,14.0,0,0,0,False,skill_pass,False,True,False,True
IgleJu00,juaquin-iglesias-1,00-0026904,Juaquin Iglesias,WR,2009,3,99,CHI,oklahoma,73.0,210.0,4.44,34.5,116.0,,,4.4,,,,,,,,,,,,0.0,0.0,1.0,0,0,0,False,skill_pass,False,True,False,True
BrohBr00,brian-brohm-1,00-0026196,Brian Brohm,QB,2008,2,56,GNB,louisville,75.0,230.0,4.81,30.0,115.0,,7.13,4.55,,,,,,,,,,,,0.0,,3.0,0,0,0,False,skill_pass,False,True,False,True
KnoxJo00,,00-0026913,Johnny Knox,WR,2009,5,140,CHI,abilene christian,71.0,185.0,4.34,35.0,122.0,,6.81,4.15,,,,,,,,,,,,20.0,20.0,45.0,1,0,2,False,skill_pass,False,True,False,True
BranTo00,tom-brandstater-1,00-0027121,Tom Brandstater,QB,2009,6,174,DEN,fresno st.,77.0,220.0,4.87,28.5,106.0,,6.93,4.37,,,,,,,,,,,,0.0,,1.0,0,0,0,False,skill_pass,False,True,False,True
JackDe01,,00-0026198,Dexter Jackson,WR,2008,2,58,TAM,appalachian st.,69.0,182.0,4.33,29.5,122.0,,6.81,4.38,,,,,,,,,,,,0.0,0.0,7.0,0,0,0,False,skill_pass,False,True,False,True
DorsKe01,kevin-dorsey-1,00-0030116,Kevin Dorsey,WR,2013,7,224,GNB,maryland,,,,,,,,,,,,,,1.0,4.0,0.0,81.0,1088.0,9.0,0.0,0.0,3.0,0,0,0,False,skill_pass,False,True,True,False
UrsuJo00,john-ursua-1,00-0035597,John Ursua,WR,2019,7,236,SEA,hawaii,,,,,,,,,,,,,,6.0,12.0,2.0,189.0,2662.0,24.0,0.0,0.0,3.0,0,0,0,False,skill_pass,False,True,True,False
BossKe00,,00-0025540,Kevin Boss,TE,2007,5,153,NYG,western oregon,78.0,252.0,4.78,35.0,116.0,,6.96,4.41,,,,,,,,,,,,17.0,14.0,74.0,0,0,4,False,skill_pass,False,True,False,True
GateCl00,,00-0028049,Clyde Gates,WR,2011,4,111,MIA,abilene christian,72.0,192.0,4.31,40.0,131.0,16.0,,,,,,,,,,,,,,3.0,0.0,32.0,0,0,0,False,skill_pass,False,True,False,True
MorgDa01,david-morgan-1,00-0032430,David Morgan,TE,2016,6,188,MIN,texas-san antonio,76.0,262.0,,,,,,,,,,,,,,,72.0,890.0,6.0,1.0,1.0,38.0,0,0,0,False,skill_pass,False,True,False,False
McGoAl00,alex-mcgough-1,00-0034732,Alex McGough,QB,2018,7,220,SEA,florida international,,,,,,,,,806.0,1335.0,9091.0,65.0,37.0,308.0,535.0,16.0,,,,,,,0,0,0,False,skill_pass,True,True,True,False
CottBr00,brad-cottam-1,00-0026216,Brad Cottam,TE,2008,3,76,KAN,tennessee,79.0,270.0,4.63,33.0,,24.0,,,,,,,,,,,,,,2.0,2.0,24.0,0,0,1,False,skill_pass,False,True,False,True
HillTy00,,00-0033040,Tyreek Hill,WR,2016,5,165,KAN,west alabama,,,,,,,,,,,,,,102.0,534.0,1.0,31.0,281.0,1.0,98.0,61.0,145.0,8,5,8,False,skill_pass,False,True,True,False
BurrPl00,plaxico-burress-1,00-0019642,Plaxico Burress,WR,2000,1,8,PIT,michigan st.,77.0,231.0,4.59,33.0,115.0,,,,,,,,,,,,,,,70.0,34.0,148.0,0,0,10,False,skill_pass,False,True,False,True
HawkLa00,lavelle-hawkins-1,00-0026266,Lavelle Hawkins,WR,2008,4,126,TEN,california,71.0,187.0,4.57,,117.0,14.0,,,,,,,,,,,,,,7.0,7.0,56.0,0,0,0,False,skill_pass,False,True,False,True
SowaR.00,r-jay-soward-1,00-0019604,R. Jay Soward,WR,2000,1,29,JAX,southern california,69.0,177.0,4.34,35.0,124.0,,,,,,,,,,,,,,,2.0,2.0,13.0,0,0,0,False,skill_pass,False,True,False,True
JameCe00,cedric-james-1,00-0020484,Cedric James,WR,2001,4,131,MIN,texas christian,74.0,204.0,4.49,43.0,134.0,,,,,,,,,,,,,,,0.0,0.0,5.0,0,0,0,False,skill_pass,False,True,False,True
BulgMa00,marc-bulger-1,00-0019599,Marc Bulger,QB,2000,6,168,NOR,west virginia,74.0,208.0,4.97,,100.0,,7.46,4.34,,,,,,,,,,,,57.0,,96.0,2,0,8,False,skill_pass,False,True,False,True
MartTe00,tee-martin-1,00-0019633,Tee Martin,QB,2000,5,163,PIT,tennessee,74.0,227.0,4.58,34.5,113.0,,,,,,,,,,,,,,,0.0,0.0,3.0,0,0,0,False,skill_pass,False,True,False,True
HayeWi00,windrell-hayes-1,00-0019481,Windrell Hayes,WR,2000,5,143,NYJ,southern california,71.0,204.0,4.5,,,,7.33,4.18,,,,,,,,,,,,1.0,1.0,9.0,0,0,0,False,skill_pass,False,True,False,True
GoedDa00,,00-0034351,Dallas Goedert,TE,2018,2,49,PHI,south dakota st.,77.0,256.0,,,,23.0,,,,,,,,,,,8.0,154.0,1.0,38.0,38.0,108.0,0,0,7,False,skill_pass,False,True,False,False
WillDe05,derrick-williams-2,00-0027056,Derrick Williams,WR,2009,3,82,DET,penn st.,71.0,194.0,4.47,33.0,,15.0,,,,,,,,,,,,,,0.0,0.0,18.0,0,0,0,False,skill_pass,False,True,False,True
AlliAu00,aundrae-allison-1,00-0025533,Aundrae Allison,WR,2007,5,146,MIN,east carolina,72.0,198.0,4.39,37.0,127.0,,,,,,,,,,,,,,,3.0,3.0,26.0,0,0,0,False,skill_pass,False,True,False,True
DrewDa00,davon-drew-1,00-0026915,Davon Drew,TE,2009,5,149,BAL,east carolina,76.0,256.0,4.78,29.5,113.0,17.0,7.28,4.56,,,,,,,,,,,,,,,0,0,0,False,skill_pass,True,False,False,True
EdisDo00,,00-0027137,Dominique Edison,WR,2009,6,206,TEN,s.f. austin,74.0,204.0,4.42,37.0,120.0,,,4.18,,,,,,,,,,,,0.0,0.0,5.0,0,0,0,False,skill_pass,False,True,False,True
ArceJJ00,jj-arcega-whiteside-1,00-0035246,JJ Arcega-Whiteside,WR,2019,2,57,PHI,stanford,74.0,225.0,,,,,,,,,,,,,,,134.0,2200.0,28.0,2.0,2.0,40.0,0,0,0,False,skill_pass,False,True,False,False
HubbPa00,paul-hubbard-1,00-0026331,Paul Hubbard,WR,2008,6,191,CLE,wisconsin,75.0,221.0,4.49,29.5,126.0,15.0,,,,,,,,,,,,,,0.0,,1.0,0,0,0,False,skill_pass,False,True,False,True
ScotGa00,gari-scott-1,00-0019468,Gari Scott,WR,2000,4,99,PHI,michigan st.,72.0,194.0,4.59,33.5,119.0,,,,,,,,,,,,,,,0.0,0.0,3.0,0,0,0,False,skill_pass,False,True,False,True
MonkMa00,marcus-monk-1,00-0026388,Marcus Monk,WR,2008,7,248,CHI,arkansas,76.0,222.0,4.56,34.5,119.0,9.0,7.08,4.3,,,,,,,,,,,,,,,0,0,0,False,skill_pass,True,False,False,True
UrruMa00,mario-urrutia-1,00-0026386,Mario Urrutia,WR,2008,7,246,CIN,louisville,77.0,232.0,4.59,30.0,115.0,16.0,7.07,4.44,,,,,,,,,,,,,,,0,0,0,False,skill_pass,True,False,False,True
ByhaNa00,nate-byham-1,00-0027780,Nate Byham,TE,2010,6,182,SFO,pittsburgh,76.0,268.0,4.97,29.0,109.0,,,,,,,,,,,,,,,0.0,0.0,29.0,0,0,0,False,skill_pass,False,True,False,True
GreeSk20,skyler-green-1,00-0024340,Skyler Green,WR,2006,4,125,DAL,louisiana state,69.0,192.0,4.53,34.0,118.0,,,,,,,,,,,,,,,0.0,0.0,11.0,0,0,0,False,skill_pass,False,True,False,True
MarsBr00,brandon-marshall-1,00-0024334,Brandon Marshall,WR,2006,4,119,DEN,central florida,76.0,229.0,4.52,37.0,120.0,,,,,,,,,,,,,,,83.0,27.0,179.0,6,1,10,False,skill_pass,False,True,False,True
MassMo00,mohamed-massaquoi-1,00-0027026,Mohamed Massaquoi,WR,2009,2,50,CLE,georgia,73.0,210.0,4.51,36.5,127.0,,,,,,,,,,,,,,,11.0,11.0,54.0,0,0,3,False,skill_pass,False,True,False,True
StepSy20,syndric-steptoe-1,00-0025621,Syndric Steptoe,WR,2007,7,234,CLE,arizona,69.0,194.0,4.59,33.0,,17.0,,,,,,,,,,,,,,1.0,1.0,16.0,0,0,0,False,skill_pass,False,True,False,True
AkinJo00,jordan-akins-1,00-0034364,Jordan Akins,TE,2018,3,98,HOU,central florida,75.0,249.0,,,,,,,,,,,,,,,81.0,1149.0,8.0,16.0,14.0,107.0,0,0,1,False,skill_pass,False,True,False,False
CromJo00,jonathan-crompton-1,00-0027767,Jonathan Crompton,QB,2010,5,168,SDG,tennessee,,,,,,,,,348.0,629.0,4187.0,36.0,22.0,101.0,-16.0,3.0,,,,,,,0,0,0,False,skill_pass,True,True,True,False
JohnAn02,andre-johnson-1,00-0022044,Andre Johnson,WR,2003,1,3,HOU,miami,74.0,230.0,4.41,39.0,132.0,,,,,,,,,,,,,,,94.0,92.0,193.0,7,2,12,True,skill_pass,False,True,False,True
ClarDa00,dallas-clark-1,00-0022165,Dallas Clark,TE,2003,1,24,IND,iowa,75.0,257.0,4.65,37.5,123.0,,,,,,,,,,,,,,,51.0,47.0,143.0,1,1,9,False,skill_pass,False,True,False,True
DarlDe00,devard-darling-1,00-0022739,Devard Darling,WR,2004,3,82,BAL,washington st.,73.0,213.0,4.52,37.0,129.0,,,,,,,,,,,,,,,4.0,2.0,46.0,0,0,1,False,skill_pass,False,True,False,True
BankMi20,mike-banks-1,00-0021103,Mike Banks,TE,2002,7,223,ARI,iowa st.,76.0,260.0,4.84,31.5,104.0,,,,,,,,,,,,,,,0.0,0.0,18.0,0,0,0,False,skill_pass,False,True,False,True
ClemTo00,toney-clemons-1,00-0029204,Toney Clemons,WR,2012,7,231,PIT,colorado,,,,,,,,,,,,,,5.0,23.0,0.0,98.0,1268.0,11.0,0.0,,4.0,0,0,0,False,skill_pass,False,True,True,False
LewiDe02,,00-0032070,Dezmin Lewis,WR,2015,7,234,BUF,central arkansas,,,,,,,,,,,,,,1.0,0.0,0.0,25.0,279.0,2.0,0.0,0.0,2.0,0,0,0,False,skill_pass,False,True,True,False
OSulJ.00,,00-0021296,J.T. O'Sullivan,QB,2002,6,186,NOR,uc davis,74.0,223.0,4.88,29.0,107.0,,7.46,4.28,,,,,,,,,,,,6.0,,17.0,0,0,0,False,skill_pass,False,True,False,True
DerbA.00,aj-derby-1,00-0031609,A.J. Derby,TE,2015,6,202,NWE,arkansas,,,,,,,,,3.0,6.0,30.0,0.0,0.0,,,,,,,3.0,0.0,25.0,0,0,0,False,skill_pass,False,True,True,True
SamxP.20,pk-sam-1,00-0022741,P.K. Sam,WR,2004,5,164,NWE,florida st.,75.0,210.0,4.54,34.5,,,7.04,,,,,,,,,,,,,0.0,0.0,2.0,0,0,0,False,skill_pass,False,True,False,True
WinsKe01,kellen-winslow-1,00-0022922,Kellen Winslow,TE,2004,1,6,CLE,miami,76.0,251.0,4.55,,120.0,24.0,,,,,,,,,,,,,,37.0,19.0,105.0,1,0,5,False,skill_pass,False,True,False,True
EvanSh00,shaquelle-evans-1,00-0031056,Shaquelle Evans,WR,2014,4,115,NYJ,ucla,73.0,213.0,4.51,34.5,122.0,13.0,7.07,4.21,,,,,,,,,,,,,,,0,0,0,False,skill_pass,True,False,False,True
JohnBe00,bethel-johnson-1,00-0021993,Bethel Johnson,WR,2003,2,45,NWE,texas a&m,71.0,201.0,4.38,38.5,127.0,,,,,,,,,,,,,,,8.0,7.0,50.0,0,0,0,False,skill_pass,False,True,False,True
WittJa00,jason-witten-1,00-0022127,Jason Witten,TE,2003,3,69,DAL,tennessee,78.0,264.0,4.65,31.0,,25.0,,,,,,,,,,,,,,80.0,79.0,271.0,11,2,16,False,skill_pass,False,True,False,True
LosmJ.00,jp-losman-1,00-0022912,J.P. Losman,QB,2004,1,22,BUF,tulane,74.0,224.0,4.73,33.0,116.0,,,,,,,,,,,,,,,19.0,19.0,45.0,0,0,1,False,skill_pass,False,True,False,True
EvanLe00,lee-evans-1,00-0022910,Lee Evans,WR,2004,1,13,BUF,wisconsin,71.0,197.0,4.39,34.5,120.0,,,,,,,,,,,,,,,47.0,47.0,118.0,0,0,7,False,skill_pass,False,True,False,True
BryaAn00,antonio-bryant-1,00-0021191,Antonio Bryant,WR,2002,2,63,DAL,pittsburgh,73.0,188.0,4.57,37.0,121.0,,,,,,,,,,,,,,,38.0,8.0,106.0,0,0,6,False,skill_pass,False,True,False,True
GrahDa00,daniel-graham-1,00-0021154,Daniel Graham,TE,2002,1,21,NWE,colorado,75.0,248.0,4.64,36.0,118.0,,,,,,,,,,,,,,,19.0,13.0,148.0,0,0,7,False,skill_pass,False,True,False,True
GaffJa00,jabar-gaffney-1,00-0021163,Jabar Gaffney,WR,2002,2,33,HOU,florida,73.0,193.0,4.56,,,,6.87,4.06,,,,,,,,,,,,42.0,14.0,158.0,0,0,6,False,skill_pass,False,True,False,True
CollJe00,jerome-collins-1,00-0023577,Jerome Collins,TE,2005,5,144,STL,notre dame,76.0,267.0,4.71,,118.0,21.0,,,,,,,,,,,,,,0.0,0.0,3.0,0,0,0,False,skill_pass,False,True,False,True
AverDo00,donnie-avery-1,00-0026173,Donnie Avery,WR,2008,2,33,STL,houston,71.0,192.0,4.43,,,16.0,,,,,,,,,,,,,,21.0,8.0,77.0,0,0,4,False,skill_pass,False,True,False,True
MurpLo00,louis-murphy-1,00-0027089,Louis Murphy,WR,2009,4,124,OAK,florida,74.0,203.0,4.32,,,12.0,,,,,,,,,,,,,,19.0,11.0,95.0,0,0,1,False,skill_pass,False,True,False,True
BeckTr00,travis-beckum-1,00-0027070,Travis Beckum,TE,2009,3,100,NYG,wisconsin,75.0,243.0,4.61,,,28.0,,,,,,,,,,,,,,2.0,2.0,48.0,0,0,0,False,skill_pass,False,True,False,True
TantJa00,jay-tant-1,00-0019486,Jay Tant,TE,2000,5,164,ARI,northwestern,75.0,255.0,4.75,,,31.0,,,,,,,,,,,,,,0.0,0.0,5.0,0,0,0,False,skill_pass,False,True,False,True
RoweJe00,jeff-rowe-1,00-0025538,Jeff Rowe,QB,2007,5,151,CIN,nevada,77.0,226.0,4.91,29.5,114.0,,7.16,4.42,,,,,,,,,,,,,,,0,0,0,False,skill_pass,True,True,False,True
LloyBr00,brandon-lloyd-1,00-0022097,Brandon Lloyd,WR,2003,4,124,SFO,illinois,72.0,184.0,4.62,36.0,,,,,,,,,,,,,,,,41.0,11.0,142.0,1,0,6,False,skill_pass,False,True,False,True
EndeNa00,nathan-enderle-1,00-0028098,Nathan Enderle,QB,2011,5,160,CHI,idaho,76.0,240.0,5.12,25.5,102.0,,7.13,4.46,,,,,,,,,,,,,,,0,0,0,False,skill_pass,True,True,False,True
JackJa01,jarious-jackson-1,00-0019682,Jarious Jackson,QB,2000,7,214,DEN,notre dame,72.0,226.0,4.68,,109.0,,,,,,,,,,,,,,,0.0,0.0,5.0,0,0,0,False,skill_pass,False,True,False,True
StanIs00,isaiah-stanback-1,00-0025490,Isaiah Stanback,QB,2007,4,103,DAL,washington,74.0,216.0,4.6,,,22.0,,,,,,,,,,,,,,0.0,0.0,22.0,0,0,0,False,skill_pass,False,True,False,True
DugaRo00,ron-dugans-1,00-0019708,Ron Dugans,WR,2000,3,66,CIN,florida st.,73.0,206.0,4.58,,117.0,,,,,,,,,,,,,,,6.0,6.0,46.0,0,0,0,False,skill_pass,False,True,False,True
BrinAl00,alex-brink-1,00-0026363,Alex Brink,QB,2008,7,223,HOU,washington st.,74.0,211.0,4.96,28.0,112.0,,7.22,4.19,,,,,,,,,,,,,,,0,0,0,False,skill_pass,True,True,False,True
MathJe00,,00-0023549,Jerome Mathis,WR,2005,4,114,HOU,hampton,71.0,181.0,4.28,35.5,123.0,,,,,,,,,,,,,,,4.0,4.0,17.0,1,1,0,False,skill_pass,False,True,False,True
HarvPe00,percy-harvin-1,00-0026998,Percy Harvin,WR,2009,1,22,MIN,florida,71.0,192.0,4.39,,,19.0,,,,,,,,,,,,,,43.0,37.0,75.0,1,0,4,False,skill_pass,False,True,False,True
SeidMi00,mike-seidman-1,00-0022129,Mike Seidman,TE,2003,3,76,CAR,ucla,76.0,261.0,4.8,,,20.0,,,,,,,,,,,,,,1.0,1.0,43.0,0,0,0,False,skill_pass,False,True,False,True
NickHa01,hakeem-nicks-1,00-0027005,Hakeem Nicks,WR,2009,1,29,NYG,north carolina,73.0,212.0,4.51,36.0,,,,,,,,,,,,,,,,40.0,37.0,92.0,0,0,4,False,skill_pass,False,True,False,True
AingEr00,erik-ainge-1,00-0026302,Erik Ainge,QB,2008,5,162,NYJ,tennessee,77.0,225.0,4.98,21.5,108.0,,7.51,4.6,,,,,,,,,,,,,,,0,0,0,False,skill_pass,True,True,False,True
HenrMa00,marcus-henry-1,00-0026311,Marcus Henry,WR,2008,6,171,NYJ,kansas,76.0,207.0,4.55,31.5,126.0,,7.08,4.3,,,,,,,,,,,,,,,0,0,0,False,skill_pass,True,True,False,True
WarrPa00,paris-warren-2,00-0023657,Paris Warren,WR,2005,7,225,TAM,utah,72.0,219.0,4.71,31.5,,,,,,,,,,,,,,,,0.0,0.0,8.0,0,0,0,False,skill_pass,False,True,False,True
MellAa00,,00-0029896,Aaron Mellette,WR,2013,7,238,BAL,elon,74.0,217.0,4.54,33.5,123.0,9.0,7.11,4.41,,,,,,,,,,,,,,,0,0,0,False,skill_pass,True,False,False,True
ColbKe00,keary-colbert-1,00-0022726,Keary Colbert,WR,2004,2,62,CAR,southern california,73.0,207.0,4.6,30.0,,,,,,,,,,,,,,,,14.0,13.0,75.0,0,0,3,False,skill_pass,False,True,False,True
JohnTe00,teyo-johnson-1,00-0022051,Teyo Johnson,TE,2003,2,63,OAK,stanford,77.0,247.0,4.61,33.5,,,,,,,,,,,,,,,,2.0,2.0,30.0,0,0,0,False,skill_pass,False,True,False,True
AndeSc00,,00-0020370,Scotty Anderson,WR,2001,5,148,DET,grambling st.,74.0,184.0,4.57,34.5,115.0,,,,,,,,,,,,,,,8.0,8.0,34.0,0,0,0,False,skill_pass,False,True,False,True
FranWi00,william-franklin-1,00-0026245,Will Franklin,WR,2008,4,105,KAN,missouri,72.0,214.0,4.37,34.5,,,,,,,,,,,,,,,,1.0,1.0,13.0,0,0,0,False,skill_pass,False,True,False,True
HillKa20,kahlil-hill-1,00-0021097,Kahlil Hill,WR,2002,6,184,ATL,iowa,74.0,200.0,4.65,35.0,,,,,,,,,,,,,,,,0.0,0.0,1.0,0,0,0,False,skill_pass,False,True,False,True
SassBu00,bud-sasser-1,,Bud Sasser,WR,2015,6,201,STL,missouri,,,,,,,,,1.0,1.0,40.0,1.0,0.0,,,,116.0,1611.0,14.0,,,,0,0,0,False,skill_pass,True,True,True,False
RuckMa00,martin-rucker-1,00-0026251,Martin Rucker,TE,2008,4,111,CLE,missouri,77.0,251.0,4.75,,,20.0,,,,,,,,,,,,,,0.0,0.0,12.0,0,0,0,False,skill_pass,False,True,False,True
BannAl00,,00-0020361,Alex Bannister,WR,2001,5,140,SEA,eastern kentucky,77.0,201.0,4.47,30.5,110.0,,,,,,,,,,,,,,,1.0,1.0,59.0,1,0,0,False,skill_pass,False,True,False,True
WalkHu00,,00-0024389,Delanie Walker,WR,2006,6,175,SFO,central missouri st.,73.0,240.0,4.49,36.5,118.0,,,,,,,,,,,,,,,39.0,8.0,183.0,3,0,7,False,skill_pass,False,True,False,True
WillMi03,mike-williams-3,00-0023452,Mike Williams,WR,2005,1,10,DET,southern california,77.0,229.0,4.56,36.5,,,,,,,,,,,,,,,,12.0,4.0,56.0,0,0,2,False,skill_pass,False,True,False,True
AnelMa20,mark-anelli-1,00-0021308,Mark Anelli,TE,2002,6,201,SFO,wisconsin,76.0,262.0,4.8,,,18.0,,,,,,,,,,,,,,0.0,0.0,2.0,0,0,0,False,skill_pass,False,True,False,True
HardDa00,daniel-hardy-1,00-0028176,Daniel Hardy,TE,2011,7,238,TAM,idaho,76.0,249.0,4.78,,,18.0,,,,,,,,,,,34.0,474.0,3.0,,,,0,0,0,False,skill_pass,True,True,False,False
ShieAr00,,00-0026265,Arman Shields,WR,2008,4,125,OAK,richmond,73.0,194.0,4.37,37.5,128.0,19.0,6.67,3.96,,,,,,,,,,,,,,,0,0,0,False,skill_pass,True,False,False,True
SmitAl02,alex-smith-2,00-0023506,Alex Smith,TE,2005,3,71,TAM,stanford,76.0,258.0,4.88,,,28.0,,,,,,,,,,,,,,11.0,10.0,124.0,0,0,3,False,skill_pass,False,True,False,True
ParkSa00,samie-parker-1,00-0022754,Samie Parker,WR,2004,4,105,KAN,oregon,70.0,179.0,4.39,36.0,,,,,,,,,,,,,,,,13.0,13.0,47.0,0,0,2,False,skill_pass,False,True,False,True
HamiJo20,joe-hamilton-1,00-0019579,Joe Hamilton,QB,2000,7,234,TAM,georgia tech,70.0,192.0,4.81,,106.0,,,,,,,,,,,,,,,0.0,0.0,1.0,0,0,0,False,skill_pass,False,True,False,True
SaubEr00,,00-0033576,Eric Saubert,TE,2017,5,174,ATL,drake,77.0,253.0,,33.0,121.0,22.0,,,,,,,,,,,,,,2.0,0.0,112.0,0,0,0,False,skill_pass,False,True,False,True
QuinBr00,brady-quinn-1,00-0025409,Brady Quinn,QB,2007,1,22,CLE,notre dame,76.0,232.0,4.73,,,24.0,,,,,,,,,,,,,,2.0,3.0,24.0,0,0,1,False,skill_pass,False,True,False,True
MannMa00,maurice-mann-1,00-0022819,Maurice Mann,WR,2004,5,149,CIN,nevada,73.0,191.0,4.57,34.0,118.0,,,,,,,,,,,,,,,0.0,,1.0,0,0,0,False,skill_pass,False,True,False,True
SweeLi00,limas-sweed-1,00-0026193,Limas Sweed,WR,2008,2,53,PIT,texas,76.0,215.0,4.48,35.0,,,,,,,,,,,,,,,,1.0,1.0,20.0,0,0,0,False,skill_pass,False,True,False,True
JackDe00,desean-jackson-1,00-0026189,DeSean Jackson,WR,2008,2,49,PHI,california,70.0,169.0,4.35,,120.0,,,,,,,,,,,,,,,75.0,52.0,183.0,3,0,11,False,skill_pass,False,True,False,True
WillTr01,troy-williamson-1,00-0023442,Troy Williamson,WR,2005,1,7,MIN,south carolina,73.0,203.0,4.32,,,,6.99,,,,,,,,,,,,,8.0,8.0,49.0,0,0,1,False,skill_pass,False,True,False,True
GreeMa02,marcus-green-6,00-0035296,Marcus Green,WR,2019,6,203,ATL,la-monroe,,,,,,,,,,,,,,52.0,501.0,1.0,204.0,2744.0,24.0,,,,0,0,0,False,skill_pass,True,True,True,False
WinfJu00,juwann-winfree-1,00-0035593,Juwann Winfree,WR,2019,6,187,DEN,colorado,,,,,,,,,,,,,,,,,60.0,807.0,6.0,1.0,0.0,23.0,0,0,0,False,skill_pass,False,True,True,False
CampJa00,jason-campbell-1,00-0023460,Jason Campbell,QB,2005,1,25,WAS,auburn,77.0,230.0,4.71,,,,,,,,,,,,,,,,,48.0,34.0,90.0,0,0,5,False,skill_pass,False,True,False,True
CoffCh00,chase-coffman-1,00-0027069,Chase Coffman,TE,2009,3,98,CIN,missouri,78.0,244.0,4.83,,,,,,,,,,,,,,,,,0.0,0.0,39.0,0,0,0,False,skill_pass,False,True,False,True
WillLu00,luke-willson-1,00-0030089,Luke Willson,TE,2013,5,158,SEA,rice,,,,,,,,,,,,,,,,,78.0,986.0,9.0,12.0,11.0,102.0,0,0,2,False,skill_pass,False,True,True,False
SchoMa00,matt-schobel-1,00-0021084,Matt Schobel,TE,2002,3,67,CIN,texas christian,77.0,263.0,,34.5,,,,,,,,,,,,,,,,11.0,8.0,99.0,0,0,1,False,skill_pass,False,True,False,True
TurnPa00,patrick-turner-1,00-0027059,Patrick Turner,WR,2009,3,87,MIA,southern california,77.0,223.0,4.59,,,,,,,,,,,,,,,,,1.0,0.0,24.0,0,0,0,False,skill_pass,False,True,False,True
TateBr00,brandon-tate-1,00-0027057,Brandon Tate,WR,2009,3,83,NWE,north carolina,72.0,183.0,4.52,,,,,,,,,,,,,,,,,16.0,8.0,127.0,0,0,1,False,skill_pass,False,True,False,True
RandAn00,antwaan-randle-el-1,00-0021190,Antwaan Randle El,WR,2002,2,62,PIT,indiana,70.0,191.0,4.49,,,,,,,,,,,,,,,,,43.0,28.0,143.0,0,0,4,False,skill_pass,False,True,False,True
BonnAl00,,00-0030105,Alan Bonner,WR,2013,6,195,HOU,jacksonville st.,70.0,193.0,4.59,33.0,117.0,14.0,,4.15,,,,,,,,,,,,,,,0,0,0,False,skill_pass,True,True,False,True
CartDr00,drew-carter-1,00-0022879,Drew Carter,WR,2004,5,163,CAR,ohio st.,76.0,204.0,4.36,,,,,,,,,,,,,,,,,8.0,8.0,33.0,0,0,0,False,skill_pass,False,True,False,True
ReedJo01,josh-reed-1,00-0021166,Josh Reed,WR,2002,2,36,BUF,louisiana state,70.0,210.0,4.54,,,,,,,,,,,,,,,,,27.0,27.0,115.0,0,0,3,False,skill_pass,False,True,False,True
GrifRy00,ryan-griffin-1,00-0030108,Ryan Griffin,TE,2013,6,201,HOU,connecticut,,,,,,,,,,,,,,,,,116.0,1500.0,10.0,14.0,10.0,134.0,0,0,5,False,skill_pass,False,True,True,False
StevJe00,jerramy-stevens-1,00-0021159,Jerramy Stevens,TE,2002,1,28,SEA,washington,79.0,265.0,4.77,,,,,,,,,,,,,,,,,18.0,13.0,121.0,0,0,2,False,skill_pass,False,True,False,True
ButlBr00,brice-butler-1,00-0030516,Brice Butler,WR,2013,7,209,OAK,san diego st.,,,,,,,,,,,,,,,,,65.0,901.0,7.0,9.0,3.0,69.0,0,0,0,False,skill_pass,False,True,True,False
RussCl00,cliff-russell-1,00-0021212,Cliff Russell,WR,2002,3,87,WAS,utah,71.0,185.0,4.36,,,,,,,,,,,,,,,,,0.0,0.0,23.0,0,0,0,False,skill_pass,False,True,False,True
IngrCo00,,00-0026917,Cornelius Ingram,TE,2009,5,153,PHI,florida,76.0,245.0,4.68,33.0,,21.0,7.12,4.53,,,,,,,,,,,,,,,0,0,0,False,skill_pass,True,True,False,True
BomaRh00,,00-0026916,Rhett Bomar,QB,2009,5,151,NYG,sam houston st.,74.0,225.0,4.7,,106.0,25.0,6.91,4.06,,,,,,,,,,,,,,,0,0,0,False,skill_pass,True,True,False,True
OnobFe00,fendi-onobun-1,00-0027769,Fendi Onobun,TE,2010,6,170,STL,arizona,,,,,,,,,,,,,,,,,2.0,33.0,1.0,0.0,0.0,4.0,0,0,0,False,skill_pass,False,True,True,False
EdwaBr00,braylon-edwards-1,00-0023438,Braylon Edwards,WR,2005,1,3,CLE,michigan,75.0,211.0,4.45,,,,,,,,,,,,,,,,,41.0,27.0,112.0,1,0,5,False,skill_pass,False,True,False,True
TaylCh04,chris-taylor-2,,Chris Taylor,WR,2001,7,218,PIT,texas a&m,71.0,183.0,4.4,35.5,115.0,,6.81,3.93,,,,,,,,,,,,,,,0,0,0,False,skill_pass,True,True,False,True
GermRe00,reggie-germany-1,00-0020320,Reggie Germany,WR,2001,7,214,BUF,ohio st.,73.0,183.0,4.39,,,,,,,,,,,,,,,,,2.0,2.0,16.0,0,0,0,False,skill_pass,False,True,False,True
MartDa00,david-martin-2,00-0020332,David Martin,TE,2001,6,198,GNB,tennessee,76.0,242.0,4.76,,,,,,,,,,,,,,,,,12.0,6.0,120.0,0,0,4,False,skill_pass,False,True,False,True
WhitRo00,roddy-white-1,00-0023462,Roddy White,WR,2005,1,27,ATL,ala-birmingham,73.0,207.0,4.46,,,,,,,,,,,,,,,,,88.0,88.0,171.0,4,1,10,False,skill_pass,False,True,False,True
MillHe00,heath-miller-1,00-0023465,Heath Miller,TE,2005,1,30,PIT,virginia,77.0,256.0,4.79,,,,,,,,,,,,,,,,,45.0,45.0,168.0,2,0,11,False,skill_pass,False,True,False,True
ParrRo00,roscoe-parrish-1,00-0023490,Roscoe Parrish,WR,2005,2,55,BUF,miami,70.0,168.0,4.37,,,,,,,,,,,,,,,,,14.0,14.0,90.0,0,0,0,False,skill_pass,False,True,False,True
MurpTe00,terrence-murphy-1,00-0023493,Terrence Murphy,WR,2005,2,58,GNB,texas a&m,73.0,202.0,4.39,,,,,,,,,,,,,,,,,0.0,0.0,3.0,0,0,0,False,skill_pass,False,True,False,True
JackVi00,,00-0023496,Vincent Jackson,WR,2005,2,61,SDG,northern colorado,77.0,241.0,4.46,39.0,,,,,,,,,,,,,,,,77.0,49.0,155.0,3,0,8,False,skill_pass,False,True,False,True
SoreBr00,,00-0030292,Brad Sorensen,QB,2013,7,221,SDG,southern utah,76.0,229.0,4.97,29.0,112.0,,7.17,4.55,,,,,,,,,,,,,,,0,0,0,False,skill_pass,True,True,False,True
MaclJe00,jeremy-maclin-1,00-0026995,Jeremy Maclin,WR,2009,1,19,PHI,missouri,72.0,198.0,4.43,,,,,,,,,,,,,,,,,50.0,33.0,114.0,0,0,8,False,skill_pass,False,True,False,True
LeliAs00,ashley-lelie-1,00-0021152,Ashley Lelie,WR,2002,1,19,DEN,hawaii,75.0,197.0,4.49,,,,,,,,,,,,,,,,,35.0,30.0,107.0,0,0,4,False,skill_pass,False,True,False,True
CrabMi00,michael-crabtree-1,00-0026986,Michael Crabtree,WR,2009,1,10,SFO,texas tech,73.0,215.0,4.54,,,,,,,,,,,,,,,,,53.0,33.0,143.0,0,0,10,False,skill_pass,False,True,False,True
ShocJe00,jeremy-shockey-1,00-0021148,Jeremy Shockey,TE,2002,1,14,NYG,miami,77.0,255.0,4.64,,,,,,,,,,,,,,,,,48.0,35.0,136.0,4,1,10,False,skill_pass,False,True,False,True
StalDo00,donte-stallworth-1,00-0021147,Donte' Stallworth,WR,2002,1,13,NOR,tennessee,72.0,197.0,4.22,,,,,,,,,,,,,,,,,39.0,22.0,115.0,0,0,4,False,skill_pass,False,True,False,True
ArriAd00,adrian-arrington-1,00-0026377,Adrian Arrington,WR,2008,7,237,NOR,michigan,75.0,203.0,4.55,,,,,,,,,,,,,,,,,1.0,1.0,5.0,0,0,0,False,skill_pass,False,True,False,True
KingAn00,andre-king-1,00-0020415,Andre King,WR,2001,7,245,CLE,miami,72.0,199.0,4.61,,,,,,,,,,,,,,,,,2.0,2.0,42.0,0,0,0,False,skill_pass,False,True,False,True
DaveRo01,rohan-davey-1,00-0021238,Rohan Davey,QB,2002,4,117,NWE,louisiana state,74.0,245.0,4.74,,,,,,,,,,,,,,,,,0.0,0.0,7.0,0,0,0,False,skill_pass,False,True,False,True
KonzJa00,jameson-konz-1,00-0027836,Jameson Konz,TE,2010,7,245,SEA,kent st.,,,,,,,,,,,,,,,,,23.0,310.0,2.0,0.0,0.0,1.0,0,0,0,False,skill_pass,False,True,True,False
JacoTa00,taylor-jacobs-1,00-0022124,Taylor Jacobs,WR,2003,2,44,WAS,florida,72.0,205.0,4.42,,,,,,,,,,,,,,,,,2.0,2.0,56.0,0,0,0,False,skill_pass,False,True,False,True
GrosRe00,rex-grossman-1,00-0022121,Rex Grossman,QB,2003,1,22,CHI,florida,73.0,217.0,5.06,,,,,,,,,,,,,,,,,23.0,16.0,54.0,0,0,3,False,skill_pass,False,True,False,True
DurhKr00,kris-durham-1,00-0028045,Kris Durham,WR,2011,4,107,SEA,georgia,,,,,,,,,,,,,,,,,64.0,1108.0,4.0,5.0,0.0,27.0,0,0,1,False,skill_pass,False,True,True,False
JohnMa04,manuel-johnson-1,00-0027149,Manuel Johnson,WR,2009,7,229,DAL,oklahoma,71.0,189.0,4.5,,,,,,,,,,,,,,,,,0.0,0.0,2.0,0,0,0,False,skill_pass,False,True,False,True
JohnBr02,bryant-johnson-1,00-0022156,Bryant Johnson,WR,2003,1,17,ARI,penn st.,74.0,214.0,4.57,,,,,,,,,,,,,,,,,26.0,18.0,139.0,0,0,4,False,skill_pass,False,True,False,True
FitzLa00,larry-fitzgerald-1,00-0022921,Larry Fitzgerald,WR,2004,1,3,ARI,pittsburgh,75.0,225.0,4.48,,,,,,,,,,,,,,,,,93.0,93.0,263.0,11,1,17,True,skill_pass,False,True,False,True
GordRi00,richard-gordon-1,00-0028119,Richard Gordon,TE,2011,6,181,OAK,miami,,,,,,,,,,,,,,,,,10.0,62.0,0.0,0.0,0.0,35.0,0,0,0,False,skill_pass,False,True,True,False
WashKe00,kelley-washington-1,00-0022171,Kelley Washington,WR,2003,3,65,CIN,tennessee,74.0,223.0,4.42,,,,,,,,,,,,,,,,,13.0,7.0,91.0,0,0,0,False,skill_pass,False,True,False,True
GageJu00,justin-gage-1,00-0021982,Justin Gage,WR,2003,5,143,CHI,missouri,76.0,217.0,4.45,,,,,,,,,,,,,,,,,25.0,6.0,100.0,0,0,3,False,skill_pass,False,True,False,True
McDoSh00,shaun-mcdonald-1,00-0021981,Shaun McDonald,WR,2003,4,106,STL,arizona st.,68.0,169.0,4.43,,,,,,,,,,,,,,,,,19.0,8.0,88.0,0,0,1,False,skill_pass,False,True,False,True
McMuBi00,billy-mcmullen-1,00-0022135,Billy McMullen,WR,2003,3,95,PHI,virginia,76.0,210.0,4.61,,,,,,,,,,,,,,,,,5.0,2.0,49.0,0,0,0,False,skill_pass,False,True,False,True
LeftBy00,byron-leftwich-1,00-0022177,Byron Leftwich,QB,2003,1,7,JAX,marshall,77.0,241.0,4.85,,,,,,,,,,,,,,,,,33.0,30.0,60.0,0,0,3,False,skill_pass,False,True,False,True
TrouBe00,ben-troupe-1,00-0022916,Ben Troupe,TE,2004,2,40,TEN,florida,76.0,265.0,4.65,,,,,,,,,,,,,,,,,8.0,8.0,57.0,0,0,2,False,skill_pass,False,True,False,True
RobiAd00,adrien-robinson-1,00-0029281,Adrien Robinson,TE,2012,4,127,NYG,cincinnati,,,,,,,,,,,,,,,,,29.0,434.0,5.0,0.0,0.0,19.0,0,0,0,False,skill_pass,False,True,True,False
HendDe00,devery-henderson-1,00-0022929,Devery Henderson,WR,2004,2,50,NOR,louisiana state,71.0,198.0,4.41,,,,,,,,,,,,,,,,,36.0,36.0,124.0,0,0,6,False,skill_pass,False,True,False,True
WattDa00,darius-watts-1,00-0022751,Darius Watts,WR,2004,2,54,DEN,marshall,73.0,188.0,4.5,,,,,,,,,,,,,,,,,4.0,4.0,22.0,0,0,0,False,skill_pass,False,True,False,True
LawrQu00,,00-0027122,Quinten Lawrence,WR,2009,6,175,KAN,mcneese st.,72.0,184.0,4.4,,,20.0,,,,,,,,,,,,,,0.0,0.0,6.0,0,0,0,False,skill_pass,False,True,False,True
SchiJa20,jake-schifino-1,00-0021264,Jake Schifino,WR,2002,5,151,TEN,akron,73.0,200.0,4.49,,,,,,,,,,,,,,,,,0.0,0.0,14.0,0,0,0,False,skill_pass,False,True,False,True
HamiDe20,derrick-hamilton-1,00-0022853,Derrick Hamilton,WR,2004,3,77,SFO,clemson,75.0,196.0,4.54,,,,,,,,,,,,,,,,,0.0,0.0,2.0,0,0,0,False,skill_pass,False,True,False,True
WillRo04,roy-williams-3,00-0022909,Roy Williams,WR,2004,1,7,DET,texas,74.0,212.0,4.48,,,,,,,,,,,,,,,,,42.0,30.0,115.0,1,0,7,False,skill_pass,False,True,False,True
JoneDa02,daryl-jones-1,00-0021330,Daryl Jones,WR,2002,7,226,NYG,miami,69.0,180.0,4.35,,,,,,,,,,,,,,,,,1.0,1.0,15.0,0,0,0,False,skill_pass,False,True,False,True
RogeCh01,charles-rogers-1,00-0022072,Charles Rogers,WR,2003,1,2,DET,michigan st.,74.0,202.0,4.4,,,,,,,,,,,,,,,,,4.0,4.0,15.0,0,0,0,False,skill_pass,False,True,False,True
PalmCa00,carson-palmer-1,00-0021429,Carson Palmer,QB,2003,1,1,CIN,southern california,77.0,232.0,4.65,,,,,,,,,,,,,,,,,107.0,60.0,182.0,3,0,12,False,skill_pass,False,True,False,True
WillRe00,reggie-williams-1,00-0022889,Reggie Williams,WR,2004,1,9,JAX,washington,76.0,229.0,4.56,,,,,,,,,,,,,,,,,23.0,23.0,79.0,0,0,3,False,skill_pass,False,True,False,True
TaylRy00,ryan-taylor-1,00-0028156,Ryan Taylor,TE,2011,7,218,GNB,north carolina,,,,,,,,,,,,,,,,,36.0,330.0,2.0,0.0,0.0,58.0,0,0,0,False,skill_pass,False,True,True,False
RoetBe00,ben-roethlisberger-1,00-0022924,Ben Roethlisberger,QB,2004,1,11,PIT,miami (oh),77.0,241.0,4.75,,,,,,,,,,,,,,,,,131.0,131.0,249.0,6,0,17,False,skill_pass,False,True,False,True
GibsBr00,brandon-gibson-1,00-0026937,Brandon Gibson,WR,2009,6,194,PHI,washington st.,72.0,210.0,4.59,,,,,,,,,,,,,,,,,17.0,0.0,76.0,0,0,3,False,skill_pass,False,True,False,True
JenkMi00,michael-jenkins-1,00-0022781,Michael Jenkins,WR,2004,1,29,ATL,ohio st.,76.0,218.0,4.4,,,,,,,,,,,,,,,,,39.0,33.0,130.0,0,0,6,False,skill_pass,False,True,False,True
WaltAn00,andrew-walter-1,00-0023504,Andrew Walter,QB,2005,3,69,OAK,arizona st.,78.0,233.0,4.86,,,,,,,,,,,,,,,,,1.0,1.0,15.0,0,0,1,False,skill_pass,False,True,False,True
ByrdDo00,dominique-byrd-1,00-0024308,Dominique Byrd,TE,2006,3,93,STL,southern california,75.0,255.0,4.79,,,,,,,,,,,,,,,,,0.0,0.0,17.0,0,0,0,False,skill_pass,False,True,False,True
ClemKe00,kellen-clemens-1,00-0024264,Kellen Clemens,QB,2006,2,49,NYJ,oregon,74.0,224.0,4.89,,,,,,,,,,,,,,,,,10.0,3.0,64.0,0,0,2,False,skill_pass,False,True,False,True
SmitTr02,troy-smith-1,00-0025561,Troy Smith,QB,2007,5,174,BAL,ohio st.,72.0,225.0,4.72,,,,,,,,,,,,,,,,,6.0,2.0,20.0,0,0,0,False,skill_pass,False,True,False,True
RobiMi00,michael-robinson-1,00-0024315,Michael Robinson,WR,2006,4,100,SFO,penn st.,73.0,227.0,4.57,,,,,,,,,,,,,,,,,7.0,4.0,112.0,1,0,1,False,skill_pass,False,True,False,True
JackDa00,darrell-jackson-1,00-0019663,Darrell Jackson,WR,2000,3,80,SEA,florida,72.0,197.0,4.56,,,,,,,,,,,,,,,,,55.0,51.0,123.0,0,0,7,False,skill_pass,False,True,False,True
ThomMi04,michael-thomas-6,00-0033114,Mike Thomas,WR,2016,6,206,LAR,southern miss,,,,,,,,,,,,,,,,,10.0,83.0,0.0,2.0,1.0,76.0,0,0,0,False,skill_pass,False,True,True,False
KentJo20,jordan-kent-1,00-0025597,Jordan Kent,WR,2007,6,210,SEA,oregon,76.0,217.0,4.49,,,,,,,,,,,,,,,,,0.0,0.0,14.0,0,0,0,False,skill_pass,False,True,False,True
YounVi00,vince-young-1,00-0024218,Vince Young,QB,2006,1,3,TEN,texas,77.0,229.0,4.48,,,,,,,,,,,,,,,,,33.0,31.0,60.0,2,0,4,False,skill_pass,False,True,False,True
LeinMa00,matt-leinart-1,00-0024225,Matt Leinart,QB,2006,1,10,ARI,southern california,77.0,223.0,4.9,,,,,,,,,,,,,,,,,12.0,12.0,33.0,0,0,1,False,skill_pass,False,True,False,True
HolmSa00,santonio-holmes-1,00-0024240,Santonio Holmes,WR,2006,1,25,PIT,ohio st.,71.0,188.0,4.35,,,,,,,,,,,,,,,,,47.0,35.0,112.0,0,0,6,False,skill_pass,False,True,False,True
MossSi00,sinorice-moss-1,00-0024259,Sinorice Moss,WR,2006,2,44,NYG,miami,68.0,185.0,4.38,,,,,,,,,,,,,,,,,4.0,4.0,37.0,0,0,0,False,skill_pass,False,True,False,True
JarrDw00,dwayne-jarrett-1,00-0025432,Dwayne Jarrett,WR,2007,2,45,CAR,southern california,76.0,219.0,4.62,,,,,,,,,,,,,,,,,4.0,4.0,32.0,0,0,0,False,skill_pass,False,True,False,True
GinnTe00,ted-ginn-jr-1,00-0025396,Ted Ginn Jr.,WR,2007,1,9,MIA,ohio st.,71.0,178.0,4.38,,,,,,,,,,,,,,,,,52.0,15.0,193.0,0,0,7,False,skill_pass,False,True,False,True
KinnEr00,erron-kinney-1,00-0019659,Erron Kinney,TE,2000,3,68,TEN,florida,78.0,272.0,4.9,,,,,,,,,,,,,,,,,15.0,15.0,83.0,0,0,6,False,skill_pass,False,True,False,True
FranBu00,bubba-franks-1,00-0019644,Bubba Franks,TE,2000,1,14,GNB,miami,78.0,265.0,4.85,,,,,,,,,,,,,,,,,20.0,19.0,122.0,3,0,6,False,skill_pass,False,True,False,True
JohnCa00,calvin-johnson-1,00-0025389,Calvin Johnson,WR,2007,1,2,DET,georgia tech,77.0,239.0,4.35,,,,,,,,,,,,,,,,,78.0,78.0,135.0,6,3,9,True,skill_pass,False,True,False,True
RussJa00,jamarcus-russell-1,00-0025388,JaMarcus Russell,QB,2007,1,1,OAK,louisiana state,77.0,265.0,4.83,,,,,,,,,,,,,,,,,6.0,6.0,31.0,0,0,2,False,skill_pass,False,True,False,True
MassTi20,tim-massaquoi-1,00-0024458,Tim Massaquoi,TE,2006,7,244,TAM,michigan,75.0,259.0,4.85,,,32.0,,,,,,,,,,,,,,0.0,,11.0,0,0,0,False,skill_pass,False,True,False,True
WarrPe00,peter-warrick-1,00-0019455,Peter Warrick,WR,2000,1,4,CIN,florida st.,71.0,194.0,4.58,,,,,,,,,,,,,,,,,27.0,25.0,79.0,0,0,4,False,skill_pass,False,True,False,True
PinkTo00,todd-pinkston-1,00-0019606,Todd Pinkston,WR,2000,2,36,PHI,southern miss,74.0,169.0,4.45,,,,,,,,,,,,,,,,,25.0,25.0,78.0,0,0,4,False,skill_pass,False,True,False,True
SpaeMa00,matt-spaeth-1,00-0025464,Matt Spaeth,TE,2007,3,77,PIT,minnesota,79.0,270.0,4.83,,,,,,,,,,,,,,,,,2.0,2.0,123.0,0,0,6,False,skill_pass,False,True,False,True
PortJe00,jerry-porter-1,00-0019703,Jerry Porter,WR,2000,2,47,OAK,west virginia,74.0,221.0,4.48,,,,,,,,,,,,,,,,,33.0,32.0,115.0,0,0,4,False,skill_pass,False,True,False,True
HernCh00,christopher-herndon-iv-1,00-0034766,Chris Herndon,TE,2018,4,107,NYJ,miami,76.0,253.0,,,,21.0,,,,,,,,,,,,,,6.0,6.0,49.0,0,0,2,False,skill_pass,False,True,False,True
RatlDa00,damion-ratley-1,00-0034273,Damion Ratley,WR,2018,6,175,CLE,texas a&m,,,,,,,,,,,,,,,,,47.0,920.0,8.0,4.0,3.0,31.0,0,0,0,False,skill_pass,False,True,True,False
JohnMa06,malcolm-johnson-2,00-0032068,Malcolm Johnson,TE,2015,6,195,CLE,mississippi st.,,,,,,,,,,,,,,,,,79.0,1148.0,10.0,0.0,0.0,19.0,0,0,0,False,skill_pass,False,True,True,False
BackKe00,kennard-backman-1,00-0031617,Kennard Backman,TE,2015,6,213,GNB,ala-birmingham,,,,,,,,,,,,,,,,,96.0,979.0,9.0,0.0,0.0,7.0,0,0,0,False,skill_pass,False,True,True,False
MorgQu00,quincy-morgan-1,00-0020427,Quincy Morgan,WR,2001,2,33,CLE,kansas st.,73.0,211.0,4.48,,,,,,,,,,,,,,,,,20.0,17.0,86.0,0,0,4,False,skill_pass,False,True,False,True
HeapTo00,todd-heap-1,00-0020516,Todd Heap,TE,2001,1,31,BAL,arizona st.,77.0,252.0,4.68,,,,,,,,,,,,,,,,,43.0,42.0,145.0,2,0,8,False,skill_pass,False,True,False,True
WaynRe00,reggie-wayne-1,00-0020498,Reggie Wayne,WR,2001,1,30,IND,miami,72.0,198.0,4.45,,,,,,,,,,,,,,,,,116.0,116.0,211.0,6,1,13,False,skill_pass,False,True,False,True
DeboAn00,andre-debose-1,00-0032121,Andre Debose,WR,2015,7,221,OAK,florida,,,,,,,,,,,,,,7.0,52.0,0.0,30.0,540.0,4.0,,,,0,0,0,False,skill_pass,True,True,True,False
DoucEa00,early-doucet-1,00-0026221,Early Doucet,WR,2008,3,81,ARI,louisiana state,72.0,209.0,4.59,,,,,,,,,,,,,,,,,10.0,10.0,54.0,0,0,0,False,skill_pass,False,True,False,True
WrigJa03,james-wright-4,00-0031291,James Wright,WR,2014,7,239,CIN,louisiana state,,,,,,,,,,,,,,,,,25.0,304.0,0.0,2.0,2.0,24.0,0,0,0,False,skill_pass,False,True,True,False
HenrCh00,chris-henry-3,00-0023518,Chris Henry,WR,2005,3,83,CIN,west virginia,76.0,197.0,4.5,,,,,,,,,,,,,,,,,16.0,16.0,55.0,0,0,0,False,skill_pass,False,True,False,True
WeinCh00,chris-weinke-1,00-0020434,Chris Weinke,QB,2001,4,106,CAR,florida st.,76.0,226.0,5.2,,,,,,,,,,,,,,,,,9.0,9.0,29.0,0,0,1,False,skill_pass,False,True,False,True
MorgJo00,josh-morgan-2,00-0026314,Josh Morgan,WR,2008,6,174,SFO,virginia tech,72.0,219.0,4.46,,,,,,,,,,,,,,,,,21.0,13.0,93.0,0,0,5,False,skill_pass,False,True,False,True
EverKe00,kevin-everett-1,00-0023521,Kevin Everett,TE,2005,3,86,BUF,miami,77.0,241.0,4.72,,,,,,,,,,,,,,,,,0.0,0.0,17.0,0,0,0,False,skill_pass,False,True,False,True
DixoDe00,dennis-dixon-1,00-0026296,Dennis Dixon,QB,2008,5,156,PIT,oregon,75.0,195.0,4.58,,,,,,,,,,,,,,,,,2.0,2.0,4.0,0,0,0,False,skill_pass,False,True,False,True
MossSa00,santana-moss-1,00-0020494,Santana Moss,WR,2001,1,16,NYJ,miami,70.0,184.0,4.31,,,,,,,,,,,,,,,,,72.0,23.0,197.0,1,0,9,False,skill_pass,False,True,False,True
GardRo00,rod-gardner-1,00-0020525,Rod Gardner,WR,2001,1,15,WAS,clemson,74.0,219.0,4.48,,,,,,,,,,,,,,,,,25.0,23.0,91.0,0,0,4,False,skill_pass,False,True,False,True
VickMi00,michael-vick-1,00-0020245,Michael Vick,QB,2001,1,1,ATL,virginia tech,72.0,210.0,4.33,,,,,,,,,,,,,,,,,92.0,60.0,143.0,4,0,7,False,skill_pass,False,True,False,True
KellMa01,malcolm-kelly-1,00-0026191,Malcolm Kelly,WR,2008,2,51,WAS,oklahoma,76.0,224.0,4.68,,,,,,,,,,,,,,,,,3.0,3.0,21.0,0,0,1,False,skill_pass,False,True,False,True
TerrDa00,david-terrell-1,00-0020513,David Terrell,WR,2001,1,8,CHI,michigan,75.0,213.0,4.43,,,,,,,,,,,,,,,,,11.0,11.0,54.0,0,0,1,False,skill_pass,False,True,False,True
AndeRo01,rory-anderson-1,00-0032072,Rory Anderson,TE,2015,7,254,SFO,south carolina,77.0,244.0,4.73,,,,,,,,,,,,,,61.0,954.0,9.0,,,,0,0,0,False,skill_pass,True,True,False,False
SwaiGe00,geoff-swaim-1,00-0032141,Geoff Swaim,TE,2015,7,246,DAL,texas,,,,,,,,,,,,,,,,,13.0,84.0,1.0,6.0,3.0,108.0,0,0,3,False,skill_pass,False,True,True,False
EdwaAr00,,00-0027692,Armanti Edwards,WR,2010,3,89,CAR,appalachian st.,71.0,187.0,4.41,,,,,,,,,,,,,,,,,1.0,1.0,41.0,0,0,0,False,skill_pass,False,True,False,True
WebbJe00,jeff-webb-2,00-0024404,Jeff Webb,WR,2006,6,190,KAN,san diego st.,75.0,215.0,,,,,,,,,,,,,,,,,,2.0,2.0,31.0,0,0,0,False,skill_pass,False,True,False,True
MaucMa00,matt-mauck-1,00-0022768,Matt Mauck,QB,2004,7,225,DEN,louisiana state,74.0,228.0,4.79,,,,,,,,,,,,,,,,,1.0,,2.0,0,0,0,False,skill_pass,False,True,False,True
RivePh00,philip-rivers-1,00-0022942,Philip Rivers,QB,2004,1,4,NYG,north carolina st.,77.0,229.0,5.08,,,,,,,,,,,,,,,,,150.0,,247.0,8,0,15,False,skill_pass,False,True,False,True
MannEl00,eli-manning-1,00-0022803,Eli Manning,QB,2004,1,1,SDG,mississippi,77.0,221.0,4.9,,,,,,,,,,,,,,,,,121.0,,236.0,4,0,14,False,skill_pass,False,True,False,True
ThorCr00,craphonso-thorpe-1,00-0023551,Craphonso Thorpe,WR,2005,4,116,KAN,florida st.,73.0,188.0,4.38,,,,,,,,,,,,,,,,,1.0,,5.0,0,0,0,False,skill_pass,False,True,False,True
RambKe00,ken-yon-rambo-1,00-0020425,Ken-Yon Rambo,WR,2001,7,229,OAK,ohio st.,73.0,196.0,4.34,,,,,,,,,,,,,,,,,1.0,,29.0,0,0,0,False,skill_pass,False,True,False,True
SuthVi00,vinny-sutherland-1,00-0020273,Vinny Sutherland,WR,2001,5,136,ATL,purdue,69.0,192.0,4.48,,,,,,,,,,,,,,,,,0.0,,16.0,0,0,0,False,skill_pass,False,True,False,True
ColeB.00,,00-0029219,B.J. Coleman,QB,2012,7,243,GNB,chattanooga,75.0,233.0,4.94,,109.0,,7.07,4.38,,,,,,,,,,,,,,,0,0,0,False,skill_pass,True,True,False,True
WillMi06,michael-williams-3,00-0030110,Michael Williams,TE,2013,7,211,DET,alabama,,,,,,,,,,,,,,,,,51.0,503.0,7.0,0.0,,15.0,0,0,1,False,skill_pass,False,True,True,False
FarmDa00,danny-farmer-1,00-0019543,Danny Farmer,WR,2000,4,103,PIT,ucla,75.0,217.0,4.58,,,,,,,,,,,,,,,,,5.0,,33.0,0,0,0,False,skill_pass,False,True,False,True
WillCh05,,00-0033933,Chad Williams,WR,2017,3,98,ARI,grambling st.,,,,,,,,,,,,,,,,,21.0,237.0,0.0,1.0,1.0,17.0,0,0,1,False,skill_pass,False,True,True,False
SmitTr04,,00-0034278,Tremon Smith,WR,2018,6,196,KAN,central arkansas,,,,,,,,,,,,,,1.0,4.0,0.0,,,,8.0,1.0,117.0,0,0,0,False,skill_pass,False,True,True,True
O'ShJa00,,00-0031951,James O'Shaughnessy,TE,2015,5,173,KAN,illinois st.,,,,,,,,,,,,,,,,,6.0,64.0,0.0,7.0,1.0,80.0,0,0,3,False,skill_pass,False,True,True,False
FounDa00,,00-0034395,Daurice Fountain,WR,2018,5,159,IND,northern iowa,,,,,,,,,,,,,,,,,6.0,44.0,0.0,0.0,0.0,8.0,0,0,0,False,skill_pass,False,True,True,False
PoweWa00,,00-0031268,Walt Powell,WR,2014,6,196,ARI,murray st.,,,,,,,,,,,,,,,,,17.0,117.0,1.0,1.0,,15.0,0,0,0,False,skill_pass,False,True,True,False
JohnCh08,,00-0030113,Charles Johnson,WR,2013,7,216,GNB,grand valley st.,,,,,,,,,,,,,,,,,94.0,1370.0,10.0,7.0,,39.0,0,0,0,False,skill_pass,False,True,True,False
MaxwMa00,marcus-maxwell-1,00-0023655,Marcus Maxwell,WR,2005,7,223,SFO,oregon,,,,,,,,,,,,,,,,,,,,0.0,0.0,9.0,0,0,0,False,skill_pass,False,True,True,True
CassMa00,matt-cassel-1,00-0023662,Matt Cassel,QB,2005,7,230,NWE,southern california,,,,,,,,,,,,,,,,,,,,47.0,18.0,107.0,1,0,6,False,skill_pass,False,True,True,True
SmitEm20,emanuel-smith-1,00-0019499,Emanuel Smith,WR,2000,6,196,JAX,arkansas,,,,,,,,,,,,,,,,,,,,0.0,0.0,1.0,0,0,0,False,skill_pass,False,True,True,True
KilmEt00,ethan-kilmer-1,00-0024423,Ethan Kilmer,WR,2006,7,209,CIN,penn st.,,,,,,,,,,,,,,,,,,,,0.0,0.0,16.0,0,0,0,False,skill_pass,False,True,True,True
HallDa00,dante-hall-1,00-0019539,Dante Hall,WR,2000,5,153,KAN,texas a&m,,,,,,,,,,,,,,,,,,,,29.0,28.0,112.0,2,1,0,False,skill_pass,False,True,True,True
HixoDo00,domenik-hixon-1,00-0024345,Domenik Hixon,WR,2006,4,130,DEN,akron,,,,,,,,,,,,,,,,,,,,17.0,0.0,76.0,0,0,0,False,skill_pass,False,True,True,True
EstePa00,patrick-estes-1,00-0023680,Patrick Estes,TE,2005,7,248,SFO,virginia,,,,,,,,,,,,,,,,,,,,0.0,0.0,8.0,0,0,0,False,skill_pass,False,True,True,True
JennBr00,brian-jennings-1,00-0019548,Brian Jennings,TE,2000,7,230,SFO,arizona st.,,,,,,,,,,,,,,,,,,,,0.0,0.0,208.0,2,0,0,False,skill_pass,False,True,True,True
HillDa20,darrell-hill-1,00-0021329,Darrell Hill,WR,2002,7,225,TEN,northern illinois,,,,,,,,,,,,,,,,,,,,0.0,0.0,33.0,0,0,0,False,skill_pass,False,True,True,True
GilmJo00,john-gilmore-1,00-0021304,John Gilmore,TE,2002,6,196,NOR,penn st.,,,,,,,,,,,,,,,,,,,,3.0,0.0,145.0,0,0,2,False,skill_pass,False,True,True,True
PutzJe00,jeb-putzier-1,00-0021100,Jeb Putzier,TE,2002,6,191,DEN,boise st.,,,,,,,,,,,,,,,,,,,,12.0,11.0,69.0,0,0,1,False,skill_pass,False,True,True,True
SimmSa20,sam-simmons-1,00-0021283,Sam Simmons,WR,2002,5,170,MIA,northwestern,,,,,,,,,,,,,,,,,,,,0.0,0.0,11.0,0,0,0,False,skill_pass,False,True,True,True
NallCr00,craig-nall-1,00-0021277,Craig Nall,QB,2002,5,164,GNB,louisiana state,,,,,,,,,,,,,,,,,,,,1.0,1.0,7.0,0,0,0,False,skill_pass,False,True,True,True
SandDa00,darnell-sanders-1,00-0021241,Darnell Sanders,TE,2002,4,122,CLE,ohio st.,,,,,,,,,,,,,,,,,,,,1.0,1.0,28.0,0,0,1,False,skill_pass,False,True,True,True
WallTa00,taco-wallace-1,00-0021948,Taco Wallace,WR,2003,7,224,SEA,kansas st.,,,,,,,,,,,,,,,,,,,,0.0,0.0,4.0,0,0,0,False,skill_pass,False,True,True,True
St.PBr20,brian-st-pierre-1,00-0022101,Brian St. Pierre,QB,2003,5,163,PIT,boston col.,,,,,,,,,,,,,,,,,,,,0.0,0.0,3.0,0,0,0,False,skill_pass,False,True,True,True
PondWi00,willie-ponder-1,00-0021923,Willie Ponder,WR,2003,6,199,NYG,se missouri st.,,,,,,,,,,,,,,,,,,,,2.0,2.0,38.0,0,0,0,False,skill_pass,False,True,True,True
BollBr00,brooks-bollinger-1,00-0022026,Brooks Bollinger,QB,2003,6,200,NYJ,wisconsin,,,,,,,,,,,,,,,,,,,,6.0,5.0,21.0,0,0,1,False,skill_pass,False,True,True,True
MurpMa00,matt-murphy-1,00-0021352,Matt Murphy,TE,2002,7,252,DET,maryland,,,,,,,,,,,,,,,,,,,,0.0,0.0,28.0,0,0,0,False,skill_pass,False,True,True,True
HamdGi00,gibran-hamdan-1,00-0022112,Gibran Hamdan,QB,2003,7,232,WAS,indiana,,,,,,,,,,,,,,,,,,,,0.0,0.0,1.0,0,0,0,False,skill_pass,False,True,True,True
HaddDr00,drew-haddad-1,00-0019625,Drew Haddad,WR,2000,7,233,BUF,buffalo,,,,,,,,,,,,,,,,,,,,0.0,0.0,2.0,0,0,0,False,skill_pass,False,True,True,True
HousTJ00,tj-houshmandzadeh-1,00-0020438,T.J. Houshmandzadeh,WR,2001,7,204,CIN,oregon st.,,,,,,,,,,,,,,,,,,,,56.0,48.0,146.0,1,0,6,False,skill_pass,False,True,True,True
FeelA.00,aj-feeley-1,00-0020305,A.J. Feeley,QB,2001,5,155,PHI,oregon,,,,,,,,,,,,,,,,,,,,7.0,6.0,28.0,0,0,1,False,skill_pass,False,True,True,True
WillRo05,roydell-williams-1,00-0023570,Roydell Williams,WR,2005,4,136,TEN,tulane,,,,,,,,,,,,,,,,,,,,10.0,9.0,56.0,0,0,1,False,skill_pass,False,True,True,True
SorgJi00,jim-sorgi-1,00-0022744,Jim Sorgi,QB,2004,6,193,IND,wisconsin,,,,,,,,,,,,,,,,,,,,5.0,5.0,16.0,0,0,0,False,skill_pass,False,True,True,True
KranMa00,matt-kranchick-1,00-0022219,Matt Kranchick,TE,2004,6,194,PIT,penn st.,,,,,,,,,,,,,,,,,,,,0.0,0.0,8.0,0,0,0,False,skill_pass,False,True,True,True
JoneMa01,mark-jones-1,00-0022882,Mark Jones,WR,2004,7,206,TAM,tennessee,,,,,,,,,,,,,,,,,,,,0.0,0.0,62.0,0,0,0,False,skill_pass,False,True,True,True
MyerBr00,brandon-myers-1,00-0027135,Brandon Myers,TE,2009,6,202,OAK,iowa,,,,,,,,,,,,,,,,,,,,12.0,8.0,115.0,0,0,5,False,skill_pass,False,True,True,True
EdelJu00,julian-edelman-1,00-0027150,Julian Edelman,WR,2009,7,232,NWE,kent st.,,,,,,,,,,,,,,,,,,,,61.0,61.0,137.0,0,0,7,False,skill_pass,False,True,True,True
OConJa00,jake-oconnell-1,00-0027154,Jake O'Connell,TE,2009,7,237,KAN,miami (oh),,,,,,,,,,,,,,,,,,,,0.0,0.0,35.0,0,0,0,False,skill_pass,False,True,True,True
FostBr00,,00-0027111,Brooks Foster,WR,2009,5,160,STL,north carolina,72.0,211.0,4.44,,,27.0,,,,,,,,,,,,,,,,,0,0,0,False,skill_pass,True,True,False,True
SchiCh00,chaz-schilens-1,00-0026366,Chaz Schilens,WR,2008,7,226,OAK,san diego st.,,,,,,,,,,,,,,,,,,,,7.0,6.0,59.0,0,0,1,False,skill_pass,False,True,True,True
JohnSt00,steve-johnson-2,00-0026364,Stevie Johnson,WR,2008,7,224,BUF,kentucky,,,,,,,,,,,,,,,,,,,,33.0,29.0,99.0,0,0,5,False,skill_pass,False,True,True,True
SwaiBr00,brett-swain-1,00-0026357,Brett Swain,WR,2008,7,217,GNB,san diego st.,,,,,,,,,,,,,,,,,,,,1.0,1.0,27.0,0,0,0,False,skill_pass,False,True,True,True
WoodAn00,andre-woodson-1,00-0026338,Andre Woodson,QB,2008,6,198,NYG,kentucky,76.0,229.0,4.85,,,,,,,,,,,,,,,,,,,,0,0,0,False,skill_pass,True,True,False,True
BrenCo00,colt-brennan-1,00-0026326,Colt Brennan,QB,2008,6,186,WAS,hawaii,74.0,207.0,4.79,,,,,,,,,,,,,,,,,,,,0,0,0,False,skill_pass,True,True,False,True
SlatMa00,matt-slater-1,00-0026293,Matthew Slater,WR,2008,5,153,NWE,ucla,,,,,,,,,,,,,,,,,,,,0.0,0.0,239.0,10,2,0,False,skill_pass,False,True,True,True
ZingKe20,keith-zinger-1,00-0026372,Keith Zinger,TE,2008,7,232,ATL,louisiana state,,,,,,,,,,,,,,,,,,,,0.0,0.0,15.0,0,0,0,False,skill_pass,False,True,True,True
ThomTa00,taylor-thompson-1,00-0029590,Taylor Thompson,TE,2012,5,145,TEN,southern methodist,,,,,,,,,,,,,,,,,,,,0.0,0.0,35.0,0,0,0,False,skill_pass,False,True,True,True
BolsTe00,ted-bolser-1,00-0031088,Ted Bolser,TE,2014,7,217,WAS,indiana,,,,,,,,,,,,,,,,,117.0,1337.0,15.0,,,,0,0,0,False,skill_pass,True,True,True,False
CeleBr00,brent-celek-1,00-0025549,Brent Celek,TE,2007,5,162,PHI,cincinnati,,,,,,,,,,,,,,,,,,,,35.0,35.0,175.0,0,0,9,False,skill_pass,False,True,True,True
HallRo02,roy-hall-1,00-0025556,Roy Hall,WR,2007,5,169,IND,ohio st.,,,,,,,,,,,,,,,,,,,,0.0,0.0,7.0,0,0,0,False,skill_pass,False,True,True,True
YancDe00,deangelo-yancey-1,00-0033291,DeAngelo Yancey,WR,2017,5,175,GNB,purdue,,,,,,,,,,,,,,,,,141.0,2344.0,20.0,,,,0,0,0,False,skill_pass,True,True,True,False
BrouJo00,john-broussard-1,00-0025616,John Broussard,WR,2007,7,229,JAX,san jose st.,,,,,,,,,,,,,,,,,,,,2.0,2.0,8.0,0,0,0,False,skill_pass,False,True,True,True
DaviCr00,craig-davis-1,00-0025417,Craig Davis,WR,2007,1,30,SDG,louisiana state,,,,,,,,,,,,,,,,,,,,7.0,7.0,25.0,0,0,0,False,skill_pass,False,True,True,True
WynnMi00,milton-wynn-1,00-0020387,Milton Wynn,WR,2001,4,116,STL,washington st.,,,,,,,,,,,,,,,,,,,,1.0,,4.0,0,0,0,False,skill_pass,False,True,True,True
WatsJu01,,00-0034386,Justin Watson,WR,2018,5,144,TAM,pennsylvania,,,,,,,,,,,,,,,,,,,,11.0,2.0,93.0,0,0,0,False,skill_pass,False,True,True,True
KircDa00,,00-0021973,David Kircus,WR,2003,6,175,DET,grand valley st.,,,,,,,,,,,,,,,,,,,,3.0,1.0,28.0,0,0,0,False,skill_pass,False,True,True,True
HensDr00,drew-henson-1,00-0022181,Drew Henson,QB,2003,6,192,HOU,michigan,,,,,,,,,,,,,,,,,,,,0.0,,9.0,0,0,0,False,skill_pass,False,True,True,True
SmitZu00,,00-0022024,Zuriel Smith,WR,2003,6,186,DAL,hampton,,,,,,,,,,,,,,,,,,,,0.0,0.0,9.0,0,0,0,False,skill_pass,False,True,True,True
ShulMi01,mickey-shuler-1,00-0027809,Mickey Shuler,TE,2010,7,214,MIN,penn st.,,,,,,,,,,,,,,,,,,,,0.0,,10.0,0,0,0,False,skill_pass,False,True,True,True
MariMa00,,00-0027816,Marc Mariani,WR,2010,7,222,TEN,montana,,,,,,,,,,,,,,,,,,,,5.0,3.0,70.0,1,0,0,False,skill_pass,False,True,True,True
FletBr00,bryan-fletcher-1,00-0021317,Bryan Fletcher,TE,2002,6,210,CHI,ucla,,,,,,,,,,,,,,,,,,,,8.0,,46.0,0,0,1,False,skill_pass,False,True,True,True
CartJo01,,00-0020343,Jonathan Carter,WR,2001,5,162,NYG,troy,,,,,,,,,,,,,,,,,,,,4.0,0.0,25.0,0,0,0,False,skill_pass,False,True,True,True
ElliJa00,,00-0021310,Jamin Elliott,WR,2002,6,203,CHI,delaware,,,,,,,,,,,,,,,,,,,,0.0,0.0,3.0,0,0,0,False,skill_pass,False,True,True,True
McCaDa00,,00-0020464,Darnerien McCants,WR,2001,5,154,WAS,delaware st.,,,,,,,,,,,,,,,,,,,,7.0,6.0,41.0,0,0,0,False,skill_pass,False,True,True,True
LawrNa00,,00-0022907,Nate Lawrie,TE,2004,6,181,TAM,yale,,,,,,,,,,,,,,,,,,,,0.0,0.0,26.0,0,0,0,False,skill_pass,False,True,True,True
DevaSe00,,00-0033080,Seth Devalve,TE,2016,4,138,CLE,princeton,,,,,,,,,,,,,,,,,,,,6.0,5.0,57.0,0,0,0,False,skill_pass,False,True,True,True
RidgDa00,dante-ridgeway-1,00-0023625,Dante Ridgeway,WR,2005,6,192,STL,ball st.,,,,,,,,,,,,,,,,,,,,0.0,,8.0,0,0,0,False,skill_pass,False,True,True,True
NalbJo00,,00-0026923,John Nalbone,TE,2009,5,161,MIA,monmouth,,,,,,,,,,,,,,,,,,,,0.0,0.0,2.0,0,0,0,False,skill_pass,False,True,True,True
BlacAv00,,00-0019547,Avion Black,WR,2000,4,121,BUF,tennessee st.,,,,,,,,,,,,,,,,,,,,2.0,1.0,27.0,0,0,0,False,skill_pass,False,True,True,True
CrayPa00,,00-0022766,Patrick Crayton,WR,2004,7,216,DAL,nw oklahoma st.,,,,,,,,,,,,,,,,,,,,33.0,26.0,105.0,0,0,3,False,skill_pass,False,True,True,True
MurpFr00,frank-murphy-2,00-0019487,Frank Murphy,WR,2000,6,170,CHI,kansas st.,,,,,,,,,,,,,,,,,,,,1.0,,20.0,0,0,0,False,skill_pass,False,True,True,True
GathRi00,,00-0033054,Rico Gathers,TE,2016,6,217,DAL,baylor,,,,,,,,,,,,,,,,,,,,0.0,0.0,15.0,0,0,0,False,skill_pass,False,True,True,True
StanDe00,,00-0025636,Derek Stanley,WR,2007,7,249,STL,wisconsin–whitewater,,,,,,,,,,,,,,,,,,,,1.0,1.0,15.0,0,0,0,False,skill_pass,False,True,True,True
StLoBr00,,00-0019681,Brad St. Louis,TE,2000,7,210,CIN,missouri state,,,,,,,,,,,,,,,,,,,,6.0,6.0,144.0,0,0,0,False,skill_pass,False,True,True,True
DixoRo00,,00-0019662,Ron Dixon,WR,2000,3,73,NYG,lambuth,,,,,,,,,,,,,,,,,,,,6.0,6.0,37.0,0,0,0,False,skill_pass,False,True,True,True
MoorDa03,,00-0033589,David Moore,WR,2017,7,226,SEA,east central (ok),,,,,,,,,,,,,,,,,,,,15.0,12.0,78.0,0,0,2,False,skill_pass,False,True,True,True
AnguRi00,,00-0022041,Richard Angulo,TE,2003,7,254,STL,western new mexico,,,,,,,,,,,,,,,,,,,,2.0,0.0,27.0,0,0,0,False,skill_pass,False,True,True,True
WaltKe00,kevin-walter-1,00-0021931,Kevin Walter,WR,2003,7,255,NYG,eastern michigan,,,,,,,,,,,,,,,,,,,,37.0,,152.0,0,0,6,False,skill_pass,False,True,True,True
FordCa00,carl-ford-1,00-0021968,Carl Ford,WR,2003,7,256,GNB,toledo,,,,,,,,,,,,,,,,,,,,0.0,,10.0,0,0,0,False,skill_pass,False,True,True,True
SterNe00,,00-0032120,Neal Sterling,WR,2015,7,220,JAX,monmouth,,,,,,,,,,,,,,,,,,,,2.0,1.0,35.0,0,0,0,False,skill_pass,False,True,True,True
NullKe00,,00-0027131,Keith Null,QB,2009,6,196,STL,west texas a&m,,,,,,,,,,,,,,,,,,,,1.0,1.0,4.0,0,0,0,False,skill_pass,False,True,True,True
MillZa02,,00-0027125,Zach Miller,TE,2009,6,180,JAX,nebraska-omaha,,,,,,,,,,,,,,,,,,,,12.0,4.0,66.0,0,0,2,False,skill_pass,False,True,True,True
WillHa20,,00-0023672,Harry Williams,WR,2005,7,240,NYJ,tuskegee,,,,,,,,,,,,,,,,,,,,0.0,0.0,3.0,0,0,0,False,skill_pass,False,True,True,True
ThigTy00,,00-0025604,Tyler Thigpen,QB,2007,7,217,MIN,coastal carolina,,,,,,,,,,,,,,,,,,,,10.0,,29.0,0,0,1,False,skill_pass,False,True,True,True
FullDe00,devin-fuller-1,00-0032451,Devin Fuller,WR,2016,7,238,ATL,ucla,,,,,,,,,,,,,,,,,,,,,,,0,0,0,False,skill_pass,True,True,True,True
TeelMi00,mike-teel-1,00-0026927,Mike Teel,QB,2009,6,178,SEA,rutgers,,,,,,,,,,,,,,,,,,,,,,,0,0,0,False,skill_pass,True,True,True,True
HallAn00,andy-hall-1,00-0022761,Andy Hall,QB,2004,6,185,PHI,delaware,,,,,,,,,,,,,,,,,,,,,,,0,0,0,False,skill_pass,True,True,True,True
KellJe21,jeff-kelly-1,00-0021334,Jeff Kelly,QB,2002,7,232,SEA,southern miss,,,,,,,,,,,,,,,,,,,,,,,0,0,0,False,skill_pass,True,True,True,True
MerrMi01,mike-merritt-1,00-0026379,Mike Merritt,TE,2008,7,239,KAN,central florida,,,,,,,,,,,,,,,,,,,,,,,0,0,0,False,skill_pass,True,True,True,True
ToonTi00,,00-0027846,Tim Toone,WR,2010,7,255,DET,weber st.,,,,,,,,,,,,,,,,,,,,,,,0,0,0,False,skill_pass,True,True,True,True
BoehMo00,,00-0032341,Moritz Boehringer,WR,2016,6,180,MIN,,,,,,,,,,,,,,,,,,,,,,,,0,0,0,False,skill_pass,True,True,True,True
SherMa00,,00-0026347,Matt Sherry,TE,2008,6,207,CIN,villanova,,,,,,,,,,,,,,,,,,,,,,,0,0,0,False,skill_pass,True,True,True,True
,anthony-lucas-1,,Anthony Lucas,WR,2000,4,114,GNB,arkansas,,,,,,,,,,,,,,,,,,,,,,,0,0,0,False,skill_pass,True,True,True,True
,jason-gavadza-1,,Jason Gavadza,TE,2000,6,204,PIT,kent st.,,,,,,,,,,,,,,,,,,,,,,,0,0,0,False,skill_pass,True,True,True,True
,dauntae-finger-1,,Dauntae' Finger,TE,2001,7,205,TAM,north carolina,,,,,,,,,,,,,,,,,,,,,,,0,0,0,False,skill_pass,True,True,True,True
,sherrod-gideon-1,,Sherrod Gideon,WR,2000,6,200,NOR,southern miss,,,,,,,,,,,,,,,,,,,,,,,0,0,0,False,skill_pass,True,True,True,True
,ethan-howell-1,,Ethan Howell,WR,2000,7,250,WAS,oklahoma st.,,,,,,,,,,,,,,,,,,,,,,,0,0,0,False,skill_pass,True,True,True,True
,bobby-newcombe-1,,Bobby Newcombe,WR,2001,6,166,ARI,nebraska,,,,,,,,,,,,,,,,,,,,,,,0,0,0,False,skill_pass,True,True,True,True
,josh-booty-1,,Josh Booty,QB,2001,6,172,SEA,louisiana state,,,,,,,,,,,,,,,,,,,,,,,0,0,0,False,skill_pass,True,True,True,True
,josh-heupel-1,,Josh Heupel,QB,2001,6,177,MIA,oklahoma,,,,,,,,,,,,,,,,,,,,,,,0,0,0,False,skill_pass,True,True,True,True
,david-greene-1,,David Greene,QB,2005,3,85,SEA,georgia,,,,,,,,,,,,,,,,,,,,,,,0,0,0,False,skill_pass,True,True,True,True
,chase-lyman-1,,Chase Lyman,WR,2005,4,118,NOR,california,,,,,,,,,,,,,,,,,,,,,,,0,0,0,False,skill_pass,True,True,True,True
,stefan-lefors-1,,Stefan Lefors,QB,2005,4,121,CAR,louisville,,,,,,,,,,,,,,,,,,,,,,,0,0,0,False,skill_pass,True,True,True,True
,fred-gibson-1,,Fred Gibson,WR,2005,4,131,PIT,georgia,,,,,,,,,,,,,,,,,,,,,,,0,0,0,False,skill_pass,True,True,True,True
,bj-symons-1,,B.J. Symons,QB,2004,7,248,HOU,texas tech,,,,,,,,,,,,,,,,,,,,,,,0,0,0,False,skill_pass,True,True,True,True
,craig-bragg-1,,Craig Bragg,WR,2005,6,195,GNB,ucla,,,,,,,,,,,,,,,,,,,,,,,0,0,0,False,skill_pass,True,True,True,True
,tony-jackson-2,,Tony Jackson,TE,2005,6,196,SEA,iowa,,,,,,,,,,,,,,,,,,,,,,,0,0,0,False,skill_pass,True,True,True,True
,chandler-williams-1,,Chandler Williams,WR,2007,7,233,MIN,florida international,,,,,,,,,,,,,,,,,,,,,,,0,0,0,False,skill_pass,True,True,True,True
,derek-abney-1,,Derek Abney,WR,2004,7,244,BAL,kentucky,,,,,,,,,,,,,,,,,,,,,,,0,0,0,False,skill_pass,True,True,True,True
,deandrew-rubin-1,,DeAndrew Rubin,WR,2003,7,253,GNB,south florida,,,,,,,,,,,,,,,,,,,,,,,0,0,0,False,skill_pass,True,True,True,True
,travis-anglin-1,,Travis Anglin,WR,2003,7,260,DET,memphis,,,,,,,,,,,,,,,,,,,,,,,0,0,0,False,skill_pass,True,True,True,True
,demetrius-byrd-1,,Demetrius Byrd,WR,2009,7,224,SDG,louisiana state,,,,,,,,,,,,,,,,,,,,,,,0,0,0,False,skill_pass,True,True,True,True
,erik-jensen-1,,Erik Jensen,TE,2004,7,237,STL,iowa,,,,,,,,,,,,,,,,,,,,,,,0,0,0,False,skill_pass,True,True,True,True
,josh-harris-2,,Josh Harris,QB,2004,6,187,BAL,bowling green,,,,,,,,,,,,,,,,,,,,,,,0,0,0,False,skill_pass,True,True,True,True
,jeris-mcintyre-1,,Jeris McIntyre,WR,2004,6,195,KAN,auburn,,,,,,,,,,,,,,,,,,,,,,,0,0,0,False,skill_pass,True,True,True,True
,jeff-smoker-1,,Jeff Smoker,QB,2004,6,201,STL,michigan st.,,,,,,,,,,,,,,,,,,,,,,,0,0,0,False,skill_pass,True,True,True,True
,tyler-ecker-1,,Tyler Ecker,TE,2007,7,216,WAS,michigan,,,,,,,,,,,,,,,,,,,,,,,0,0,0,False,skill_pass,True,True,True,True
,tj-williams-2,,T.J. Williams,TE,2006,6,202,TAM,north carolina st.,,,,,,,,,,,,,,,,,,,,,,,0,0,0,False,skill_pass,True,True,True,True
,dj-shockley-1,,D.J. Shockley,QB,2006,7,223,ATL,georgia,,,,,,,,,,,,,,,,,,,,,,,0,0,0,False,skill_pass,True,True,True,True
,bennie-brazell-1,,Bennie Brazell,WR,2006,7,231,CIN,louisiana state,,,,,,,,,,,,,,,,,,,,,,,0,0,0,False,skill_pass,True,True,True,True
,jonathan-orr-1,,Jonathan Orr,WR,2006,6,172,TEN,wisconsin,,,,,,,,,,,,,,,,,,,,,,,0,0,0,False,skill_pass,True,True,True,True
,charles-davis-1,,Charles Davis,TE,2006,5,167,PIT,purdue,,,,,,,,,,,,,,,,,,,,,,,0,0,0,False,skill_pass,True,True,True,True
,james-kilian-1,,James Kilian,QB,2005,7,229,KAN,tulsa,,,,,,,,,,,,,,,,,,,,,,,0,0,0,False,skill_pass,True,True,True,True
,joel-filani-1,,Joel Filani,WR,2007,6,188,TEN,texas tech,,,,,,,,,,,,,,,,,,,,,,,0,0,0,False,skill_pass,True,True,True,True
,cory-rodgers-1,,Cory Rodgers,WR,2006,4,104,GNB,texas christian,,,,,,,,,,,,,,,,,,,,,,,0,0,0,False,skill_pass,True,True,True,True
,omar-jacobs-1,,Omar Jacobs,QB,2006,5,164,PIT,bowling green,,,,,,,,,,,,,,,,,,,,,,,0,0,0,False,skill_pass,True,True,True,True
,rodney-wright-1,,Rodney Wright,WR,2002,7,249,BUF,fresno st.,,,,,,,,,,,,,,,,,,,,,,,0,0,0,False,skill_pass,True,True,True,True
,jr-tolver-1,,J.R. Tolver,WR,2003,5,169,MIA,san diego st.,,,,,,,,,,,,,,,,,,,,,,,0,0,0,False,skill_pass,True,True,True,True
,jon-olinger-1,,Jon Olinger,WR,2003,5,159,ATL,cincinnati,,,,,,,,,,,,,,,,,,,,,,,0,0,0,False,skill_pass,True,True,True,True
,aaron-lockett-1,,Aaron Lockett,WR,2002,7,254,TAM,kansas st.,,,,,,,,,,,,,,,,,,,,,,,0,0,0,False,skill_pass,True,True,True,True
,tracey-wistrom-1,,Tracey Wistrom,TE,2002,7,250,TAM,nebraska,,,,,,,,,,,,,,,,,,,,,,,0,0,0,False,skill_pass,True,True,True,True
,kareem-kelly-1,,Kareem Kelly,WR,2003,6,203,NOR,southern california,,,,,,,,,,,,,,,,,,,,,,,0,0,0,False,skill_pass,True,True,True,True
,bob-slowikowski-1,,Bob Slowikowski,TE,2002,6,211,DAL,virginia tech,,,,,,,,,,,,,,,,,,,,,,,0,0,0,False,skill_pass,True,True,True,True
,steve-bellisari-1,,Steve Bellisari,QB,2002,6,205,STL,ohio st.,,,,,,,,,,,,,,,,,,,,,,,0,0,0,False,skill_pass,True,True,True,True
,brandon-doman-1,,Brandon Doman,QB,2002,5,163,SFO,byu,,,,,,,,,,,,,,,,,,,,,,,0,0,0,False,skill_pass,True,True,True,True
,freddie-milons-1,,Freddie Milons,WR,2002,5,162,PHI,alabama,,,,,,,,,,,,,,,,,,,,,,,0,0,0,False,skill_pass,True,True,True,True
,eric-crouch-1,,Eric Crouch,WR,2002,3,95,STL,nebraska,,,,,,,,,,,,,,,,,,,,,,,0,0,0,False,skill_pass,True,True,True,True
,marquise-walker-1,,Marquis Walker,WR,2002,3,86,TAM,michigan,,,,,,,,,,,,,,,,,,,,,,,0,0,0,False,skill_pass,True,True,True,True
,tevita-ofahengaue-1,,Tevita Ofahengaue,TE,2001,7,246,ARI,byu,,,,,,,,,,,,,,,,,,,,,,,0,0,0,False,skill_pass,True,True,True,True
,freddie-brown-2,,Freddie Brown,WR,2009,7,252,CIN,utah,,,,,,,,,,,,,,,,,,,,,,,0,0,0,False,skill_pass,True,True,True,True
,derek-kinder-1,,Derek Kinder,WR,2009,7,251,CHI,pittsburgh,,,,,,,,,,,,,,,,,,,,,,,0,0,0,False,skill_pass,True,True,True,True
,,,DeVeren Johnson,WR,2002,6,208,DAL,sacred heart,,,,,,,,,,,,,,,,,,,,,,,0,0,0,False,skill_pass,True,True,True,True
,,,Giovanni Carmazzi,QB,2000,3,65,SFO,hofstra,,,,,,,,,,,,,,,,,,,,,,,0,0,0,False,skill_pass,True,True,True,True
,,,Seth Burford,QB,2002,7,216,SDG,cal poly-san luis obispo,,,,,,,,,,,,,,,,,,,,,,,0,0,0,False,skill_pass,True,True,True,True
,,,Andy Stokes,TE,2005,7,255,NWE,william penn,,,,,,,,,,,,,,,,,,,,,,,0,0,0,False,skill_pass,True,True,True,True
,,,J.R. Russell,WR,2005,7,253,TAM,louisville,,,,,,,,,,,,,,,,,,,,,,,0,0,0,False,skill_pass,True,True,True,True
,,,Michael Coleman,WR,2002,7,217,ATL,widener,,,,,,,,,,,,,,,,,,,,,,,0,0,0,False,skill_pass,True,True,True,True
,,,Wes Pate,QB,2002,7,236,BAL,s.f. austin,,,,,,,,,,,,,,,,,,,,,,,0,0,0,False,skill_pass,True,True,True,True
,,,Onomo Ojo,WR,2001,5,153,NOR,uc davis,,,,,,,,,,,,,,,,,,,,,,,0,0,0,False,skill_pass,True,True,True,True
,,,Kevin McMahan,WR,2006,7,255,OAK,maine,,,,,,,,,,,,,,,,,,,,,,,0,0,0,False,skill_pass,True,True,True,True
,,,Richmond Flowers III,WR,2001,7,235,JAX,chattanooga,,,,,,,,,,,,,,,,,,,,,,,0,0,0,False,skill_pass,True,True,True,True
,,,Francis St. Paul,WR,2001,6,197,STL,northern arizona,,,,,,,,,,,,,,,,,,,,,,,0,0,0,False,skill_pass,True,True,True,True
,,,Terry Charles,WR,2002,5,142,SDG,portland st.,,,,,,,,,,,,,,,,,,,,,,,0,0,0,False,skill_pass,True,True,True,True
,,,Arther Love,TE,2001,6,180,NWE,south carolina st.,,,,,,,,,,,,,,,,,,,,,,,0,0,0,False,skill_pass,True,True,True,True
,,,Ryan Hoag,WR,2003,7,262,OAK,gustavus adolphus,,,,,,,,,,,,,,,,,,,,,,,0,0,0,False,skill_pass,True,True,True,True
,,,Leroy Fields,WR,2000,7,246,DEN,jackson st.,,,,,,,,,,,,,,,,,,,,,,,0,0,0,False,skill_pass,True,True,True,True
,,,Giles Cole,TE,2000,7,244,MIN,texas a&m-kingsville,,,,,,,,,,,,,,,,,,,,,,,0,0,0,False,skill_pass,True,True,True,True
,,,JaJuan Seider,QB,2000,6,205,SDG,florida a&m,,,,,,,,,,,,,,,,,,,,,,,0,0,0,False,skill_pass,True,True,True,True
,,,Desmond Kitchings,WR,2000,7,208,KAN,furman,,,,,,,,,,,,,,,,,,,,,,,0,0,0,False,skill_pass,True,True,True,True
,,,Casey Bramlet,QB,2004,7,218,CIN,wyoming,,,,,,,,,,,,,,,,,,,,,,,0,0,0,False,skill_pass,True,True,True,True
,,,Muneer Moore,WR,2000,5,154,DEN,richmond,,,,,,,,,,,,,,,,,,,,,,,0,0,0,False,skill_pass,True,True,True,True
,,,Michael Allan,TE,2007,7,231,KAN,whitworth,,,,,,,,,,,,,,,,,,,,,,,0,0,0,False,skill_pass,True,True,True,True
,,,Joey Jamison,WR,2000,5,151,GNB,texas southern,,,,,,,,,,,,,,,,,,,,,,,0,0,0,False,skill_pass,True,True,True,True
,,,Larry Brackins,WR,2005,5,155,TAM,pearl river cc,,,,,,,,,,,,,,,,,,,,,,,0,0,0,False,skill_pass,True,True,True,True
,,,Adrian McPherson,QB,2005,5,152,NOR,florida st.,,,,,,,,,,,,,,,,,,,,,,,0,0,0,False,skill_pass,True,True,True,True
,,,John David Booty,QB,2008,5,137,MIN,southern california,,,,,,,,,,,,,,,,,,,,,,,0,0,0,False,skill_pass,True,True,True,True
,,,John Capel,WR,2001,7,208,CHI,florida,,,,,,,,,,,,,,,,,,,,,,,0,0,0,False,skill_pass,True,True,True,True
