pfr_id,cfb_id,gsis_id,player_name,position,draft_year,draft_round,draft_pick,draft_team,college,height_in,weight_lbs,forty_yard,vertical_jump,broad_jump,bench_reps,cone_drill,shuttle,col_pass_completions,col_pass_attempts,col_pass_yards,col_pass_tds,col_pass_ints,col_rush_attempts,col_rush_yards,col_rush_tds,col_receptions,col_rec_yards,col_rec_tds,weighted_av,draft_team_av,nfl_games,pro_bowls,all_pro,seasons_started,hof,position_group,missing_outcome,missing_combine,missing_height_weight,missing_college_stats,pick_value,is_early_pick,is_day_3_pick,missing_age,speed_score,burst_score,agility_score,bmi,height_in_z,weight_lbs_z,forty_yard_z,vertical_jump_z,broad_jump_z,bench_reps_z,cone_drill_z,shuttle_z,speed_score_z,burst_score_z,agility_score_z,bmi_z,is_QB,is_WR,is_TE,dominator_rating,yards_per_reception,rec_td_rate,rec_yards_flag,completion_pct,yards_per_attempt,td_int_ratio,pass_yards_flag,_split,weighted_av_pred,surplus_value,surplus_value_percentile,pro_bowl_probability,peak_value_percentile,availability_factor,sleeper_score
PettAu00,austin-pettis-1,00-0028016,Austin Pettis,WR,2011,3,78,STL,boise st.,75.0,209.0,4.56,33.5,120.0,14.0,6.68,3.88,14.0,114.0,2865.0,2.0,0.0,1.0,-11.0,0.0,46496371.0,465567855951.0,691410.0,8.0,8.0,47.0,0,0,0,False,skill_pass,False,False,False,False,49.86,0,0,True,96.67560778935132,76.75,5.279999999999999,26.120355555555555,0.3698495427957216,-0.4271576552958521,-0.273505584381187,-0.2361761597808383,0.2902762330826218,-0.712828513745783,-1.5032241200840075,-2.3140764294452736,-0.069515139185115,0.1158543108453907,-2.053300779308968,-0.9569872154339644,0,1,0,1.0,10012.993400087073,0.0148701927726789,False,,,,False,train,15.261389,-2.403185,0.16767676767676767,0.22497068,0.6383838383838384,0.2384592,28.74334536071378
SwitRy00,ryan-switzer-1,00-0033562,Ryan Switzer,WR,2017,4,133,DAL,north carolina,68.0,181.0,4.51,32.0,116.0,11.0,6.77,4.0,1110.0,1121.0,5935110.0,1100.0,0.0,10833.0,2929614.0,0.0,32615596.0,3417576971112.0,3466.0,3.0,1.0,41.0,0,0,0,False,skill_pass,False,False,False,False,24.62,0,0,True,87.49886166669992,74.0,5.385,27.517949826989614,-2.415617970933128,-1.533702469657937,-0.5303068816337965,-0.6530846857354266,-0.2607566161589643,-1.2890595823457054,-1.1135913277511078,-1.5760134588661012,-0.8114265933477524,-0.4260384599970583,-1.4568239925804098,-0.2766049475174675,0,1,0,0.9999991427811245,104783.52047014564,0.0001062681791864,False,,,,False,train,11.346976,1.4925203,0.6962962962962963,0.19268595,0.5515151515151515,0.1772965,46.2818040551762
CobbRa00,randall-cobb-1,00-0028002,Randall Cobb,WR,2011,2,64,GNB,kentucky,70.0,191.0,4.46,33.5,115.0,16.0,7.08,4.34,5255.0,991310.0,5428958.0,203.0,500.0,799455.0,316573424.0,7105.0,213984.0,1974471017.0,247.0,64.0,56.0,166.0,1,0,5,False,skill_pass,False,False,False,False,57.69,0,0,True,96.54369757544032,74.25,5.71,27.40265306122449,-1.619770109867742,-1.1385078931000496,-0.7871081788864059,-0.2361761597808383,-0.3985148284693608,-0.3286744680125014,0.2284771791733288,0.5151649577748839,-0.080179670742771,-0.3767754808295629,0.3894136806270252,-0.3327341665462642,0,1,0,0.8618213517229629,9227.189962800958,0.0011542919096754,False,,,,False,train,31.425898,7.882704,0.9104377104377105,0.39443558,0.8787878787878788,0.49102965,71.70257113066185
JoneZa00,isaiah-jones-2,00-0033891,Zay Jones,WR,2017,2,37,BUF,east carolina,74.0,201.0,4.45,36.5,133.0,15.0,6.79,4.01,111.0,211.0,342.0,1.0,0.0,14.0,-624.0,0.0,628198156.0,60483010991731.0,5558.0,25.0,8.0,123.0,0,0,3,False,skill_pass,False,False,False,False,74.41,0,0,True,102.51466790929572,84.75,5.4,25.804054054054053,-0.0280743877369711,-0.7433133165421622,-0.8384684383369269,0.597640892128338,2.0811329931177767,-0.5207514908791422,-1.027006262788239,-1.5145082113178383,0.402554756465368,1.6922696442052427,-1.3716130230477557,-1.1109703401044484,0,1,0,1.0,96280.14729755271,8.847526766697482e-06,False,,,,False,train,20.17875,-3.3644447,0.1286195286195286,0.27070224,0.7158249158249158,0.31529295,31.18118355621392
BeckOd00,odell-beckham-jr-1,00-0031235,Odell Beckham Jr.,WR,2014,1,12,NYG,louisiana state,71.0,198.0,4.38,38.5,122.0,7.0,6.69,3.94,0.0,1.0,0.0,0.0,0.0,25.0,1958.0,0.0,414359.0,4757131152.0,228.0,59.0,41.0,119.0,3,0,6,False,skill_pass,False,False,False,False,91.78,1,0,True,107.5966485232503,80.25,5.315,27.61237849633009,-1.2218461793350492,-0.8618716895095284,-1.197990254490583,1.1535189267344557,0.5657926577034149,-2.0573676738122684,-1.4599315876025711,-1.9450449441556876,0.8134171228131482,0.805536019190326,-1.8544751837327769,-0.2306348161886616,0,1,0,0.9999995884075652,11480.699470748796,0.0005502474907025,False,,,,False,train,47.58604,11.262547,0.9373737373737374,0.59370476,0.9535353535353536,0.7435319,83.31038957141868
JernJe00,jerrel-jernigan-1,00-0028021,Jerrel Jernigan,WR,2011,3,83,NYG,troy,69.0,185.0,4.46,37.5,124.0,11.0,7.07,4.25,106.0,217.0,2041.0,101.0,0.0,14334045.0,50254266322.0,113.0,30777184.0,3378681101822.0,3546.0,2.0,2.0,34.0,0,0,0,False,skill_pass,False,False,False,False,47.2,0,0,True,93.51091126416996,80.75,5.66,27.31674018063432,-2.0176940404004347,-1.3756246390347822,-0.7871081788864059,0.8755799094313969,0.8413090823242079,-1.2890595823457054,0.1851846466918963,-0.0383822701594938,-0.3253710351203052,0.9040619775253168,0.1053771155181902,-0.3745586085420098,0,1,0,0.9853440613699286,109778.76019527973,0.0001152152191701,False,,,,False,train,21.831228,4.1666546,0.8444444444444444,0.28731945,0.7441077441077442,0.34111294,61.228580819436594
ElliBr00,bruce-ellington-1,00-0031326,Bruce Ellington,WR,2014,4,106,SFO,south carolina,69.0,197.0,4.45,39.5,120.0,15.0,6.69,3.95,31.0,41.0,279.0,1.0,0.0,1753.0,1062814.0,100.0,174049.0,211600775.0,178.0,7.0,2.0,44.0,0,0,0,False,skill_pass,False,False,False,False,35.91,0,0,True,100.4745750155784,79.75,5.32,29.08863684099979,-2.0176940404004347,-0.9013911471653172,-0.8384684383369269,1.4314579440375144,0.2902762330826218,-0.5207514908791422,-1.4599315876025711,-1.8835396966074216,0.2376195751739651,0.7070100608553352,-1.8260715272218937,0.4880430011913362,0,1,0,0.9950023696816288,1215.7540405288166,0.001022700503881,False,,,,False,train,15.213105,5.3586493,0.8747474747474747,0.22455005,0.6370370370370371,0.23770478,56.97573662275819
CookBr00,brandin-cooks-1,00-0031236,Brandin Cooks,WR,2014,1,20,NOR,oregon st.,70.0,189.0,4.33,36.0,120.0,16.0,6.76,3.81,0.0,1.0,0.0,0.0,0.0,101932.0,4182217.0,2.0,3167128.0,39111511730.0,3516.0,73.0,21.0,173.0,0,0,10,False,skill_pass,False,False,False,False,86.02,1,0,True,107.53261679026669,78.0,5.285,27.115714285714287,-1.619770109867742,-1.2175468084116272,-1.4547915517431924,0.4586713834768086,0.2902762330826218,-0.3286744680125014,-1.1568838602325402,-2.7446131622831227,0.8082403558528897,0.3621692066828676,-2.02489712279808,-0.4724228149796134,0,1,0,0.9998930808435696,12349.204620084822,0.0011101540575562,False,,,,False,train,45.665127,9.341633,0.9286195286195286,0.5703444,0.9501683501683502,0.7135176,81.8253880430151
WatkSa00,sammy-watkins-1,00-0031325,Sammy Watkins,WR,2014,1,4,BUF,clemson,73.0,211.0,4.43,34.0,126.0,16.0,6.95,4.34,110.0,122.0,9520.0,10.0,1.0,32146.0,2319711.0,10.0,8257101.0,12197081464.0,12312.0,43.0,20.0,111.0,0,0,6,False,skill_pass,False,False,False,False,97.72,1,0,True,109.57148461547366,80.0,5.645,27.835053480953277,-0.4259983182696639,-0.3481187399842746,-0.9411889572379736,-0.0972066511293089,1.116825506945001,-0.3286744680125014,-0.3343257430853045,0.5151649577748839,0.973076494155872,0.7562730400228306,0.0201661459855361,-0.1222313158718406,0,1,0,0.9998098504207932,1477.1626826412803,0.0014910802229499,False,,,,False,train,49.80693,13.483437,0.9454545454545454,0.62018806,0.9582491582491582,0.7782333,84.95159326709481
WescTr00,trevon-wesco-1,00-0035259,Trevon Wesco,TE,2019,4,121,NYJ,west virginia,75.0,267.0,4.89,31.0,117.0,24.0,7.18,4.38,0.0,1.0,0.0,0.0,0.0,1.0,3.0,0.0,1126.0,61366.0,101.0,0.0,0.0,69.0,0,0,1,False,skill_pass,False,False,False,False,29.37,0,0,True,93.3911709199104,74.0,5.779999999999999,33.36906666666667,0.3698495427957216,1.864970888739896,1.4213829774860418,-0.9310237030384854,-0.1229984038485677,1.2079417149206249,0.661402503987661,0.7611859479679413,-0.3350516704723338,-0.4260384599970583,0.7870648717793921,2.571858463211171,0,0,1,0.9999511153839886,54.49911190053286,0.0896980461811722,False,,,,False,train,4.0205927,-5.8338633,0.06936026936026936,0.14197643,0.011447811447811448,0.06282176,7.0993308577097025
ArchDr00,dri-archer-1,00-0031392,Dri Archer,WR,2014,3,97,PIT,kent st.,68.0,173.0,4.26,38.0,122.0,20.0,6.86,4.06,1.0,1.0,24.0,1.0,0.0,584015968.0,2461401429527.0,11166.0,19163925.0,23175561327.0,3144.0,0.0,0.0,20.0,0,0,0,False,skill_pass,False,False,False,False,40.14,0,0,True,105.0600740037526,80.0,5.46,26.301686851211077,-2.415617970933128,-1.8498581309042472,-1.8143133678968484,1.0145494180829262,0.5657926577034149,0.4396336234540616,-0.7239585354182042,-1.206981973576518,0.6083429423574832,0.7562730400228306,-1.0307691449171548,-0.8687108102539801,0,1,0,0.0093277694401549,1209.3327085657036,0.0001640582500714,False,,,,False,train,14.021511,-3.6430626,0.1191919191919192,0.21434608,0.6141414141414141,0.21908613,25.719149404252416
PricTa00,taylor-price-1,00-0027693,Taylor Price,WR,2010,3,90,NWE,ohio,72.0,204.0,4.4,37.0,114.0,16.0,6.82,4.34,201.0,1211.0,50029.0,101.0,0.0,26510.0,-20231994.0,0.0,9335156.0,77464694784.0,455.0,1.0,1.0,6.0,0,0,0,False,skill_pass,False,False,False,False,43.6,0,0,True,108.85526944880812,75.5,5.58,27.66435185185185,-0.8239222488023566,-0.6247549435747959,-1.0952697355895364,0.7366104007798674,-0.5362730407797573,-0.3286744680125014,-0.8971286653439379,0.5151649577748839,0.9151727199103832,-0.1304605849920861,-0.3490813886559478,-0.2053329455214053,0,1,0,1.0,8298.168213150375,4.874048168022045e-05,False,,,,False,train,13.406095,-4.258479,0.10303030303030303,0.20920977,0.602020202020202,0.20947023,24.535216033609224
BellBl00,blake-bell-1,00-0032062,Blake Bell,TE,2015,4,117,SFO,oklahoma,78.0,252.0,4.8,33.0,116.0,14.0,6.85,4.32,19140.0,416233.0,81071648.0,12.0,105.0,4460752.0,1712012554.0,131100.0,16.0,214.0,4.0,5.0,2.0,117.0,0,0,1,False,skill_pass,False,False,False,False,31.05,0,0,True,94.9435763888889,74.5,5.585,29.118343195266277,1.5636213343937997,1.2721790239030644,0.959140642431344,-0.3751456684323677,-0.2607566161589643,-0.712828513745783,-0.7672510678996406,0.3921544626783579,-0.2095445044740338,-0.3275125016620676,-0.3206777321450648,0.5025047638791741,0,0,1,1.249990677639619e-07,13.375,0.25,False,,,,False,train,14.118076,4.2636204,0.8471380471380472,0.21516031,0.6168350168350168,0.22059493,54.937326906455894
DickEd00,ed-dickson-1,00-0027675,Ed Dickson,TE,2010,3,70,BAL,oregon,76.0,249.0,4.59,34.0,115.0,23.0,7.32,4.59,0.0,1.0,0.0,0.0,0.0,23.0,1018.0,0.0,4433542.0,45453508551.0,336.0,16.0,9.0,134.0,0,0,7,False,skill_pass,False,False,False,False,54.26,0,0,True,112.19631694222323,74.5,5.955,30.30592105263158,0.7677734733284143,1.153620650935698,-0.1194248060296195,-0.0972066511293089,-0.3985148284693608,1.015864692053984,1.2674979587277306,2.0527961464814912,1.1852860445176314,-0.3275125016620676,1.7811928496603222,1.0806460259298043,0,0,1,0.9999999776034896,10252.188555110111,7.578590661822985e-05,False,,,,False,train,27.354294,9.68972,0.9313131313131313,0.34699252,0.8356902356902357,0.42741084,69.4543979807133
CainDe00,deon-cain-1,00-0034406,Deon Cain,WR,2018,6,185,IND,clemson,74.0,202.0,4.43,33.5,115.0,11.0,6.71,4.37,1.0,1.0,35.0,0.0,0.0,1.0,-5.0,0.0,343858.0,582724734.0,596.0,1.0,0.0,15.0,0,0,0,False,skill_pass,False,False,False,False,8.86,0,1,True,104.89781939490844,74.25,5.54,25.93243243243243,-0.0280743877369711,-0.7037938588863734,-0.9411889572379736,-0.2361761597808383,-0.3985148284693608,-1.2890595823457054,-1.3733465226397064,0.6996807004196783,0.5952251606096567,-0.3767754808295629,-0.5763106407430167,-1.0484726796475992,0,1,0,1.0,1694.6667926876792,0.0017332736187612,False,,,,False,train,6.4283676,-0.14137125,0.4303030303030303,0.15728338,0.18518518518518517,0.100443244,26.070357296227005
WilsCe01,cedric-wilson-3,00-0034418,Cedrick Wilson Jr.,WR,2018,6,208,DAL,boise st.,74.0,197.0,4.55,37.0,121.0,9.0,6.89,4.23,22.0,23.0,8446.0,10.0,0.0,39.0,713.0,0.0,5683.0,11291511.0,117.0,11.0,6.0,93.0,0,0,0,False,skill_pass,False,False,False,False,4.41,0,1,True,91.92859766992795,79.0,5.5600000000000005,25.29054054054054,-0.0280743877369711,-0.9013911471653172,-0.3248658438317079,0.7366104007798674,0.4280344453930183,-1.6732136280789869,-0.5940809379739069,-0.1613927652560198,-0.4532961802594624,0.5592211233528491,-0.4626960146994797,-1.3609609819318436,0,1,0,0.99993685920506,1986.892662326236,0.020587717754707,False,,,,False,train,8.900584,2.3308454,0.7663299663299663,0.1743695,0.4094276094276094,0.13907163,45.11057342977737
SamuJa00,jaylen-samuels-1,00-0034331,Jaylen Samuels,TE,2018,5,165,PIT,north carolina st.,71.0,225.0,4.54,34.5,121.0,18.0,6.93,4.28,11.0,12.0,5925.0,10.0,0.0,15563378.0,143368189407.0,19612.0,6655575.0,96597565593.0,1774.0,7.0,7.0,45.0,0,0,0,False,skill_pass,False,False,False,False,13.99,0,1,True,105.92271458969464,77.75,5.605,31.37770283673874,-1.2218461793350492,0.2051536671967679,-0.3762261032822289,0.0417628575222204,0.4280344453930183,0.0554795777207801,-0.4209108080481732,0.1461334724853005,0.6780847574825888,0.3129062275153723,-0.2070631061015277,1.6024149941398496,0,0,1,0.4025472951046702,14513.782143992066,0.0002665434616843,False,,,,False,train,11.464803,3.0208635,0.8006734006734006,0.19360402,0.5535353535353535,0.17913754,50.5524746233265
SandAc00,ace-sanders-1,00-0030550,Ace Sanders,WR,2013,4,101,JAX,south carolina,67.0,173.0,4.58,32.0,117.0,7.0,6.81,4.37,101.0,112.0,3016.0,101.0,0.0,543.0,56151.0,0.0,252945.0,316383531.0,229.0,3.0,3.0,27.0,0,0,0,False,skill_pass,False,False,False,False,38.23,0,0,True,78.63469140531342,74.5,5.59,27.092670973490755,-2.81354190146582,-1.8498581309042472,-0.1707850654801405,-0.6530846857354266,-0.1229984038485677,-2.0573676738122684,-0.940421197825374,0.6996807004196783,-1.5280672588596331,-0.3275125016620676,-0.2922740756341818,-0.4836408496778146,0,1,0,0.9998225538603592,1250.7997034928542,0.0009053351519104,False,,,,False,train,13.433052,3.578596,0.8303030303030303,0.20943287,0.6026936026936027,0.20989144,53.65247966218678
WillKy01,kyle-williams-1,00-0027608,Kyle Williams,WR,2010,6,206,SFO,arizona st.,70.0,188.0,4.4,33.0,118.0,11.0,7.0,4.19,1.0,1.0,32.0,1.0,0.0,665.0,154273.0,0.0,4291957.0,87360364815.0,648.0,6.0,6.0,39.0,0,0,0,False,skill_pass,False,False,False,False,4.73,0,1,True,100.31760125674474,75.5,5.595000000000001,26.972244897959182,-1.619770109867742,-1.257066266067416,-1.0952697355895364,-0.3751456684323677,0.0147598084618287,-1.2890595823457054,-0.1178630806781384,-0.4074137554490772,0.2249287337662259,-0.1304605849920861,-0.2638704191232938,-0.5422671391962889,0,1,0,0.9999982340649802,20354.43617328878,0.0001509800773866,False,,,,False,train,7.1109414,0.54120255,0.5831649831649832,0.16186006,0.24107744107744108,0.11110846,33.607518612234685
BrowLe00,levi-brown-1,00-0027804,Levi Brown,QB,2010,7,209,BUF,troy,75.0,229.0,4.93,31.5,106.0,20.0,7.07,4.43,201321.0,326504.0,20304254.0,1523.0,39.0,3354.0,177.0,1.0,1.0,17.0,0.0,0.0,0.0,1.0,0,0,0,False,skill_pass,False,False,False,False,4.25,0,1,True,77.53143119010777,68.75,5.75,28.61991111111111,0.3698495427957216,0.363231497819923,1.6268240152881304,-0.7920541943869559,-1.6383387392629296,0.4396336234540616,0.1851846466918963,1.0687121857092616,-1.6172624245145504,-1.4605610225144612,0.6166429327140942,0.2598561220298754,1,0,0,,,,False,0.6165958150589274,62.18684610295739,39.05128205128205,False,train,5.4654174,-0.5083852,0.37777777777777777,0.15100642,0.05858585858585859,0.08539715,21.010899674410773
SuttCo00,courtland-sutton-1,00-0034348,Courtland Sutton,WR,2018,2,40,DEN,southern methodist,75.0,218.0,4.54,35.5,124.0,18.0,6.57,4.11,2.0,2.0,75.0,0.0,0.0,1.0,2.0,1.0,2497668.0,2786212461085.0,91012.0,45.0,45.0,115.0,2,0,5,False,skill_pass,False,False,False,False,72.44,0,0,True,102.62734124690414,79.75,5.34,27.24515555555556,0.3698495427957216,-0.0714825363937533,-0.3762261032822289,0.3197018748252792,0.8413090823242079,0.0554795777207801,-1.979441977379772,-0.8994557358351921,0.4116640462542701,0.7070100608553352,-1.7124569011783617,-0.4094077135752363,0,1,0,0.999999999999282,1115525.546663928,0.0364387901034084,False,,,,False,train,31.508774,7.96558,0.9131313131313131,0.39542577,0.8801346801346801,0.4923246,71.88295387178158
MoorD.00,dj-moore-3,00-0034827,D.J. Moore,WR,2018,1,24,CAR,maryland,72.0,210.0,4.42,39.5,132.0,15.0,6.95,4.07,12.0,122.0,2115.0,0.0,0.0,1115.0,95561.0,1.0,254180.0,3576371033.0,368.0,61.0,36.0,131.0,0,0,7,False,skill_pass,False,False,False,False,83.21,1,0,True,110.04244036771128,85.75,5.51,28.47800925925926,-0.8239222488023566,-0.3876381976400633,-0.9925492166884944,1.4314579440375144,1.94337478080738,-0.5207514908791422,-0.3343257430853045,-1.1454767260282497,1.0111518056354387,1.8893215608752243,-0.7467325798083198,0.1907749117259386,0,1,0,0.999973280611607,14070.229888268155,0.0014477929026674,False,,,,False,train,39.541935,3.218441,0.8148148148148148,0.4942744,0.9393939393939394,0.61784273,73.62281480622211
WhitJo02,jordan-white-1,00-0029642,Jordan White,WR,2012,7,244,NYJ,western michigan,72.0,208.0,4.63,35.0,119.0,14.0,6.84,4.13,0.0,1.0,0.0,0.0,0.0,31.0,2927.0,0.0,195394128.0,21768113781792.0,141017.0,0.0,0.0,3.0,0,0,0,False,skill_pass,False,False,False,False,0.53,0,1,True,90.52517364568132,77.0,5.484999999999999,28.20679012345679,-0.8239222488023566,-0.4666771129516409,0.0860162317724689,0.1807323661737498,0.1525180207722253,-0.712828513745783,-0.810543600381073,-0.776445240738666,-0.5667586586498721,0.1651172900128861,-0.8887508623627398,0.0587389593101579,0,1,0,0.9999999998655372,111406.181980003,0.000721705413788,False,,,,False,train,6.8730197,0.8992171,0.6289562289562289,0.16025269,0.2222222222222222,0.107390925,34.955566026521254
MillBr03,braxton-miller-1,00-0033069,Braxton Miller,WR,2016,3,85,HOU,ohio st.,73.0,201.0,4.5,35.0,123.0,17.0,6.65,4.07,851481621.0,1572542551.0,1159203920943.0,1315240.0,4670.0,15922717142.0,71512711068260.0,713121.0,26.0,341.0,3.0,2.0,2.0,21.0,0,0,1,False,skill_pass,False,False,False,False,46.16,0,0,True,98.03383630544124,79.0,5.36,26.51585663351473,-0.4259983182696639,-0.7433133165421622,-0.5816671410843175,0.1807323661737498,0.7035508700138113,-0.1365974451458606,-1.633101717528305,-1.1454767260282497,0.0402934225849571,0.5592211233528491,-1.5988422751348248,-0.764447845542895,0,1,0,4.7683830595218825e-12,13.115384615384617,0.1153846153846153,False,,,,False,train,22.678211,5.0136375,0.8646464646464647,0.29606867,0.7636363636363637,0.35434705,62.86690022969486
CampMi02,michael-campanaro-1,00-0031025,Michael Campanaro,WR,2014,7,218,BAL,wake forest,69.0,192.0,4.46,39.0,122.0,20.0,6.77,4.01,312.0,412.0,1063929.0,211.0,100.0,292164.0,123238210.0,1010.0,10737967.0,107833763803.0,266.0,4.0,4.0,24.0,0,0,0,False,skill_pass,False,False,False,False,2.95,0,1,True,97.04916196065206,80.5,5.39,28.35034656584751,-2.0176940404004347,-1.098988435444261,-0.7871081788864059,1.292488435385985,0.5657926577034149,0.4396336234540616,-1.1135913277511078,-1.5145082113178383,-0.0393144433465145,0.8547989983578214,-1.428420336069527,0.1286256638024414,0,1,0,0.9988584509786111,10042.288619717308,2.4771914460158056e-05,False,,,,False,train,8.06232,2.0885172,0.7474747474747475,0.16841756,0.34276094276094277,0.12597375,42.642034913805205
BrowAn04,antonio-brown-1,00-0027793,Antonio Brown,WR,2010,6,195,PIT,central michigan,70.0,186.0,4.56,33.5,105.0,13.0,6.98,4.18,11.0,122.0,224.0,10.0,0.0,92042.0,61116341.0,103.0,9893110.0,9809981198.0,679.0,92.0,86.0,146.0,7,4,7,False,skill_pass,False,False,False,False,6.74,0,1,True,86.03666530535573,69.25,5.58,26.685306122448974,-1.619770109867742,-1.3361051813789937,-0.273505584381187,-0.2361761597808383,-1.776096951573326,-0.9049055366124238,-0.2044481456410033,-0.4689190029973457,-0.9296406328577348,-1.3620350641794703,-0.3490813886559478,-0.681955787629638,0,1,0,0.9938085566717852,991.5973033757838,6.863362481565453e-05,False,,,,False,train,28.436758,21.86702,0.967003367003367,0.3593556,0.8505050505050505,0.44432434,71.76383514797648
GranRy01,ryan-grant-2,00-0031068,Ryan Grant,WR,2014,5,142,WAS,tulane,72.0,199.0,4.64,35.5,119.0,8.0,6.68,4.11,0.0,11.0,0.0,0.0,1.0,5.0,3.0,0.0,93317677.0,395152711491039.0,14169.0,10.0,7.0,80.0,0,0,1,False,skill_pass,False,False,False,False,21.33,0,1,True,85.86400662360506,77.25,5.395,26.98630401234568,-0.8239222488023566,-0.8223522318537396,0.1373764912229899,0.3197018748252792,0.1525180207722253,-1.865290650945628,-1.5032241200840075,-0.8994557358351921,-0.9435995516225516,0.2143802691803815,-1.4000166795586435,-0.5354228265608573,0,1,0,0.9999999999999925,4234489.372158707,0.0001518361842633,False,,,,False,train,7.547962,-0.895977,0.2942760942760943,0.16484636,0.28484848484848485,0.11793691,23.12367897741622
AbbrJa00,jared-abbrederis-1,00-0031021,Jared Abbrederis,WR,2014,5,176,GNB,wisconsin,73.0,195.0,4.5,30.5,117.0,4.0,6.8,4.08,1.0,1.0,27.0,0.0,0.0,31186.0,276283119.0,2.0,20554978.0,2899338371081.0,3857.0,1.0,1.0,22.0,0,0,0,False,skill_pass,False,False,False,False,11.03,0,1,True,95.10745313214449,73.75,5.44,25.724338525051603,-0.4259983182696639,-0.9804300624768948,-0.5816671410843175,-1.0699932116900148,-0.1229984038485677,-2.633598742412191,-0.9837137303068066,-1.0839714784799863,-0.1962955781915379,-0.4753014391645537,-1.144383770960692,-1.1497777633455275,0,1,0,0.9999047172980038,141052.85693232072,0.000187643110102,False,,,,False,train,9.084161,0.6402216,0.5946127946127946,0.17569487,0.4255892255892256,0.14194001,38.64899416792172
SamuDe00,deebo-samuel-1,00-0035719,Deebo Samuel,WR,2019,2,36,SFO,south carolina,71.0,214.0,4.48,39.0,122.0,15.0,7.03,4.14,11.0,11.0,3313.0,11.0,0.0,1528.0,983026.0,610.0,12591562.0,161783250882.0,11311.0,52.0,47.0,97.0,1,1,5,False,skill_pass,False,False,False,False,75.07,0,0,True,106.2506787333077,80.5,5.585,29.84368180916485,-1.2218461793350492,-0.2295603670169083,-0.6843876599853594,1.292488435385985,0.5657926577034149,-0.5207514908791422,0.0120145167661627,-0.7149399931904031,0.7045996410207265,0.8547989983578214,-0.3206777321450648,0.8556169232652712,0,1,0,0.9999939238455056,12848.544992432233,0.0008982999885161,False,,,,False,train,36.14177,12.598576,0.9420875420875421,0.45192108,0.9212121212121213,0.56471515,76.44046870877446
FordIs00,isaiah-ford-1,00-0033471,Isaiah Ford,WR,2017,7,237,MIA,virginia tech,73.0,194.0,4.61,35.5,127.0,14.0,6.94,4.34,110.0,121.0,30140.0,0.0,0.0,476.0,5133.0,0.0,567579.0,70911641094.0,6117.0,5.0,5.0,32.0,0,0,0,False,skill_pass,False,False,False,False,0.98,0,1,True,85.90689534835319,81.25,5.640000000000001,25.59241884030775,-0.4259983182696639,-1.0199495201326834,-0.0167042871285729,0.3197018748252792,1.2545837192553977,-0.712828513745783,-0.377618275566737,0.5151649577748839,-0.9401321312842554,1.0025879358603076,-0.0082375105253417,-1.2139994163126322,0,1,0,0.999999927614147,124937.04152902064,0.0107773543418625,False,,,,False,train,5.8057647,-0.16803789,0.4249158249158249,0.15320109,0.07407407407407407,0.09071507,23.35643781704032
GiveCh00,chris-givens-2,00-0029614,Chris Givens,WR,2012,4,96,STL,wake forest,71.0,198.0,4.35,33.5,118.0,19.0,6.97,4.23,0.0,11.0,0.0,0.0,0.0,151614.0,986377.0,20.0,453583.0,6295141330.0,849.0,12.0,11.0,60.0,0,0,2,False,skill_pass,False,False,False,False,40.63,0,0,True,110.59567869378968,75.75,5.6,27.61237849633009,-1.2218461793350492,-0.8618716895095284,-1.3520710328421504,-0.2361761597808383,0.0147598084618287,0.2475566005874208,-0.2477406781224396,-0.1613927652560198,1.055879407937325,-0.0811976058245907,-0.2354667626124158,-0.2306348161886616,0,1,0,0.9998433359287006,13878.697680468624,0.0018717632715511,False,,,,False,train,17.886171,8.031715,0.9151515151515152,0.24867502,0.672053872053872,0.27947143,60.61006718567927
MartKe01,keshawn-martin-1,00-0029415,Keshawn Martin,WR,2012,4,121,HOU,michigan st.,71.0,188.0,4.42,39.5,122.0,13.0,6.85,4.13,2312.0,3312.0,59401346.0,200.0,0.0,9181819.0,51219157113.0,102.0,11183266.0,132411394777.0,514.0,7.0,4.0,58.0,0,0,1,False,skill_pass,False,False,False,False,29.37,0,0,True,98.51418471014152,80.75,5.49,26.21781392580837,-1.2218461793350492,-1.257066266067416,-0.9925492166884944,1.4314579440375144,0.5657926577034149,-0.9049055366124238,-0.7672510678996406,-0.776445240738666,0.0791281008764518,0.9040619775253168,-0.8603472058518518,-0.9095421533473704,0,1,0,0.7210749704456492,11840.136394591706,4.596152859102162e-05,False,,,,False,train,11.274285,1.4198294,0.6875420875420876,0.19212116,0.5508417508417508,0.17616071,45.88415616364391
LippTo00,tony-lippett-1,00-0031594,Tony Lippett,WR,2015,5,156,MIA,michigan st.,74.0,192.0,4.61,36.0,114.0,10.0,6.92,4.13,1.0,2.0,5.0,1.0,0.0,1212.0,-30351.0,1.0,4364465.0,443926131198.0,2211.0,6.0,6.0,28.0,0,0,1,False,skill_pass,False,False,False,False,16.68,0,1,True,85.02125725197841,75.0,5.525,24.64864864864865,-0.0280743877369711,-1.098988435444261,-0.0167042871285729,0.4586713834768086,-0.5362730407797573,-1.481136605212346,-0.4642033405296057,-0.776445240738666,-1.011733223780579,-0.2289865433270768,-0.6615216102756658,-1.673449284216088,0,1,0,1.0,101713.75671428228,0.0005065913004228,False,,,,False,train,7.0368605,-1.4070787,0.2249158249158249,0.1613582,0.23636363636363636,0.109950945,19.150088508045833
BoydTy00,tyler-boyd-1,00-0033009,Tyler Boyd,WR,2016,2,55,CIN,pittsburgh,73.0,197.0,4.58,34.0,119.0,11.0,6.9,4.35,12.0,13.0,2967.0,0.0,0.0,111240.0,10863349.0,100.0,857891.0,11741261926.0,786.0,48.0,46.0,136.0,0,0,5,False,skill_pass,False,False,False,False,63.03,0,0,True,89.5435503285939,76.5,5.625,25.988177894539312,-0.4259983182696639,-0.9013911471653172,-0.1707850654801405,-0.0972066511293089,0.1525180207722253,-1.2890595823457054,-0.5507884054924707,0.5766702053231468,-0.6461198584571374,0.0665913316778954,-0.0934484800579958,-1.0213344574113168,0,1,0,0.9990756268550752,13686.193148080583,0.0009162003098295,False,,,,False,train,31.543661,8.000467,0.9144781144781144,0.39584288,0.8814814814814815,0.4928697,71.9830068022715
JameRi00,richie-james-1,00-0034286,Richie James,WR,2018,7,240,SFO,middle tenn. st.,70.0,183.0,4.48,35.5,122.0,6.0,6.87,4.16,60.0,71.0,800.0,0.0,0.0,123810.0,14633957.0,140.0,10810531.0,13461625290.0,8123.0,13.0,6.0,66.0,0,0,1,False,skill_pass,False,False,False,False,0.77,0,1,True,90.85922527194067,78.75,5.515000000000001,26.254897959183676,-1.619770109867742,-1.4546635543463595,-0.6843876599853594,0.3197018748252792,0.5657926577034149,-2.249444696678909,-0.6806660029367718,-0.5919294980938716,-0.5397516210255301,0.5099581441853538,-0.7183289232974318,-0.891488760279661,0,1,0,0.9989140935379928,1245.2325690569687,0.0007513969480315,False,,,,False,train,11.209997,5.2361946,0.8713804713804714,0.19162275,0.5461279461279461,0.1751562,53.113356800542945
EverGe00,gerald-everett-1,00-0033895,Gerald Everett,TE,2017,2,44,LAR,south alabama,75.0,239.0,4.62,37.5,126.0,22.0,6.99,4.33,1.0,1.0,7.0,1.0,0.0,8.0,7.0,4.0,4149.0,575717.0,84.0,22.0,10.0,124.0,0,0,3,False,skill_pass,False,False,False,False,69.87,0,0,True,104.92041371152702,81.75,5.66,29.869688888888888,0.3698495427957216,0.7584260743778105,0.0346559723219479,0.8755799094313969,1.116825506945001,0.8237876691873433,-0.1611556131595709,0.4536597102266209,0.5970518410118665,1.1011138941952985,0.1053771155181902,0.8682777907617945,0,0,1,0.9999878413962244,138.76042419860207,0.0202458423716558,False,,,,False,train,26.528673,2.9854794,0.7993265993265993,0.33769873,0.8188552188552188,0.41451055,63.3943538693868
CrowJa00,jamison-crowder-1,00-0031941,Jamison Crowder,WR,2015,4,105,WAS,duke,68.0,185.0,4.56,37.0,115.0,10.0,7.17,4.32,101.0,211.0,21012.0,1.0,0.0,8382.0,4213719.0,10.0,147610885.0,163107413601044.0,1886.0,33.0,22.0,123.0,0,0,4,False,skill_pass,False,False,False,False,36.37,0,0,True,85.57410258866025,76.0,5.745,28.12608131487889,-2.415617970933128,-1.3756246390347822,-0.273505584381187,0.7366104007798674,-0.3985148284693608,-1.481136605212346,0.6181099715062286,0.3921544626783579,-0.9670373934521976,-0.0319346266570953,0.5882392762032111,0.0194479838507895,0,1,0,0.999999974165988,1104982.289084196,1.2776835529439445e-05,False,,,,False,train,15.689695,5.8352394,0.8828282828282829,0.22872664,0.6424242424242425,0.24515149,57.63917899146828
HardJu00,justin-hardy-1,00-0031570,Justin Hardy,WR,2015,4,107,ATL,east carolina,70.0,192.0,4.56,36.5,114.0,11.0,6.63,4.21,1021.0,1234.0,5105541.0,11.0,0.0,1.0,7.0,1.0,6488114121.0,658110512841494.0,611810.0,8.0,8.0,73.0,0,0,0,False,skill_pass,False,False,False,False,35.45,0,0,True,88.81204160552848,75.25,5.42,27.54612244897959,-1.619770109867742,-1.098988435444261,-0.273505584381187,0.597640892128338,-0.5362730407797573,-1.2890595823457054,-1.7196867824911737,-0.2844032603525513,-0.7052600692909654,-0.1797235641595814,-1.2579983970042237,-0.2628898423295905,0,1,0,0.9999999999999892,101433.25172277652,9.429704665948492e-05,False,,,,False,train,10.117458,0.2630024,0.5420875420875421,0.18330307,0.49562289562289563,0.15808529,38.423726789277005
QuinTr00,trey-quinn-1,00-0034339,Trey Quinn,WR,2018,7,256,WAS,southern methodist,71.0,203.0,4.55,33.5,116.0,17.0,6.91,4.19,1.0,2.0,34.0,0.0,1.0,21.0,110.0,0.0,175114.0,193831236.0,13.0,2.0,2.0,16.0,0,0,0,False,skill_pass,False,False,False,False,0.07,0,1,True,94.72845343652476,74.75,5.550000000000001,28.309660781590956,-1.2218461793350492,-0.6642744012305847,-0.3248658438317079,-0.2361761597808383,-0.2607566161589643,-0.1365974451458606,-0.5074958730110382,-0.4074137554490772,-0.2269365277771833,-0.2782495224945722,-0.5195033277212457,0.108818852390691,0,1,0,0.9999994324963312,1106.8860056877234,7.423735395228251e-05,False,,,,False,train,7.3685093,1.3947067,0.6841750841750842,0.16361478,0.26195286195286194,0.11513295,38.181015465973
HarrDw00,dwayne-harris-1,00-0028114,Dwayne Harris,WR,2011,6,176,DAL,east carolina,70.0,203.0,4.53,34.0,111.0,10.0,6.77,4.21,112.0,333.0,803538.0,101.0,0.0,20193116.0,19776149104.0,1050.0,265883101.0,2466549781123.0,21710.0,12.0,6.0,109.0,1,0,0,False,skill_pass,False,False,False,False,11.03,0,1,True,96.41247361671678,72.5,5.49,29.124285714285715,-1.619770109867742,-0.6642744012305847,-0.4275863627327499,-0.0972066511293089,-0.949547677710947,-1.481136605212346,-1.1135913277511078,-0.2844032603525513,-0.0907887206975527,-0.7216163350020306,-0.8603472058518518,0.5053977240538291,0,1,0,0.9920460351301592,9276.82042162958,8.16524251385198e-05,False,,,,False,train,12.8789625,6.3092237,0.8909090909090909,0.20488276,0.5925925925925926,0.20123379,55.610546392222446
FordJa01,jacoby-ford-1,00-0027709,Jacoby Ford,WR,2010,4,108,OAK,clemson,69.0,186.0,4.28,33.5,115.0,15.0,7.0,4.44,2.0,2.0,55.0,1.0,0.0,8141818.0,10417296122.0,2.0,12175556.0,120310710779.0,1446.0,12.0,12.0,38.0,0,0,1,False,skill_pass,False,False,False,False,35.0,0,0,True,110.858210500656,74.25,5.720000000000001,27.464398235664778,-2.0176940404004347,-1.3361051813789937,-1.711592848995802,-0.2361761597808383,-0.3985148284693608,-0.5207514908791422,-0.1178630806781384,1.13021743325753,1.0771042900461765,-0.3767754808295629,0.4462209936487962,-0.3026751410642299,0,1,0,0.9203132031999156,9881.331971944444,0.000118762543575,False,,,,False,train,15.975798,6.1213417,0.8888888888888888,0.23125999,0.6451178451178451,0.24962184,58.07554918321897
KirkCh01,christian-kirk-1,00-0034775,Christian Kirk,WR,2018,2,47,ARI,texas a&m,70.0,201.0,4.47,35.5,115.0,20.0,7.09,4.45,0.0,2.0,0.0,0.0,0.0,1184.0,543531.0,0.0,808371.0,1009928919.0,7910.0,42.0,23.0,106.0,0,0,7,False,skill_pass,False,False,False,False,67.97,0,0,True,100.6922303260915,75.25,5.77,28.83734693877551,-1.619770109867742,-0.7433133165421622,-0.7357479194358849,0.3197018748252792,-0.3985148284693608,0.4396336234540616,0.2717697116547612,1.191722680805793,0.2552163317770938,-0.1797235641595814,0.7302575587576262,0.3657090756204799,0,1,0,0.999462102108771,1249.3383842319924,0.0097851110443101,False,,,,False,train,32.498787,8.955593,0.9245791245791246,0.40731877,0.8888888888888888,0.50779355,73.06318894409974
GabbBl00,blaine-gabbert-1,00-0027948,Blaine Gabbert,QB,2011,1,10,JAX,missouri,76.0,234.0,4.61,33.5,120.0,,6.84,4.26,5262301.0,13445475.0,4335933186.0,2416.0,99.0,6103112.0,22204232.0,35.0,1.0,-10.0,0.0,17.0,7.0,69.0,0,0,2,False,skill_pass,False,True,False,False,93.25,1,0,True,103.6196572758487,76.75,5.55,28.480263157894736,0.7677734733284143,0.5608287860988668,-0.0167042871285729,-0.2361761597808383,0.2902762330826218,,-0.810543600381073,0.023122977388769,0.4918897186422125,0.1158543108453907,-0.5195033277212509,0.1918721634080638,1,0,0,,,,False,0.3913808177100474,322.4827078254952,24.404040404040405,False,train,34.052197,-2.2712975,0.17575757575757575,0.42619556,0.9030303030303031,0.5320656,44.25613218274984
KaepCo00,colin-kaepernick-1,00-0027974,Colin Kaepernick,QB,2011,2,36,SFO,nevada,77.0,233.0,4.53,32.5,115.0,,6.85,4.18,121208166233.0,225383282359.0,1923284920523022.0,17222021.0,3768.0,96161161173.0,521113011831206.0,6171620.0,1.0,6.0,1.0,45.0,45.0,69.0,0,0,4,False,skill_pass,False,True,False,False,75.07,0,0,True,110.660622427069,73.75,5.515,27.62674987350312,1.165697403861107,0.521309328443078,-0.4275863627327499,-0.5141151770838972,-0.3985148284693608,,-0.7672510678996406,-0.4689190029973457,1.0611299072921117,-0.4753014391645537,-0.7183289232974368,-0.22363848657146,1,0,0,,,,False,0.537786853418589,8533.396534085135,4570.600053078556,False,train,35.394623,11.851429,0.9387205387205387,0.44268578,0.9144781144781144,0.553041,75.75291927143782
LockJa00,jake-locker-1,00-0027946,Jake Locker,QB,2011,1,8,TEN,washington,74.0,231.0,4.51,35.0,120.0,,6.77,4.12,15550230184.0,32893395332.0,206251228002265.0,1412117.0,150119.0,17256112114.0,986180388385.0,13376.0,11.0,1516.0,0.0,15.0,15.0,30.0,0,0,1,False,skill_pass,False,True,False,False,94.73,1,0,True,111.66981792821925,77.5,5.445,29.655405405405407,-0.0280743877369711,0.4422704131315005,-0.5303068816337965,0.1807323661737498,0.2902762330826218,,-1.1135913277511078,-0.8379504882869291,1.1427202326411627,0.2636432483478769,-1.1159801144498038,0.7639594736010216,1,0,0,,,,False,0.4727462770884014,6270.293045777966,9.406650723759151,False,train,35.412674,-0.91082,0.2915824915824916,0.44290853,0.9158249158249159,0.55332303,49.90442894956079
DaltAn00,andy-dalton-1,00-0027973,Andy Dalton,QB,2011,2,35,CIN,texas christian,74.0,215.0,4.83,29.5,106.0,,6.93,4.27,222182199209.0,371307323316.0,2459224227562857.0,10112327.0,11586.0,9811311686.0,232432512435.0,5836.0,1.0,27.0,0.0,92.0,82.0,179.0,3,0,11,False,skill_pass,False,True,False,False,75.73,0,0,True,79.00961263728985,67.75,5.6,27.60135135135135,-0.0280743877369711,-0.1900409093611196,1.1132214207829114,-1.3479322289930735,-1.6383387392629296,,-0.4209108080481732,0.084628224937032,-1.49775604040656,-1.6576129391844427,-0.2354667626124158,-0.2360030937085626,1,0,0,,,,False,0.5983781769365009,6623.15034780486,872.8057137925082,False,train,86.036674,62.49348,0.997979797979798,0.9090288,0.9959595959595959,1.0,98.01896159335821
MahoPa00,patrick-mahomes-1,00-0033873,Patrick Mahomes,QB,2017,1,10,KAN,texas tech,74.0,225.0,4.8,30.0,114.0,,6.88,4.08,105364388.0,185573591.0,154746535052.0,163641.0,41510.0,46131131.0,104456285.0,1012.0,1.0,3.0,0.0,115.0,115.0,126.0,6,2,7,False,skill_pass,False,True,False,False,93.25,1,0,True,84.77105034722223,72.0,5.48,28.885135135135137,-0.0280743877369711,0.2051536671967679,0.959140642431344,-1.208962720341544,-0.5362730407797573,,-0.6373734704553393,-1.0839714784799863,-1.03196167579049,-0.8201422933370213,-0.9171545188736178,0.3889735108599279,1,0,0,,,,False,0.5677768449283281,833.8823116916458,3.942206697181402,False,train,62.83574,26.512245,0.9757575757575757,0.7580076,0.9784511784511785,0.9818085,93.39564948150205
KizeDe00,deshone-kizer-1,00-0033899,DeShone Kizer,QB,2017,2,52,CLE,notre dame,76.0,233.0,4.83,30.5,107.0,,7.4,4.53,211212.0,335361.0,28842925.0,2126.0,109.0,134129.0,520472.0,108.0,1.0,4.0,0.0,6.0,5.0,18.0,0,0,1,False,skill_pass,False,True,False,False,64.86,0,0,True,85.62437090459782,68.75,5.965,28.35855263157895,0.7677734733284143,0.521309328443078,1.1132214207829114,-1.0699932116900148,-1.500580526952533,,1.613838218579198,1.683764661191908,-0.9629733560606112,-1.4605610225144612,1.838000162682088,0.132620572573282,1,0,0,,,,False,0.6298048968126884,86.00560291745313,19.504587155963304,False,train,16.602755,-6.940439,0.05185185185185185,0.23687987,0.6531986531986532,0.25941804,25.06400527973167
AdamRo01,rodney-adams-1,00-0033957,Rodney Adams,WR,2017,5,170,MIN,south florida,73.0,189.0,4.44,29.5,125.0,8.0,6.98,4.28,0.0,1.0,0.0,0.0,0.0,151023.0,55281231.0,115.0,2234567.0,15323822822.0,295.0,0.0,,1.0,0,0,0,False,skill_pass,False,False,False,False,12.6,0,1,True,97.26574540109767,77.25,5.630000000000001,24.93282041658848,-0.4259983182696639,-1.2175468084116272,-0.8898286977874479,-1.3479322289930735,0.9790672946346044,-1.865290650945628,-0.2044481456410033,0.1461334724853005,-0.0218043441129826,0.2143802691803815,-0.0650448235471077,-1.5351076811481603,0,1,0,0.9964054322794432,6857.625133638866,0.0001320166278299,False,,,,False,train,8.403936,-0.040002823,0.45252525252525255,0.17082335,0.367003367003367,0.1313115,31.483774721722813
PeteNa00,nathan-peterman-1,00-0033958,Nathan Peterman,QB,2017,5,171,BUF,pittsburgh,74.0,226.0,4.82,31.0,110.0,,7.14,4.31,1010193185.0,2320314306.0,454922872855.0,2027.0,2087.0,698672.0,-613233286.0,113.0,1.0,-211.0,0.0,3.0,2.0,15.0,0,0,0,False,skill_pass,False,True,False,False,12.33,0,1,True,83.74334070472057,70.5,5.725,29.013513513513512,-0.0280743877369711,0.2446731248525567,1.0618611613323905,-0.9310237030384854,-1.0873058900213437,,0.4882323740619274,0.3306492151300895,-1.1150488120296995,-1.1157201683419935,0.4746246501596741,0.4514711713167754,1,0,0,,,,False,0.4353691146013216,196.0608835098912,0.9712505989458552,False,train,4.997356,-3.4465833,0.12390572390572391,0.14803053,0.03164983164983165,0.07808369,10.111510082075892
TrubMi00,mitch-trubisky-1,00-0033869,Mitchell Trubisky,QB,2017,1,2,CHI,north carolina,74.0,222.0,4.67,27.5,116.0,,6.87,4.25,4240304.0,7847446.0,4595553748.0,5630.0,406.0,111693.0,30101308.0,35.0,1.0,8.0,0.0,40.0,34.0,82.0,1,0,4,False,skill_pass,False,True,False,False,99.24,1,0,True,93.35024193638236,71.75,5.5600000000000005,28.5,-0.0280743877369711,0.0865952942294017,0.2914572695745574,-1.9038102635991911,-0.2607566161589643,,-0.6806660029367718,-0.0383822701594938,-0.3383606518128712,-0.8694052725045167,-0.4626960146994797,0.2014805294893802,1,0,0,,,,False,0.540341915063831,585.6113884695734,13.866995073891626,False,train,50.27241,13.948917,0.9474747474747475,0.6256548,0.9595959595959596,0.7855064,85.3141345652667
ThomLo00,logan-thomas-1,00-0031260,Logan Thomas,QB,2014,4,120,ARI,virginia tech,78.0,248.0,4.61,35.5,118.0,,7.05,4.18,12234220227.0,26391429402.0,107301329762907.0,191816.0,101613.0,6153174162.0,22469524344.0,1194.0,11.0,29.0,10.0,15.0,0.0,94.0,0,0,3,False,skill_pass,False,True,False,False,29.79,0,0,True,109.81912395047212,76.75,5.615,28.65614727153189,1.5636213343937997,1.1141011932799092,-0.0167042871285729,0.3197018748252792,0.0147598084618287,,0.0985995817290276,-0.4689190029973457,0.993097366116476,0.1158543108453907,-0.1502557930797617,0.2774967502948829,1,0,0,,,,False,0.4635679273238934,4065.764234610781,1.887711218052808,False,train,14.227709,4.373253,0.8498316498316498,0.2160874,0.6188552188552189,0.22230795,55.13827731929444
McNuMa00,marvin-mcnutt-1,00-0029424,Marvin McNutt,WR,2012,6,194,PHI,iowa,75.0,216.0,4.48,37.0,122.0,,7.15,4.07,1000.0,3111.0,10000.0,0.0,1000.0,116.0,558.0,0.0,1345382.0,116748611315.0,8812.0,0.0,0.0,5.0,0,0,0,False,skill_pass,False,True,False,False,6.94,0,1,True,107.24367573081524,79.5,5.61,26.9952,0.3698495427957216,-0.1505214517053308,-0.6843876599853594,0.7366104007798674,0.5657926577034149,,0.5315249065433636,-1.1454767260282497,0.7848803676043558,0.6577470816878399,-0.1786594495906447,-0.5310920473216201,0,1,0,0.9999999952205,86777.29545586309,0.0065498126182749,False,,,,False,train,8.503541,1.9338021,0.734006734006734,0.17152992,0.37575757575757573,0.13286783,42.96337614910871
RobiDe01,demarcus-robinson-3,00-0032775,Demarcus Robinson,WR,2016,4,126,KAN,florida,73.0,203.0,4.59,34.5,123.0,,6.77,4.19,0.0,1.0,0.0,0.0,0.0,11.0,31.0,0.0,55348.0,23810522.0,72.0,27.0,13.0,161.0,0,0,3,False,skill_pass,False,True,False,False,27.34,0,0,True,91.46928650309763,78.75,5.48,26.77969600300244,-0.4259983182696639,-0.6642744012305847,-0.1194248060296195,0.0417628575222204,0.7035508700138113,,-1.1135913277511078,-0.4074137554490772,-0.4904300631349061,0.5099581441853538,-0.9171545188736178,-0.6360045396086842,0,1,0,0.9999986980562778,430.1966105369661,0.0013008600130086,False,,,,False,train,12.589677,2.735221,0.7892255892255893,0.20253646,0.5865319865319866,0.1967137,51.284666964752915
MayfBa00,baker-mayfield-1,00-0034855,Baker Mayfield,QB,2018,1,1,CLE,oklahoma,73.0,215.0,4.84,29.0,111.0,,7.0,4.28,218269254285.0,340395358404.0,2315370039654627.0,12364043.0,9786.0,881417897.0,190405177311.0,3765.0,1.0,2.0,1.0,80.0,35.0,123.0,2,0,6,False,skill_pass,False,True,False,False,100.0,1,0,True,78.35866151960367,70.0,5.640000000000001,28.36273221992869,-0.4259983182696639,-0.1900409093611196,1.1645816802334323,-1.486901737644603,-0.949547677710947,,-0.1178630806781384,0.1461334724853005,-1.5503834187666587,-1.2142461266769844,-0.0082375105253417,0.1346552959965811,1,0,0,,,,False,0.6412227690424204,6802.002384846323,1263.4419578990394,False,train,84.73372,48.410225,0.9939393939393939,0.9034959,0.9952861952861953,1.0,97.73321841501628
AlleJo02,josh-allen-7,00-0034857,Josh Allen,QB,2018,1,7,BUF,wyoming,77.0,237.0,4.75,33.5,119.0,,6.9,4.4,4209152.0,6373270.0,5132031812.0,2816.0,156.0,314392.0,40512204.0,75.0,11.0,42.0,10.0,111.0,111.0,128.0,4,0,7,False,skill_pass,False,True,False,False,95.47,1,0,True,93.11162437366195,76.25,5.65,28.10102884128858,1.165697403861107,0.679387159066233,0.7023393451787344,-0.2361761597808383,0.1525180207722253,,-0.5507884054924707,0.8841964430644728,-0.3576521414738581,0.0173283525104,0.0485698024964242,0.007251841417547,1,0,0,,,,False,0.6604383620966945,805.243118838524,18.05128205128205,False,train,64.20828,27.884789,0.9791245791245792,0.7703723,0.9818181818181818,1.0,94.2087931261721
FinlRy00,ryan-finley-1,00-0035652,Ryan Finley,QB,2019,4,104,CIN,north carolina st.,76.0,213.0,4.73,30.5,116.0,,7.2,4.2,1246243311300.0,2770402478447.0,1.614853055351436e+17,21181721.0,148610.0,722746940.0,31429419420.0,131.0,2.0,18.0,0.0,2.0,2.0,8.0,0,0,0,False,skill_pass,False,True,False,False,36.83,0,0,True,85.10695181893301,73.25,5.7,25.92434210526316,0.7677734733284143,-0.2690798246726971,0.5996188262776925,-1.0699932116900148,-0.2607566161589643,,0.7479875689505298,-0.3459085079008143,-1.0048050839003448,-0.5738273974995445,0.3326063676052592,-1.0524112441223723,1,0,0,,,,False,0.4498419709754969,58289.47482954432,142.53227239082162,False,train,10.79029,0.93583393,0.6383838383838384,0.18839307,0.5306397306397307,0.16859828,43.28797508665809
BortBl00,blake-bortles-1,00-0031407,Blake Bortles,QB,2014,1,3,JAX,central florida,77.0,232.0,4.93,32.5,115.0,,7.08,4.21,75251259.0,110399382.0,95830593581.0,62525.0,379.0,218787.0,4285272.0,186.0,1.0,-3.0,0.0,44.0,44.0,78.0,0,0,5,False,skill_pass,False,True,False,False,98.48,1,0,True,78.54712679521835,73.75,5.645,27.50818013155676,1.165697403861107,0.4817898707872892,1.6268240152881304,-0.5141151770838972,-0.3985148284693608,,0.2284771791733288,-0.2844032603525513,-1.5351465859261697,-0.4753014391645537,0.0201661459855361,-0.2813610685687104,1,0,0,,,,False,0.6816275384585033,868.0355980706486,164.9736147757256,False,train,62.7072,26.383705,0.9750841750841751,0.7568267,0.9777777777777777,0.97980005,93.2914580403755
PresDa01,dak-prescott-1,00-0033077,Dak Prescott,QB,2016,4,135,DAL,mississippi st.,74.0,226.0,4.79,32.5,116.0,,7.11,4.32,18156244316.0,29267396477.0,194194034493793.0,4102729.0,7115.0,32134210160.0,118829986588.0,4131410.0,22.0,5335.0,21.0,104.0,104.0,139.0,4,0,8,False,skill_pass,False,True,False,False,23.87,0,0,True,85.86108676545588,74.25,5.715,29.013513513513512,-0.0280743877369711,0.2446731248525567,0.9077803829808228,-0.5141151770838972,-0.2607566161589643,,0.35835477661763,0.3921544626783579,-0.9438356130953718,-0.3767754808295629,0.4178173371379082,0.4514711713167754,1,0,0,,,,False,0.6203573430341923,6635.1660164375,576.6309205903021,False,train,34.465958,24.611502,0.9730639730639731,0.43126246,0.9063973063973064,0.5385306,76.44636682518805
DobbJo00,joshua-dobbs-1,00-0033949,Joshua Dobbs,QB,2017,4,135,PIT,tennessee,75.0,216.0,4.64,33.0,122.0,,6.75,4.31,72112205225.0,121177344357.0,695120622912946.0,291527.0,66512.0,38104146150.0,189469671831.0,181112.0,11.0,584.0,11.0,9.0,0.0,27.0,0,0,0,False,skill_pass,False,True,False,False,23.87,0,0,True,93.19912276733012,77.5,5.529999999999999,26.9952,0.3698495427957216,-0.1505214517053308,0.1373764912229899,-0.3751456684323677,0.5657926577034149,,-1.2001763927139728,0.3306492151300895,-0.3505781678000075,0.2636432483478769,-0.6331179537647879,-0.5310920473216201,1,0,0,,,,False,0.595096431660943,5736.390961540256,4.38307373105605,False,train,13.277981,3.4235249,0.8215488215488216,0.20815198,0.5993265993265994,0.20746846,53.16089421962247
ManuEJ00,ej-manuel-1,00-0030526,EJ Manuel,QB,2013,1,16,BUF,florida st.,77.0,237.0,4.65,34.0,118.0,,7.08,4.21,6965203263.0,10693311387.0,81786126663392.0,241823.0,64810.0,4441110103.0,195170151310.0,2144.0,0.0,11.0,0.0,10.0,10.0,30.0,0,0,1,False,skill_pass,False,True,False,False,88.88,1,0,True,101.38332493752672,76.0,5.645,28.10102884128858,1.165697403861107,0.679387159066233,0.1887367506735154,-0.0972066511293089,0.0147598084618287,,0.2284771791733288,-0.2844032603525513,0.3110891870659916,-0.0319346266570953,0.0201661459855361,0.007251841417547,1,0,0,,,,False,0.6513607442001259,7648.344250296543,3.7312606079308743,False,train,29.496338,-6.827156,0.055218855218855216,0.37164107,0.8653198653198653,0.46088028,36.16557864799644
LockDr00,drew-lock-1,00-0035704,Drew Lock,QB,2019,2,42,DEN,missouri,76.0,228.0,4.69,31.0,112.0,,7.03,4.12,129237242275.0,263434419437.0,1332339939643498.0,4234428.0,810138.0,52524455.0,28123111175.0,1116.0,1.0,21.0,1.0,14.0,12.0,41.0,0,0,1,False,skill_pass,False,True,False,False,71.15,0,0,True,94.24828837348844,71.5,5.575,27.75,0.7677734733284143,0.3237120401641342,0.394177788475604,-0.9310237030384854,-0.8117894654005504,,0.0120145167661627,-0.8379504882869291,-0.2657563834639435,-0.918668251672012,-0.3774850451668308,-0.163637381600632,1,0,0,,,,False,0.4905860158714261,5057.5772994695,5.226798397310088,False,train,25.653439,2.1102448,0.7494949494949495,0.32798165,0.8013468013468014,0.40083498,60.58306702289116
WillJa01,james-williams-5,00-0019491,James Williams,WR,2000,6,175,SEA,marshall,71.0,180.0,4.59,36.0,123.0,,7.22,4.16,0.0,1.0,0.0,0.0,0.0,10292122.0,585395563.0,6112.0,487183.0,342482613.0,134.0,4.0,4.0,30.0,0,0,0,False,skill_pass,False,True,False,False,11.28,0,1,True,81.10577128353486,79.5,5.69,25.102162269390995,-1.2218461793350492,-1.573221927313726,-0.1194248060296195,0.4586713834768086,0.7035508700138113,,0.8345726339133946,-0.5919294980938716,-1.3282881169611744,0.6577470816878399,0.2757990545834882,-1.452668023074337,0,1,0,0.3691029941844435,702.9855577883465,0.000275050648319,False,,,,False,train,11.611699,5.0419602,0.8653198653198653,0.19475327,0.5582491582491582,0.1814328,53.301499234305496
McClDe00,dexter-mccluster-1,00-0027651,Dexter McCluster,WR,2010,2,36,KAN,mississippi,69.0,172.0,4.53,37.5,118.0,20.0,,4.06,1.0,51.0,27.0,1.0,20.0,86109181.0,68636551169.0,1068.0,15274444.0,232326625520.0,1213.0,21.0,17.0,89.0,1,0,1,False,skill_pass,False,True,False,False,75.07,0,0,True,81.68938651268614,77.75,,25.397185465238397,-2.0176940404004347,-1.889377588560036,-0.4275863627327499,0.8755799094313969,0.0147598084618287,0.4396336234540616,,-1.206981973576518,-1.2811046362868737,0.3129062275153723,,-1.3090436857531342,0,1,0,0.7719436911714768,15210.152691646255,7.941369257041369e-05,False,,,,False,train,32.10494,8.561745,0.9212121212121213,0.40257365,0.8861952861952862,0.50163966,72.65665660913947
JoneDa05,daniel-jones-4,00-0035710,Daniel Jones,QB,2019,1,6,NYG,duke,77.0,221.0,4.81,33.5,120.0,,7.0,4.41,263257237.0,415453392.0,279526912674.0,151422.0,9119.0,120161104.0,431518319.0,773.0,11.0,6.0,0.0,52.0,40.0,83.0,0,0,5,False,skill_pass,False,True,False,False,96.22,1,0,True,82.57374159286897,76.75,5.705,26.20391297014673,1.165697403861107,0.0470758365736129,1.010500901881865,-0.2361761597808383,0.2902762330826218,,-0.1178630806781384,0.9457016906127356,-1.2096072716692514,0.1158543108453907,0.3610100241161422,-0.9163094705384792,1,0,0,,,,False,0.6336625047942803,672.8237584686756,16.60511020945279,False,train,48.33933,12.015835,0.9393939393939394,0.6027571,0.9548821548821549,0.755302,83.83458313656978
LuckAn00,andrew-luck-1,00-0029668,Andrew Luck,QB,2012,1,1,IND,stanford,76.0,234.0,4.59,36.0,124.0,,6.8,4.28,162263288.0,288372404.0,257533383517.0,133237.0,4810.0,615547.0,354453150.0,232.0,11.0,1113.0,0.0,72.0,72.0,86.0,4,0,5,False,skill_pass,False,True,False,False,100.0,1,0,True,105.43750266859531,80.0,5.54,28.480263157894736,0.7677734733284143,0.5608287860988668,-0.1194248060296195,0.4586713834768086,0.8413090823242079,,-0.9837137303068066,0.1461334724853005,0.6388568789787608,0.7562730400228306,-0.5763106407430167,0.1918721634080638,1,0,0,,,,False,0.5626866015931261,893.0583507463494,27.7,False,train,65.703735,29.380241,0.9818181818181818,0.7833314,0.9831649831649831,1.0,94.6026551179613
HursHa00,hayden-hurst-1,00-0034830,Hayden Hurst,TE,2018,1,25,BAL,south carolina,76.0,250.0,4.67,31.5,120.0,,7.19,4.37,20.0,21.0,210.0,0.0,0.0,29.0,930.0,1.0,84844.0,106616559.0,12.0,17.0,6.0,88.0,0,0,1,False,skill_pass,False,True,False,False,82.52,1,0,True,105.12414632475488,75.75,5.78,30.42763157894737,0.7677734733284143,1.1931401085914868,0.2914572695745574,-0.7920541943869559,0.2902762330826218,,0.7046950364690973,0.6996807004196783,0.6135229907331331,-0.0811976058245907,0.7870648717793972,1.139897616764588,0,0,1,0.999991277228448,1256.6187237753995,0.0001414360473339,False,,,,False,train,34.07465,-2.2488441,0.1771043771043771,0.42647013,0.9043771043771044,0.5324164,44.34944829826403
KafkMi00,mike-kafka-1,00-0027722,Mike Kafka,QB,2010,4,122,PHI,northwestern,75.0,225.0,4.93,32.0,110.0,,6.96,4.37,55232319.0,96346492.0,494113303430.0,10216.0,50312.0,48268150.0,2638321299.0,2018.0,1.0,24.0,1.0,0.0,0.0,4.0,0,0,0,False,skill_pass,False,True,False,False,28.96,0,0,True,76.17717038329366,71.0,5.665,28.12,0.3698495427957216,0.2051536671967679,1.6268240152881304,-0.6530846857354266,-1.0873058900213437,,-0.2910332106038721,0.6996807004196783,-1.726750209299058,-1.0171942100070028,0.1337807720290732,0.0164874545371078,1,0,0,,,,False,0.5732675663998228,5128.503313125298,0.2030529495945301,False,train,10.810473,0.9560175,0.6397306397306397,0.18854743,0.5313131313131313,0.16891365,43.36470996360185
MariMa01,marcus-mariota-1,00-0032268,Marcus Mariota,QB,2015,1,2,TEN,oregon,76.0,222.0,4.52,36.0,121.0,,6.87,4.11,230245304.0,336386445.0,267736654454.0,323142.0,644.0,10696135.0,752715770.0,5915.0,11.0,226.0,11.0,60.0,43.0,104.0,0,0,5,False,skill_pass,False,True,False,False,99.24,1,0,True,106.3724668318919,78.5,5.49,27.019736842105264,0.7677734733284143,0.0865952942294017,-0.4789466221832755,0.4586713834768086,0.4280344453930183,,-0.6806660029367718,-0.8994557358351921,0.7144458309569698,0.4606951650178584,-0.8603472058518518,-0.5191469266093279,1,0,0,,,,False,0.684466652632213,795.919866670014,501.77329192546586,False,train,55.43282,19.109325,0.9616161616161616,0.68387574,0.9676767676767677,0.8661378,88.81845325773413
DorsPh00,phillip-dorsett-1,00-0032208,Phillip Dorsett,WR,2015,1,29,IND,miami,70.0,185.0,4.33,37.0,122.0,13.0,6.7,4.11,12.0,12.0,1626.0,10.0,0.0,52.0,,0.0,14581336.0,147842272871.0,14210.0,16.0,7.0,94.0,0,0,0,False,skill_pass,False,False,False,False,79.77,1,0,True,105.2567942126949,79.5,5.405,26.54183673469388,-1.619770109867742,-1.3756246390347822,-1.4547915517431924,0.7366104007798674,0.5657926577034149,-0.9049055366124238,-1.4166390551211387,-0.8994557358351921,0.6242471609474814,0.6577470816878399,-1.3432093665368727,-0.7518001118463118,0,1,0,1.0,10139.144511243689,0.0009745334721043,False,,,,False,train,34.887524,-1.4359703,0.2222222222222222,0.43643975,0.9111111111111111,0.54511756,46.74225775069661
HundBr00,brett-hundley-1,00-0031589,Brett Hundley,QB,2015,5,147,GNB,ucla,75.0,226.0,4.63,36.0,120.0,,6.93,3.98,319248271.0,479369392.0,374530713155.0,292422.0,1195.0,160160159.0,355748644.0,91110.0,11.0,79.0,10.0,5.0,5.0,18.0,0,0,1,False,skill_pass,False,True,False,False,19.6,0,1,True,98.35908290348068,78.0,5.455,28.244977777777777,0.3698495427957216,0.2446731248525567,0.0860162317724689,0.4586713834768086,0.2902762330826218,,-0.4209108080481732,-1.69902395396263,0.0665886009943566,0.3621692066828676,-1.0591728014280375,0.0773296214102989,1,0,0,,,,False,0.6659755009973602,781.2987633449071,244.70460251046023,False,train,16.479696,8.035757,0.9158249158249159,0.23576942,0.6505050505050505,0.25749525,59.508391294916876
LockTy00,tyler-lockett-1,00-0032211,Tyler Lockett,WR,2015,3,69,SEA,kansas st.,70.0,182.0,4.4,35.5,121.0,,6.89,4.07,0.0,1.0,0.0,0.0,0.0,10723.0,110551017.0,0.0,184481106.0,24668712621515.0,341111.0,68.0,67.0,178.0,1,1,10,False,skill_pass,False,True,False,False,54.83,0,0,True,97.11597568472096,78.25,5.48,26.11142857142857,-1.619770109867742,-1.4941830120021484,-1.0952697355895364,0.3197018748252792,0.4280344453930183,,-0.5940809379739069,-1.1454767260282497,-0.0339127610378334,0.411432185850363,-0.9171545188736178,-0.9613330844963348,0,1,0,0.9999955185938044,133719.45320793448,0.0018490294610441,False,,,,False,train,27.15601,9.491436,0.9292929292929293,0.3447495,0.8336700336700337,0.42431265,69.2263609250186
DiggSt00,stefon-diggs-1,00-0031588,Stefon Diggs,WR,2015,5,146,MIN,maryland,72.0,195.0,4.46,35.0,115.0,,7.03,4.32,10.0,21.0,80.0,10.0,0.0,2075.0,1144528.0,0.0,543462.0,848587792.0,635.0,90.0,32.0,161.0,4,1,10,False,skill_pass,False,True,False,False,19.94,0,1,True,98.56555511628724,75.0,5.675000000000001,26.44386574074074,-0.8239222488023566,-0.9804300624768948,-0.7871081788864059,0.1807323661737498,-0.3985148284693608,,0.0120145167661627,0.3921544626783579,0.0832812388422525,-0.2289865433270768,0.1905880850508442,-0.7994947313924204,0,1,0,0.998653072299286,1561.448255811814,0.0011684349595739,False,,,,False,train,17.656374,9.212435,0.9272727272727272,0.24653448,0.6680134680134681,0.27588084,60.899484877584364
SanuMo00,mohamed-sanu-1,00-0029632,Mohamed Sanu,WR,2012,3,83,CIN,rutgers,73.0,211.0,4.62,36.0,126.0,19.0,6.88,4.22,161.0,792.0,381609.0,130.0,0.0,62594.0,,540.0,5144115.0,6394181206.0,327.0,41.0,15.0,136.0,0,0,5,False,skill_pass,False,False,False,False,47.2,0,0,True,92.62848239804268,81.0,5.55,27.835053480953277,-0.4259983182696639,-0.3481187399842746,0.0346559723219479,0.4586713834768086,1.116825506945001,0.2475566005874208,-0.6373734704553393,-0.2228980128042883,-0.3967126713074045,0.953324956692812,-0.5195033277212509,-0.1222313158718406,0,1,0,1.0,1243.008992994908,6.356778571241117e-05,False,,,,False,train,28.125326,10.4607525,0.9346801346801347,0.3557786,0.8444444444444444,0.43945822,70.18083079495415
PoseDe00,devier-posey-1,00-0029673,DeVier Posey,WR,2012,3,68,HOU,ohio st.,74.0,211.0,4.39,36.5,123.0,14.0,7.03,4.15,1.0,1.0,39.0,1.0,0.0,21.0,,0.0,11605312.0,117828848162.0,1872.0,2.0,2.0,26.0,0,0,0,False,skill_pass,False,False,False,False,55.39,0,0,True,113.6198914414596,79.75,5.59,27.08783783783784,-0.0280743877369711,-0.3481187399842746,-1.1466299950400618,0.597640892128338,0.7035508700138113,-0.712828513745783,0.0120145167661627,-0.6534347456421347,1.3003776262963085,0.7070100608553352,-0.2922740756341818,-0.4859937355359577,0,1,0,1.0,10153.009945962676,0.0001613054435761,False,,,,False,train,24.517145,6.8525715,0.898989898989899,0.31558362,0.7878787878787878,0.3830804,65.69045175958162
WilsRu00,russell-wilson-1,00-0029263,Russell Wilson,QB,2012,3,75,SEA,wisconsin,71.0,204.0,4.53,34.0,118.0,,6.97,4.09,150224308225.0,275378527309.0,1955302735633175.2,17312833.0,111144.0,11610314379.0,388260435338.0,4496.0,13.0,456.0,1.0,140.0,125.0,205.0,10,0,12,False,skill_pass,False,True,False,False,51.49,0,0,True,96.8874119103952,76.0,5.529999999999999,28.44911723864313,-1.2218461793350492,-0.6247549435747959,-0.4275863627327499,-0.0972066511293089,0.0147598084618287,,-0.2477406781224396,-1.0224662309317234,-0.0523914330978974,-0.0319346266570953,-0.6331179537647879,0.1767095861065623,1,0,0,,,,False,0.5455193245929248,7100.418303272956,155.7693892607788,False,train,63.69772,46.033146,0.9919191919191919,0.7658252,0.9804713804713805,0.9952768,94.50823540298224
WrigKe01,kendall-wright-1,00-0029708,Kendall Wright,WR,2012,1,20,TEN,baylor,70.0,196.0,4.49,38.5,121.0,,6.93,4.18,22.0,3423.0,5955.0,11.0,200.0,2928810.0,1681325372.0,1100.0,506678108.0,6497409521663.0,54714.0,28.0,24.0,82.0,0,0,3,False,skill_pass,False,True,False,False,86.02,1,0,True,96.44966043970804,79.75,5.555,28.12,-1.619770109867742,-0.940910604821106,-0.6330274005348384,1.1535189267344557,0.4280344453930183,,-0.4209108080481732,-0.4689190029973457,-0.0877822814267709,0.7070100608553352,-0.4910996712103678,0.0164874545371078,0,1,0,0.9997412983736385,12823.54500633566,0.0001079857194066,False,,,,False,train,34.96649,-1.3570023,0.23030303030303031,0.43741116,0.9117845117845118,0.54635143,47.12306403441462
RobiDe00,denard-robinson-1,00-0030547,Denard Robinson,WR,2013,5,135,JAX,michigan,70.0,199.0,4.43,36.5,123.0,,7.09,4.22,1418213389.0,31291245167.0,188257020751319.0,218209.0,411159.0,69256213177.0,351170211301266.0,514167.0,3.0,31.0,0.0,8.0,8.0,55.0,0,0,1,False,skill_pass,False,True,False,False,23.87,0,1,True,103.33993098805335,79.75,5.654999999999999,28.550408163265303,-1.619770109867742,-0.8223522318537396,-0.9411889572379736,0.597640892128338,0.7035508700138113,,0.2717697116547612,-0.2228980128042883,0.4692747160942508,0.7070100608553352,0.0769734590073021,0.2260204271871307,0,1,0,8.827628028335986e-14,10.333333333333334,0.0,False,,,,False,train,14.866481,6.4225416,0.8929292929292929,0.22154664,0.6303030303030303,0.23228876,57.39994050592485
NassRy00,ryan-nassib-1,00-0030586,Ryan Nassib,QB,2013,4,110,NYG,syracuse,74.0,227.0,5.06,28.5,105.0,,7.34,4.53,36202259294.0,68358415471.0,422233426853749.0,3192226.0,18910.0,27666584.0,,122.0,1.0,-4.0,0.0,0.0,0.0,5.0,0,0,0,False,skill_pass,False,True,False,False,34.1,0,0,True,69.25542288651015,66.75,5.9350000000000005,29.14189189189189,-0.0280743877369711,0.2841925825083454,2.2945073881449165,-1.6258712462961322,-1.776096951573326,,1.3540830236905956,1.683764661191908,-2.2863520204475094,-1.854664855854424,1.6675782236167902,0.5139688317736246,1,0,0,,,,False,0.5295947696353238,6176.758544569761,168.81152829190904,False,train,6.484936,-3.3695197,0.12794612794612795,0.15765864,0.19326599326599325,0.101327136,14.162880698513705
WilsCa00,caleb-wilson-2,00-0035320,Caleb Wilson,TE,2019,7,254,ARI,ucla,76.0,240.0,4.56,29.0,113.0,,7.2,4.4,1.0,1.0,39.0,0.0,0.0,1.0,4.0,0.0,163860.0,220490965.0,14.0,0.0,,5.0,0,0,0,False,skill_pass,False,True,False,False,0.12,0,1,True,111.0150520069106,71.0,5.800000000000001,29.210526315789476,0.7677734733284143,0.7979455320335993,-0.273505584381187,-1.486901737644603,-0.6740312530901539,,0.7479875689505298,0.8841964430644728,1.0897844392432,-1.0171942100070028,0.9006794978229342,0.5473817084167597,0,0,1,0.9999999818586676,1345.6057915293543,8.543878921030147e-05,False,,,,False,train,5.1749196,-0.79888296,0.31313131313131315,0.14915372,0.037037037037037035,0.08085812,17.866230203396945
KuppCo00,,00-0033908,Cooper Kupp,WR,2017,3,69,LAR,eastern washington,74.0,204.0,4.62,31.0,116.0,,6.75,4.08,1.0,1.0,22.0,0.0,0.0,2.0,29.0,0.0,1081512.0,189145246206.0,3333.0,63.0,60.0,120.0,1,1,6,False,skill_pass,False,True,False,False,54.83,0,0,True,89.5554995696716,73.5,5.415,26.18918918918919,-0.0280743877369711,-0.6247549435747959,0.0346559723219479,-0.9310237030384854,-0.2607566161589643,,-1.2001763927139728,-1.0839714784799863,-0.6451537993872221,-0.524564418332049,-1.2864020535151068,-0.9234773587339008,0,1,0,0.9999999998466786,174889.6417293567,0.0030817965958768,False,,,,False,train,30.52406,12.859486,0.9434343434343434,0.38371792,0.8740740740740741,0.47693843,72.43198298093446
BenjTr00,travis-benjamin-1,00-0029269,Travis Benjamin,WR,2012,4,100,CLE,miami,70.0,172.0,4.31,38.0,119.0,14.0,,,1.0,1.0,17.0,0.0,0.0,5938.0,42214419.0,1000.0,18294341.0,293501743609.0,3433.0,25.0,13.0,111.0,0,0,2,False,skill_pass,False,True,False,False,38.71,0,0,True,99.68948718242626,78.5,,24.676734693877552,-1.619770109867742,-1.889377588560036,-1.557512070644239,1.0145494180829262,0.1525180207722253,-0.712828513745783,,,0.17414765951297,0.4606951650178584,,-1.659776326663079,0,1,0,0.999856190468768,16043.307797148856,0.0001876536574889,False,,,,False,train,11.975871,2.1214151,0.7515151515151515,0.19762474,0.5703703703703704,0.18712299,49.16296826563901
MannSe00,sean-mannion-1,00-0032245,Sean Mannion,QB,2015,3,89,STL,oregon st.,78.0,229.0,5.14,31.0,105.0,,7.29,4.39,305200400282.0,473309603453.0,3328244646623164.0,16153715.0,1813158.0,32183448.0,,1001.0,1.0,6.0,0.0,2.0,1.0,14.0,0,0,0,False,skill_pass,False,True,False,False,44.11,0,0,True,65.61649104470338,68.0,5.84,26.46071663379356,1.5636213343937997,0.363231497819923,2.7053894637490936,-0.9310237030384854,-1.776096951573326,,1.1376203612834297,0.8226911955162043,-2.580548370468529,-1.6083499600169473,1.1279087499099982,-0.7912913142304936,1,0,0,,,,False,0.6448219052717924,7031.8553064255775,8.909160150411603,False,train,17.678,0.013425827,0.5070707070707071,0.24673538,0.6686868686868687,0.27621874,44.11564823021793
GoffJa00,jared-goff-1,00-0033106,Jared Goff,QB,2016,1,1,LAR,california,76.0,215.0,4.82,27.0,110.0,,7.17,4.47,320316341.0,531509529.0,350839734719.0,183543.0,10713.0,595556.0,,100.0,11.0,-111.0,0.0,106.0,44.0,151.0,5,0,8,False,skill_pass,False,True,False,False,100.0,1,0,True,79.66733739608372,68.5,5.82,26.167763157894736,0.7677734733284143,-0.1900409093611196,1.0618611613323905,-2.0427797722507206,-1.0873058900213437,,0.6181099715062286,1.314733175902319,-1.444581034177386,-1.5098240016819566,1.0142941238664662,-0.9339080624528072,1,0,0,,,,False,0.6026539949390071,660.081739981373,17.132735928311398,False,train,97.78778,61.464287,0.9973063973063973,0.9473194,0.997979797979798,1.0,98.79824051371327
ShipJo00,jordan-shipley-1,00-0027687,Jordan Shipley,WR,2010,3,84,CIN,texas,71.0,193.0,4.6,36.5,116.0,16.0,,,0.0,11.0,0.0,0.0,0.0,7441.0,11020320.0,0.0,162789116.0,22941710601485.0,451113.0,7.0,5.0,24.0,0,0,0,False,skill_pass,False,True,False,False,46.68,0,0,True,86.20966906207457,76.25,,26.915096211069237,-1.2218461793350492,-1.0594689777884725,-0.0680645465790985,0.597640892128338,-0.2607566161589643,-0.3286744680125014,,,-0.9156538158522984,0.0173283525104,,-0.5700884847680161,0,1,0,0.9999995196384918,140929.0201040529,0.0027711496387756,False,,,,False,train,21.696012,4.031439,0.8410774410774411,0.28593704,0.7393939393939394,0.3390002,60.929721008145854
AlleBr00,brandon-allen-2,00-0032434,Brandon Allen,QB,2016,6,201,JAX,arkansas,73.0,217.0,4.84,28.0,110.0,,7.06,4.33,21128190244.0,49258339370.0,186155222853440.0,1132030.0,31058.0,8294256.0,-3290107.0,121.0,1.0,11.0,0.0,5.0,,19.0,0,0,0,False,skill_pass,False,True,False,False,5.6,0,1,True,79.08757930118138,69.0,5.695,28.6265715894164,-0.4259983182696639,-0.111001994049542,1.1645816802334323,-1.7648407549476617,-1.0873058900213437,,0.14189211421046,0.4536597102266209,-1.491452677513999,-1.4112980433469655,0.3042027110943762,0.263098601930792,1,0,0,,,,False,0.4289261577678719,3779.1615639973206,36.448902054221136,False,train,6.202987,-0.36675167,0.39730639730639733,0.15579547,0.16700336700336701,0.096921675,24.28666616532237
WebbDa00,davis-webb-1,00-0033550,Davis Webb,QB,2017,3,87,NYG,california,77.0,229.0,4.79,33.0,118.0,,6.92,4.21,22621122382.0,36134541620.0,271825393004295.0,2024237.0,913012.0,2517233.0,,126.0,1.0,-10.0,0.0,1.0,1.0,2.0,0,0,0,False,skill_pass,False,True,False,False,45.13,0,0,True,87.00083570482033,75.5,5.565,27.15247090571766,1.165697403861107,0.363231497819923,0.9077803829808228,-0.3751456684323677,0.0147598084618287,,-0.4642033405296057,-0.2844032603525513,-0.8516904472945017,-0.1304605849920861,-0.4342923581886018,-0.4545288145604653,1,0,0,,,,False,0.6260248883157135,7522.591426864626,2.2170979132804387,False,train,14.378229,-3.2863445,0.13131313131313133,0.21736497,0.6208754208754209,0.22465983,26.510529763068412
RichPa01,paul-richardson-1,00-0031257,Paul Richardson,WR,2014,2,45,SEA,colorado,72.0,175.0,4.4,38.0,124.0,,7.09,,1.0,2.0,75.0,1.0,0.0,621.0,7247.0,0.0,343983.0,5145551343.0,6510.0,14.0,11.0,64.0,0,0,3,False,skill_pass,False,True,False,False,69.23,0,0,True,93.38074585069324,81.0,,23.73167438271605,-0.8239222488023566,-1.7708192155926696,-1.0952697355895364,1.0145494180829262,0.8413090823242079,,0.2717697116547612,,-0.3358945049759026,0.953324956692812,,-2.1198542555502318,0,1,0,0.999998591600917,14958.737330042472,0.0189253538692319,False,,,,False,train,29.227245,5.6840515,0.8801346801346801,0.36850455,0.8599326599326599,0.4566757,68.9076456505843
CoopPh00,pharoh-cooper-1,00-0033111,Pharoh Cooper,WR,2016,4,117,LAR,south carolina,71.0,203.0,4.52,31.0,115.0,15.0,,,252.0,385.0,297811.0,121.0,0.0,202724.0,202200111.0,121.0,36966.0,541136973.0,198.0,6.0,3.0,75.0,1,1,0,False,skill_pass,False,True,False,False,31.05,0,0,True,97.26851696790116,73.0,,28.309660781590956,-1.2218461793350492,-0.6642744012305847,-0.4789466221832755,-0.9310237030384854,-0.3985148284693608,-0.5207514908791422,,,-0.0215802715354053,-0.6230903766670398,,0.108818852390691,0,1,0,0.727983285978505,14638.775442298327,0.0053562733322512,False,,,,False,train,16.329355,6.4748993,0.8936026936026936,0.23441769,0.6478114478114478,0.25514618,58.49161404933191
HogaKe00,kevin-hogan-2,00-0032784,Kevin Hogan,QB,2016,5,162,KAN,stanford,75.0,218.0,4.78,32.5,113.0,,6.9,4.31,109180232206.0,152295352304.0,1096263027922867.0,9201927.0,31088.0,55849185.0,263355295336.0,2256.0,1.0,11.0,1.0,2.0,,9.0,0,0,0,False,skill_pass,False,True,False,False,14.86,0,1,True,83.51700328845608,72.75,5.605,27.24515555555556,0.3698495427957216,-0.0714825363937533,0.856420123530302,-0.5141151770838972,-0.6740312530901539,,-0.5507884054924707,0.3306492151300895,-1.1333474899475409,-0.6723533558345351,-0.2070631061015277,-0.4094077135752363,1,0,0,,,,False,0.7168979916607239,7198.269752412359,295.9961078229542,False,train,15.231892,6.7879524,0.896969696969697,0.22471367,0.6377104377104377,0.23799829,57.887235760036546
AdamJo01,joe-adams-1,00-0029271,Joe Adams,WR,2012,4,104,CAR,arkansas,71.0,179.0,4.51,36.0,123.0,,7.09,,1.0,1.0,6.0,1.0,0.0,65610.0,463132139.0,101.0,31295054.0,377568813652.0,1763.0,0.0,0.0,9.0,0,0,0,False,skill_pass,False,True,False,False,36.83,0,0,True,86.53202341623916,79.5,,24.96270581233882,-1.2218461793350492,-1.6127413849695147,-0.5303068816337965,0.4586713834768086,0.7035508700138113,,0.2717697116547612,,-0.8895924663873086,0.6577470816878399,,-1.520558756790208,0,1,0,0.9987748862386988,12064.807865549616,5.633478056947913e-05,False,,,,False,train,11.187884,1.3334284,0.6801346801346801,0.19145156,0.5447811447811448,0.1748107,45.42625554101636
CousKi00,kirk-cousins-1,00-0029604,Kirk Cousins,QB,2012,4,102,WAS,michigan st.,75.0,214.0,4.84,28.5,109.0,,7.05,4.5,32198226267.0,43328338419.0,310268028253316.0,2192025.0,191010.0,3314037.0,,10.0,1.0,2.0,0.0,102.0,34.0,174.0,4,0,9,False,skill_pass,False,True,False,False,37.76,0,0,True,77.99420262881482,68.75,5.775,26.745244444444445,0.3698495427957216,-0.2295603670169083,1.1645816802334323,-1.6258712462961322,-1.22506410233174,,0.0985995817290276,1.4992489185471136,-1.579848789392989,-1.4605610225144612,0.7586612152685142,-0.652776381068004,1,0,0,,,,False,0.7431216483686042,7160.856833532756,11.47596984451076,False,train,37.660553,27.806097,0.9784511784511785,0.47079024,0.9313131313131313,0.58844614,78.94903731386268
BrisJa00,jacoby-brissett-2,00-0033119,Jacoby Brissett,QB,2016,3,91,NWE,north carolina st.,76.0,231.0,4.94,31.0,113.0,,7.17,4.53,1823221237.0,3935370395.0,20624926062662.0,212320.0,4056.0,137124139.0,,2136.0,1.0,20.0,0.0,42.0,2.0,101.0,0,0,3,False,skill_pass,False,True,False,False,43.1,0,0,True,77.5772141722882,72.0,5.85,28.11513157894737,0.7677734733284143,0.4422704131315005,1.6781842747386555,-0.9310237030384854,-0.6740312530901539,,0.6181099715062286,1.683764661191908,-1.6135610124419704,-0.8201422933370213,1.184716062931764,0.0141173909037167,1,0,0,,,,False,0.4632908859904151,5240.911017897211,52.34714003944773,False,train,22.0572,4.392626,0.8518518518518519,0.28963858,0.7494949494949495,0.34464374,61.74961955323566
HarrNK00,nkeal-harry-1,00-0035624,N'Keal Harry,WR,2019,1,32,NWE,arizona st.,74.0,228.0,4.53,38.5,122.0,27.0,,,110.0,211.0,46140.0,10.0,1.0,3137.0,696510.0,201.0,588273.0,65911421088.0,589.0,7.0,6.0,49.0,0,0,1,False,skill_pass,False,True,False,False,77.74,1,0,True,108.28593095867696,80.25,,29.27027027027027,-0.0280743877369711,0.3237120401641342,-0.4275863627327499,1.1535189267344557,0.5657926577034149,1.7841727835205472,,,0.8691434692938348,0.805536019190326,,0.5764664922304739,0,1,0,0.9999894327473402,112042.23394240427,0.0010012358207838,False,,,,False,train,31.678959,-4.644535,0.09696969696969697,0.3974618,0.8821548821548821,0.49498373,39.3707966582743
SavaTo00,tom-savage-1,00-0031064,Tom Savage,QB,2014,4,135,HOU,pittsburgh,76.0,228.0,4.97,27.0,105.0,,7.33,4.36,14943238.0,28583389.0,22115212958.0,14221.0,739.0,593276.0,,103.0,1.0,-2.0,0.0,3.0,3.0,13.0,0,0,1,False,skill_pass,False,True,False,False,23.87,0,0,True,74.7376241287249,66.0,5.845000000000001,27.75,0.7677734733284143,0.3237120401641342,1.8322650530902187,-2.0427797722507206,-1.776096951573326,,1.310790491209163,0.6381754528714153,-1.8431330579457317,-2.0024537933569104,1.1563124064208865,-0.163637381600632,1,0,0,,,,False,0.5227944803885921,773.7085675180084,19.243572395128552,False,train,9.60429,-0.25016594,0.41683501683501684,0.1794931,0.463973063973064,0.15006703,32.54406483032387
MeieKe00,kerry-meier-1,00-0027764,Kerry Meier,WR,2010,5,165,ATL,kansas,74.0,224.0,4.62,35.0,115.0,13.0,,4.23,1042532.0,1842933.0,11932757470.0,13310.0,10000.0,991522.0,,5100.0,12696102.0,52741038985.0,288.0,0.0,0.0,12.0,0,0,0,False,skill_pass,False,True,False,False,13.99,0,1,True,98.3354505078747,75.0,,28.75675675675676,-0.0280743877369711,0.1656342095409792,0.0346559723219479,0.1807323661737498,-0.3985148284693608,-0.9049055366124238,,-0.1613927652560198,0.0646779951265429,-0.2289865433270768,,0.3264758504030787,0,1,0,1.0,4154.112733577597,2.268412777402072e-05,False,,,,False,train,9.005438,0.56149864,0.5851851851851851,0.17512552,0.4222222222222222,0.14070997,38.1685617428135
CarrDe02,derek-carr-1,00-0031280,Derek Carr,QB,2014,2,36,OAK,fresno st.,74.0,214.0,4.69,34.5,110.0,,,4.2,10279344453.0,14446511659.0,112354441045082.0,263750.0,978.0,1576640.0,721117.0,302.0,1.0,-1.0,0.0,93.0,80.0,169.0,4,0,11,False,skill_pass,False,True,False,False,75.07,0,0,True,88.46111277160757,72.25,,27.47297297297297,-0.0280743877369711,-0.2295603670169083,0.394177788475604,0.0417628575222204,-1.0873058900213437,,,-0.3459085079008143,-0.7336315767950471,-0.7708793141695259,,-0.2985007541654118,1,0,0,,,,False,0.7115450909975277,7777.271336993423,269.6830265848671,False,train,76.13108,52.587887,0.9946127946127946,0.8589449,0.9919191919191919,1.0,96.80179348056164
KerlJe00,jeremy-kerley-1,00-0028091,Jeremy Kerley,WR,2011,5,153,NYJ,texas christian,69.0,189.0,4.56,34.5,120.0,16.0,,,2012.0,2212.0,5404437.0,1.0,100.0,6251418.0,161435097.0,332.0,9114456.0,9795532575.0,210.0,23.0,19.0,99.0,0,0,4,False,skill_pass,False,True,False,False,17.63,0,1,True,87.4243534554421,77.25,,27.907372400756145,-2.0176940404004347,-1.2175468084116272,-0.273505584381187,0.0417628575222204,0.2902762330826218,-0.3286744680125014,,,-0.8174503510743502,0.2143802691803815,,-0.0870247386308933,0,1,0,0.9837867207850868,1074.724873870695,2.304032187987961e-05,False,,,,False,train,14.250909,5.8069696,0.8821548821548821,0.21628396,0.6202020202020202,0.22267047,56.469324470519624
BrazLa00,lavon-brazill-1,00-0029548,LaVon Brazill,WR,2012,6,206,IND,ohio,71.0,192.0,4.43,32.5,,11.0,,,2.0,3.0,54.0,1.0,0.0,91435.0,7586573.0,1.0,1634531272.0,201384702781150.0,16011.0,3.0,3.0,25.0,0,0,0,False,skill_pass,False,True,False,False,4.73,0,1,True,99.70485803872484,,,26.77563975401706,-1.2218461793350492,-1.098988435444261,-0.9411889572379736,-0.5141151770838972,,-1.2890595823457054,,,0.175390345558306,,,-0.6379792184838873,0,1,0,0.9999999623279592,123206.39331344038,9.795468752585604e-06,False,,,,False,train,8.096494,1.5267549,0.6996632996632997,0.168657,0.3461279461279461,0.12650771,40.812385405329145
StewAr00,ardarius-stewart-1,00-0033916,ArDarius Stewart,WR,2017,3,79,NYJ,alabama,71.0,204.0,4.49,34.0,124.0,,,,2.0,2.0,36.0,0.0,0.0,58.0,1468.0,0.0,126354.0,149700864.0,48.0,1.0,1.0,15.0,0,0,0,False,skill_pass,False,True,False,False,49.32,0,0,True,100.38638127398184,79.0,,28.44911723864313,-1.2218461793350492,-0.6247549435747959,-0.6330274005348384,-0.0972066511293089,0.8413090823242079,,,,0.2304893847773444,0.5592211233528491,,0.1767095861065623,0,1,0,0.9999901938735328,1184.773446032575,0.0003798850847618,False,,,,False,train,23.708778,6.0442047,0.8875420875420875,0.30691943,0.7784511784511785,0.37044966,64.61808920192598
GodwTe00,terry-godwin-1,00-0035313,Terry Godwin,WR,2019,7,237,CAR,georgia,71.0,184.0,4.55,36.5,117.0,,6.96,,10.0,12.0,440.0,10.0,1.0,74.0,3714.0,10.0,35383822.0,379397639373.0,2063.0,0.0,,3.0,0,0,0,False,skill_pass,False,True,False,False,0.98,0,1,True,85.86224350896826,76.75,,25.659988097599683,-1.2218461793350492,-1.4151440966905708,-0.3248658438317079,0.597640892128338,-0.1229984038485677,,-0.2910332106038721,,-0.9437420939710662,0.1158543108453907,,-1.1811050882108536,0,1,0,0.9999999902107984,10722.347613352793,5.830348117848886e-05,False,,,,False,train,5.3998566,-0.573946,0.3616161616161616,0.15058665,0.04915824915824916,0.08437276,20.14699973238739
TaylTr02,trent-taylor-2,00-0033292,Trent Taylor,WR,2017,5,177,SFO,louisiana tech,68.0,181.0,4.63,33.0,117.0,13.0,6.74,4.01,0.0,1.0,0.0,0.0,0.0,,,,286499136.0,26083412821803.0,29912.0,7.0,6.0,80.0,0,0,0,False,skill_pass,False,False,False,False,10.77,0,1,True,78.7743097589823,75.0,5.375,27.517949826989614,-2.415617970933128,-1.533702469657937,0.0860162317724689,-0.3751456684323677,-0.1229984038485677,-0.9049055366124238,-1.2434689251954052,-1.5145082113178383,-1.5167795481162152,-0.2289865433270768,-1.5136313056021755,-0.2766049475174675,0,1,0,1.0,91041.85508539544,0.0001044052014174,False,,,,False,train,9.579763,1.1358242,0.6585858585858586,0.17931257,0.4612794612794613,0.1496838,42.14895129660364
AyerDe00,demarcus-ayers-1,00-0032365,Demarcus Ayers,WR,2016,7,229,PIT,houston,69.0,182.0,4.72,33.0,123.0,,,,2.0,3.0,49.0,2.0,0.0,225.0,4147.0,1.0,113398.0,1303351222.0,126.0,0.0,0.0,2.0,0,0,0,False,skill_pass,False,True,False,False,1.68,0,1,True,73.33873068566663,78.0,,26.87376601554295,-2.0176940404004347,-1.4941830120021484,0.5482585668271669,-0.3751456684323677,0.7035508700138113,,,,-1.9562292529026948,0.3621692066828676,,-0.5902090109753464,0,1,0,0.9999968182123627,11493.59972839027,0.0011111307077726,False,,,,False,train,7.4311075,1.457305,0.6922558922558922,0.16404355,0.2686868686868687,0.116111055,38.66706522777426
RenfHu00,hunter-renfrow-1,00-0034983,Hunter Renfrow,WR,2019,5,149,OAK,clemson,70.0,184.0,4.59,35.0,116.0,7.0,6.8,4.19,1.0,2.0,2.0,0.0,0.0,,,,33446049.0,492495602544.0,5631.0,22.0,21.0,79.0,1,0,0,False,skill_pass,False,False,False,False,18.93,0,1,True,82.90812175650231,75.5,5.495,26.398367346938777,-1.619770109867742,-1.4151440966905708,-0.1194248060296195,0.1807323661737498,-0.2607566161589643,-2.0573676738122684,-0.9837137303068066,-0.4074137554490772,-1.182573672817475,-0.1304605849920861,-0.8319435493409688,-0.8216444360629855,0,1,0,1.0,14725.075674678345,0.0001683606933662,False,,,,False,train,10.370051,1.9261122,0.7299663299663299,0.18520136,0.509090909090909,0.16203205,46.325140045999674
CoopRi00,riley-cooper-1,00-0027758,Riley Cooper,WR,2010,5,159,PHI,florida,75.0,222.0,4.53,33.0,114.0,,,,0.0,1.0,0.0,0.0,0.0,1.0,14.0,0.0,481851.0,92182261961.0,3339.0,17.0,17.0,88.0,0,0,3,False,skill_pass,False,True,False,False,15.76,0,1,True,105.43630119660652,73.5,,27.745066666666663,0.3698495427957216,0.0865952942294017,-0.4275863627327499,-0.3751456684323677,-0.5362730407797573,,,,0.6387597436959015,-0.524564418332049,,-0.1660390460824687,0,1,0,0.9999999998481268,191308.6451226624,0.0069295280076206,False,,,,False,train,9.922882,1.4789429,0.692929292929293,0.18185113,0.4855218855218855,0.15504503,44.16553304974078
TreaLa00,laquon-treadwell-1,00-0032951,Laquon Treadwell,WR,2016,1,23,MIN,mississippi,74.0,221.0,4.52,33.0,117.0,12.0,,,13.0,43.0,19134.0,1.0,10.0,321.0,,0.0,724882.0,6086321153.0,5511.0,8.0,5.0,93.0,0,0,2,False,skill_pass,False,True,False,False,83.91,1,0,True,105.8933115758924,75.0,,28.37162162162162,-0.0280743877369711,0.0470758365736129,-0.4789466221832755,-0.3751456684323677,-0.1229984038485677,-1.0969825594790643,,,0.6757076150363194,-0.2289865433270768,,0.138982869032531,0,1,0,1.0,8396.292297229067,0.0076026167017528,False,,,,False,train,33.726486,-2.5970078,0.16094276094276094,0.4222178,0.898989898989899,0.52697635,43.40139182820063
CallAn00,antonio-callaway-1,00-0034772,Antonio Callaway,WR,2018,4,105,CLE,florida,71.0,200.0,4.41,34.0,121.0,,,,1.0,1.0,2.0,1.0,0.0,35.0,1932.0,1.0,3554.0,678721.0,43.0,5.0,5.0,25.0,0,0,1,False,skill_pass,False,True,False,False,36.37,0,0,True,105.75615031698236,77.5,,27.89129141043444,-1.2218461793350492,-0.7828327741979508,-1.0439094761390153,-0.0972066511293089,0.4280344453930183,,,,0.664618552781285,0.2636432483478769,,-0.0948533487569208,0,1,0,0.9971615492769444,190.973832301632,0.0120990433314575,False,,,,False,train,14.099811,4.2453547,0.8451178451178452,0.21500611,0.6154882154882155,0.22030954,54.82079148613644
GrifRo01,robert-griffin-iii-1,00-0029665,Robert Griffin III,QB,2012,1,2,WAS,baylor,74.0,223.0,4.33,39.0,120.0,,,,16045304291.0,26769454402.0,209148135014293.0,1542237.0,3086.0,17327149179.0,84377635699.0,132810.0,111.0,915.0,0.0,36.0,31.0,56.0,1,0,3,False,skill_pass,False,True,False,False,99.24,1,0,True,126.87710869962685,79.5,,28.62837837837838,-0.0280743877369711,0.1261147518851904,-1.4547915517431924,1.292488435385985,0.2902762330826218,,,,2.372182512548855,0.6577470816878399,,0.2639781899462294,1,0,0,,,,False,0.5993885437501193,7812.939773575181,499.7527543745949,False,train,51.52844,15.204945,0.9535353535353536,0.64024365,0.9622895622895623,0.8051318,86.29471453532626
PattCo00,cordarrelle-patterson-1,00-0030578,Cordarrelle Patterson,WR,2013,1,29,MIN,tennessee,74.0,216.0,4.42,37.0,128.0,,,,1.0,1.0,28.0,0.0,0.0,25.0,308.0,3.0,46.0,778.0,5.0,42.0,16.0,183.0,4,4,4,False,skill_pass,False,True,False,False,79.77,1,0,True,113.186510092503,82.5,,27.72972972972973,-0.0280743877369711,-0.1505214517053308,-0.9925492166884944,0.7366104007798674,1.392341931565794,,,,1.265340088751526,1.2489028316977844,,-0.1735054332517134,0,1,0,0.716390423572744,16.91304347826087,0.108695652173913,False,,,,False,train,36.186295,-0.1371994,0.4316498316498317,0.45247257,0.9218855218855219,0.56541085,56.06137210351449
WilsCe00,cedrick-wilson-1,00-0020452,Cedrick Wilson,WR,2001,6,169,SFO,tennessee,70.0,179.0,4.48,38.0,123.0,,,,22.0,23.0,8446.0,10.0,0.0,39.0,713.0,0.0,5683.0,11291511.0,117.0,22.0,11.0,100.0,0,0,2,False,skill_pass,False,True,False,False,12.87,0,1,True,88.8732312769256,80.5,,25.681020408163267,-1.619770109867742,-1.6127413849695147,-0.6843876599853594,1.0145494180829262,0.7035508700138113,,,,-0.7003130741927887,0.8547989983578214,,-1.1708660571463576,0,1,0,0.99993685920506,1986.892662326236,0.020587717754707,False,,,,False,train,11.2648735,4.6951346,0.8572390572390572,0.19204813,0.5501683501683502,0.17601365,52.65416513503802
PondCh00,christian-ponder-1,00-0027950,Christian Ponder,QB,2011,1,12,MIN,florida st.,74.0,229.0,4.63,34.0,116.0,,6.85,4.09,8177227184.0,18318330299.0,105200627172044.0,1141420.0,21378.0,511972100.0,51423179180.0,424.0,,,,22.0,22.0,38.0,0,0,3,False,skill_pass,False,True,False,False,91.78,1,0,True,99.66473444644724,75.0,5.47,29.39864864864865,-0.0280743877369711,0.363231497819923,0.0860162317724689,-0.0972066511293089,-0.2607566161589643,,-0.7672510678996406,-1.0224662309317234,0.172146477601728,-0.2289865433270768,-0.9739618318953888,0.6389641526873231,1,0,0,,,,True,0.4463958805484797,5742.9157273022265,53.39227242960053,False,train,33.07372,-3.249775,0.13265993265993267,0.41427654,0.8929292929292929,0.51677686,41.7860508677534
CookCo00,connor-cook-1,00-0032893,Connor Cook,QB,2016,4,100,OAK,michigan st.,76.0,217.0,4.79,33.0,113.0,,7.21,4.28,9223212229.0,17380365408.0,94275532143131.0,1222424.0,1687.0,4695152.0,-3768056.0,120.0,,,,0.0,0.0,1.0,0,0,0,False,skill_pass,False,True,False,False,38.71,0,0,True,82.4418399473625,73.0,5.745,26.411184210526315,0.7677734733284143,-0.111001994049542,0.9077803829808228,-0.3751456684323677,-0.6740312530901539,,0.7912801014319621,0.1461334724853005,-1.2202711104979842,-0.6230903766670398,0.5882392762032111,-0.815404880783242,1,0,0,,,,True,0.5306684878302186,5424.254895109222,724.6141078838174,False,train,7.2275577,-2.6268983,0.1589225589225589,0.16265263,0.2518518518518518,0.11293058,16.9056038068551
TeboTi00,tim-tebow-1,00-0027876,Tim Tebow,QB,2010,1,25,DEN,florida,75.0,236.0,4.71,38.5,115.0,,6.66,4.17,22234192213.0,33350298314.0,358328627462895.0,5323021.0,1645.0,89210176217.0,469895673910.0,8231214.0,,,,12.0,11.0,35.0,0,0,1,False,skill_pass,False,True,False,False,82.52,1,0,True,95.90878077302098,76.75,5.415,29.49475555555556,0.3698495427957216,0.6398677014104442,0.4968983073766459,1.1535189267344557,-0.3985148284693608,,-1.5898091850468723,-0.5304242505456087,-0.1315107244582601,0.1158543108453907,-1.2864020535151068,0.6857512901422196,1,0,0,,,,True,0.6666864567045384,10744.390472587573,3235.8790273556237,False,train,32.477932,-3.845562,0.11447811447811448,0.40706703,0.8882154882154882,0.5074677,40.63412914643384
FoleNi00,nick-foles-1,00-0029567,Nick Foles,QB,2012,3,88,PHI,arizona,77.0,243.0,5.14,30.5,112.0,,,,5260286387.0,8409426560.0,57248631914334.0,192028.0,91014.0,273543.0,,310.0,1.0,-9.0,0.0,32.0,24.0,71.0,1,0,3,False,skill_pass,False,True,False,False,44.61,0,0,True,69.62797958018743,71.25,,28.812447292966773,1.165697403861107,0.9165039050009656,2.7053894637490936,-1.0699932116900148,-0.8117894654005504,,,,-2.2562319675802,-0.9679312308395074,,0.3535873334010567,1,0,0,,,,False,0.6255226024591146,6807.673686888586,2.109873206319907,False,train,20.735287,3.070713,0.8074074074074075,0.2762308,0.7239057239057239,0.32398885,58.77880448609692
LaslJo00,jordan-lasley-1,00-0034271,Jordan Lasley,WR,2018,5,162,BAL,ucla,73.0,203.0,4.5,34.5,112.0,8.0,,4.19,1.0,1.0,30.0,0.0,0.0,4.0,-6.0,0.0,34169.0,176201264.0,59.0,,,,0,0,0,False,skill_pass,True,True,False,False,14.86,0,1,True,99.00929736320684,73.25,,26.77969600300244,-0.4259983182696639,-0.6642744012305847,-0.5816671410843175,0.0417628575222204,-0.8117894654005504,-1.865290650945628,,-0.4074137554490772,0.1191564228437889,-0.5738273974995445,,-0.6360045396086842,0,1,0,1.0,5156.757997014838,0.0017267113465421,False,,,,False,train,7.7763157,-0.6676235,0.3265993265993266,0.16642424,0.31851851851851853,0.121504925,25.19292698002825
DeckEr00,eric-decker-1,00-0027690,Eric Decker,WR,2010,3,87,DEN,minnesota,75.0,217.0,4.54,,,15.0,,,111.0,112.0,22207.0,11.0,0.0,1311.0,52287.0,1.0,26678450.0,3789091074758.0,3975.0,45.0,26.0,111.0,0,0,5,False,skill_pass,False,True,False,False,45.13,0,0,True,102.1565736265055,,,27.120177777777776,0.3698495427957216,-0.111001994049542,-0.3762261032822289,,,-0.5207514908791422,,,0.3736039446502256,,,-0.4702498804484291,0,1,0,0.9999999862006486,142028.1566117222,0.0001489966620999,False,,,,False,train,20.035097,2.3705235,0.7696969696969697,0.2692866,0.7124579124579125,0.3130484,56.68373731496157
WentCa00,carson-wentz-1,00-0032950,Carson Wentz,QB,2016,1,2,PHI,north dakota st.,77.0,237.0,4.77,30.5,118.0,,6.86,4.15,18.0,28.0,204.0,0.0,0.0,8.0,38.0,0.0,,,,63.0,43.0,103.0,1,0,6,False,skill_pass,False,True,False,False,99.24,1,0,True,91.55979792710184,74.25,5.505000000000001,28.10102884128858,1.165697403861107,0.679387159066233,0.8050598640797764,-1.0699932116900148,0.0147598084618287,,-0.7239585354182042,-0.6534347456421347,-0.4831124953059872,-0.3767754808295629,-0.7751362363191977,0.007251841417547,1,0,0,,,,True,0.6428571428571429,7.285714285714286,10.0,False,train,62.109467,25.785973,0.9744107744107744,0.75128424,0.9771043771043771,0.9704604,92.95341224582107
BroyRy00,ryan-broyles-1,00-0029209,Ryan Broyles,WR,2012,2,54,DET,oklahoma,70.0,192.0,4.57,,,21.0,,,0.0,1.0,0.0,0.0,1.0,3111.0,11833.0,10.0,468913183.0,687112016221157.0,6151410.0,3.0,3.0,21.0,0,0,0,False,skill_pass,False,True,False,False,63.63,0,0,True,88.03724107151433,,,27.54612244897959,-1.619770109867742,-1.098988435444261,-0.2221453249306614,,,0.6317106463207024,,,-0.7679002887318777,,,-0.2628898423295905,0,1,0,0.9999999999827788,1465328.8521878836,0.0131184411592881,False,,,,False,train,23.789148,0.24595451,0.5414141414141415,0.3077749,0.7797979797979798,0.37170544,50.842132059161116
FaleDa00,david-fales-1,00-0031076,David Fales,QB,2014,6,183,CHI,san jose st.,74.0,212.0,4.99,28.0,103.0,,7.55,4.5,327312.0,451487.0,41934189.0,3333.0,913.0,4248.0,-1397.0,2.0,,,,1.0,0.0,5.0,0,0,0,False,skill_pass,False,True,False,False,9.32,0,1,True,68.38544449251232,65.5,6.025,27.216216216216218,-0.0280743877369711,-0.3085992823284858,1.9349855719912648,-1.7648407549476617,-2.051613376194119,,2.263226205800696,1.4992489185471136,-2.356687074589175,-2.100979751691901,2.1788440408126943,-0.4234960750791086,1,0,0,,,,True,0.7249643954310977,92.88016930720045,3.6506024096385534,False,train,0.36258233,-6.2071567,0.06599326599326599,0.121119544,0.0006734006734006734,0.005665349,5.188896505925679
TaylTy00,tyrod-taylor-1,00-0028118,Tyrod Taylor,QB,2011,6,180,BAL,virginia tech,73.0,217.0,4.47,37.5,126.0,,6.78,4.09,7299136188.0,134173243315.0,927103623112743.0,521324.0,3755.0,102147106146.0,420738370659.0,6755.0,,,,50.0,1.0,100.0,1,0,3,False,skill_pass,False,True,False,False,10.04,0,1,True,108.7075322425963,81.75,5.4350000000000005,28.6265715894164,-0.4259983182696639,-0.111001994049542,-0.7357479194358849,0.8755799094313969,1.116825506945001,,-1.0702987952696714,-1.0224662309317234,0.903228625126723,1.1011138941952985,-1.1727874274715695,0.263098601930792,1,0,0,,,,True,0.05440083289083,6909.750410789218,138.834620505992,False,train,21.14396,14.574223,0.9515151515151515,0.2803347,0.7292929292929293,0.3303744,64.86064659119255
LyncPa00,paxton-lynch-1,00-0033108,Paxton Lynch,QB,2016,1,26,DEN,memphis,79.0,244.0,4.86,36.0,118.0,,7.14,4.26,203259296.0,349413443.0,205630313776.0,92228.0,1094.0,8811387.0,127321239.0,2132.0,,,,2.0,2.0,5.0,0,0,0,False,skill_pass,False,True,False,False,81.83,1,0,True,87.47314571916945,77.0,5.699999999999999,27.4846979650697,1.9615452649264924,0.9560233626567542,1.2673021991344788,0.4586713834768086,0.0147598084618287,,0.4882323740619274,0.023122977388769,-0.8135056479246693,0.1651172900128861,0.3326063676052541,-0.2927927480028731,1,0,0,,,,True,0.5817157298095139,588.5014383261722,84.3034734917733,False,train,19.944767,-16.378727,0.0013468013468013469,0.26839876,0.7077441077441078,0.31163698,25.809469130705505
PettBr01,bryce-petty-1,00-0031568,Bryce Petty,QB,2015,4,103,NYJ,baylor,75.0,230.0,4.87,34.0,121.0,,6.91,4.13,37250270.0,410403428.0,439742003855.0,13229.0,37.0,4109484.0,1513209101.0,1146.0,,,,4.0,4.0,10.0,0,0,0,False,skill_pass,False,True,False,False,37.29,0,0,True,81.77903599586014,77.5,5.52,28.744888888888887,0.3698495427957216,0.4027509554757117,1.3186624585849998,-0.0972066511293089,0.4280344453930183,,-0.5074958730110382,-0.776445240738666,-1.2738567536999972,0.2636432483478769,-0.6899252667865539,0.3206982889030665,1,0,0,,,,True,0.090765006962856,1071.4871608114345,357.5405405405405,False,train,11.238332,1.3838758,0.6821548821548822,0.19184229,0.5474747474747474,0.17559893,45.584514900640606
WinsJa00,jameis-winston-1,00-0031503,Jameis Winston,QB,2015,1,1,TAM,florida st.,76.0,231.0,4.97,28.5,103.0,,7.16,4.36,257305.0,384467.0,40573907.0,4025.0,1018.0,8857.0,21965.0,43.0,,,,63.0,54.0,108.0,1,0,5,False,skill_pass,False,True,False,False,100.0,1,0,True,75.72101391989233,65.75,5.76,28.11513157894737,0.7677734733284143,0.4422704131315005,1.8322650530902187,-1.6258712462961322,-2.051613376194119,,0.5748174390247961,0.6381754528714153,-1.7636290441893914,-2.0517167725244057,0.6734502457358602,0.0141173909037167,1,0,0,,,,True,0.6692511971118458,105.53287278231942,3.953831041257368,False,train,62.930412,26.606918,0.9764309764309764,0.7588748,0.9791245791245792,0.9832877,93.48298025873775
ReesTe00,tevin-reese-1,00-0031002,Tevin Reese,WR,2014,7,240,SDG,baylor,70.0,163.0,4.46,41.0,132.0,,6.63,4.18,0.0,1.0,0.0,0.0,0.0,254.0,1310221.0,0.0,45515338.0,401877957867.0,798.0,,,,0,0,0,False,skill_pass,True,True,False,False,0.77,0,1,True,82.3906947895119,86.5,5.404999999999999,23.385510204081637,-1.619770109867742,-2.245052707462135,-0.7871081788864059,1.8483664699921023,1.94337478080738,,-1.7196867824911737,-0.4689190029973457,-1.2244060378379324,2.0371104983777104,-1.3432093665368778,-2.288375244613149,0,1,0,0.9999967397646408,8829.50617365513,1.753255133467316e-05,False,,,,False,train,7.203891,1.2300882,0.6707070707070707,0.16249155,0.24915824915824916,0.112560794,37.31249477448387
LeFeDa00,dan-lefevour-1,00-0027605,Dan LeFevour,QB,2010,6,181,CHI,central michigan,75.0,230.0,4.6,29.5,110.0,,6.93,4.22,247355251318.0,388543376456.0,3031365227843438.0,26272128.0,101367.0,132188168183.0,5211122592713.0,719615.0,111.0,23224.0,10.0,,,,0,0,0,False,skill_pass,True,True,False,False,9.8,0,1,True,102.73691131749818,69.75,5.574999999999999,28.744888888888887,0.3698495427957216,0.4027509554757117,-0.0680645465790985,-1.3479322289930735,-1.0873058900213437,,-0.4209108080481732,-0.2228980128042883,0.420522446532608,-1.2635091058444796,-0.3774850451668358,0.3206982889030665,1,0,0,,,,False,0.6366219740359191,7801.870811679427,259.17831246855485,False,train,14.006204,7.436465,0.9043771043771044,0.21421722,0.6134680134680135,0.21884695,57.10572762456205
HopkDe00,deandre-hopkins-1,00-0030564,DeAndre Hopkins,WR,2013,1,27,HOU,clemson,73.0,214.0,4.57,36.0,115.0,15.0,,4.5,0.0,21.0,0.0,0.0,0.0,,,,517282.0,6269781405.0,4518.0,84.0,54.0,195.0,5,3,10,False,skill_pass,False,True,False,False,81.14,1,0,True,98.12484161095868,75.5,,28.23081253518484,-0.4259983182696639,-0.2295603670169083,-0.2221453249306614,0.4586713834768086,-0.3985148284693608,-0.5207514908791422,,1.4992489185471136,0.04765091920201,-0.1304605849920861,,0.0704336430294765,0,1,0,1.0,12120.625509876623,0.0087341140809075,False,,,,False,train,53.344223,17.02073,0.9575757575757575,0.6608784,0.9649831649831649,0.83350354,87.49033258880429
DossTa00,tandon-doss-1,00-0028061,Tandon Doss,WR,2011,4,123,BAL,indiana,74.0,201.0,4.62,,,14.0,,,0.0,1.0,0.0,0.0,0.0,1428.0,127163.0,11.0,147763.0,186962706.0,157.0,4.0,4.0,35.0,0,0,0,False,skill_pass,False,True,False,False,28.55,0,0,True,88.23850692894113,,,25.804054054054053,-0.0280743877369711,-0.7433133165421622,0.0346559723219479,,,-0.712828513745783,,,-0.7516285685642865,,,-1.1109703401044484,0,1,0,0.9993203106043118,1265.2876971907715,0.0010625122662642,False,,,,False,train,11.9809265,2.1264706,0.7521885521885522,0.19766483,0.571043771043771,0.18720198,49.20575388413086
GillCr00,crockett-gillmore-1,00-0030992,Crockett Gillmore,TE,2014,3,99,BAL,colorado st.,78.0,260.0,4.89,33.5,120.0,,7.42,4.44,1.0,1.0,27.0,1.0,0.0,,,,451947.0,468263577.0,422.0,4.0,4.0,32.0,0,0,1,False,skill_pass,False,True,False,False,39.18,0,0,True,90.94271325534348,76.75,5.93,30.042735042735043,1.5636213343937997,1.5883346851493745,1.4213829774860418,-0.2361761597808383,0.2902762330826218,,1.7004232835420627,1.13021743325753,-0.5330018765797752,0.1158543108453907,1.639174567105902,0.952520791047753,0,0,1,1.0,1036.1028549807831,0.0009337378055391,False,,,,False,train,9.98973,-7.674844,0.04040404040404041,0.18234897,0.4888888888888889,0.15608953,18.162709537329096
DuprMa01,malachi-dupre-1,00-0033305,Malachi Dupre,WR,2017,7,247,GNB,louisiana state,74.0,196.0,4.52,39.5,135.0,11.0,7.19,4.26,0.0,1.0,0.0,0.0,0.0,,,,144341.0,318698593.0,563.0,0.0,,1.0,0,0,0,False,skill_pass,False,False,False,False,0.37,0,1,True,93.91443017590456,87.25,5.725,25.16216216216216,-0.0280743877369711,-0.940910604821106,-0.4789466221832755,1.4314579440375144,2.356649417738569,-1.2890595823457054,0.7046950364690973,0.023122977388769,-0.2927477829799636,2.1848994358801965,0.4746246501596741,-1.4234586423886928,0,1,0,1.0,2207.956110876328,0.0039004856554963,False,,,,False,train,6.0341525,0.06034994,0.5131313131313131,0.15468843,0.15353535353535352,0.09428363,28.575400910895276
DarnSa00,sam-darnold-1,00-0034869,Sam Darnold,QB,2018,1,3,NYJ,southern california,75.0,221.0,4.85,26.5,105.0,,6.96,4.4,246303.0,366480.0,30864143.0,3126.0,913.0,6275.0,25082.0,25.0,,,,49.0,14.0,100.0,2,0,5,False,skill_pass,False,True,False,False,98.48,1,0,True,79.88317447195807,65.75,5.68,27.62008888888889,0.3698495427957216,0.0470758365736129,1.2159419396839533,-2.18174928090225,-1.776096951573326,,-0.2910332106038721,0.8841964430644728,-1.4271312762039268,-2.0517167725244057,0.2189917415617222,-0.2268812129556597,1,0,0,,,,True,0.6720776031434185,84.21780997598778,3.4238773274917853,False,train,46.48243,10.158936,0.9333333333333333,0.58032835,0.9528619528619529,0.72628796,82.52289896370586
WennKe00,keith-wenning-1,00-0030998,Keith Wenning,QB,2014,6,194,BAL,ball st.,75.0,218.0,5.0,28.0,100.0,,7.07,4.25,128251301319.0,235397460498.0,1373247830954148.0,14172435.0,149107.0,32535645.0,-317610544.0,2335.0,2.0,29.0,1.0,,,,0,0,0,False,skill_pass,True,True,False,False,6.94,0,1,True,69.76,64.0,5.66,27.24515555555556,0.3698495427957216,-0.0714825363937533,1.9863458314417863,-1.7648407549476617,-2.4648880131253086,,0.1851846466918963,-0.0383822701594938,-2.2455585262173035,-2.396557626696873,0.1053771155181902,-0.4094077135752363,1,0,0,,,,False,0.5448287379467701,5833.741060965334,95.04875693294078,False,train,4.5472994,-2.0224395,0.1872053872053872,0.14521493,0.01616161616161616,0.07105155,12.136777603202296
PikeTo00,tony-pike-1,00-0027801,Tony Pike,QB,2010,6,204,CAR,cincinnati,78.0,223.0,4.9,28.5,108.0,,7.06,4.53,11199211.0,20324338.0,9124072520.0,11929.0,3116.0,75631.0,75476.0,12.0,,,,0.0,0.0,1.0,0,0,0,False,skill_pass,False,True,False,False,5.07,0,1,True,77.3660703986139,68.25,5.795,25.76742274819198,1.5636213343937997,0.1261147518851904,1.4727432369365674,-1.6258712462961322,-1.3628223146421363,,0.14189211421046,1.683764661191908,-1.6306313314930136,-1.559086980849452,0.8722758413120462,-1.1288033346069275,1,0,0,,,,True,0.5510246385392725,448.92347883606345,3.828305519897304,False,train,3.2670207,-3.3027182,0.12996632996632998,0.1374481,0.006060606060606061,0.0510472,9.089771464454506
JennGa00,gary-jennings-1,00-0035589,Gary Jennings Jr,WR,2019,4,120,SEA,west virginia,73.0,214.0,4.42,37.0,127.0,20.0,7.32,4.15,0.0,1.0,0.0,0.0,0.0,,,,7109754.0,1161651096917.0,12113.0,0.0,,1.0,0,0,0,False,skill_pass,False,False,False,False,29.79,0,0,True,112.13848685090576,82.0,5.735,28.23081253518484,-0.4259983182696639,-0.2295603670169083,-0.9925492166884944,0.7366104007798674,1.2545837192553977,0.4396336234540616,1.2674979587277306,-0.6534347456421347,1.1806106610461635,1.1503768733627937,0.5314319631814453,0.0704336430294765,0,1,0,1.0,163388.3671526469,0.0017037157685061,False,,,,False,train,11.72579,1.8713341,0.725925925925926,0.19564947,0.5616161616161616,0.18321547,47.84665922348949
ReedJo02,jordan-reed-1,00-0030472,Jordan Reed,TE,2013,3,85,WAS,florida,74.0,236.0,4.72,,,16.0,,,260.0,461.0,2520.0,30.0,10.0,77.0,328.0,5.0,62845.0,79307559.0,123.0,25.0,24.0,75.0,1,0,3,False,skill_pass,False,True,False,False,46.16,0,0,True,95.09857385613915,,,30.2972972972973,-0.0280743877369711,0.6398677014104442,0.5482585668271669,,,-0.3286744680125014,,,-0.1970134401095838,,,1.076447775885266,0,0,1,0.9999958642196582,1261.9549526613096,0.0019571962765534,False,,,,False,train,16.371588,-1.2929859,0.235016835016835,0.23479685,0.6491582491582492,0.25580606,32.1958965197055
McSoTr00,trace-mcsorley-1,00-0035146,Trace McSorley,QB,2019,6,197,BAL,penn st.,72.0,202.0,4.57,33.0,115.0,,7.09,4.12,20224284192.0,40387427361.0,185361435702513.0,2292818.0,8107.0,13146144169.0,43365491799.0,71112.0,,,,1.0,0.0,9.0,0,0,0,False,skill_pass,False,True,False,False,6.35,0,1,True,92.62251404398904,74.0,5.605,27.393132716049383,-0.8239222488023566,-0.7037938588863734,-0.2221453249306614,-0.3751456684323677,-0.3985148284693608,,0.2717697116547612,-0.8379504882869291,-0.3971951942164748,-0.4260384599970583,-0.2070631061015277,-0.3373688979371861,1,0,0,,,,True,0.5007569313892353,4589.582645254269,282.81953867028494,False,train,10.52427,3.9545312,0.8377104377104377,0.18636775,0.5171717171717172,0.16444172,50.86804162076226
ManzJo00,johnny-manziel-1,00-0031409,Johnny Manziel,QB,2014,1,22,CLE,texas a&m,72.0,207.0,4.68,31.5,113.0,,6.75,4.03,295300.0,434429.0,37064114.0,2637.0,913.0,201144.0,1410759.0,219.0,,,,4.0,4.0,14.0,0,0,0,False,skill_pass,False,True,False,False,84.61,1,0,True,86.30121873770622,72.25,5.390000000000001,28.07118055555556,-0.8239222488023566,-0.5061965706074296,0.3428175290250784,-0.7920541943869559,-0.6740312530901539,,-1.2001763927139728,-1.391497716221307,-0.9082523086003602,-0.7708793141695259,-1.4284203360695218,-0.0072790168977324,1,0,0,,,,True,0.6797428348475816,85.31685039442578,2.888280394304491,False,train,30.017677,-6.3058167,0.06397306397306397,0.3777484,0.8693602693602693,0.46902618,36.88162025307565
WatsDe00,deshaun-watson-1,00-0033537,Deshaun Watson,QB,2017,1,12,HOU,clemson,74.0,221.0,4.66,32.5,119.0,,6.95,4.31,93333387.0,137491578.0,146641044593.0,143541.0,21317.0,63207165.0,2001105629.0,5129.0,,,,58.0,52.0,73.0,3,0,4,False,skill_pass,False,True,False,False,91.78,1,0,True,93.72999688415024,75.75,5.63,28.37162162162162,-0.0280743877369711,0.0470758365736129,0.2400970101240364,-0.5141151770838972,0.1525180207722253,,-0.3343257430853045,0.3306492151300895,-0.3076586424341329,-0.0811976058245907,-0.0650448235471128,0.138982869032531,1,0,0,,,,True,0.6788298480362194,1066.5456512034505,6.733639817985646,False,train,48.9138,12.590305,0.9414141414141414,0.609614,0.9562289562289562,0.7642781,84.25898735049597
RobiZa00,zac-robinson-1,00-0027841,Zac Robinson,QB,2010,7,250,NWE,oklahoma st.,74.0,214.0,4.68,35.0,110.0,,7.24,4.4,25201204180.0,51333314301.0,345282430642084.0,3232515.0,91012.0,29141146111.0,144843562305.0,1984.0,1.0,21.0,0.0,,,,0,0,0,False,skill_pass,True,True,False,False,0.25,0,1,True,89.21961743898132,72.5,5.82,27.47297297297297,-0.0280743877369711,-0.2295603670169083,0.3428175290250784,0.1807323661737498,-1.0873058900213437,,0.9211576988762634,0.8841964430644728,-0.6723088276158631,-0.7216163350020306,1.0142941238664662,-0.2985007541654118,1,0,0,,,,False,0.4909327309791307,6726.283610239398,35.51745923614468,False,train,11.199628,5.2258253,0.8707070707070707,0.19154246,0.5454545454545454,0.17499419,53.068106902518664
BoycJo00,josh-boyce-1,00-0030474,Josh Boyce,WR,2013,4,102,NWE,texas christian,71.0,206.0,4.38,34.0,131.0,22.0,6.68,4.1,,,,,,13.0,16.0,1.0,346166.0,646998891.0,697.0,1.0,1.0,10.0,0,0,0,False,skill_pass,False,False,False,False,37.76,0,0,True,111.94398785752304,82.5,5.39,28.728030152747472,-1.2218461793350492,-0.5457160282632184,-1.197990254490583,-0.0972066511293089,1.805616568496984,0.8237876691873433,-1.5032241200840075,-0.9609609833834604,1.164886020843079,1.2489028316977844,-1.428420336069527,0.3124910535383047,0,1,0,0.9999999752704374,1869.0422831820567,0.0020134848598649,False,,,,True,train,13.177053,3.3225975,0.8168350168350168,0.20732145,0.597979797979798,0.20589146,52.897255136910516
JoneLa02,landry-jones-1,00-0030524,Landry Jones,QB,2013,4,115,PIT,oklahoma,76.0,225.0,5.11,31.0,115.0,,7.12,4.3,261405355367.0,449617562555.0,3198471844634267.0,26382930.0,14121511.0,35513214.0,,120.0,,,,4.0,4.0,18.0,0,0,0,False,skill_pass,False,True,False,False,31.91,0,0,True,65.9977170904795,73.0,5.71,27.38486842105263,0.7677734733284143,0.2051536671967679,2.551308685397531,-0.9310237030384854,-0.3985148284693608,,0.4016473090990625,0.2691439675818265,-2.549727427379748,-0.6230903766670398,0.3894136806270252,-0.3413921541049808,1,0,0,,,,True,0.5813948945444569,7113.76091818702,1.8682795346758572,False,train,9.449385,-0.40507126,0.3925925925925926,0.17835525,0.45185185185185184,0.14764664,31.260778652573073
RidlRi00,riley-ridley-1,00-0035590,Riley Ridley,WR,2019,4,126,CHI,georgia,73.0,199.0,4.58,30.5,124.0,13.0,7.22,4.28,,,,,,31.0,415.0,0.0,121444.0,238218570.0,229.0,1.0,1.0,10.0,0,0,0,False,skill_pass,False,False,False,False,27.34,0,0,True,90.45262190553392,77.25,5.75,26.25201726402702,-0.4259983182696639,-0.8223522318537396,-0.1707850654801405,-1.0699932116900148,0.8413090823242079,-0.9049055366124238,0.8345726339133946,0.1461334724853005,-0.5726242417569296,0.2143802691803815,0.6166429327140942,-0.892891151477106,0,1,0,0.999998257905431,1961.550755903956,0.0018856427653898,False,,,,True,train,7.7709765,-2.0834794,0.18518518518518517,0.16638723,0.31717171717171716,0.1214215,19.507016710084095
LittGr00,greg-little-1,00-0027997,Greg Little,WR,2011,2,59,CLE,north carolina,74.0,231.0,4.51,40.5,129.0,27.0,6.8,4.21,,,,,,597829.0,300339166.0,231.0,131162.0,99146724.0,105.0,12.0,12.0,54.0,0,0,3,False,skill_pass,False,False,False,False,60.63,0,0,True,111.66981792821925,84.75,5.505,29.655405405405407,-0.0280743877369711,0.4422704131315005,-0.5303068816337965,1.7093969613405733,1.5301001438761903,1.7841727835205472,-0.9837137303068066,-0.2844032603525513,1.1427202326411627,1.6922696442052427,-0.7751362363192028,0.7639594736010216,0,1,0,0.2481857970002395,755.9104313749409,0.0008005367408243,False,,,,True,train,24.855228,1.3120346,0.6787878787878788,0.31924608,0.7898989898989899,0.38836294,57.101676098024015
SmitTo02,torrey-smith-1,00-0027996,Torrey Smith,WR,2011,2,58,BAL,maryland,73.0,204.0,4.41,41.0,126.0,19.0,6.72,4.13,,,,,,1119.0,597.0,10.0,246167.0,3368241055.0,2512.0,37.0,28.0,119.0,0,0,7,False,skill_pass,False,False,False,False,61.22,0,0,True,107.871273323322,83.5,5.425,26.91161568774629,-0.4259983182696639,-0.6247549435747959,-1.0439094761390153,1.8483664699921023,1.116825506945001,0.2475566005874208,-1.330053990158274,-0.776445240738666,0.835619685905463,1.445954748367766,-1.2295947404933407,-0.5717828866415778,0,1,0,0.999999822756185,13682.748114085154,0.0102044546994519,False,,,,True,train,26.103197,2.5600033,0.7777777777777778,0.3329572,0.8087542087542088,0.40786248,62.10258898941756
McKeIs00,isaiah-mckenzie-1,00-0033466,Isaiah McKenzie,WR,2017,5,172,DEN,georgia,67.0,173.0,4.42,36.0,123.0,11.0,6.64,4.15,,,,,,71119.0,78117134.0,22.0,61044.0,67123633.0,7.0,15.0,0.0,93.0,0,0,2,False,skill_pass,False,False,False,False,12.06,0,1,True,90.65401039816214,79.5,5.395,27.092670973490755,-2.81354190146582,-1.8498581309042472,-0.9925492166884944,0.4586713834768086,0.7035508700138113,-1.2890595823457054,-1.676394250009741,-0.6534347456421347,-0.556342606913767,0.6577470816878399,-1.4000166795586435,-0.4836408496778146,0,1,0,0.4621542173486319,1099.5942762597472,0.000114671384575,False,,,,True,train,10.582537,2.1385975,0.7542087542087542,0.18680993,0.5232323232323233,0.16535214,47.676237969938356
MaloJo00,josh-malone-1,00-0033859,Josh Malone,WR,2017,4,128,CIN,tennessee,75.0,208.0,4.4,30.5,121.0,10.0,7.05,4.19,,,,,,2.0,11.0,0.0,233150.0,231405972.0,1211.0,1.0,1.0,26.0,0,0,1,False,skill_pass,False,False,False,False,26.55,0,0,True,110.98968649682396,75.75,5.62,25.99537777777778,0.3698495427957216,-0.4666771129516409,-1.0952697355895364,-1.0699932116900148,0.4280344453930183,-1.481136605212346,0.0985995817290276,-0.4074137554490772,1.0877337164464227,-0.0811976058245907,-0.1218521365688787,-1.0178293823071554,0,1,0,0.999999952464496,992.5197169204376,0.0051940810636929,False,,,,True,train,6.7787676,-3.0756884,0.14074074074074075,0.15961954,0.21481481481481482,0.10591824,15.236681707755285
DougBr00,brandon-doughty-1,00-0032446,Brandon Doughty,QB,2016,7,223,MIA,western kentucky,75.0,213.0,5.22,27.0,103.0,,7.49,4.52,131246375388.0,223374552540.0,1067285748305055.0,144948.0,1014109.0,2343927.0,,21.0,1.0,7.0,1.0,,,,0,0,0,False,skill_pass,True,True,False,False,2.33,0,1,True,57.37564583376492,65.0,6.005,26.620266666666662,0.3698495427957216,-0.2690798246726971,3.1162715393532707,-2.0427797722507206,-2.051613376194119,,2.0034710109120977,1.6222594136436397,-3.246795139449654,-2.199505710026892,2.065229414769157,-0.7136185479411966,1,0,0,,,,False,0.5875618950126269,4778.009563618195,0.1429313811434471,False,train,10.536824,4.5630217,0.8558922558922559,0.18646297,0.5178451178451179,0.16463788,51.6146098331169
BurbAa00,aaron-burbridge-1,00-0032441,Aaron Burbridge,WR,2016,6,213,SFO,michigan st.,72.0,206.0,4.56,30.5,115.0,20.0,7.22,4.31,,,,,,1489.0,4623944.0,0.0,29222985.0,3641943581258.0,2017.0,1.0,1.0,16.0,0,0,0,False,skill_pass,False,False,False,False,3.64,0,1,True,95.28791963926494,72.75,5.765,27.93557098765432,-0.8239222488023566,-0.5457160282632184,-0.273505584381187,-1.0699932116900148,-0.3985148284693608,0.4396336234540616,0.8345726339133946,0.3306492151300895,-0.1817054209684997,-0.6723533558345351,0.7018539022467432,-0.0732969931056245,0,1,0,0.9999987303652498,124625.99495766776,6.902101205609214e-05,False,,,,True,train,5.153497,-1.4162416,0.22356902356902356,0.14901784,0.03636363636363636,0.080523394,14.26085847523377
GollKe00,kenny-golladay-1,00-0033932,Kenny Golladay,WR,2017,3,96,DET,northern illinois,76.0,218.0,4.5,35.5,120.0,18.0,7.0,4.15,,,,,,920.0,14192.0,12.0,37388.0,4711291164.0,108.0,27.0,23.0,73.0,1,0,4,False,skill_pass,False,False,False,False,40.63,0,0,True,106.32525529644872,77.75,5.575,26.532894736842103,0.7677734733284143,-0.0714825363937533,-0.5816671410843175,0.3197018748252792,0.2902762330826218,0.0554795777207801,-0.1178630806781384,-0.6534347456421347,0.7106289247850268,0.3129062275153723,-0.3774850451668308,-0.7561532899484584,0,1,0,0.9999969876713718,126010.78324596128,0.0028886273670696,False,,,,True,train,14.951935,-2.7126389,0.15488215488215487,0.2222844,0.6316498316498317,0.23362398,27.946450511764997
WheaMa00,markus-wheaton-1,00-0030460,Markus Wheaton,WR,2013,3,79,PIT,oregon st.,71.0,189.0,4.45,37.0,120.0,20.0,6.8,4.02,,,,,,11272520.0,79220190142.0,1202.0,8557391.0,896759861244.0,4111.0,13.0,13.0,59.0,0,0,2,False,skill_pass,False,False,False,False,49.32,0,0,True,96.39438922814374,78.5,5.41,26.357270382860545,-1.2218461793350492,-1.2175468084116272,-0.8384684383369269,0.7366104007798674,0.2902762330826218,0.4396336234540616,-0.9837137303068066,-1.4530029637695754,-0.0922507874088407,0.4606951650178584,-1.3148057100259898,-0.8416514196314993,0,1,0,0.9188301133517036,104793.60604698324,0.0004804034313729,False,,,,True,train,19.98206,2.3174858,0.764983164983165,0.2687651,0.7104377104377104,0.31221968,56.4277764566318
AlleKe00,keenan-allen-1,00-0030279,Keenan Allen,WR,2013,3,76,SDG,california,74.0,206.0,4.58,,,,,,111.0,111.0,17278.0,100.0,0.0,1893.0,1365539.0,101.0,469861.0,4901343737.0,566.0,80.0,77.0,171.0,6,0,11,False,skill_pass,False,True,False,False,50.94,0,0,True,93.63437242482406,,,26.445945945945947,-0.0280743877369711,-0.5457160282632184,-0.1707850654801405,,,,,,-0.3153895833062021,,,-0.7984820378202022,0,1,0,0.9997214725729946,10431.475983322727,0.0012046115766152,False,,,,False,train,35.33426,17.669685,0.9595959595959596,0.4419413,0.9138047138047138,0.5520978,76.54071472770839
WillTe01,terrance-williams-2,00-0030542,Terrance Williams,WR,2013,3,74,DAL,baylor,74.0,208.0,4.52,32.5,119.0,11.0,7.01,4.32,,,,,,12.0,314.0,0.0,3435997.0,614849571832.0,41112.0,27.0,27.0,83.0,0,0,4,False,skill_pass,False,False,False,False,52.04,0,0,True,99.66429324789873,75.75,5.665,26.7027027027027,-0.0280743877369711,-0.4666771129516409,-0.4789466221832755,-0.5141151770838972,0.1525180207722253,-1.2890595823457054,-0.074570548196706,0.3921544626783579,0.1721108080678521,-0.0811976058245907,0.1337807720290732,-0.6734867169065054,0,1,0,0.999999999489306,178943.57062360647,0.0119650861161985,False,,,,True,train,24.077578,6.413004,0.8922558922558923,0.31085584,0.7824915824915825,0.37621215,65.0814271997723
GlenMi00,mike-glennon-1,00-0030520,Mike Glennon,QB,2013,3,73,TAM,north carolina st.,79.0,225.0,4.94,26.5,102.0,,7.49,4.52,249283330.0,3913453564.0,2487830544031.0,103131.0,201217.0,315256.0,,12.0,,,,9.0,11.0,40.0,0,0,1,False,skill_pass,False,True,False,False,52.59,0,0,True,75.5622215963846,64.25,6.005,25.34449607434706,1.9615452649264924,0.2051536671967679,1.6781842747386555,-2.18174928090225,-2.189371588504516,,2.0034710109120977,1.6222594136436397,-1.7764669109091302,-2.347294647529378,2.065229414769157,-1.3346941395382663,1,0,0,,,,True,0.0636990642467733,635.7122943572507,0.5125362171188319,False,train,16.513136,-1.1514378,0.2531986531986532,0.23607081,0.6511784511784512,0.25801775,33.03328650738254
BailSt01,stedman-bailey-1,00-0030532,Stedman Bailey,WR,2013,3,92,STL,west virginia,70.0,193.0,4.52,34.5,117.0,11.0,6.81,4.09,,,,,,2.0,13.0,0.0,2472114.0,31712791622.0,41225.0,7.0,7.0,38.0,0,0,0,False,skill_pass,False,False,False,False,42.6,0,0,True,92.47696440790602,75.75,5.449999999999999,27.68959183673469,-1.619770109867742,-1.0594689777884725,-0.4789466221832755,0.0417628575222204,-0.1229984038485677,-1.2890595823457054,-0.940421197825374,-1.0224662309317234,-0.4089624307419182,-0.0811976058245907,-1.0875764579389258,-0.1930455181129168,0,1,0,0.9999999995900708,12828.207607739772,0.0166760108959376,False,,,,True,train,15.372459,-2.2921143,0.17306397306397306,0.22594051,0.6397306397306397,0.24019468,29.039875719432878
MinsGa00,gardner-minshew-1,00-0035289,Gardner Minshew II,QB,2019,6,178,JAX,washington st.,73.0,225.0,4.97,33.5,116.0,,7.14,4.45,119174468.0,202304662.0,134721404776.0,81638.0,479.0,201858.0,,4.0,,,,32.0,16.0,63.0,1,0,4,False,skill_pass,False,True,False,False,10.53,0,1,True,73.75423433755746,74.75,5.795,29.68192906736724,-0.4259983182696639,0.2051536671967679,1.8322650530902187,-0.2361761597808383,-0.2607566161589643,,0.4882323740619274,1.191722680805793,-1.9226370717020729,-0.2782495224945722,0.8722758413120462,0.7768718256676355,1,0,0,,,,True,0.5890841408291422,665.9332683890399,170.43423799582465,False,train,14.465237,7.895498,0.9111111111111111,0.218106,0.622895622895623,0.22601934,57.78486383914546
JohnKe07,keesean-johnson-1,00-0035287,KeeSean Johnson,WR,2019,6,174,ARI,fresno st.,73.0,201.0,4.6,30.0,117.0,14.0,7.28,4.23,,,,,,314.0,13014.0,0.0,37667795.0,33777310131340.0,2688.0,4.0,4.0,18.0,0,0,0,False,skill_pass,False,False,False,False,11.54,0,1,True,89.78312684703103,73.5,5.755000000000001,26.51585663351473,-0.4259983182696639,-0.7433133165421622,-0.0680645465790985,-1.208962720341544,-0.1229984038485677,-0.712828513745783,1.094327828801997,-0.1613927652560198,-0.6267508402015075,-0.524564418332049,0.6450465892249823,-0.764447845542895,0,1,0,0.9999999996147118,896715.885050877,7.136069419513407e-05,False,,,,True,train,6.8862605,0.31652164,0.5481481481481482,0.16034181,0.22424242424242424,0.10759781,31.769567065944376
WoodRo02,robert-woods-1,00-0030431,Robert Woods,WR,2013,2,41,BUF,southern california,72.0,201.0,4.51,33.5,117.0,14.0,7.15,4.47,,,,,,671.0,501676.0,0.0,6511176.0,7921292846.0,61511.0,59.0,15.0,171.0,0,0,10,False,skill_pass,False,False,False,False,71.8,0,0,True,97.16724417130766,75.25,5.8100000000000005,27.25752314814815,-0.8239222488023566,-0.7433133165421622,-0.5303068816337965,-0.2361761597808383,-0.1229984038485677,-0.712828513745783,0.5315249065433636,1.314733175902319,-0.0297678629521858,-0.1797235641595814,0.9574868108447002,-0.4033868741450764,0,1,0,0.999936671419764,1216.5686883598294,0.0094469877638079,False,,,,True,train,29.842052,6.2988586,0.8902356902356903,0.37568656,0.8686868686868687,0.46628207,69.82253734983178
KelcTr00,travis-kelce-1,00-0030506,Travis Kelce,TE,2013,3,63,KAN,cincinnati,77.0,255.0,4.63,,,,,,1.0,1.0,39.0,1.0,0.0,8.0,47.0,2.0,11345.0,3150722.0,28.0,94.0,94.0,192.0,11,4,11,False,skill_pass,False,True,False,False,58.27,0,0,True,110.9803811521574,,,30.23528419632316,1.165697403861107,1.3907373968704306,0.0860162317724689,,,,,,1.0869814081989468,,,1.046258317368076,0,0,1,0.99998508300672,277.7189951520494,0.0024680475980608,False,,,,False,train,34.010063,16.34549,0.9562289562289562,0.4256805,0.9023569023569024,0.53140724,75.43805154937286
ListKo00,kolby-listenbee-1,00-0032957,Kolby Listenbee,WR,2016,6,192,BUF,texas christian,72.0,197.0,4.39,35.5,129.0,15.0,,,1.0,1.0,31.0,1.0,0.0,21.0,1911.0,0.0,124130.0,5923753597.0,45.0,,,,0,0,0,False,skill_pass,True,True,False,False,7.34,0,1,True,106.08113087188408,82.25,,26.71508487654321,-0.8239222488023566,-0.9013911471653172,-1.1466299950400618,0.3197018748252792,1.5301001438761903,-0.5207514908791422,,,0.6908922224283701,1.199639852530289,,-0.6674587789766397,0,1,0,0.9999996774005954,47722.175114799,0.0003625231612019,False,,,,False,train,8.607694,2.0379548,0.7434343434343434,0.17227124,0.38585858585858585,0.13449521,43.589874686165295
DrisJe00,jeff-driskel-1,00-0032436,Jeff Driskel,QB,2016,6,207,SFO,louisiana tech,76.0,234.0,4.56,32.0,122.0,,7.19,4.25,1615642114281.0,3424561212450.0,1.4816464771140403e+17,122927.0,253108.0,16118176992.0,1840838180323.0,4145.0,,,,7.0,,25.0,0,0,0,False,skill_pass,False,True,False,False,4.57,0,1,True,108.23967570673784,77.0,5.720000000000001,28.480263157894736,0.7677734733284143,0.5608287860988668,-0.273505584381187,-0.6530846857354266,0.5657926577034149,,0.7046950364690973,-0.0383822701594938,0.8654038756764293,0.1651172900128861,0.4462209936487962,0.1918721634080638,1,0,0,,,,True,0.471780766659194,43265.29400985771,0.4856701487112221,False,train,7.5307393,0.96100044,0.6404040404040404,0.16472784,0.2835016835016835,0.11766781,36.93410846648694
CameJo00,jordan-cameron-1,00-0028040,Jordan Cameron,TE,2011,4,102,CLE,southern california,77.0,254.0,4.53,37.5,119.0,23.0,6.82,4.03,,,,,,1.0,6.0,0.0,16.0,126.0,1.0,13.0,10.0,66.0,1,0,4,False,skill_pass,False,False,False,False,37.76,0,0,True,120.63432659431555,78.25,5.425000000000001,30.11671445437679,1.165697403861107,1.3512179392146415,-0.4275863627327499,0.8755799094313969,0.1525180207722253,1.015864692053984,-0.8971286653439379,-1.391497716221307,1.8674729468848776,0.411432185850363,-1.2295947404933358,0.9885357353708236,0,0,1,0.9545454545454546,7.875,0.0625,False,,,,True,train,17.805632,7.9511757,0.9124579124579124,0.24792339,0.6707070707070707,0.278213,60.43518595327231
DickDo00,dorin-dickerson-1,00-0027819,Dorin Dickerson,WR,2010,7,227,HOU,pittsburgh,73.0,226.0,4.4,43.5,125.0,24.0,6.96,4.3,,,,,,32.0,2525.0,10.0,11349.0,5174529.0,210.0,1.0,0.0,23.0,0,0,0,False,skill_pass,False,False,False,False,1.89,0,1,True,120.59456321289528,84.25,5.63,29.81384875211109,-0.4259983182696639,0.2446731248525567,-1.0952697355895364,2.5432140132497496,0.9790672946346044,1.2079417149206249,-0.2910332106038721,0.2691439675818265,1.8642582008585995,1.593743685870252,-0.0650448235471128,0.8410934786347418,0,1,0,0.99951227087838,455.9458102035422,0.0185038329368226,False,,,,True,train,9.939832,3.9660292,0.8383838383838383,0.18197723,0.4868686868686869,0.15530987,50.01846934787252
ChesJe00,jehu-chesson-1,00-0033464,Jehu Chesson,WR,2017,4,139,KAN,michigan,75.0,204.0,4.47,35.5,132.0,10.0,6.7,4.09,,,,,,2812.0,115563.0,21.0,15145035.0,221154764500.0,1092.0,0.0,0.0,24.0,0,0,0,False,skill_pass,False,False,False,False,22.4,0,0,True,102.19509943543616,83.75,5.395,25.495466666666665,0.3698495427957216,-0.6247549435747959,-0.7357479194358849,0.3197018748252792,1.94337478080738,-1.481136605212346,-1.4166390551211387,-1.0224662309317234,0.3767186367801488,1.4952177275352612,-1.4000166795586435,-1.261198049799925,0,1,0,0.9999994774567038,14602.459783024602,7.210283766263993e-05,False,,,,True,train,9.336113,-0.518343,0.3717171717171717,0.1775268,0.4471380471380471,0.14587677,30.279519413732718
RoseJo01,josh-rosen-1,00-0034343,Josh Rosen,QB,2018,1,10,ARI,ucla,76.0,226.0,4.92,31.0,111.0,,7.09,4.28,292137282.0,487231451.0,367019153717.0,231026.0,11510.0,372250.0,,222.0,,,,3.0,2.0,24.0,0,0,1,False,skill_pass,False,True,False,False,93.25,1,0,True,77.13971389007365,71.0,5.6850000000000005,27.50657894736842,0.7677734733284143,0.2446731248525567,1.5754637558376092,-0.9310237030384854,-0.949547677710947,,0.2717697116547612,0.1461334724853005,-1.648931552962119,-1.0171942100070028,0.2473953980726102,-0.2821405632701973,1,0,0,,,,True,0.5995862570045791,753.2747587696263,20.071763683753257,False,train,39.349495,3.026001,0.802020202020202,0.4918694,0.938047138047138,0.61483586,72.97585670293782
GibsSh00,shelton-gibson-1,00-0033573,Shelton Gibson,WR,2017,5,166,PHI,west virginia,71.0,191.0,4.5,32.0,118.0,8.0,6.83,4.2,,,,,,2.0,29.0,0.0,43743.0,60887951.0,98.0,0.0,0.0,20.0,0,0,0,False,skill_pass,False,False,False,False,13.71,0,1,True,93.15653101661331,75.0,5.515000000000001,26.636183296964887,-1.2218461793350492,-1.1385078931000496,-0.5816671410843175,-0.6530846857354266,0.0147598084618287,-1.865290650945628,-0.8538361328625055,-0.3459085079008143,-0.3540215787092013,-0.2289865433270768,-0.7183289232974318,-0.7058699521997586,0,1,0,0.9999995237155184,1391.947305854651,0.0022403584573531,False,,,,True,train,8.792855,0.34891605,0.5515151515151515,0.17359538,0.40134680134680134,0.13738836,36.307216920661
DaviRo00,robert-davis-10,00-0033530,Robert Davis,WR,2017,6,209,WAS,georgia st.,75.0,219.0,4.44,41.0,136.0,19.0,6.82,4.28,,,,,,1.0,3.0,0.0,44506167.0,711732980968.0,4265.0,0.0,0.0,7.0,0,0,0,False,skill_pass,False,False,False,False,4.25,0,1,True,112.70475260762112,88.5,5.550000000000001,27.37013333333333,0.3698495427957216,-0.0319630787379645,-0.8898286977874479,1.8483664699921023,2.494407630048966,0.2475566005874208,-0.8971286653439379,0.1461334724853005,1.226391490698865,2.431214331717673,-0.5195033277212457,-0.3485655467020452,0,1,0,0.9999999999957848,15991.78336269668,9.582941617956002e-05,False,,,,True,train,7.0260777,0.45633888,0.5683501683501684,0.16128524,0.235016835016835,0.10978247,32.85569749719868
PeakCh00,charone-peake-1,00-0032959,Charone Peake,WR,2016,7,241,NYJ,clemson,74.0,209.0,4.45,35.5,122.0,12.0,6.96,4.46,,,,,,11.0,-134.0,0.0,42581250.0,7117284129716.0,2125.0,1.0,1.0,31.0,0,0,0,False,skill_pass,False,False,False,False,0.71,0,1,True,106.59485369673038,78.75,5.71,26.83108108108108,-0.0280743877369711,-0.4271576552958521,-0.8384684383369269,0.3197018748252792,0.5657926577034149,-1.0969825594790643,-0.2910332106038721,1.2532279283540562,0.7324251190481739,0.5099581441853538,0.3894136806270252,-0.6109890564496563,0,1,0,1.0,167145.96517753706,4.990459415822692e-05,False,,,,True,train,5.740397,-0.23340559,0.41885521885521887,0.15277758,0.07003367003367003,0.0896937,23.00430785816928
DaviTr03,trevor-davis-1,00-0032423,Trevor Davis,WR,2016,5,163,GNB,california,73.0,188.0,4.42,38.5,124.0,11.0,6.6,4.22,,,,,,13.0,-14.0,0.0,28172440.0,366235399672.0,3252.0,2.0,1.0,43.0,0,0,0,False,skill_pass,False,False,False,False,14.57,0,1,True,98.51418471014152,81.25,5.41,24.800900731844624,-0.4259983182696639,-1.257066266067416,-0.9925492166884944,1.1535189267344557,0.8413090823242079,-1.2890595823457054,-1.8495643799354748,-0.2228980128042883,0.0791281008764518,1.0025879358603076,-1.3148057100259898,-1.599329334115265,0,1,0,1.0,12999.77565564076,0.0001154319611648,False,,,,True,train,5.8976307,-2.5463085,0.16363636363636364,0.15379794,0.07811447811447811,0.09215048,13.026712599000344
MoorDe02,denarius-moore-1,00-0028086,Denarius Moore,WR,2011,5,148,OAK,tennessee,72.0,194.0,4.43,36.0,118.0,13.0,6.78,4.15,,,,,,37.0,2382.0,1.0,14114047.0,212271540981.0,279.0,15.0,15.0,57.0,0,0,3,False,skill_pass,False,False,False,False,19.27,0,1,True,100.74345030996156,77.0,5.465,26.308256172839503,-0.8239222488023566,-1.0199495201326834,-0.9411889572379736,0.4586713834768086,0.0147598084618287,-0.9049055366124238,-1.0702987952696714,-0.6534347456421347,0.2593573085685755,0.1651172900128861,-1.0023654884062718,-0.8655127076003108,0,1,0,0.999999988778524,15039.73601483685,1.9767540805270096e-05,False,,,,True,train,8.529294,0.085354805,0.5198653198653199,0.171713,0.38047138047138046,0.13327022,34.503704637665344
MoorCh00,chris-moore-4,00-0032398,Chris Moore,WR,2016,4,107,BAL,cincinnati,73.0,206.0,4.53,37.0,130.0,10.0,6.76,4.2,,,,,,22.0,1610.0,0.0,4453040.0,113645673870.0,2987.0,14.0,4.0,125.0,0,0,0,False,skill_pass,False,False,False,False,35.45,0,0,True,97.837288497752,83.5,5.48,27.175455057234004,-0.4259983182696639,-0.5457160282632184,-0.4275863627327499,0.7366104007798674,1.6678583561865872,-1.481136605212346,-1.1568838602325402,-0.3459085079008143,0.0244031421014133,1.445954748367766,-0.9171545188736178,-0.443339580707367,0,1,0,0.9999999858331609,25520.919163088587,0.0006707777158974,False,,,,True,train,11.424121,1.569665,0.7043771043771043,0.19328666,0.5528619528619528,0.17850189,46.668094310194554
ReedDa00,david-reed-1,00-0027755,David Reed,WR,2010,5,156,BAL,utah,72.0,191.0,4.56,37.0,114.0,15.0,6.95,4.38,,,,,,14.0,154.0,10.0,2581.0,4271188.0,65.0,2.0,2.0,36.0,0,0,0,False,skill_pass,False,False,False,False,16.68,0,1,True,88.34947888883302,75.5,5.665,25.901427469135804,-0.8239222488023566,-1.1385078931000496,-0.273505584381187,0.7366104007798674,-0.5362730407797573,-0.5207514908791422,-0.3343257430853045,0.7611859479679413,-0.742656829885427,-0.1304605849920861,0.1337807720290732,-1.063566636223982,0,1,0,0.9999639457575628,1654.8578070515305,0.0251840371948857,False,,,,True,train,8.853933,0.40999413,0.560942760942761,0.17403394,0.4053872053872054,0.13834271,36.79298747195439
McCoAn00,anthony-mccoy-1,00-0027783,Anthony McCoy,TE,2010,6,185,SEA,southern california,76.0,259.0,4.71,35.5,113.0,19.0,6.99,4.57,,,,,,1.0,232.0,0.0,22222.0,18256457.0,111.0,4.0,4.0,41.0,0,0,1,False,skill_pass,False,False,False,False,8.86,0,1,True,105.25582296700183,74.25,5.78,31.523026315789476,0.7677734733284143,1.5488152274935856,0.4968983073766459,0.3197018748252792,-0.6740312530901539,0.2475566005874208,-0.1611556131595709,1.9297856513849652,0.624168638746381,-0.3767754808295629,0.7870648717793972,1.673161934277631,0,0,1,0.9999872923288554,821.5487804878048,0.0049950499504995,False,,,,True,train,5.6549053,-0.91483355,0.2909090909090909,0.15222512,0.06666666666666667,0.088357896,17.78135735631892
StanRi00,ricky-stanzi-1,00-0028073,Ricky Stanzi,QB,2011,5,135,KAN,iowa,76.0,223.0,4.87,32.5,110.0,,6.95,4.43,150171221.0,4254304345.0,195624173004.0,141725.0,19156.0,1565548.0,,2.0,1.0,-1.0,0.0,,,,0,0,0,False,skill_pass,True,True,False,False,23.87,0,1,True,79.29010881337744,71.25,5.69,27.14144736842105,0.7677734733284143,0.1261147518851904,1.3186624585849998,-0.5141151770838972,-1.0873058900213437,,-0.3343257430853045,1.0687121857092616,-1.475078794778664,-0.9679312308395074,0.2757990545834882,-0.4598953357745461,1,0,0,,,,False,0.0352986549202793,45.98264654805744,7.398465232825225,False,train,9.270195,0.8262558,0.6181818181818182,0.17704606,0.44107744107744107,0.1448468,39.98667881161175
VannNi00,nick-vannett-1,00-0032394,Nick Vannett,TE,2016,3,94,SEA,ohio st.,78.0,257.0,4.76,30.5,111.0,17.0,7.05,4.2,,,,,,1.0,-1.0,0.0,981919.0,12380220162.0,150.0,7.0,4.0,121.0,0,0,3,False,skill_pass,False,False,False,False,41.61,0,0,True,100.12333524361698,70.75,5.625,29.69608809993425,1.5636213343937997,1.469776312182008,0.7536996046292553,-1.0699932116900148,-0.949547677710947,-0.1365974451458606,0.0985995817290276,-0.3459085079008143,0.2092229292939593,-1.0664571891744985,-0.0934484800579958,0.7837647808595359,0,0,1,1.0,12608.188824129078,0.0001527620913741,False,,,,True,train,10.960047,-6.704527,0.05858585858585859,0.18969432,0.5353535353535354,0.17125073,20.269406118477235
KessCo00,cody-kessler-1,00-0033104,Cody Kessler,QB,2016,3,93,CLE,southern california,73.0,220.0,4.89,29.5,104.0,,7.32,4.0,2236315298.0,2361452446.0,9296838263536.0,203929.0,757.0,425561.0,,124.0,,,,5.0,3.0,17.0,0,0,1,False,skill_pass,False,True,False,False,42.1,0,0,True,76.95152660067525,66.75,5.66,29.022330643647965,-0.4259983182696639,0.0075563789178241,1.4213829774860418,-1.3479322289930735,-1.913855163883723,,1.2674979587277306,-1.5760134588661012,-1.664145911479444,-1.854664855854424,0.1053771155181902,0.4557635608321091,1,0,0,,,,True,0.9470083980679068,3936.915299430933,269.3910171730515,False,train,16.739632,-0.924942,0.2882154882154882,0.23811926,0.6558922558922559,0.26155674,34.63998502553111
MitcMa01,malcolm-mitchell-2,00-0032400,Malcolm Mitchell,WR,2016,4,112,NWE,georgia,72.0,198.0,4.45,36.0,129.0,15.0,6.94,4.34,,,,,,45.0,3817.0,0.0,45403158.0,665572248865.0,4435.0,4.0,4.0,14.0,0,0,0,False,skill_pass,False,False,False,False,33.22,0,0,True,100.98459823900774,82.5,5.640000000000001,26.850694444444443,-0.8239222488023566,-0.8618716895095284,-0.8384684383369269,0.4586713834768086,1.5301001438761903,-0.5207514908791422,-0.377618275566737,0.5151649577748839,0.2788533704968167,1.2489028316977844,-0.0082375105253417,-0.6014408027687493,0,1,0,0.9999999942650856,14659.16200950163,9.768043007052504e-05,False,,,,True,train,11.889306,2.0348501,0.7427609427609427,0.19693929,0.567003367003367,0.1857704,48.70469921180094
ClayCh00,charles-clay-1,00-0028112,Charles Clay,TE,2011,6,174,MIA,tulsa,75.0,245.0,4.69,33.5,118.0,18.0,7.07,4.15,,,,,,57256334.0,304145236226.0,1270.0,69383943.0,1024464530526.0,7957.0,29.0,13.0,127.0,0,0,9,False,skill_pass,False,False,False,False,11.54,0,1,True,101.27557303291522,75.75,5.61,30.61955555555556,0.3698495427957216,0.995542820312543,0.394177788475604,-0.2361761597808383,0.0147598084618287,0.0554795777207801,0.1851846466918963,-0.6534347456421347,0.3023777798666817,-0.0811976058245907,-0.1786594495906447,1.2333307920009475,0,0,1,0.7710800839816706,14765.152947937824,0.0001146807122218,False,,,,True,train,10.140866,3.5711274,0.8296296296296296,0.18347834,0.49764309764309766,0.15845104,49.97663480956546
McElGr00,greg-mcelroy-1,00-0028146,Greg McElroy,QB,2011,7,208,NYJ,alabama,74.0,220.0,4.84,33.0,107.0,,7.11,4.45,88198222.0,911325313.0,7312325082987.0,111720.0,145.0,5460.0,,11.0,,,,1.0,1.0,2.0,0,0,0,False,skill_pass,False,True,False,False,4.41,0,1,True,80.18095597354794,70.0,5.78,28.24324324324324,-0.0280743877369711,0.0075563789178241,1.1645816802334323,-0.3751456684323677,-1.500580526952533,,0.35835477661763,1.191722680805793,-1.4030565656350087,-1.2142461266769844,0.7870648717793972,0.0764852085756817,1,0,0,,,,True,0.0967801736019594,8023.8362510918205,770.4827586206897,False,train,7.37177,1.3979673,0.6855218855218855,0.16363709,0.26262626262626265,0.115183905,38.249820503722944
PaulNi00,niles-paul-1,00-0028093,Niles Paul,WR,2011,5,155,WAS,nebraska,73.0,224.0,4.45,34.5,117.0,24.0,6.9,4.14,,,,,,135.0,-64814.0,10.0,1234039.0,6214796516.0,41.0,7.0,6.0,88.0,0,0,1,False,skill_pass,False,False,False,False,16.99,0,1,True,114.24520204817036,75.75,5.52,29.550009382623383,-0.4259983182696639,0.1656342095409792,-0.8384684383369269,0.0417628575222204,-0.1229984038485677,1.2079417149206249,-0.5507884054924707,-0.7149399931904031,1.350932048890935,-0.0811976058245907,-0.6899252667865539,0.7126501727005309,0,1,0,1.0,5036.142711859187,3.3224233593913966e-05,False,,,,True,train,7.731842,-0.71209717,0.32525252525252524,0.16611601,0.31313131313131315,0.12081003,25.011248453774236
YateT.00,tj-yates-1,00-0028090,T.J. Yates,QB,2011,5,152,HOU,north carolina,75.0,219.0,5.06,29.5,104.0,,6.96,4.12,21881214282.0,365135355422.0,2655116821363418.0,14111419.0,184159.0,73244479.0,,2113.0,,,,6.0,6.0,22.0,0,0,0,False,skill_pass,False,True,False,False,17.95,0,1,True,66.81470313720583,66.75,5.54,27.37013333333333,0.3698495427957216,-0.0319630787379645,2.2945073881449165,-1.3479322289930735,-1.913855163883723,,-0.2910332106038721,-0.8379504882869291,-2.483676640112007,-1.854664855854424,-0.5763106407430167,-0.3485655467020452,1,0,0,,,,True,0.05992630940028,7271.596086045419,76.62627946502751,False,train,5.4332423,-3.010697,0.1441077441077441,0.1508003,0.05185185185185185,0.08489441,11.515241041904947
ShepSt00,sterling-shepard-1,00-0032385,Sterling Shepard,WR,2016,2,40,NYG,oklahoma,70.0,194.0,4.48,41.0,123.0,20.0,7.0,4.35,,,,,,2681.0,1944415.0,100.0,45515186.0,6216039701288.0,37511.0,32.0,26.0,117.0,0,0,5,False,skill_pass,False,False,False,False,72.44,0,0,True,96.3207087582322,82.0,5.675,27.8330612244898,-1.619770109867742,-1.0199495201326834,-0.6843876599853594,1.8483664699921023,0.7035508700138113,0.4396336234540616,-0.1178630806781384,0.5766702053231468,-0.0982076248155674,1.1503768733627937,0.1905880850508391,-0.1232011938962413,0,1,0,0.9999996871940198,136570.67558260664,0.0008241425180597,False,,,,True,train,24.55212,1.0089264,0.6444444444444445,0.31596148,0.7885521885521886,0.38362688,55.54058946192466
EaslMa00,marcus-easley-1,00-0027708,Marcus Easley,WR,2010,4,107,BUF,connecticut,75.0,210.0,4.39,34.0,123.0,16.0,6.94,4.6,,,,,,1.0,11.0,0.0,1448.0,1094893.0,8.0,1.0,1.0,42.0,0,0,0,False,skill_pass,False,False,False,False,35.45,0,0,True,113.08140854363278,78.5,5.77,26.24533333333333,0.3698495427957216,-0.3876381976400633,-1.1466299950400618,-0.0972066511293089,0.7035508700138113,-0.3286744680125014,-0.377618275566737,2.1143013940297544,1.2568429545914568,0.4606951650178584,0.7302575587576262,-0.8961450485607715,0,1,0,0.9999899534571068,756.1415745856353,0.005524861878453,False,,,,True,train,7.9859295,-1.8685265,0.19797979797979798,0.1678833,0.3367003367003367,0.124780156,20.506468088663993
RidlCa00,calvin-ridley-1,00-0034837,Calvin Ridley,WR,2018,1,26,ATL,alabama,72.0,189.0,4.43,31.0,110.0,15.0,6.88,4.41,,,,,,152.0,22117.0,10.0,897263.0,1045769967.0,775.0,41.0,24.0,90.0,0,0,4,False,skill_pass,False,False,False,False,81.83,1,0,True,98.14696963186977,70.5,5.645,25.63020833333333,-0.8239222488023566,-1.2175468084116272,-0.9411889572379736,-0.9310237030384854,-1.0873058900213437,-0.5207514908791422,-0.6373734704553393,0.9457016906127356,0.0494399010429002,-1.1157201683419935,0.0201661459855361,-1.1956025886397643,0,1,0,0.9999788514367832,1165.511078691532,0.0008637378338346,False,,,,True,train,46.062675,9.7391815,0.931986531986532,0.5752084,0.9521885521885521,0.7197293,82.22198691994254
MillAn02,anthony-miller-6,00-0034353,Anthony Miller,WR,2018,2,51,CHI,memphis,71.0,201.0,,,,22.0,,,1.0,3.0,35.0,0.0,0.0,91210.0,546925.0,210.0,479596.0,69414341462.0,51418.0,12.0,12.0,52.0,0,0,2,False,skill_pass,False,True,False,False,65.47,0,0,True,,,,28.03074786748661,-1.2218461793350492,-0.7433133165421622,,,,0.8237876691873433,,,,,,-0.0269626150410496,0,1,0,0.9999921209266094,144735.03002944143,0.1072110693166748,False,,,,False,train,23.649794,0.10659981,0.5232323232323233,0.3062924,0.7771043771043771,0.36952803,49.987789793999916
MitcCa00,carlton-mitchell-1,00-0027776,Carlton Mitchell,WR,2010,6,177,CLE,south florida,75.0,215.0,4.46,36.0,122.0,16.0,6.96,4.55,,,,,,41.0,177.0,0.0,372840.0,537405706.0,414.0,0.0,0.0,16.0,0,0,0,False,skill_pass,False,False,False,False,10.77,0,1,True,108.67484282052185,79.0,5.755,26.87022222222222,0.3698495427957216,-0.1900409093611196,-0.7871081788864059,0.4586713834768086,0.5657926577034149,-0.3286744680125014,-0.2910332106038721,1.806775156288434,0.900585786767368,0.5592211233528491,0.6450465892249772,-0.5919342141948128,0,1,0,0.9999996706400032,1441.3842559811178,0.0011103958802703,False,,,,True,train,10.10953,3.5397916,0.8276094276094276,0.18324377,0.494949494949495,0.15796141,49.82747074620491
HollTr00,trindon-holliday-1,00-0027606,Trindon Holliday,WR,2010,6,197,HOU,louisiana state,65.0,166.0,4.34,42.0,116.0,10.0,6.54,4.48,,,,,,14532127.0,172364114126.0,1201.0,223.0,33336.0,0.0,4.0,0.0,33.0,0,0,0,False,skill_pass,False,False,False,False,6.35,0,1,True,93.5791649910002,79.0,5.51,27.620828402366865,-3.6093897625312055,-2.1264943344947684,-1.4034312922926713,2.126305487295161,-0.2607566161589643,-1.481136605212346,-2.1093195748240734,1.3762384234505876,-0.319852933055821,0.5592211233528491,-0.7467325798083198,-0.2265212001339253,0,1,0,1.934044898017401e-07,149.48878923766816,0.0,False,,,,True,train,8.496763,1.9270244,0.7313131313131314,0.17148177,0.37373737373737376,0.13276193,42.812146813354715
McDoVa00,vance-mcdonald-1,00-0030470,Vance McDonald,TE,2013,2,55,SFO,rice,76.0,267.0,4.69,33.5,119.0,31.0,7.08,4.53,,,,,,313.0,191320.0,0.0,12284336.0,118396532458.0,852.0,14.0,5.0,101.0,0,0,6,False,skill_pass,False,False,False,False,63.03,0,0,True,110.36970612158515,76.25,5.805,32.49671052631579,0.7677734733284143,1.864970888739896,0.394177788475604,-0.2361761597808383,0.1525180207722253,2.5524808749871104,0.2284771791733288,1.683764661191908,1.0376102265298437,0.0173283525104,0.9290831543338122,2.147174660955892,0,0,1,0.9999983840769078,9638.008310583496,6.935661805408123e-05,False,,,,True,train,15.506932,-8.036262,0.03434343434343434,0.22711857,0.641077441077441,0.24229582,23.583573933251778
WilsMa02,marquess-wilson-1,00-0030047,Marquess Wilson,WR,2013,7,236,CHI,washington st.,75.0,194.0,4.51,34.5,122.0,7.0,6.65,4.33,,,,,,3.0,10.0,0.0,558252.0,10061388813.0,6125.0,6.0,6.0,31.0,0,0,0,False,skill_pass,False,False,False,False,1.06,0,1,True,93.78331029469494,78.25,5.49,24.24568888888889,0.3698495427957216,-1.0199495201326834,-0.5303068816337965,0.0417628575222204,0.5657926577034149,-2.0573676738122684,-1.633101717528305,0.4536597102266209,-0.3033484185906348,0.411432185850363,-0.8603472058518518,-1.8696197185318435,0,1,0,0.9999999990061016,18023.023317426538,0.0109717475262068,False,,,,True,train,5.185773,-0.7880297,0.31447811447811447,0.14922261,0.03771043771043771,0.0810277,17.938339573641617
StidJa00,jarrett-stidham-1,00-0035264,Jarrett Stidham,QB,2019,4,133,NWE,auburn,74.0,218.0,4.81,31.0,110.0,,7.28,4.33,75246224.0,109370369.0,126531582795.0,121818.0,265.0,3610371.0,,243.0,,,,6.0,1.0,20.0,0,0,0,False,skill_pass,False,True,False,False,24.62,0,0,True,81.45283107350876,70.5,5.805,27.986486486486488,-0.0280743877369711,-0.0714825363937533,1.010500901881865,-0.9310237030384854,-1.0873058900213437,,1.094327828801997,0.4536597102266209,-1.3002294096569214,-1.1157201683419935,0.9290831543338122,-0.0485101123380149,1,0,0,,,,True,0.6879946066562141,1156.909169749624,459.69056603773583,False,train,9.718335,-0.1361208,0.43232323232323233,0.18033445,0.4727272727272727,0.15184899,33.391143495913106
RodgRi00,richard-rodgers-1,00-0031384,Richard Rodgers,TE,2014,3,98,GNB,california,76.0,257.0,4.87,31.5,116.0,16.0,7.23,4.47,,,,,,7.0,9.0,0.0,2039.0,288608.0,11.0,14.0,11.0,98.0,0,0,2,False,skill_pass,False,False,False,False,39.66,0,0,True,91.37918369972198,73.75,5.85,31.27960526315789,0.7677734733284143,1.469776312182008,1.3186624585849998,-0.7920541943869559,-0.2607566161589643,-0.3286744680125014,0.8778651663948309,1.314733175902319,-0.4977145952537112,-0.4753014391645537,1.184716062931764,1.5546587526080655,0,0,1,0.9999688168056629,141.5438940657185,0.0053948013732221,False,,,,True,train,7.9932365,-9.671337,0.012121212121212121,0.16793436,0.3373737373737374,0.12489432,13.088896814018792
BridTe00,teddy-bridgewater-1,00-0031237,Teddy Bridgewater,QB,2014,1,32,MIN,louisville,74.0,214.0,,30.0,113.0,,7.17,4.2,191287303.0,296419427.0,212937183970.0,142731.0,1284.0,897463.0,662078.0,411.0,,,,49.0,22.0,83.0,1,0,4,False,skill_pass,False,True,False,False,77.74,1,0,True,,71.5,5.6850000000000005,27.47297297297297,-0.0280743877369711,-0.2295603670169083,,-1.208962720341544,-0.6740312530901539,,0.6181099715062286,-0.3459085079008143,,-0.918668251672012,0.2473953980726102,-0.2985007541654118,1,0,0,,,,True,0.6453264718037526,718.364467960462,111.16121495327104,False,train,44.202435,7.8789406,0.9097643097643098,0.552338,0.9488215488215488,0.69066304,80.22702558403867
BenjKe00,kelvin-benjamin-1,00-0031359,Kelvin Benjamin,WR,2014,1,28,CAR,florida st.,77.0,240.0,4.61,32.5,119.0,13.0,7.33,4.39,,,,,,2.0,33.0,0.0,3054.0,4951011.0,415.0,22.0,18.0,61.0,0,0,4,False,skill_pass,False,False,False,False,80.45,1,0,True,106.27657156497304,75.75,5.859999999999999,28.45673806712768,1.165697403861107,0.7979455320335993,-0.0167042871285729,-0.5141151770838972,0.1525180207722253,-0.9049055366124238,1.310790491209163,0.8226911955162043,0.706692996131183,-0.0811976058245907,1.2415233759535302,0.1804195874093018,0,1,0,0.9999933347390976,1621.156188605108,0.1358873608382449,False,,,,True,train,28.157858,-8.165636,0.03164983164983165,0.35615152,0.8464646464646465,0.43996653,34.11764780760615
MattJo00,jordan-matthews-1,00-0031299,Jordan Matthews,WR,2014,2,42,PHI,vanderbilt,75.0,212.0,4.46,35.5,120.0,21.0,6.95,4.18,,,,,,36.0,6154.0,10.0,154194112.0,18177813231477.0,4587.0,23.0,21.0,81.0,0,0,3,False,skill_pass,False,False,False,False,71.15,0,0,True,107.15844966488665,77.75,5.565,26.49528888888889,0.3698495427957216,-0.3085992823284858,-0.7871081788864059,0.3197018748252792,0.2902762330826218,0.6317106463207024,-0.3343257430853045,-0.4689190029973457,0.7779901045786008,0.3129062275153723,-0.4342923581886018,-0.7744607148143877,0,1,0,0.9999999996614556,117889.15280680108,2.97482176232514e-05,False,,,,True,train,20.589388,-2.953806,0.14545454545454545,0.27477476,0.7212121212121212,0.3217092,32.172103159355395
WashJa00,james-washington-5,00-0034676,James Washington,WR,2018,2,60,PIT,oklahoma st.,71.0,213.0,4.54,34.5,120.0,14.0,7.11,4.32,,,,,,1143.0,20102812.0,1.0,28537174.0,456108713801549.0,6101013.0,11.0,11.0,62.0,0,0,2,False,skill_pass,False,False,False,False,60.03,0,0,True,100.27350314491092,77.25,5.715,29.70422535211268,-1.2218461793350492,-0.2690798246726971,-0.3762261032822289,0.0417628575222204,0.2902762330826218,-0.712828513745783,0.35835477661763,0.3921544626783579,0.221363538234044,0.2143802691803815,0.4178173371379082,0.7877261895493999,0,1,0,0.9999999559253956,15982967.122166652,0.2137917720934806,False,,,,True,train,21.76823,-1.7749634,0.20404040404040405,0.2866749,0.7420875420875421,0.3401286,35.53943712668186
GallMi00,michael-gallup-1,00-0034764,Michael Gallup,WR,2018,3,81,DAL,colorado st.,73.0,205.0,4.51,36.0,122.0,10.0,6.95,4.37,,,,,,4.0,15.0,0.0,76100.0,12721413.0,147.0,30.0,30.0,86.0,0,0,5,False,skill_pass,False,False,False,False,48.25,0,0,True,99.1009206722292,79.0,5.66,27.043535372490147,-0.4259983182696639,-0.5852354859190071,-0.5303068816337965,0.4586713834768086,0.5657926577034149,-1.481136605212346,-0.3343257430853045,0.6996807004196783,0.1265638831269264,0.5592211233528491,0.1053771155181902,-0.5075612336744733,0,1,0,0.9999988208870892,167.1670565045992,0.0019316688567674,False,,,,True,train,25.012396,7.347822,0.9037037037037037,0.32095635,0.7925925925925926,0.3908187,66.23550099134445
GreeVi00,virgil-green-1,00-0028142,Virgil Green,TE,2011,7,204,DEN,nevada,75.0,249.0,4.54,42.5,130.0,23.0,6.9,4.4,,,,,,214.0,181619.0,0.0,132335.0,136260515.0,155.0,8.0,5.0,137.0,0,0,5,False,skill_pass,False,False,False,False,5.07,0,1,True,117.22113747926208,86.25,5.65,31.119466666666668,0.3698495427957216,1.153620650935698,-0.3762261032822289,2.2652749959466907,1.6678583561865872,1.015864692053984,-0.5507884054924707,0.8841964430644728,1.5915271959796773,1.987847519210215,0.0485698024964242,1.476699459493715,0,0,1,0.9986688935838544,1029.6634677145123,0.0011712698832508,False,,,,True,train,8.994107,3.0203047,0.8,0.1750437,0.42154882154882156,0.14053293,46.74250891348129
DoctJo00,josh-doctson-1,00-0032760,Josh Doctson,WR,2016,1,22,WAS,texas christian,74.0,202.0,4.5,41.0,131.0,14.0,6.84,4.08,,,,,,1.0,6.0,0.0,35366579.0,39344010181327.0,541114.0,9.0,9.0,34.0,0,0,2,False,skill_pass,False,False,False,False,84.61,1,0,True,98.52156683432403,86.0,5.46,25.93243243243243,-0.0280743877369711,-0.7037938588863734,-0.5816671410843175,1.8483664699921023,1.805616568496984,-0.712828513745783,-0.810543600381073,-1.0839714784799863,0.079724922714373,1.9385845400427195,-1.0307691449171548,-1.0484726796475992,0,1,0,0.9999999999998476,1112462.9888948828,0.0153001510267645,False,,,,True,train,21.64379,-14.679705,0.00202020202020202,0.2854042,0.7373737373737373,0.3381842,27.300051088284967
OLeaNi00,nick-oleary-1,00-0032117,Nick O'Leary,TE,2015,6,194,BUF,florida st.,75.0,252.0,4.93,30.5,110.0,21.0,7.4,4.5,,,,,,0.0,0.0,1.0,12213348.0,164252557618.0,1376.0,6.0,4.0,59.0,0,0,2,False,skill_pass,False,False,False,False,6.94,0,1,True,85.3184308292889,70.25,5.95,31.4944,0.3698495427957216,1.2721790239030644,1.6268240152881304,-1.0699932116900148,-1.0873058900213437,0.6317106463207024,1.613838218579198,1.4992489185471136,-0.98770766200363,-1.164983147509489,1.7527891931494393,1.65922596011329,0,0,1,1.0,13448.610292443973,0.0001126636201637,False,,,,True,train,5.2362404,-1.3334985,0.232996632996633,0.14954324,0.041750841750841754,0.081816256,14.782072126388751
TateGo00,golden-tate-1,00-0027891,Golden Tate,WR,2010,2,60,SEA,notre dame,70.0,199.0,4.42,35.0,120.0,17.0,7.12,4.34,,,,,,1525.0,437186.0,12.0,65893.0,13110801496.0,11015.0,58.0,17.0,160.0,1,0,7,False,skill_pass,False,False,False,False,60.03,0,0,True,104.2783125389264,77.5,5.73,28.550408163265303,-1.619770109867742,-0.8223522318537396,-0.9925492166884944,0.1807323661737498,0.2902762330826218,-0.1365974451458606,0.4016473090990625,0.5151649577748839,0.5451399532559447,0.2636432483478769,0.5030283066705622,0.2260204271871307,0,1,0,0.9999666556295248,198971.081844809,0.1671649492358824,False,,,,True,train,27.682163,4.1389694,0.8430976430976431,0.35071635,0.8410774410774411,0.4325338,66.21045820279555
SandEm00,emmanuel-sanders-1,00-0027685,Emmanuel Sanders,WR,2010,3,82,PIT,southern methodist,71.0,186.0,4.4,39.5,126.0,12.0,6.64,4.1,,,,,,261.0,6286.0,0.0,46746798.0,6058899581339.0,9997.0,63.0,11.0,172.0,2,0,9,False,skill_pass,False,False,False,False,47.73,0,0,True,99.2503927327368,82.75,5.369999999999999,25.938901011704026,-1.2218461793350492,-1.3361051813789937,-1.0952697355895364,1.4314579440375144,1.116825506945001,-1.0969825594790643,-1.676394250009741,-0.9609609833834604,0.1386482354982061,1.2981658108652798,-1.5420349621130638,-1.045323620779113,0,1,0,0.999999998962518,129611.0073964638,0.0002138542194911,False,,,,True,train,21.664059,3.999485,0.8397306397306398,0.28561094,0.7387205387205387,0.33850092,60.84587380696427
HackCh01,christian-hackenberg-1,00-0032953,Christian Hackenberg,QB,2016,2,51,NYJ,penn st.,76.0,223.0,4.78,31.0,114.0,,7.04,4.33,231270192.0,392484359.0,295529772525.0,201216.0,10156.0,499366.0,,402.0,1.0,14.0,1.0,,,,0,0,0,False,skill_pass,True,True,False,False,65.47,0,0,True,85.43253088681517,72.5,5.6850000000000005,27.14144736842105,0.7677734733284143,0.1261147518851904,0.856420123530302,-0.9310237030384854,-0.5362730407797573,,0.0553070492475951,0.4536597102266209,-0.978483026335612,-0.7216163350020306,0.2473953980726102,-0.4598953357745461,1,0,0,,,,False,0.5892469004096034,752.9721013035324,19.812524615990547,False,train,22.571812,-0.97138214,0.2801346801346801,0.29496112,0.7602693602693603,0.35268456,39.36368812720985
SticEa00,,00-0035282,Easton Stick,QB,2019,5,166,LAC,north dakota st.,73.0,224.0,4.62,33.5,118.0,,6.65,4.05,11.0,19.0,124.0,1.0,1.0,11.0,35.0,0.0,,,,4.0,4.0,6.0,0,0,0,False,skill_pass,False,True,False,False,13.71,0,1,True,98.3354505078747,75.75,5.35,29.550009382623383,-0.4259983182696639,0.1656342095409792,0.0346559723219479,-0.2361761597808383,0.0147598084618287,,-1.633101717528305,-1.2684872211247809,0.0646779951265429,-0.0811976058245907,-1.6556495881565958,0.7126501727005309,1,0,0,,,,True,0.5789473684210527,6.526315789473684,1.0,False,train,6.115753,-2.328186,0.17037037037037037,0.15522268,0.1589225589225589,0.09555864,15.008892542986757
GrieWi00,will-grier-1,00-0035251,Will Grier,QB,2019,3,100,CAR,west virginia,74.0,217.0,4.84,34.0,112.0,,7.09,4.28,106250266.0,161388397.0,120434903864.0,103437.0,3128.0,366349.0,,223.0,,,,1.0,1.0,2.0,0,0,0,False,skill_pass,False,True,False,False,38.71,0,0,True,79.08757930118138,73.0,5.6850000000000005,27.85810810810811,-0.0280743877369711,-0.111001994049542,1.1645816802334323,-0.0972066511293089,-0.8117894654005504,,0.2717697116547612,0.1461334724853005,-1.491452677513999,-0.6230903766670398,0.2473953980726102,-0.1110077727948641,1,0,0,,,,True,0.6583513311678783,746.2426426107944,33.06809462915601,False,train,12.598904,-5.06567,0.08484848484848485,0.20261098,0.5872053872053872,0.19685787,23.12742466647617
HillSt00,stephen-hill-1,00-0028995,Stephen Hill,WR,2012,2,43,NYJ,georgia tech,76.0,215.0,4.36,39.5,133.0,14.0,6.88,4.48,,,,,,534.0,843429.0,100.0,61528.0,137291820.0,135.0,4.0,4.0,23.0,0,0,2,False,skill_pass,False,False,False,False,70.51,0,0,True,118.9932971711072,86.25,5.68,26.167763157894736,0.7677734733284143,-0.1900409093611196,-1.3007107733916248,1.4314579440375144,2.0811329931177767,-0.712828513745783,-0.6373734704553393,1.3762384234505876,1.7348008091332423,1.987847519210215,0.2189917415617222,-0.9339080624528072,0,1,0,0.9938941797542205,2231.371408139384,0.0021941230009101,False,,,,True,train,22.765932,-0.77726173,0.31582491582491584,0.29698357,0.767003367003367,0.3557177,41.027089146251235
SmelDe00,deandre-smelter-1,00-0032064,DeAndre Smelter,WR,2015,4,132,SFO,georgia tech,74.0,226.0,4.52,,,,,,0.0,1.0,0.0,0.0,1.0,13.0,12103.0,1.0,2135.0,345715.0,47.0,0.0,0.0,2.0,0,0,0,False,skill_pass,False,True,False,False,25.0,0,0,True,108.28908785588996,,,29.013513513513512,-0.0280743877369711,0.2446731248525567,-0.4789466221832755,,,,,,0.8693986946395758,,,0.4514711713167754,0,1,0,0.9661755417558648,161.92740046838406,0.0220140515222482,False,,,,False,train,12.171181,2.3167248,0.7643097643097643,0.1991778,0.5804713804713805,0.1901747,49.96886848861521
RudoMa00,mason-rudolph-1,00-0034771,Mason Rudolph,QB,2018,3,76,PIT,oklahoma st.,77.0,235.0,4.9,26.0,,,,,49264284318.0,86424448489.0,853377040914904.0,6212837.0,4949.0,14678361.0,,1610.0,111.0,22724.0,0.0,10.0,7.0,34.0,0,0,1,False,skill_pass,False,True,False,False,50.94,0,0,True,81.52926701199223,,,27.86388935739585,1.165697403861107,0.6003482437546555,1.4727432369365674,-2.3207187895537795,,,,,-1.2940498011646933,,,-0.1081933225769556,1,0,0,,,,False,0.5700271760978642,9874.254980331414,1255.372196403314,False,train,18.66232,0.9977455,0.6437710437710438,0.2559961,0.6875420875420876,0.29159874,50.45358063109997
CoutKe00,keke-coutee-1,00-0034366,Keke Coutee,WR,2018,4,103,HOU,texas tech,70.0,181.0,4.43,34.5,113.0,14.0,6.93,4.15,,,,,,35.0,215.0,10.0,115593.0,1058901429.0,710.0,7.0,7.0,33.0,0,0,0,False,skill_pass,False,False,False,False,37.29,0,0,True,93.9926005469229,73.75,5.54,25.967959183673468,-1.619770109867742,-1.533702469657937,-0.9411889572379736,0.0417628575222204,-0.6740312530901539,-0.712828513745783,-0.4209108080481732,-0.6534347456421347,-0.2864279509981798,-0.4753014391645537,-0.5763106407430167,-1.03117740871301,0,1,0,0.9999997969594238,9160.601671381484,0.0061422404470858,False,,,,True,train,10.716672,0.862216,0.6269360269360269,0.1878309,0.5286195286195287,0.167448,42.75540975945365
ThomDe03,demaryius-thomas-1,00-0027874,Demaryius Thomas,WR,2010,1,22,DEN,georgia tech,75.0,224.0,4.52,,,,,,1.0,11.0,22.0,0.0,0.0,121.0,293.0,0.0,353946.0,5586271154.0,438.0,69.0,65.0,143.0,5,0,8,False,skill_pass,False,True,False,False,84.61,1,0,True,107.33077734389092,,,27.99502222222222,0.3698495427957216,0.1656342095409792,-0.4789466221832755,,,,,,0.7919222627982728,,,-0.0443547123360849,0,1,0,0.9999999475499888,15782.83453973205,0.0012374769032564,False,,,,False,train,49.26289,12.939396,0.9441077441077441,0.6137599,0.9575757575757575,0.76973265,84.58567565268137
GresJe00,jermaine-gresham-1,00-0027873,Jermaine Gresham,TE,2010,1,21,CIN,oklahoma,77.0,261.0,4.66,35.0,113.0,20.0,7.07,4.53,,,,,,1.0,5.0,0.0,83766.0,161519950.0,11114.0,28.0,22.0,132.0,2,0,9,False,skill_pass,False,False,False,False,85.32,1,0,True,110.69470220254848,74.0,5.800000000000001,30.94670264800135,1.165697403861107,1.6278541428051632,0.2400970101240364,0.1807323661737498,-0.6740312530901539,0.4396336234540616,0.1851846466918963,1.683764661191908,1.0638851514108425,-0.4260384599970583,0.9006794978229342,1.3925938093515855,0,0,1,0.9999999690440726,1928.228040016236,0.1326791299572619,False,,,,True,train,28.78202,-7.5414734,0.04242424242424243,0.36333948,0.8558922558922559,0.44971904,35.0759856193154
WillDa04,damian-williams-1,00-0027893,Damian Williams,WR,2010,3,77,TEN,southern california,73.0,197.0,4.52,38.0,118.0,19.0,6.79,4.24,,,,,,142.0,54316.0,0.0,195870.0,2358691010.0,296.0,10.0,10.0,57.0,0,0,1,False,skill_pass,False,False,False,False,50.4,0,0,True,94.39358543190409,78.0,5.515000000000001,25.988177894539312,-0.4259983182696639,-0.9013911471653172,-0.4789466221832755,1.0145494180829262,0.0147598084618287,0.2475566005874208,-1.027006262788239,-0.0998875177077568,-0.2540095670593132,0.3621692066828676,-0.7183289232974318,-1.0213344574113168,0,1,0,0.9999769725033892,12042.12492980038,0.0015112064124163,False,,,,True,train,23.435865,5.7712917,0.8814814814814815,0.3040244,0.775084175084175,0.3661854,64.16513926172097
WillMi04,mike-williams-4,00-0027702,Mike Williams,WR,2010,4,101,TAM,syracuse,73.0,221.0,4.53,33.5,116.0,8.0,6.9,4.31,,,,,,1.0,-7.0,0.0,246049.0,461837746.0,4106.0,25.0,25.0,63.0,0,0,3,False,skill_pass,False,False,False,False,38.23,0,0,True,104.96136290292812,74.75,5.605,29.154250328391814,-0.4259983182696639,0.0470758365736129,-0.4275863627327499,-0.2361761597808383,-0.2607566161589643,-1.865290650945628,-0.5507884054924707,0.3306492151300895,0.6003624560962462,-0.2782495224945722,-0.2070631061015277,0.5199852137992137,0,1,0,1.0,1877.015334343972,0.0166877329312454,False,,,,True,train,14.797398,4.9429417,0.8619528619528619,0.22095147,0.6289562289562289,0.23120932,56.10045501750327
AlfoMa00,mario-alford-1,00-0031962,Mario Alford,WR,2015,7,238,CIN,west virginia,68.0,180.0,4.43,34.0,121.0,13.0,6.64,4.07,,,,,,52.0,4714.0,0.0,2765.0,552945.0,211.0,0.0,0.0,4.0,0,0,0,False,skill_pass,False,False,False,False,0.91,0,1,True,93.47330441130454,77.5,5.355,27.3659169550173,-2.415617970933128,-1.573221927313726,-0.9411889572379736,-0.0972066511293089,0.4280344453930183,-0.9049055366124238,-1.676394250009741,-1.1454767260282497,-0.3284114325033151,0.2636432483478769,-1.6272459316457075,-0.3506181803595309,0,1,0,0.9915468054850723,199.98010849909585,0.0763110307414104,False,,,,True,train,8.315612,2.3418093,0.7683501683501683,0.17019875,0.3569023569023569,0.12993143,43.87465771586205
IsabAn00,andy-isabella-1,00-0035527,Andy Isabella,WR,2019,2,62,ARI,massachusetts,69.0,188.0,4.31,36.5,121.0,15.0,6.95,4.15,,,,,,3121411.0,2810013579.0,11.0,26265101.0,780110201697.0,71013.0,4.0,4.0,43.0,0,0,0,False,skill_pass,False,False,False,False,58.86,0,0,True,108.96292785055894,78.75,5.550000000000001,27.759714345725687,-2.0176940404004347,-1.257066266067416,-1.557512070644239,0.597640892128338,0.4280344453930183,-0.5207514908791422,-0.3343257430853045,-0.6534347456421347,0.9238765676934906,0.5099581441853538,-0.5195033277212457,-0.1589082061086733,0,1,0,0.9964108557626024,29701.397367442067,0.002703701767604,False,,,,True,train,20.896255,-2.6469383,0.15757575757575756,0.27784282,0.7265993265993266,0.326504,32.92195329396211
SterJa00,jace-sternberger-1,00-0035671,Jace Sternberger,TE,2019,3,75,GNB,texas a&m,76.0,251.0,4.75,31.5,113.0,17.0,7.19,4.31,,,,,,1.0,4.0,0.0,148.0,5832.0,10.0,1.0,1.0,18.0,0,0,0,False,skill_pass,False,False,False,False,51.49,0,0,True,98.61188910459558,72.25,5.75,30.54934210526316,0.7677734733284143,1.2326595662472757,0.7023393451787344,-0.7920541943869559,-0.6740312530901539,-0.1365974451458606,0.7046950364690973,0.3306492151300895,0.0870271980508372,-0.7708793141695259,0.6166429327140942,1.1991492075993695,0,0,1,0.9993145990404386,39.4054054054054,0.0675675675675675,False,,,,True,train,14.217463,-3.4471111,0.12323232323232323,0.21600065,0.6181818181818182,0.22214785,26.055899487149837
EgneMi00,michael-egnew-1,00-0029694,Michael Egnew,TE,2012,3,78,MIA,missouri,77.0,252.0,4.52,36.0,131.0,21.0,7.03,4.32,,,,,,3.0,8.0,0.0,439050.0,2225762523.0,53.0,0.0,0.0,18.0,0,0,0,False,skill_pass,False,False,False,False,49.86,0,0,True,120.7471245118773,83.5,5.675000000000001,29.87957497048406,1.165697403861107,1.2721790239030644,-0.4789466221832755,0.4586713834768086,1.805616568496984,0.6317106463207024,0.0120145167661627,0.3921544626783579,1.8765923085765104,1.445954748367766,0.1905880850508442,0.8730905713763212,0,0,1,0.9999999964057262,5069.496692859583,0.0001207151805033,False,,,,True,train,19.092821,1.4282475,0.6882154882154882,0.26011732,0.6942760942760943,0.29832533,52.58299460766291
GreeDo00,dorial-green-beckham-1,00-0032218,Dorial Green-Beckham,WR,2015,2,40,TEN,oklahoma,77.0,237.0,4.49,33.5,119.0,13.0,6.89,4.45,,,,,,51.0,163.0,0.0,2859.0,395883.0,512.0,7.0,4.0,31.0,0,0,0,False,skill_pass,False,False,False,False,72.44,0,0,True,116.62535471536124,76.25,5.67,28.10102884128858,1.165697403861107,0.679387159066233,-0.6330274005348384,-0.2361761597808383,0.1525180207722253,-0.9049055366124238,-0.5940809379739069,1.191722680805793,1.5433600078693246,0.0173283525104,0.1621844285399561,0.007251841417547,0,1,0,0.9995884316468288,138.46904512067155,0.1790835956628191,False,,,,True,train,26.297333,2.754139,0.7905723905723906,0.33511657,0.8154882154882155,0.41089582,62.852908023880794
AtemMa00,marcell-ateman-1,00-0034747,Marcell Ateman,WR,2018,7,228,OAK,oklahoma st.,76.0,216.0,4.62,34.0,121.0,13.0,7.07,4.25,,,,,,1.0,1.0,0.0,22204559.0,2762687661156.0,58.0,2.0,2.0,19.0,0,0,0,False,skill_pass,False,False,False,False,1.78,0,1,True,94.82347013259346,77.5,5.66,26.289473684210527,0.7677734733284143,-0.1505214517053308,0.0346559723219479,-0.0972066511293089,0.4280344453930183,-0.9049055366124238,0.1851846466918963,-0.0383822701594938,-0.219254722678963,0.2636432483478769,0.1053771155181902,-0.8746564716180237,0,1,0,0.999999999999638,124419.83923914004,2.6120761957037744e-06,False,,,,True,train,3.9923813,-1.9814212,0.18787878787878787,0.14180471,0.009427609427609427,0.06238096,11.787417127164424
McCaA.00,aj-mccarron-1,00-0031288,A.J. McCarron,QB,2014,5,164,CIN,alabama,75.0,220.0,4.94,28.0,99.0,,7.18,4.34,30219211226.0,48328314336.0,389263429333063.0,3163028.0,537.0,6304934.0,,210.0,,,,4.0,3.0,19.0,0,0,0,False,skill_pass,False,True,False,False,14.28,0,1,True,73.88306111646494,63.5,5.76,27.49511111111111,0.3698495427957216,0.0075563789178241,1.6781842747386555,-1.7648407549476617,-2.602646225435705,,0.661402503987661,0.5151649577748839,-1.9122218262984303,-2.495083585031864,0.6734502457358602,-0.2877233798288525,1,0,0,,,,True,0.6252899907888896,8054.562520569825,5890.182495344507,False,train,6.835746,-1.6081934,0.21481481481481482,0.16000208,0.22087542087542086,0.10680853,18.346313563184907
HerrRo00,robert-herron-1,00-0031187,Robert Herron,WR,2014,6,185,TAM,wyoming,69.0,193.0,4.48,35.5,125.0,18.0,6.84,4.27,,,,,,40842.0,235531012.0,0.0,6433172.0,57379657937.0,389.0,0.0,0.0,8.0,0,0,0,False,skill_pass,False,False,False,False,8.86,0,1,True,95.82421025947843,80.25,5.555,28.498004620877968,-2.0176940404004347,-1.0594689777884725,-0.6843876599853594,0.3197018748252792,0.9790672946346044,0.0554795777207801,-0.810543600381073,0.084628224937032,-0.1383479881073826,0.805536019190326,-0.4910996712103678,0.2005091312802214,0,1,0,0.9959119979245666,8919.34149079179,6.046783763903717e-05,False,,,,True,train,7.9088483,1.3391094,0.6808080808080809,0.16734558,0.3239057239057239,0.12357576,39.52886487827057
HemiJu00,junior-hemingway-1,00-0029311,Junior Hemingway,WR,2012,7,238,KAN,michigan,73.0,225.0,4.48,35.5,124.0,21.0,6.59,3.98,,,,,,5.0,9.0,0.0,42163233.0,3741268593662.0,1244.0,2.0,2.0,31.0,0,0,0,False,skill_pass,False,False,False,False,0.91,0,1,True,111.7121622195992,79.75,5.285,29.68192906736724,-0.4259983182696639,0.2051536671967679,-0.6843876599853594,0.3197018748252792,0.8413090823242079,0.6317106463207024,-1.8928569124169072,-1.69902395396263,1.146143637230688,0.7070100608553352,-2.02489712279808,0.7768718256676355,0,1,0,0.9999999999975944,88732.9629979276,2.950437885064459e-05,False,,,,True,train,7.1711845,1.197382,0.6680134680134681,0.16226912,0.24579124579124578,0.11204976,37.12274115126242
CrinJu00,juron-criner-1,00-0029702,Juron Criner,WR,2012,5,168,OAK,arizona,74.0,224.0,4.66,38.0,117.0,17.0,7.15,4.3,,,,,,881.0,63660.0,0.0,7458275.0,885821233956.0,191111.0,1.0,1.0,13.0,0,0,0,False,skill_pass,False,False,False,False,13.15,0,1,True,95.00234978303013,77.5,5.725,28.75675675675676,-0.0280743877369711,0.1656342095409792,0.2400970101240364,1.0145494180829262,-0.1229984038485677,-0.1365974451458606,0.5315249065433636,0.2691439675818265,-0.2047928578957603,0.2636432483478769,0.4746246501596741,0.3264758504030787,0,1,0,0.9999999281344892,118770.25638716728,0.0256240216403927,False,,,,True,train,7.745681,-0.6982584,0.32592592592592595,0.16621189,0.31447811447811447,0.12102626,25.071362417805876
WillMa04,maxx-williams-1,00-0031558,Maxx Williams,TE,2015,2,55,BAL,minnesota,76.0,249.0,4.78,34.5,117.0,17.0,7.3,4.37,,,,,,1.0,7.0,0.0,2536.0,417569.0,58.0,8.0,4.0,83.0,0,0,2,False,skill_pass,False,False,False,False,63.03,0,0,True,95.3932743982824,75.75,5.835,30.30592105263158,0.7677734733284143,1.153620650935698,0.856420123530302,0.0417628575222204,-0.1229984038485677,-0.1365974451458606,1.180912893764862,0.6996807004196783,-0.1731878155535834,-0.0811976058245907,1.099505093399115,1.0806460259298043,0,0,1,0.999983236584478,164.65654574132492,0.0228706624605678,False,,,,True,train,15.859472,-7.6837215,0.03973063973063973,0.23022763,0.6437710437710438,0.24780425,24.025284385741358
WrigJa02,jarius-wright-1,00-0029572,Jarius Wright,WR,2012,4,118,MIN,arkansas,70.0,182.0,4.39,38.0,120.0,11.0,6.93,4.03,,,,,,11.0,19.0,0.0,19414266.0,3486817881117.0,25512.0,24.0,19.0,111.0,0,0,1,False,skill_pass,False,False,False,False,30.63,0,0,True,98.00388740448172,79.0,5.48,26.11142857142857,-1.619770109867742,-1.4941830120021484,-1.1466299950400618,1.0145494180829262,0.2902762330826218,-1.2890595823457054,-0.4209108080481732,-1.391497716221307,0.0378721468555787,0.5592211233528491,-0.9171545188736178,-0.9613330844963348,0,1,0,0.9999999999945508,179600.8090708657,0.0013140852196008,False,,,,True,train,10.384359,0.5299034,0.5818181818181818,0.18530934,0.5104377104377105,0.16225561,40.43278041868298
RodrEv00,evan-rodriguez-1,00-0029276,Evan Rodriguez,TE,2012,4,111,CHI,temple,73.0,239.0,4.53,36.0,119.0,18.0,6.94,4.28,,,,,,1.0,1.0,0.0,132134.0,145247476.0,322.0,0.0,0.0,20.0,0,0,0,False,skill_pass,False,False,False,False,33.66,0,0,True,113.51025218913944,77.5,5.61,31.5288046537812,-0.4259983182696639,0.7584260743778105,-0.4275863627327499,0.4586713834768086,0.1525180207722253,0.0554795777207801,-0.377618275566737,0.1461334724853005,1.291513632890045,0.2636432483478769,-0.1786594495906447,1.6759749672071116,0,0,1,0.9999999931151988,1099.2437676903749,0.0024369200962659,False,,,,True,train,9.331473,-0.5229826,0.37104377104377106,0.17749293,0.4457912457912458,0.14580427,30.22351984657121
HiltT.00,ty-hilton-1,00-0029608,T.Y. Hilton,WR,2012,3,92,IND,florida international,69.0,183.0,4.34,,,,,,11.0,11.0,380.0,10.0,0.0,1463016.0,4349282114.0,2041.0,41575969.0,10136328481022.0,7556.0,72.0,71.0,146.0,4,0,8,False,skill_pass,False,True,False,False,42.6,0,0,True,103.16257345393394,,,27.02142407057341,-2.0176940404004347,-1.4546635543463595,-1.4034312922926713,,,,,,0.4549359096930978,,,-0.5183255434975664,0,1,0,0.999571105382146,243802.57934630456,0.0001817396005851,False,,,,False,train,22.716433,5.051859,0.865993265993266,0.2964671,0.764983164983165,0.35494426,62.96762147726436
FantNo00,noah-fant-1,00-0035644,Noah Fant,TE,2019,1,20,DEN,iowa,76.0,249.0,4.5,39.5,127.0,20.0,6.81,4.22,,,,,,22.0,-11.0,0.0,93039.0,70494518.0,1117.0,26.0,14.0,110.0,0,0,5,False,skill_pass,False,False,False,False,86.02,1,0,True,121.44490169181528,83.25,5.515,30.30592105263158,0.7677734733284143,1.153620650935698,-0.5816671410843175,1.4314579440375144,1.2545837192553977,0.4396336234540616,-0.940421197825374,-0.2228980128042883,1.9330054287969167,1.3966917692002705,-0.7183289232974368,1.0806460259298043,0,0,1,1.0,757.6878298348005,0.012005718032223,False,,,,True,train,25.060318,-11.263176,0.0053872053872053875,0.3214788,0.7932659932659932,0.39156747,30.341733433381478
JohnDa05,david-johnson-1,00-0026957,David Johnson,TE,2009,7,241,PIT,arkansas st.,73.0,260.0,4.73,32.5,113.0,21.0,7.28,4.43,,,,,,10242331.0,369519980.0,1120.0,210410.0,8318441276.0,1221.0,3.0,3.0,98.0,0,0,1,False,skill_pass,False,False,False,False,0.71,0,1,True,103.8864200606694,72.75,5.855,34.29911803340214,-0.4259983182696639,1.5883346851493745,0.5996188262776925,-0.5141151770838972,-0.6740312530901539,0.6317106463207024,1.094327828801997,1.0687121857092616,0.5134566621925292,-0.6723533558345351,1.2131197194426522,3.024629679516325,0,0,1,0.957467584268426,39534.43883845825,0.0058029561332636,False,,,,True,train,5.874897,-0.09890556,0.4377104377104377,0.15365006,0.07676767676767676,0.091795266,23.95267771219565
HockTJ00,tj-hockenson-1,00-0035229,T.J. Hockenson,TE,2019,1,8,DET,iowa,77.0,251.0,4.7,37.5,123.0,17.0,7.02,4.18,,,,,,1.0,4.0,1.0,2449.0,320750.0,36.0,33.0,16.0,97.0,2,0,3,False,skill_pass,False,False,False,False,94.73,1,0,True,102.87557731745169,80.25,5.6,29.76100522853769,1.165697403861107,1.2326595662472757,0.4455380479261249,0.8755799094313969,0.7035508700138113,-0.1365974451458606,-0.0312780157152735,-0.4689190029973457,0.4317331624327113,0.805536019190326,-0.2354667626124158,0.815367989379069,0,0,1,0.9999875293838892,130.97182523478972,0.0146998775010208,False,,,,True,train,34.452354,-1.8711395,0.19730639730639732,0.4310957,0.9057239057239057,0.53831804,45.395008855195165
LindRy00,ryan-lindley-1,00-0029531,Ryan Lindley,QB,2012,6,185,ARI,san diego st.,76.0,229.0,4.86,29.5,108.0,,7.52,4.45,242239243237.0,427437421447.0,2653305438303153.0,16232823.0,916148.0,31221918.0,,1100.0,,,,-4.0,-4.0,10.0,0,0,0,False,skill_pass,False,True,False,False,8.86,0,1,True,82.09569823643362,68.75,5.984999999999999,27.87171052631579,0.7677734733284143,0.363231497819923,1.2673021991344788,-1.3479322289930735,-1.3628223146421363,,2.133348608356395,1.191722680805793,-1.248255593959687,-1.4605610225144612,1.95161478872562,-0.1043857907658485,1,0,0,,,,True,0.5667244632370972,6207.471094414107,17.718559665032288,False,train,5.9672184,-0.60252047,0.3346801346801347,0.15425129,0.08080808080808081,0.09323779,19.953148674533423
BryaMa00,martavis-bryant-1,00-0031373,Martavis Bryant,WR,2014,4,118,PIT,clemson,76.0,211.0,4.42,39.0,124.0,16.0,7.18,4.15,,,,,,1.0,17.0,0.0,91042.0,221305828.0,247.0,19.0,17.0,44.0,0,0,1,False,skill_pass,False,False,False,False,30.63,0,0,True,110.5664519885099,81.5,5.665,25.68092105263158,0.7677734733284143,-0.3481187399842746,-0.9925492166884944,1.292488435385985,0.8413090823242079,-0.3286744680125014,0.661402503987661,-0.6534347456421347,1.0535165194881204,1.0518509150278028,0.1337807720290732,-1.170914425791938,0,1,0,0.9999999231832308,2430.8102633949165,0.0027130335449572,False,,,,True,train,11.866291,2.011835,0.7407407407407407,0.19675738,0.5656565656565656,0.1854108,48.586124567572114
OlivJo00,josh-oliver-1,00-0035249,Josh Oliver,TE,2019,3,69,JAX,san jose st.,77.0,249.0,4.63,34.0,117.0,22.0,7.21,4.47,,,,,,1.0,7.0,0.0,433556.0,3626296709.0,1114.0,7.0,0.0,82.0,0,0,3,False,skill_pass,False,False,False,False,54.83,0,0,True,108.36907806622428,75.5,5.84,29.523865744644965,1.165697403861107,1.153620650935698,0.0860162317724689,-0.0972066511293089,-0.1229984038485677,0.8237876691873433,0.7912801014319621,1.314733175902319,0.875865654984204,-0.1304605849920861,1.1279087499099982,0.6999228253845663,0,0,1,0.999999998069656,8364.079170856821,0.0025694489293193,False,,,,True,train,19.228579,1.5640049,0.7037037037037037,0.2614258,0.696969696969697,0.30044654,53.32498905132916
JohnDi01,diontae-johnson-1,00-0035216,Diontae Johnson,WR,2019,3,66,PIT,toledo,70.0,183.0,4.53,33.5,123.0,15.0,7.09,4.45,,,,,,22.0,917.0,0.0,147449.0,2371278761.0,3138.0,35.0,33.0,89.0,1,0,5,False,skill_pass,False,False,False,False,56.54,0,0,True,86.91370774314862,78.25,5.77,26.254897959183676,-1.619770109867742,-1.4546635543463595,-0.4275863627327499,-0.2361761597808383,0.7035508700138113,-0.5207514908791422,0.2717697116547612,1.191722680805793,-0.8587344726906635,0.411432185850363,0.7302575587576262,-0.891488760279661,0,1,0,0.9999996132889728,16082.026741449588,0.0212819347706664,False,,,,True,train,26.90579,9.241217,0.927946127946128,0.34192884,0.8255892255892255,0.42040294,68.87626605011799
SamuCu00,curtis-samuel-1,00-0033282,Curtis Samuel,WR,2017,2,40,CAR,ohio st.,71.0,196.0,4.31,37.0,119.0,18.0,7.09,4.33,,,,,,581797.0,383132771.0,618.0,112274.0,95289865.0,27.0,30.0,17.0,111.0,0,0,5,False,skill_pass,False,False,False,False,72.44,0,0,True,113.59964818462528,78.0,5.71,27.33346558222575,-1.2218461793350492,-0.940910604821106,-1.557512070644239,0.7366104007798674,0.1525180207722253,0.0554795777207801,0.2717697116547612,0.4536597102266209,1.298741021783751,0.3621692066828676,0.3894136806270252,-0.366416283620404,0,1,0,0.1991750762394946,848.7260184904786,0.0002404831038352,False,,,,True,train,26.166193,2.6229992,0.7838383838383839,0.33365715,0.8114478114478114,0.40884677,62.43257010565061
GodwCh00,chris-godwin-1,00-0033921,Chris Godwin,WR,2017,3,84,TAM,penn st.,73.0,209.0,4.42,36.0,126.0,19.0,7.01,4.0,,,,,,21.0,113.0,0.0,266959.0,3381101982.0,2511.0,53.0,53.0,120.0,1,0,6,False,skill_pass,False,False,False,False,46.68,0,0,True,109.51842874691263,81.0,5.505,27.571214111465565,-0.4259983182696639,-0.4271576552958521,-0.9925492166884944,0.4586713834768086,1.116825506945001,0.2475566005874208,-0.074570548196706,-1.5760134588661012,0.968787091782758,0.953324956692812,-0.7751362363192028,-0.2506746218060515,0,1,0,0.9999999665789449,12665.248154210944,0.0094059387396566,False,,,,True,train,24.391054,6.7264805,0.8962962962962963,0.3142235,0.7872053872053872,0.38111022,65.50263442806524
JoneJu02,julio-jones-1,00-0027944,Julio Jones,WR,2011,1,6,ATL,alabama,75.0,220.0,4.34,38.5,135.0,17.0,6.66,4.25,,,,,,28.0,4135.0,2.0,584378.0,9245961133.0,447.0,101.0,97.0,166.0,7,2,9,False,skill_pass,False,False,False,False,96.22,1,0,True,124.02058010855448,86.75,5.455,27.49511111111111,0.3698495427957216,0.0075563789178241,-1.4034312922926713,1.1535189267344557,2.356649417738569,-0.1365974451458606,-1.5898091850468723,-0.0383822701594938,2.141241038028981,2.0863734775452056,-1.0591728014280375,-0.2877233798288525,0,1,0,0.9999995527779004,15821.884350540233,0.0007649158592554,False,,,,True,train,55.34429,19.020798,0.960942760942761,0.682918,0.967003367003367,0.86475456,88.73122976885904
GreeA.00,aj-green-1,00-0027942,A.J. Green,WR,2011,1,4,CIN,georgia,76.0,211.0,4.48,34.5,126.0,18.0,6.91,4.21,,,,,,43.0,6144.0,0.0,565357.0,963808848.0,869.0,77.0,71.0,158.0,7,0,10,False,skill_pass,False,False,False,False,97.72,1,0,True,104.76118323704635,80.25,5.5600000000000005,25.68092105263158,0.7677734733284143,-0.3481187399842746,-0.6843876599853594,0.0417628575222204,1.116825506945001,0.0554795777207801,-0.5074958730110382,-0.2844032603525513,0.584178551145282,0.805536019190326,-0.4626960146994797,-1.170914425791938,0,1,0,0.9999936253326096,1704.7791890787591,0.0015370818792373,False,,,,True,train,57.566265,21.242771,0.9649831649831649,0.7064726,0.9696969696969697,0.8994729,90.11217654433716
BaldJo00,jonathan-baldwin-1,00-0027964,Jonathan Baldwin,WR,2011,1,26,KAN,pittsburgh,76.0,228.0,4.49,42.0,129.0,20.0,7.07,4.34,,,,,,113.0,4613.0,0.0,185753.0,4041111822.0,385.0,4.0,4.0,33.0,0,0,1,False,skill_pass,False,False,False,False,81.83,1,0,True,112.19654377680322,85.5,5.705,27.75,0.7677734733284143,0.3237120401641342,-0.6330274005348384,2.126305487295161,1.5301001438761903,0.4396336234540616,0.1851846466918963,0.5151649577748839,1.185304383389694,1.8400585817077288,0.3610100241161422,-0.163637381600632,0,1,0,0.9999988584837696,21755.297744854728,0.0020726448563414,False,,,,True,train,28.173931,-8.149563,0.03232323232323232,0.35633582,0.8471380471380472,0.44021767,34.166760086611866
JohnOl00,olabisi-johnson-1,00-0035006,Olabisi Johnson,WR,2019,7,247,MIN,colorado st.,72.0,204.0,4.51,38.0,124.0,14.0,6.88,4.16,,,,,,1.0,13.0,0.0,2284154.0,15613595796.0,1424.0,5.0,5.0,32.0,0,0,0,False,skill_pass,False,False,False,False,0.37,0,1,True,98.6175015469988,81.0,5.52,27.66435185185185,-0.8239222488023566,-0.6247549435747959,-0.5303068816337965,1.0145494180829262,0.8413090823242079,-0.712828513745783,-0.6373734704553393,-0.5919294980938716,0.0874809466071483,0.953324956692812,-0.6899252667865539,-0.2053329455214053,0,1,0,0.9999999991673924,6835.614321976539,0.0006234255658769,False,,,,True,train,6.0465717,0.072769165,0.5158249158249159,0.15476961,0.15488215488215487,0.09447768,28.715585720784944
SimsDi00,dion-sims-1,00-0030422,Dion Sims,TE,2013,4,106,MIA,michigan st.,77.0,262.0,4.75,35.0,112.0,22.0,7.36,4.52,,,,,,1.0,-2.0,0.0,111236.0,13399475.0,332.0,8.0,6.0,78.0,0,0,2,False,skill_pass,False,False,False,False,35.91,0,0,True,102.93352567890057,73.5,5.94,31.065272389947715,1.165697403861107,1.6673736004609518,0.7023393451787344,0.1807323661737498,-0.8117894654005504,0.8237876691873433,1.4406680886534642,1.6222594136436397,0.4364181076773836,-0.524564418332049,1.695981880127668,1.4503163913488375,0,0,1,1.0,120.45987809701894,0.0029846452587291,False,,,,True,train,8.4913645,-1.3630915,0.22828282828282828,0.17144342,0.3717171717171717,0.13267757,22.648076616754437
ThomSl00,sloan-thomas-1,00-0022686,Sloan Thomas,WR,2004,7,211,HOU,texas,73.0,203.0,4.5,,,,,,12234220227.0,26391429402.0,107301329762907.0,191816.0,101613.0,6153174162.0,22469524344.0,1194.0,11.0,29.0,10.0,0.0,,1.0,0,0,0,False,skill_pass,False,True,False,False,3.94,0,1,True,99.00929736320684,,,26.77969600300244,-0.4259983182696639,-0.6642744012305847,-0.5816671410843175,,,,,,0.1191564228437889,,,-0.6360045396086842,0,1,0,1.290637020997525e-09,2.636363636363636,0.9090909090909092,False,,,,False,train,9.811691,3.8378887,0.8356902356902357,0.18102543,0.4781144781144781,0.15330768,49.6765613136719
NautIs00,isaac-nauta-1,00-0035539,Isaac Nauta,TE,2019,7,224,DET,georgia,75.0,244.0,4.91,28.0,,19.0,7.45,4.43,,,,,,0.0,31.0,1.0,29930.0,361114430.0,323.0,0.0,0.0,13.0,0,0,0,False,skill_pass,False,True,False,False,2.22,0,1,True,83.96414182066944,,5.94,30.494577777777774,0.3698495427957216,0.9560233626567542,1.5241034963870883,-1.7648407549476617,,0.2475566005874208,1.830300880986364,1.0687121857092616,-1.0971977268166075,,1.695981880127668,1.1724886251277549,0,0,1,0.9999999141546424,12065.300033411291,0.0107918476445038,False,,,,True,train,6.455712,0.48190928,0.5744107744107744,0.15746467,0.18855218855218855,0.100870505,31.91417821007545
WestDe00,dede-westbrook-1,00-0033839,Dede Westbrook,WR,2017,4,110,JAX,oklahoma,72.0,178.0,,,,,,,0.0,2.0,0.0,0.0,0.0,510.0,17101.0,0.0,4680.0,7431524.0,417.0,14.0,13.0,55.0,0,0,1,False,skill_pass,False,True,False,False,34.1,0,0,True,,,,24.138503086419757,-0.8239222488023566,-1.6522608426253034,,,,,,,,,,-1.9218003269265604,0,1,0,0.9977041400258436,1587.9324786324787,0.0891025641025641,False,,,,False,train,12.881996,3.0275402,0.8026936026936027,0.20490743,0.5932659932659933,0.20128119,52.096836564416435
RobiKe00,kevin-robinson-1,00-0026322,Kevin Robinson,WR,2008,6,182,KAN,utah st.,71.0,202.0,4.69,27.5,115.0,,7.31,4.77,,,,,,39452512.0,25432286134.0,2303.0,7208.0,5722156.0,30.0,0.0,0.0,8.0,0,0,0,False,skill_pass,False,True,False,False,9.56,0,1,True,83.50067654142397,71.25,6.039999999999999,28.170204324538783,-1.2218461793350492,-0.7037938588863734,0.394177788475604,-1.9038102635991911,-0.3985148284693608,,1.2242054262462942,3.159890602350247,-1.1346674567931354,-0.9679312308395074,2.2640550103453383,0.0409281186748215,0,1,0,0.0002249451267868,793.861820199778,0.0041620421753607,False,,,,True,train,8.909383,2.339644,0.7676767676767676,0.17443281,0.4121212121212121,0.1392091,45.22233358672773
WoodLo00,logan-woodside-1,00-0034438,Logan Woodside,QB,2018,7,249,CIN,toledo,73.0,213.0,4.79,31.5,103.0,,6.94,4.15,21186289264.0,41297418411.0,240227241293882.0,1194528.0,898.0,6523751.0,,301.0,,,,0.0,,13.0,0,0,0,False,skill_pass,False,True,False,False,0.29,0,1,True,80.92217469487656,67.25,5.545,28.098892850440983,-0.4259983182696639,-0.2690798246726971,0.9077803829808228,-0.7920541943869559,-2.051613376194119,,-0.377618275566737,-0.6534347456421347,-1.3431313315658109,-1.7561388975194334,-0.5479069842321338,0.0062119900623702,1,0,0,,,,True,0.5130172799943545,5817.003835520502,1330.209354120267,False,train,7.3131156,1.339313,0.6814814814814815,0.1632361,0.2585858585858586,0.11426743,37.981046910488644
GreeLa00,,00-0029275,Ladarius Green,TE,2012,4,110,SDG,louisiana,78.0,238.0,4.45,34.5,124.0,16.0,7.12,4.47,,,,,,1.0,20.0,0.0,22324451.0,268533794606.0,5278.0,11.0,9.0,53.0,0,0,2,False,skill_pass,False,False,False,False,34.1,0,0,True,121.385527176181,79.25,5.795,27.500657462195925,1.5636213343937997,0.7189066167220217,-0.8384684383369269,0.0417628575222204,0.8413090823242079,-0.3286744680125014,0.4016473090990625,1.314733175902319,1.928205183410845,0.6084841025203445,0.8722758413120462,-0.2850232836658406,0,0,1,0.9999999999255216,12028.685256627365,0.0002364223872739,False,,,,True,train,12.805763,2.9513073,0.7986531986531986,0.20428713,0.5912457912457912,0.20009005,51.85858754171466
CoopAm00,amari-cooper-1,00-0031544,Amari Cooper,WR,2015,1,4,OAK,alabama,73.0,211.0,4.42,33.0,120.0,,6.71,3.98,,,,,,15.0,2823.0,0.0,5945124.0,10007361727.0,11416.0,66.0,22.0,154.0,5,0,9,False,skill_pass,False,True,False,False,97.72,1,0,True,110.5664519885099,76.5,5.345,27.835053480953277,-0.4259983182696639,-0.3481187399842746,-0.9925492166884944,-0.3751456684323677,0.2902762330826218,,-1.3733465226397064,-1.69902395396263,1.0535165194881204,0.0665913316778954,-1.6840532446674787,-0.1222313158718406,0,1,0,0.9999997179077482,1683.288982197848,0.0019202290818492,False,,,,True,train,56.13119,19.807697,0.9629629629629629,0.69137585,0.9683501683501684,0.8770498,89.25403529084491
JoneT.00,tj-jones-2,00-0031189,T.J. Jones,WR,2014,6,189,DET,notre dame,72.0,188.0,4.46,33.0,119.0,,6.82,4.27,,,,,,19.0,867.0,2.0,23385070.0,3063666491108.0,3349.0,7.0,7.0,45.0,0,0,0,False,skill_pass,False,True,False,False,7.98,0,1,True,95.02730441980512,76.0,5.545,25.494598765432094,-0.8239222488023566,-1.257066266067416,-0.7871081788864059,-0.3751456684323677,0.1525180207722253,,-0.8971286653439379,0.084628224937032,-0.2027753529315381,-0.0319346266570953,-0.5479069842321338,-1.2616205648476548,0,1,0,0.9999999997170056,131009.50696782176,0.0001432110316539,False,,,,True,train,5.4807606,-1.0889783,0.265993265993266,0.15110481,0.059932659932659935,0.085636884,16.573217749445128
SmitDe04,devin-smith-2,00-0031934,Devin Smith,WR,2015,2,37,NYJ,ohio st.,72.0,196.0,4.42,39.0,122.0,10.0,,4.15,,,,,,1.0,2.0,0.0,14304433.0,294618660931.0,46812.0,2.0,1.0,22.0,0,0,0,False,skill_pass,False,True,False,False,74.41,0,0,True,102.70627767653052,80.5,,26.57947530864197,-0.8239222488023566,-0.940910604821106,-0.9925492166884944,1.292488435385985,0.5657926577034149,-1.481136605212346,,-0.6534347456421347,0.4180458116979015,0.8547989983578214,,-0.7334767551845301,0,1,0,0.9999999999932117,20596.31870281052,0.0032725519424642,False,,,,True,train,16.6173,-6.925894,0.0531986531986532,0.23701137,0.6538720538720538,0.2596453,25.138521001244634
LyncAr00,arthur-lynch-1,00-0031286,Arthur Lynch,TE,2014,5,155,MIA,georgia,77.0,258.0,4.82,29.5,116.0,28.0,7.38,4.35,1.0,1.0,16.0,0.0,0.0,,,,22430.0,17431459.0,35.0,,,,0,0,0,False,skill_pass,True,False,False,False,16.99,0,1,True,95.60080487530048,72.75,5.865,30.590993422162253,1.165697403861107,1.509295769837797,1.0618611613323905,-1.3479322289930735,-0.2607566161589643,1.976249806387188,1.5272531536163292,0.5766702053231468,-0.1564096203273386,-0.6723533558345351,1.269927032464418,1.2194260633598308,0,0,1,1.0,777.1493089612127,0.0015604101649576,False,,,,False,train,8.175818,-0.26812077,0.41279461279461277,0.16921385,0.35218855218855216,0.12774716,29.49477563384506
StreDe00,devin-street-1,00-0031310,Devin Street,WR,2014,5,146,DAL,pittsburgh,75.0,198.0,4.55,37.0,124.0,,6.89,4.01,,,,,,3233.0,1625306.0,0.0,25537351.0,318754975854.0,2257.0,1.0,1.0,36.0,0,0,0,False,skill_pass,False,True,False,False,19.94,0,1,True,92.3952402976941,80.5,5.449999999999999,24.7456,0.3698495427957216,-0.8618716895095284,-0.3248658438317079,0.7366104007798674,0.8413090823242079,,-0.5940809379739069,-1.5145082113178383,-0.4155695715124157,0.8547989983578214,-1.0875764579389258,-1.626251051039076,0,1,0,0.99999490110638,12481.912311656755,8.83803492382589e-05,False,,,,True,train,8.117775,-0.32616425,0.40606060606060607,0.16880624,0.3488215488215488,0.12684023,29.131784805921395
CampPa00,parris-campbell-1,00-0035639,Parris Campbell,WR,2019,2,59,IND,ohio st.,72.0,205.0,4.31,40.0,135.0,11.0,,4.03,,,,,,41010.0,54132102.0,111.0,134088.0,121584983.0,311.0,9.0,9.0,50.0,0,0,1,False,skill_pass,False,True,False,False,60.63,0,0,True,118.81595856044991,87.5,,27.799961419753085,-0.8239222488023566,-0.5852354859190071,-1.557512070644239,1.5704274526890438,2.356649417738569,-1.2890595823457054,,-1.391497716221307,1.7204635326352935,2.234162415047692,,-0.1393149693135149,0,1,0,0.6919360345637421,906.7551384165622,0.0023193723524849,False,,,,True,train,25.541231,1.9980373,0.7400673400673401,0.32674623,0.8006734006734006,0.39908174,60.13272085936383
GilyMa00,mardy-gilyard-1,00-0027700,Mardy Gilyard,WR,2010,4,99,STL,cincinnati,72.0,187.0,4.61,39.0,116.0,,6.92,4.4,,,,,,25.0,1016.0,1.0,368187.0,53612761191.0,31111.0,1.0,1.0,19.0,0,0,0,False,skill_pass,False,True,False,False,39.18,0,0,True,82.80716201104148,77.5,5.66,25.358989197530864,-0.8239222488023566,-1.2965857237232046,-0.0167042871285729,1.292488435385985,-0.2607566161589643,,-0.4642033405296057,0.8841964430644728,-1.1907359550213863,0.2636432483478769,0.1053771155181902,-1.3276385410555451,0,1,0,0.9999999810492884,145612.8575723749,0.0844978231170573,False,,,,True,train,9.712434,-0.14202213,0.42962962962962964,0.18029082,0.47205387205387206,0.15175678,33.267214706750835
LaFeBr00,brandon-lafell-1,00-0027681,Brandon LaFell,WR,2010,3,78,CAR,louisiana state,74.0,211.0,4.58,36.0,115.0,,6.81,4.23,,,,,,125.0,18613.0,100.0,5506357.0,140656929792.0,24811.0,43.0,19.0,125.0,0,0,5,False,skill_pass,False,True,False,False,49.86,0,0,True,95.90705136717418,75.5,5.52,27.08783783783784,-0.0280743877369711,-0.3481187399842746,-0.1707850654801405,0.4586713834768086,-0.3985148284693608,,-0.940421197825374,-0.1613927652560198,-0.1316505415556811,-0.1304605849920861,-0.6899252667865539,-0.4859937355359577,0,1,0,0.9999998676709524,25544.462480729093,0.0045058829276779,False,,,,True,train,23.051815,5.3872414,0.8754208754208754,0.2999766,0.7703703703703704,0.3601846,63.627466591470174
McBrTr00,,00-0032123,Tre McBride,WR,2015,7,245,TEN,william & mary,72.0,210.0,4.41,38.0,122.0,16.0,6.96,4.08,,,,,,21.0,369.0,1.0,8452190.0,995603181121.0,1441.0,1.0,0.0,17.0,0,0,0,False,skill_pass,False,False,False,False,0.47,0,1,True,111.04395783283148,80.0,5.52,28.47800925925926,-0.8239222488023566,-0.3876381976400633,-1.0439094761390153,1.0145494180829262,0.5657926577034149,-0.3286744680125014,-0.2910332106038721,-1.0839714784799863,1.0921213855917298,0.7562730400228306,-0.6899252667865539,0.1907749117259386,0,1,0,0.9999999996293704,117792.3332439285,0.0001704883586384,False,,,,True,train,8.173339,2.1995363,0.7575757575757576,0.16919643,0.3515151515151515,0.12770842,43.27143023659786
BerrBr00,braxton-berrios-1,00-0034419,Braxton Berrios,WR,2018,6,210,NWE,miami,69.0,184.0,,,,11.0,,,1.0,1.0,17.0,0.0,0.0,41.0,729.0,0.0,21121254.0,23286178670.0,3029.0,11.0,,91.0,0,1,0,False,skill_pass,False,True,False,False,4.09,0,1,True,,,,27.169082125603865,-2.0176940404004347,-1.4151440966905708,,,,-1.2890595823457054,,,,,,-0.4464420760197881,0,1,0,0.9999999686938768,1102.4998170089711,0.0001434100456346,False,,,,False,train,6.5764613,0.0067224503,0.5043771043771044,0.15826733,0.20067340067340067,0.1027572,29.40904306886273
RobiAl02,allen-robinson-1,00-0031428,Allen Robinson,WR,2014,2,61,JAX,penn st.,75.0,220.0,4.6,39.0,127.0,,7.0,4.0,,,,,,6.0,36.0,0.0,37797.0,2910181432.0,116.0,48.0,18.0,139.0,1,0,8,False,skill_pass,False,True,False,False,59.44,0,0,True,98.2700890863026,83.0,5.5,27.49511111111111,0.3698495427957216,0.0075563789178241,-0.0680645465790985,1.292488435385985,1.2545837192553977,,-0.1178630806781384,-1.5760134588661012,0.0593937269691193,1.347428790032775,-0.8035398928300858,-0.2877233798288525,0,1,0,0.9999999876296374,76995.03748974786,0.0030690266423261,False,,,,True,train,28.679976,5.1367817,0.8686868686868687,0.36216003,0.8538720538720539,0.4481246,68.0306081161756
GaroJi00,,00-0031345,Jimmy Garoppolo,QB,2014,2,62,NWE,eastern illinois,74.0,226.0,4.97,30.5,110.0,,7.04,4.26,141565.0,253295.0,209225811.0,119.0,122.0,6812.0,,0.0,,,,47.0,2.0,85.0,0,0,3,False,skill_pass,False,True,False,False,58.86,0,0,True,74.08203093461327,70.25,5.65,29.013513513513512,-0.0280743877369711,0.2446731248525567,1.8322650530902187,-1.0699932116900148,-1.0873058900213437,,0.0553070492475951,0.023122977388769,-1.8961357337832927,-1.164983147509489,0.0485698024964242,0.4514711713167754,1,0,0,,,,True,0.5588937799798653,826.0163485264218,0.9754098360655736,False,train,26.27626,2.7330666,0.7885521885521886,0.33488184,0.8141414141414142,0.41056657,62.733884482171
AustTa00,tavon-austin-1,00-0030525,Tavon Austin,WR,2013,1,8,STL,west virginia,68.0,174.0,4.34,32.0,120.0,14.0,,4.01,,,,,,6151672.0,47159182643.0,1113.0,1558101114.0,15178711861289.0,18812.0,26.0,22.0,113.0,0,0,4,False,skill_pass,False,True,False,False,94.73,1,0,True,98.0890042676749,76.0,,26.45371972318339,-2.415617970933128,-1.8103386732484583,-1.4034312922926713,-0.6530846857354266,0.2902762330826218,-0.712828513745783,,-1.5145082113178383,0.0447535811789636,-0.0319346266570953,,-0.7946975774119166,0,1,0,0.9969026939406666,9741.801558899982,1.2073670849066604e-05,False,,,,True,train,32.324825,-3.9986687,0.1111111111111111,0.40522066,0.8875420875420875,0.5050754,40.40120754719583
TannRy00,ryan-tannehill-1,00-0029701,Ryan Tannehill,QB,2012,1,8,MIA,texas a&m,76.0,221.0,4.65,,,,,,14152327.0,18234531.0,86016383744.0,1329.0,615.0,245158.0,,14.0,554611.0,844609143.0,541.0,91.0,47.0,155.0,1,0,10,False,skill_pass,False,True,False,False,94.73,1,0,True,94.53888105988776,,,26.898026315789476,0.7677734733284143,0.0470758365736129,0.1887367506735154,,,,,,-0.2422628663006662,,,-0.5783985174441114,1,0,0,,,,False,0.7761278313108245,4717.22490389251,2.1609756097560977,False,train,67.90602,31.582527,0.9838383838383838,0.8014372,0.9858585858585859,1.0,95.09945135104537
WhitMi01,mike-white-6,00-0034401,Mike White,QB,2018,5,171,DAL,western kentucky,77.0,224.0,5.09,27.0,96.0,,7.4,4.4,93122280368.0,175242416560.0,1083163943634177.0,383726.0,9778.0,14282964.0,,6.0,,,,5.0,,15.0,0,0,0,False,skill_pass,False,True,False,False,12.33,0,1,True,66.74317842336458,61.5,5.9,26.55962219598583,1.165697403861107,0.1656342095409792,2.448588166496484,-2.0427797722507206,-3.0159208623668947,,1.613838218579198,0.8841964430644728,-2.4894591913284496,-2.889187418371827,1.4687526280406042,-0.7431417245467244,1,0,0,,,,True,0.5313912133602456,6180.946171004896,39.243812640621805,False,train,29.646921,21.202982,0.9643097643097643,0.37340096,0.8673400673400673,0.46323314,72.65187420688494
ClayKa00,kaelin-clay-1,00-0032115,Kaelin Clay,WR,2015,6,184,TAM,utah,70.0,195.0,4.51,33.0,113.0,10.0,6.97,4.26,,,,,,4.0,4.0,0.0,43.0,523.0,4.0,3.0,,22.0,0,0,0,False,skill_pass,False,False,False,False,9.09,0,1,True,94.26672941992533,73.0,5.615,27.976530612244897,-1.619770109867742,-0.9804300624768948,-0.5303068816337965,-0.3751456684323677,-0.6740312530901539,-1.481136605212346,-0.2477406781224396,0.023122977388769,-0.2642654820708567,-0.6230903766670398,-0.1502557930797617,-0.0533568696795676,0,1,0,0.9924098671726757,12.16279069767442,0.0930232558139534,False,,,,True,train,6.2125607,-0.3571782,0.4006734006734007,0.15585846,0.16902356902356902,0.09707126,24.466001827959662
MumpKe00,keith-mumphery-1,00-0031600,Keith Mumphery,WR,2015,5,175,HOU,michigan st.,72.0,215.0,4.54,32.5,121.0,,7.07,4.25,,,,,,626.0,38285.0,1.0,2421826.0,39515299495.0,133.0,2.0,2.0,27.0,0,0,0,False,skill_pass,False,True,False,False,11.28,0,1,True,101.2150383857082,76.75,5.66,29.156057098765437,-0.8239222488023566,-0.1900409093611196,-0.3762261032822289,-0.5141151770838972,0.4280344453930183,,0.1851846466918963,-0.0383822701594938,0.2974837414421342,0.1158543108453907,0.1053771155181902,0.5208647927653923,0,1,0,0.999999031135702,16316.32474628648,5.491724013203261e-05,False,,,,True,train,8.785183,0.34124374,0.5494949494949495,0.17354037,0.4,0.13726848,36.19597513785567
LaulKy00,,00-0034369,Kyle Lauletta,QB,2018,4,108,NYG,richmond,75.0,222.0,4.81,31.0,113.0,,6.95,4.07,1824.0,3035.0,220337.0,3.0,0.0,115.0,,10.0,,,,0.0,0.0,2.0,0,0,0,False,skill_pass,False,True,False,False,35.0,0,0,True,82.94737843265571,72.0,5.51,27.745066666666663,0.3698495427957216,0.0865952942294017,1.010500901881865,-0.9310237030384854,-0.6740312530901539,,-0.3343257430853045,-1.1454767260282497,-1.1793998923400275,-0.8201422933370213,-0.7467325798083198,-0.1660390460824687,1,0,0,,,,True,0.6009884678747941,72.5986820428336,10.0,False,train,7.62185,-2.232606,0.17845117845117844,0.1653556,0.3037037037037037,0.11909141,18.901061386998855
PettDa00,dante-pettis-1,00-0034860,Dante Pettis,WR,2018,2,44,SFO,washington,72.0,186.0,,,,,,,21.0,41.0,8936.0,10.0,0.0,13.0,-850.0,0.0,17305363.0,259414822761.0,11157.0,11.0,5.0,66.0,0,0,0,False,skill_pass,False,True,False,False,69.87,0,0,True,,,,25.22337962962963,-0.8239222488023566,-1.3361051813789937,,,,,,,,,,-1.3936565172634356,0,1,0,1.0,14990.429427051024,0.0006447134336332,False,,,,False,train,17.021769,-6.5214252,0.06262626262626263,0.24068794,0.6592592592592592,0.26596513,25.823297248243883
SmitLe00,lee-smith-2,00-0028097,Lee Smith,TE,2011,5,159,NWE,marshall,78.0,266.0,4.94,29.0,108.0,25.0,7.13,4.28,,,,,,1.0,0.0,0.0,2122338.0,989335358.0,3.0,5.0,,149.0,0,0,4,False,skill_pass,False,False,False,False,15.76,0,1,True,89.3313375317258,68.5,5.705,30.73602892833662,1.5636213343937997,1.8254514310841068,1.6781842747386555,-1.486901737644603,-1.3628223146421363,1.4000187377872657,0.4449398415804949,0.1461334724853005,-0.663276604716872,-1.5098240016819566,0.3610100241161422,1.290032811424187,0,0,1,1.0,466.1535335088002,1.413535450055552e-06,False,,,,True,train,5.378611,-3.0653281,0.1414141414141414,0.15045084,0.04713804713804714,0.0840408,11.289159376111495
DaviCo03,corey-davis-3,00-0033871,Corey Davis,WR,2017,1,5,TEN,western michigan,75.0,209.0,,,,,,,11.0,11.0,1822.0,0.0,0.0,111.0,2110.0,0.0,67789097.0,941140814361500.0,6151219.0,31.0,24.0,78.0,0,0,5,False,skill_pass,False,True,False,False,96.97,1,0,True,,,,26.120355555555555,0.3698495427957216,-0.4271576552958521,,,,,,,,,,-0.9569872154339644,0,1,0,0.999999999997758,13883365.555990515,0.0907405360481494,False,,,,False,train,41.248276,4.924782,0.8612794612794613,0.5155984,0.9420875420875421,0.6445043,76.49498498560203
BrisDe00,dezmon-briscoe-1,00-0027789,Dezmon Briscoe,WR,2010,6,191,CIN,kansas,74.0,207.0,4.66,33.0,115.0,9.0,7.1,4.57,,,,,,22.0,1819.0,1.0,429184.0,49613991337.0,7159.0,4.0,,25.0,0,0,0,False,skill_pass,False,False,False,False,7.55,0,1,True,87.79235002271086,74.0,5.835,26.574324324324323,-0.0280743877369711,-0.5061965706074296,0.2400970101240364,-0.3751456684323677,-0.3985148284693608,-1.6732136280789869,0.3150622441361937,1.9297856513849652,-0.7876989702798749,-0.4260384599970583,1.099505093399115,-0.7359843773633546,0,1,0,0.9999999633369564,115600.74778416716,0.0166804913510289,False,,,,True,train,5.5880666,-0.9816723,0.2781144781144781,0.15179433,0.06531986531986532,0.08731354,17.21313382228617
EscoGa00,gavin-escobar-1,00-0030544,Gavin Escobar,TE,2013,2,47,DAL,san diego st.,78.0,254.0,4.84,32.0,114.0,,7.07,4.31,,,,,,2.0,7.0,0.0,295142.0,323780543.0,476.0,2.0,2.0,64.0,0,0,0,False,skill_pass,False,True,False,False,67.97,0,0,True,92.57255826036898,73.0,5.69,29.349441157133462,1.5636213343937997,1.3512179392146415,1.1645816802334323,-0.6530846857354266,-0.5362730407797573,,0.1851846466918963,0.3306492151300895,-0.4012339643397869,-0.6230903766670398,0.2757990545834882,0.6150087706713189,0,0,1,0.9999999783804184,1097.0330993216824,0.0016127829993697,False,,,,True,train,13.96651,-9.576684,0.012794612794612794,0.21388334,0.6121212121212121,0.21822672,21.39641025235958
SmitJo01,jonnu-smith-1,00-0033858,Jonnu Smith,TE,2017,3,100,TEN,florida international,75.0,248.0,4.62,38.0,127.0,22.0,,4.18,,,,,,1.0,5.0,0.0,39613642.0,388710397506.0,2844.0,29.0,10.0,141.0,1,0,5,False,skill_pass,False,True,False,False,38.71,0,0,True,108.87139163371842,82.5,,30.99448888888889,0.3698495427957216,1.1141011932799092,0.0346559723219479,1.0145494180829262,1.2545837192553977,0.8237876691873433,,-0.4689190029973457,0.916476148543061,1.2489028316977844,,1.4158572926205224,0,0,1,0.999999999987137,9812.53875889523,7.179344933747823e-05,False,,,,True,train,11.863286,-5.8012877,0.07003367003367003,0.19673361,0.564983164983165,0.18536384,21.74295923309495
TaylTa00,taywan-taylor-1,00-0033911,Taywan Taylor,WR,2017,3,72,TEN,western kentucky,71.0,203.0,4.5,33.5,132.0,13.0,6.57,4.21,,,,,,176.0,,0.0,24458698.0,27076714671730.0,71717.0,6.0,6.0,35.0,0,0,0,False,skill_pass,False,False,False,False,53.15,0,0,True,99.00929736320684,82.75,5.390000000000001,28.309660781590956,-1.2218461793350492,-0.6642744012305847,-0.5816671410843175,-0.2361761597808383,1.94337478080738,-0.9049055366124238,-1.979441977379772,-0.2844032603525513,0.1191564228437889,1.2981658108652798,-1.4284203360695218,0.108818852390691,0,1,0,1.0,1107038.2680112408,0.0029321675258429,False,,,,True,train,21.813923,4.149349,0.8437710437710437,0.2871423,0.7434343434343434,0.34084255,61.17922602403245
BrowVi00,vincent-brown-3,00-0028020,Vincent Brown,WR,2011,3,82,SDG,san diego st.,71.0,187.0,4.68,33.5,121.0,12.0,6.64,4.25,,,,,,331.0,,0.0,31644569.0,3496317781352.0,25610.0,9.0,8.0,38.0,0,0,1,False,skill_pass,False,False,False,False,47.73,0,0,True,77.96293673406312,77.25,5.445,26.0783574687562,-1.2218461793350492,-1.2965857237232046,0.3428175290250784,-0.2361761597808383,0.4280344453930183,-1.0969825594790643,-1.676394250009741,-0.0383822701594938,-1.582376539984636,0.2143802691803815,-1.1159801144498038,-0.9774328870632416,0,1,0,1.0,110487.13544975128,0.0008093015897925,False,,,,True,train,16.869041,-0.7955322,0.3138047138047138,0.23929511,0.6572390572390573,0.26357877,35.754447722525306
HousRo01,rob-housler-1,00-0028007,Rob Housler,TE,2011,3,69,ARI,florida atlantic,77.0,248.0,4.46,37.0,117.0,22.0,6.9,4.21,,,,,,311.0,,100.0,253239.0,1664519629.0,44.0,9.0,9.0,65.0,0,0,3,False,skill_pass,False,False,False,False,54.83,0,0,True,125.3551675325089,77.0,5.555,29.4052960026986,1.165697403861107,1.1141011932799092,-0.7871081788864059,0.7366104007798674,-0.1229984038485677,0.8237876691873433,-0.5507884054924707,-0.2844032603525513,2.249138290843808,0.1651172900128861,-0.4910996712103678,0.6422002433873142,0,0,1,1.0,6572.919767492369,0.0001737489091332,False,,,,True,train,24.264067,6.599493,0.8949494949494949,0.3128569,0.7851851851851852,0.37912604,65.34134259649399
KingTa00,tavarres-king-1,00-0030091,Tavarres King,WR,2013,5,161,DEN,georgia,72.0,189.0,4.47,36.5,123.0,11.0,6.91,4.33,,,,,,21.0,50.0,0.0,218274742.0,66377504705950.0,1389.0,2.0,,17.0,0,0,0,False,skill_pass,False,False,False,False,15.16,0,1,True,94.6807538887129,79.75,5.62,25.63020833333333,-0.8239222488023566,-1.2175468084116272,-0.7357479194358849,0.597640892128338,0.7035508700138113,-1.2890595823457054,-0.5074958730110382,0.4536597102266209,-0.2307928882351287,0.7070100608553352,-0.1218521365688787,-1.1956025886397643,0,1,0,0.9999999999992468,304100.7131551208,6.363539763111941e-06,False,,,,True,train,8.031723,-0.4122162,0.39191919191919194,0.16820341,0.3400673400673401,0.12549567,28.352096155110235
KendLa00,lance-kendricks-1,00-0027985,Lance Kendricks,TE,2011,2,47,STL,wisconsin,75.0,243.0,4.65,34.5,122.0,25.0,6.94,4.15,,,,,,72.0,,0.0,62943.0,141356663.0,35.0,16.0,13.0,137.0,0,0,6,False,skill_pass,False,False,False,False,67.97,0,0,True,103.9499913916413,78.25,5.545,30.3696,0.3698495427957216,0.9165039050009656,0.1887367506735154,0.0417628575222204,0.5657926577034149,1.4000187377872657,-0.377618275566737,-0.6534347456421347,0.5185962070784879,0.411432185850363,-0.5479069842321338,1.111646458254562,0,0,1,1.0,2245.788459399774,0.0005560586562445,False,,,,True,train,25.475681,1.9324875,0.7333333333333333,0.32602564,0.797979797979798,0.39805752,59.77459225178969
HamiCo00,cobi-hamilton-1,00-0030290,Cobi Hamilton,WR,2013,6,197,CIN,arkansas,74.0,212.0,4.56,29.5,107.0,11.0,,4.31,,,,,,1.0,-8.0,0.0,19323490.0,3476305421335.0,3645.0,2.0,0.0,14.0,0,0,1,False,skill_pass,False,True,False,False,6.35,0,1,True,98.06329593943772,68.25,,27.216216216216218,-0.0280743877369711,-0.3085992823284858,-0.273505584381187,-1.3479322289930735,-1.500580526952533,-1.2890595823457054,,0.3306492151300895,0.0426751425982709,-1.559086980849452,,-0.4234960750791086,0,1,0,1.0,179900.49526948808,0.0001886305217121,False,,,,True,train,3.960903,-2.608836,0.16026936026936026,0.14161326,0.008754208754208754,0.061889105,10.655905874991657
StilKe00,kenny-stills-1,00-0030085,Kenny Stills,WR,2013,5,144,NOR,oklahoma,72.0,194.0,4.38,33.5,124.0,16.0,,4.35,,,,,,12.0,122.0,0.0,616182.0,786849959.0,5811.0,35.0,14.0,130.0,0,0,5,False,skill_pass,False,True,False,False,20.63,0,1,True,105.42297885611391,78.75,,26.308256172839503,-0.8239222488023566,-1.0199495201326834,-1.197990254490583,-0.2361761597808383,0.8413090823242079,-0.3286744680125014,,0.5766702053231468,0.6376826737981833,0.5099581441853538,,-0.8655127076003108,0,1,0,0.9999998449514044,1276.976541021971,0.0094306552284876,False,,,,True,train,11.010442,2.5665026,0.7791245791245791,0.19008191,0.54006734006734,0.17203815,49.208731283091936
PattQu00,quinton-patton-1,00-0030450,Quinton Patton,WR,2013,4,128,SFO,louisiana tech,72.0,204.0,4.53,33.0,118.0,8.0,6.91,4.01,,,,,,101.0,,0.0,79104.0,12021392.0,1113.0,6.0,6.0,40.0,0,0,1,False,skill_pass,False,False,False,False,26.55,0,0,True,96.8874119103952,75.5,5.46,27.66435185185185,-0.8239222488023566,-0.6247549435747959,-0.4275863627327499,-0.3751456684323677,0.0147598084618287,-1.865290650945628,-0.5074958730110382,-1.5145082113178383,-0.0523914330978974,-0.1304605849920861,-1.0307691449171548,-0.2053329455214053,0,1,0,1.0,151.9694579288026,0.0140700849514563,False,,,,True,train,9.731604,-0.122852325,0.435016835016835,0.18043253,0.47474747474747475,0.1520563,33.545399816299124
HarpCh00,chris-harper-2,00-0030077,Chris Harper,WR,2013,4,123,SEA,kansas st.,73.0,229.0,4.55,35.5,116.0,20.0,6.89,4.39,,,,,,530.0,,0.0,254058.0,330547857.0,453.0,0.0,,4.0,0,0,0,False,skill_pass,False,False,False,False,28.55,0,0,True,106.86116175844418,75.75,5.64,30.209607806342653,-0.4259983182696639,0.363231497819923,-0.3248658438317079,0.3197018748252792,-0.2607566161589643,0.4396336234540616,-0.5940809379739069,0.8226911955162043,0.7539552996460255,-0.0811976058245907,-0.0082375105253468,1.0337584375360571,0,1,0,1.0,1301.072420470916,0.001783057412087,False,,,,True,train,10.231003,0.37654686,0.5555555555555556,0.18415448,0.5016835016835017,0.15985942,39.13617039619873
DaviFr01,fred-davis-1,00-0026188,Fred Davis,TE,2008,2,48,WAS,southern california,75.0,255.0,4.68,,,24.0,,,16.0,26.0,312.0,2.0,1.0,5.0,-15.0,0.0,,,,14.0,14.0,72.0,0,0,3,False,skill_pass,False,True,False,True,67.34,0,0,True,106.3130955464497,,,31.869333333333334,0.3698495427957216,1.3907373968704306,0.3428175290250784,,,1.2079417149206249,,,0.7096458467219042,,,1.8417524607328664,0,0,1,,,,True,,,,False,train,18.081638,-5.4615555,0.08080808080808081,0.2505055,0.6760942760942761,0.2825256,27.41483102312393
RyanMa00,matt-ryan-1,00-0026143,Matt Ryan,QB,2008,1,3,ATL,boston col.,77.0,228.0,4.89,,,,7.4,4.51,61225266.0,141403411.0,89236243869.0,73032.0,5712.0,335844.0,,124.0,,,,146.0,144.0,234.0,4,1,15,False,skill_pass,False,True,False,False,98.48,1,0,True,79.7497639316089,,5.955,27.033901163771294,1.165697403861107,0.3237120401641342,1.4213829774860418,,,,1.613838218579198,1.5607541660953763,-1.4379171044995105,,1.7811928496603222,-0.5122513965577175,1,0,0,,,,True,0.4329829497535954,631.0756101138182,12.785714285714286,False,train,97.644226,61.320732,0.9966329966329966,0.9469601,0.9973063973063973,1.0,98.75064964326545
JeffD.00,dc-jefferson-1,00-0030291,D.C. Jefferson,TE,2013,7,219,ARI,rutgers,78.0,255.0,4.97,,,3.0,,,0.0,2.0,0.0,0.0,0.0,,,,5101220.0,108166118168.0,101.0,0.0,0.0,4.0,0,0,0,False,skill_pass,False,True,False,False,2.82,0,1,True,83.58813224923179,,,29.464990138067066,1.5636213343937997,1.3907373968704306,1.8322650530902187,,,-2.825675765278832,,,-1.127596934138666,,,0.6712607740673912,0,0,1,1.0,21203.97045569491,1.9799185292929927e-05,False,,,,False,train,7.4111233,1.4373207,0.6888888888888889,0.16390657,0.26531986531986534,0.11579881,38.45606055687674
EbroEr00,eric-ebron-1,00-0031387,Eric Ebron,TE,2014,1,10,DET,north carolina,76.0,250.0,4.6,32.0,120.0,24.0,,,,,,,,2.0,7.0,0.0,104062.0,207625973.0,143.0,29.0,15.0,106.0,1,0,4,False,skill_pass,False,True,False,False,93.25,1,0,True,111.67055577988933,76.0,,30.42763157894737,0.7677734733284143,1.1931401085914868,-0.0680645465790985,-0.6530846857354266,0.2902762330826218,1.2079417149206249,,,1.1427798856595843,-0.0319346266570953,,1.139897616764588,0,0,1,0.9999999662855292,1995.214131959793,0.0013741807768445,False,,,,True,train,30.0931,-6.2303944,0.06531986531986532,0.37863523,0.87003367003367,0.47020468,36.99026633924507
HardMe00,mecole-hardman-1,00-0035140,Mecole Hardman,WR,2019,2,56,KAN,georgia,70.0,187.0,4.33,36.5,119.0,17.0,,,,,,,,85.0,6136.0,20.0,2534.0,418532.0,47.0,23.0,23.0,82.0,1,0,0,False,skill_pass,False,True,False,False,62.42,0,0,True,106.3947055014808,77.75,,26.82877551020408,-1.619770109867742,-1.2965857237232046,-1.4547915517431924,0.597640892128338,0.1525180207722253,-0.1365974451458606,,,0.7162437584001862,0.3129062275153723,,-0.6121114634129626,0,1,0,0.985551065773734,165.16653512233623,0.0185477505919494,False,,,,True,train,26.254198,2.7110043,0.7872053872053872,0.33463618,0.8134680134680135,0.41022187,62.65473747975899
HaskDw00,dwayne-haskins-1,00-0035232,Dwayne Haskins,QB,2019,1,15,WAS,ohio st.,75.0,231.0,5.04,28.5,,,,,40371.0,57531.0,5654751.0,449.0,18.0,2479.0,86108.0,4.0,,,,4.0,4.0,16.0,0,0,0,False,skill_pass,False,True,False,False,89.6,1,0,True,71.60112232233672,,,28.869866666666667,0.3698495427957216,0.4422704131315005,2.1917868692438747,-1.6258712462961322,,,,,-2.0967094983375314,,,0.3815404557762592,1,0,0,,,,True,0.7017260259686082,98.29050424988267,24.944444444444443,False,train,27.156776,-9.166718,0.019528619528619527,0.34475815,0.8343434343434344,0.4243246,32.849668565021226
ValdMa00,marquez-valdes-scantling-1,00-0034272,Marquez Valdes-Scantling,WR,2018,5,174,GNB,south florida,76.0,206.0,4.37,30.5,124.0,15.0,,,,,,,,28.0,4108.0,1.0,22222253.0,281257415879.0,156.0,29.0,18.0,116.0,0,0,5,False,skill_pass,False,True,False,False,11.54,0,1,True,112.97216928983512,77.25,,25.07236842105263,0.7677734733284143,-0.5457160282632184,-1.249350513941104,-1.0699932116900148,0.8413090823242079,-0.5207514908791422,,,1.248011299824784,0.2143802691803815,,-1.467172379965852,0,1,0,0.9999999853941632,12656.566185210831,7.019990277313466e-06,False,,,,True,train,7.964281,-0.47965813,0.3811447811447811,0.16773215,0.3346801346801347,0.124441884,27.782874615806524
SmitGe00,geno-smith-1,00-0030565,Geno Smith,QB,2013,2,39,NYJ,west virginia,74.0,218.0,4.58,33.5,124.0,,,,32241346369.0,49372526518.0,309276343854205.0,1243142.0,1776.0,171065666.0,,22.0,,,,57.0,12.0,109.0,2,0,5,False,skill_pass,False,True,False,False,73.1,0,0,True,99.08880188646432,78.75,,27.986486486486488,-0.0280743877369711,-0.0714825363937533,-0.1707850654801405,-0.2361761597808383,0.8413090823242079,,,,0.1255841168950464,0.5099581441853538,,-0.0485101123380149,1,0,0,,,,True,0.6530220072340354,6264.1384929217775,699.9673423423424,False,train,28.529797,4.986603,0.8626262626262626,0.36042726,0.8525252525252526,0.44577807,67.67966249916289
LeexMa00,marqise-lee-1,00-0031431,Marqise Lee,WR,2014,2,39,JAX,southern california,72.0,192.0,4.52,38.0,127.0,,,4.01,,,,,,5136.0,331067.0,0.0,7311857.0,11431721791.0,11144.0,17.0,17.0,59.0,0,0,2,False,skill_pass,False,True,False,False,73.1,0,0,True,91.99780915190652,82.5,,26.03703703703704,-0.8239222488023566,-1.098988435444261,-0.4789466221832755,1.0145494180829262,1.2545837192553977,,,-1.5145082113178383,-0.4477006466625696,1.2489028316977844,,-0.9975486600160915,0,1,0,0.9999710404593024,1563.4498583601949,0.0015240998285387,False,,,,True,train,24.383326,0.84013176,0.622895622895623,0.31414023,0.7865319865319865,0.38098946,54.54905879557735
BennAr00,arrelious-benn-1,00-0027654,Arrelious Benn,WR,2010,2,39,TAM,illinois,73.0,219.0,4.57,37.0,118.0,20.0,,,,,,,,32237.0,15810123.0,21.0,546738.0,6761055490.0,232.0,8.0,7.0,61.0,0,0,2,False,skill_pass,False,True,False,False,73.1,0,0,True,100.41747809719602,77.5,,28.89041095890411,-0.4259983182696639,-0.0319630787379645,-0.2221453249306614,0.7366104007798674,0.0147598084618287,0.4396336234540616,,,0.2330034664597108,0.2636432483478769,,0.3915419078650028,0,1,0,0.9976670449286066,12366.170798444591,0.0004243348733762,False,,,,True,train,27.105165,3.5619717,0.828956228956229,0.34417543,0.8309764309764309,0.42351824,65.13165114985573
CharDJ00,dj-chark-1,00-0034777,DJ Chark,WR,2018,2,61,JAX,louisiana state,75.0,199.0,4.34,40.0,129.0,16.0,,,,,,,,11212.0,7912263.0,121.0,2640.0,11466874.0,33.0,21.0,13.0,76.0,1,0,4,False,skill_pass,False,True,False,False,59.44,0,0,True,112.18225200728337,84.5,,24.87057777777778,0.3698495427957216,-0.8223522318537396,-1.4034312922926713,1.5704274526890438,1.5301001438761903,-0.3286744680125014,,,1.1841489381626695,1.6430066650377473,,-1.5654088841658833,0,1,0,0.5917123141242048,4343.512878787878,0.0125,False,,,,True,train,23.215523,-0.32767105,0.4053872053872054,0.30169827,0.773063973063973,0.36274254,44.96558411389289
McCoCo00,colt-mccoy-1,00-0027688,Colt McCoy,QB,2010,3,85,CLE,texas,73.0,216.0,4.79,,114.0,,,,217276332332.0,318424433470.0,2570330338593521.0,29223427.0,718812.0,68114136129.0,170492561348.0,24113.0,,,,17.0,9.0,56.0,0,0,2,False,skill_pass,False,True,False,False,46.16,0,0,True,82.06192363424101,,,28.494651904672548,-0.4259983182696639,-0.1505214517053308,0.9077803829808228,,-0.5362730407797573,,,,-1.2509861657649408,,,0.1988769489636874,1,0,0,,,,True,0.6823481790145681,8072.026102342683,40.65517409280869,False,train,16.726828,-0.93774605,0.28619528619528617,0.23800313,0.6552188552188553,0.26135668,34.539384878444345
McClRa00,ray-ray-mccloud-1,00-0034407,Ray-Ray McCloud,WR,2018,6,187,BUF,clemson,69.0,190.0,4.53,34.5,113.0,13.0,,,,,,,,756.0,482830.0,0.0,294949.0,251472503.0,121.0,14.0,0.0,100.0,0,0,1,False,skill_pass,False,True,False,False,8.41,0,1,True,90.23827579889748,73.75,,28.0550304557866,-2.0176940404004347,-1.1780273507558383,-0.4275863627327499,0.0417628575222204,-0.6740312530901539,-0.9049055366124238,,,-0.5899534594930749,-0.4753014391645537,,-0.015141271153115,0,1,0,0.9980836682667082,852.596560761352,0.0004102404144445,False,,,,True,train,9.397692,2.8279529,0.7946127946127947,0.17797679,0.4478114478114478,0.14683893,47.237055258894415
HarnCh00,chandler-harnish-1,00-0029554,Chandler Harnish,QB,2012,7,253,IND,northern illinois,74.0,219.0,4.68,32.5,112.0,,6.78,4.15,118143189228.0,211223292365.0,1528167025303118.0,8112127.0,9656.0,11889137177.0,5392298361231.0,42710.0,,,,,,,0,0,0,False,skill_pass,True,True,False,False,0.15,0,1,True,91.3041879398921,72.25,5.465,28.114864864864863,-0.0280743877369711,-0.0319630787379645,0.3428175290250784,-0.5141151770838972,-0.8117894654005504,,-1.0702987952696714,-0.6534347456421347,-0.5037777697697933,-0.7708793141695259,-1.0023654884062718,0.0139875481188325,1,0,0,,,,True,0.5593284145190064,7234.841423939179,840.1125724937863,False,train,10.440082,4.466279,0.8545454545454545,0.18573031,0.5131313131313131,0.16312627,51.4215760346916
MattRi00,rishard-matthews-1,00-0029580,Rishard Matthews,WR,2012,7,227,MIA,nevada,72.0,217.0,4.54,36.0,,20.0,6.88,4.19,,,,,,55.0,,20.0,5691.0,8791364.0,58.0,22.0,8.0,87.0,0,0,4,False,skill_pass,False,True,False,False,1.89,0,1,True,102.1565736265055,,5.535,29.427276234567906,-0.8239222488023566,-0.111001994049542,-0.3762261032822289,0.4586713834768086,,0.4396336234540616,-0.6373734704553393,-0.4074137554490772,0.3736039446502256,,-0.6047142972538998,0.652900745181173,0,1,0,1.0,1544.7836935512212,0.0101915304867334,False,,,,True,train,8.40474,2.4309378,0.7723905723905724,0.17082904,0.36767676767676766,0.13132407,44.29222079451739
ColeSt00,stacy-coley-1,00-0033968,Stacy Coley,WR,2017,7,219,MIN,miami,73.0,195.0,4.45,34.0,122.0,10.0,,,,,,,,251.0,803015.0,100.0,33234863.0,591184693754.0,7049.0,0.0,0.0,7.0,0,0,0,False,skill_pass,False,True,False,False,2.82,0,1,True,99.45452856871974,78.0,,25.724338525051603,-0.4259983182696639,-0.9804300624768948,-0.8384684383369269,-0.0972066511293089,0.5657926577034149,-1.481136605212346,,,0.1551519845282642,0.3621692066828676,,-1.1497777633455275,0,1,0,0.999998641686908,17788.08878357645,0.0002120965565586,False,,,,True,train,4.705534,-1.2682686,0.23973063973063974,0.1461998,0.022222222222222223,0.07352397,14.428145218051045
HuffJo00,josh-huff-1,00-0030990,Josh Huff,WR,2014,3,86,PHI,oregon,71.0,206.0,4.51,35.5,116.0,14.0,,,,,,,,126.0,21428.0,20.0,19313262.0,3034304931140.0,32712.0,6.0,6.0,37.0,0,0,0,False,skill_pass,False,True,False,False,45.64,0,0,True,99.58433979745958,75.75,,28.728030152747472,-1.2218461793350492,-0.5457160282632184,-0.5303068816337965,0.3197018748252792,-0.2607566161589643,-0.712828513745783,,,0.1656468196467045,-0.0811976058245907,,0.3124910535383047,0,1,0,0.9999999929380862,157109.9139617119,0.0016937584132602,False,,,,True,train,14.522197,-3.142377,0.13602693602693602,0.21859205,0.6255892255892256,0.22690932,26.8628894717304
CunnB.00,bj-cunningham-1,00-0029564,B.J. Cunningham,WR,2012,6,183,MIA,michigan st.,73.0,211.0,4.52,31.5,116.0,12.0,7.1,,,,,,,413.0,56026.0,0.0,41485079.0,5286416111306.0,4912.0,0.0,,2.0,0,0,0,False,skill_pass,False,True,False,False,9.32,0,1,True,101.10175901589726,73.75,,27.835053480953277,-0.4259983182696639,-0.3481187399842746,-0.4789466221832755,-0.7920541943869559,-0.2607566161589643,-1.0969825594790643,0.3150622441361937,,0.2883254558298055,-0.4753014391645537,,-0.1222313158718406,0,1,0,0.9999999894018938,127429.33697453004,0.0001184040170201,False,,,,True,train,6.187183,-0.38255596,0.3952861952861953,0.15569158,0.16565656565656567,0.09667473,24.17190547330111
DarbAm00,amara-darboh-1,00-0033937,Amara Darboh,WR,2017,3,106,SEA,michigan,74.0,214.0,4.45,36.0,124.0,17.0,,,,,,,,2.0,2.0,0.0,365857.0,473727862.0,257.0,1.0,1.0,16.0,0,0,0,False,skill_pass,False,True,False,False,35.91,0,0,True,109.14496981387704,80.0,,27.47297297297297,-0.0280743877369711,-0.2295603670169083,-0.8384684383369269,0.4586713834768086,0.8413090823242079,-0.1365974451458606,,,0.9385940956624272,0.7562730400228306,,-0.2985007541654118,0,1,0,0.9999999957781668,1294.8443298884538,0.000702460250863,False,,,,True,train,9.11258,-8.551993,0.027609427609427608,0.17590076,0.42962962962962964,0.14238407,16.062666224033546
SmitJu00,juju-smith-1,00-0033857,JuJu Smith-Schuster,WR,2017,2,62,PIT,southern california,73.0,215.0,4.54,32.5,120.0,15.0,,,,,,,,215.0,3427.0,0.0,548970.0,7241454914.0,51010.0,43.0,30.0,121.0,1,0,4,False,skill_pass,False,True,False,False,58.86,0,0,True,101.2150383857082,76.25,,28.36273221992869,-0.4259983182696639,-0.1900409093611196,-0.3762261032822289,-0.5141151770838972,0.2902762330826218,-0.5207514908791422,,,0.2974837414421342,0.0173283525104,,0.1346552959965811,0,1,0,0.999999526752784,13190.98477876751,0.0929194673661584,False,,,,True,train,26.896698,3.3535042,0.8181818181818182,0.34182656,0.8249158249158249,0.4202609,64.46733881026407
CoreCo00,cody-core-1,00-0032795,Cody Core,WR,2016,6,199,CIN,mississippi,75.0,205.0,4.47,31.5,119.0,14.0,,,,,,,,41.0,861.0,0.0,144137.0,491558644.0,64.0,3.0,3.0,51.0,0,0,0,False,skill_pass,False,True,False,False,5.97,0,1,True,102.6960558052177,75.25,,25.620444444444445,0.3698495427957216,-0.5852354859190071,-0.7357479194358849,-0.7920541943869559,0.1525180207722253,-0.712828513745783,,,0.4172194051145005,-0.1797235641595814,,-1.2003558829267318,0,1,0,0.9999982484317946,3410.357118574689,0.0004440220068407,False,,,,True,train,5.45036,-1.119379,0.2585858585858586,0.15090993,0.052525252525252523,0.08516187,16.115375670971293
MallRy00,ryan-mallett-1,00-0028012,Ryan Mallett,QB,2011,3,74,NWE,arkansas,79.0,253.0,5.37,24.0,103.0,,,,61225266.0,141403411.0,89236243869.0,73032.0,5712.0,335844.0,,124.0,,,,4.0,0.0,21.0,0,0,0,False,skill_pass,False,True,False,False,52.04,0,0,True,60.84899000541282,63.5,,28.49847780804358,1.9615452649264924,1.311698481558853,3.886675431111104,-2.876596824159897,-2.051613376194119,,,,-2.9659860388432966,-2.495083585031864,,0.2007394900928396,1,0,0,,,,True,0.4329829497535954,631.0756101138182,12.785714285714286,False,train,26.002815,8.338242,0.9191919191919192,0.33184344,0.806060606060606,0.40629396,67.65163766675526
HiggRa00,rashard-higgins-1,00-0032977,Rashard Higgins,WR,2016,5,172,CLE,colorado st.,73.0,196.0,4.64,32.0,116.0,13.0,,,,,,,,1.0,20.0,0.0,689675.0,83717501062.0,6178.0,13.0,13.0,85.0,0,0,0,False,skill_pass,False,True,False,False,12.06,0,1,True,84.5695743629477,74.0,,25.85625820979546,-0.4259983182696639,-0.940910604821106,0.1373764912229899,-0.6530846857354266,-0.2607566161589643,-0.9049055366124238,,,-1.0482503840618238,-0.4260384599970583,,-1.0855561103784217,0,1,0,0.9999999997611012,121386.88666690832,0.0089578424620292,False,,,,True,train,7.675291,-0.76864815,0.31717171717171716,0.16572471,0.3090909090909091,0.11992643,24.581709927756982
JohnRo05,ronald-johnson-2,00-0028120,Ronald Johnson,WR,2011,6,182,SFO,southern california,71.0,199.0,4.46,,,16.0,,,0.0,1.0,0.0,0.0,0.0,4615.0,2732425.0,0.0,7333464.0,110570378692.0,1838.0,,,,0,0,0,False,skill_pass,True,True,False,False,9.56,0,1,True,100.58741265713417,,,27.751834953382264,-1.2218461793350492,-0.8223522318537396,-0.7871081788864059,,,-0.3286744680125014,,,0.2467421484272749,,,-0.1627440824727921,0,1,0,0.999975288522025,15077.5102587263,0.0002506318978316,False,,,,False,train,8.218998,1.6492591,0.7090909090909091,0.16951758,0.35353535353535354,0.12842184,41.39313209004173
JoneCa01,cardale-jones-1,00-0033098,Cardale Jones,QB,2016,4,139,BUF,ohio st.,77.0,253.0,4.81,36.0,,,,,156110.0,292176.0,38601460.0,78.0,25.0,177264.0,128296193.0,112.0,,,,0.0,0.0,1.0,0,0,0,False,skill_pass,False,True,False,False,22.4,0,0,True,94.53012046604456,,,29.998144712430427,1.165697403861107,1.311698481558853,1.010500901881865,0.4586713834768086,,,,,-0.2429711331341028,,,0.9308131533735732,1,0,0,,,,True,0.534301243086359,132.11714856798642,3.12,False,train,3.2332687,-6.621187,0.06060606060606061,0.13724814,0.0053872053872053875,0.050519824,6.287345883621512
ColeCo00,corey-coleman-1,00-0032966,Corey Coleman,WR,2016,1,15,CLE,baylor,71.0,194.0,4.42,40.5,129.0,17.0,,,,,,,,1122.0,53111.0,10.0,356474.0,52711191363.0,21120.0,6.0,5.0,27.0,0,0,2,False,skill_pass,False,True,False,False,89.6,1,0,True,101.65825443493328,84.75,,27.054552668121403,-1.2218461793350492,-1.0199495201326834,-0.9925492166884944,1.7093969613405733,1.5301001438761903,-0.1365974451458606,,,0.3333163839925391,1.6922696442052427,,-0.5021977510521466,0,1,0,0.9999989924161244,147868.26350028333,0.059246957702385,False,,,,True,train,27.667383,-8.656111,0.024915824915824916,0.35054812,0.8404040404040404,0.43230286,33.461734164945206
LouiRi00,ricardo-louis-1,00-0033079,Ricardo Louis,WR,2016,4,114,CLE,auburn,74.0,215.0,4.43,38.0,132.0,18.0,,,,,,,,2191829.0,2198220158.0,11.0,3282146.0,36325261716.0,233.0,3.0,3.0,32.0,0,0,1,False,skill_pass,False,True,False,False,32.34,0,0,True,111.6486691579471,85.0,,27.60135135135135,-0.0280743877369711,-0.1900409093611196,-0.9411889572379736,1.0145494180829262,1.94337478080738,0.0554795777207801,,,1.1410104201764122,1.7415326233727382,,-0.2360030937085626,0,1,0,0.9429381755992412,11067.533776986154,7.099013876896397e-05,False,,,,True,train,12.610741,2.7562847,0.7912457912457912,0.20270662,0.5885521885521886,0.19704282,51.41586435408103
FloyMi00,michael-floyd-1,00-0029638,Michael Floyd,WR,2012,1,13,ARI,notre dame,75.0,220.0,4.4,36.5,122.0,16.0,,,,,,,,112.0,8913.0,1.0,484479100.0,71979510251147.0,79129.0,28.0,27.0,102.0,0,0,3,False,skill_pass,False,True,False,False,91.05,1,0,True,117.3929376408715,79.25,,27.49511111111111,0.3698495427957216,0.0075563789178241,-1.0952697355895364,0.597640892128338,0.5657926577034149,-0.3286744680125014,,,1.60541670605454,0.6084841025203445,,-0.2877233798288525,0,1,0,0.999999999876173,148570.92958426278,0.0001633279949537,False,,,,True,train,33.596992,-2.7265015,0.1542087542087542,0.4206391,0.8983164983164983,0.524953,43.04652239146457
NelsJJ00,,00-0032112,JJ Nelson,WR,2015,5,159,ARI,ala-birmingham,70.0,156.0,4.28,36.0,127.0,,7.02,4.15,,,,,,10125.0,2302245.0,1000.0,17224235.0,358414846655.0,4484.0,12.0,12.0,58.0,0,0,0,False,skill_pass,False,True,False,False,15.76,0,1,True,92.97785396829212,81.5,5.585,22.38122448979592,-1.619770109867742,-2.521688911052656,-1.711592848995802,0.4586713834768086,1.2545837192553977,,-0.0312780157152735,-0.6534347456421347,-0.3684670637399196,1.0518509150278028,-0.3206777321450648,-2.7772855141298707,0,1,0,0.9999935766326832,20808.752705417686,0.0002603308652024,False,,,,True,train,8.496759,0.052820206,0.5104377104377105,0.17148174,0.37306397306397304,0.13276187,33.963660102224715
WyliDe00,devon-wylie-1,00-0029274,Devon Wylie,WR,2012,4,107,KAN,fresno st.,69.0,187.0,4.36,39.0,123.0,17.0,,,,,,,,24318.0,-15116448.0,0.0,12217256.0,4426925939716.0,2411.0,0.0,0.0,8.0,0,0,0,False,skill_pass,False,True,False,False,35.45,0,0,True,103.49649567905604,81.0,,27.612056290695232,-2.0176940404004347,-1.2965857237232046,-1.3007107733916248,1.292488435385985,0.7035508700138113,-0.1365974451458606,,,0.4819324856369431,0.953324956692812,,-0.2307916735864515,0,1,0,1.0,362350.264225944,0.0001973438225408,False,,,,True,train,8.936986,-0.91747,0.29023569023569024,0.17463166,0.41683501683501684,0.1396404,26.231569426704937
MontTy01,ty-montgomery-1,00-0032200,Ty Montgomery,WR,2015,3,94,GNB,stanford,72.0,221.0,4.55,40.5,121.0,,6.97,4.21,,,,,,211323.0,,1021.0,24266161.0,350213958604.0,20103.0,17.0,13.0,92.0,0,0,1,False,skill_pass,False,True,False,False,41.61,0,0,True,103.12802073631514,80.75,5.59,29.96971450617284,-0.8239222488023566,0.0470758365736129,-0.3248658438317079,1.7093969613405733,0.4280344453930183,,-0.2477406781224396,-0.2844032603525513,0.452142429669654,0.9040619775253168,-0.2922740756341818,0.9169726500127344,0,1,0,1.0,14432.19463531953,0.00082843759258,False,,,,True,train,15.028836,-2.6357374,0.15824915824915825,0.22294982,0.6343434343434343,0.23482557,28.172342775094794
JenkA.00,aj-jenkins-1,00-0029654,A.J. Jenkins,WR,2012,1,30,SFO,illinois,72.0,190.0,4.37,38.5,124.0,12.0,,,,,,,,15.0,-126.0,0.0,11105690.0,2871237461276.0,3178.0,2.0,0.0,28.0,0,0,0,False,skill_pass,False,True,False,False,79.09,1,0,True,104.1976318692654,81.25,,25.765817901234566,-0.8239222488023566,-1.1780273507558383,-1.249350513941104,1.1535189267344557,0.8413090823242079,-1.0969825594790643,,,0.5386171714168305,1.0025879358603076,,-1.129584612431874,0,1,0,1.0,258537.5119669287,0.0002861596172772,False,,,,True,train,21.767807,-14.555687,0.0026936026936026937,0.28667057,0.7414141414141414,0.34012198,27.471878012272242
RyanSe00,sean-ryan-1,00-0022817,Sean Ryan,TE,2004,5,144,DAL,boston col.,76.0,268.0,4.97,32.5,115.0,22.0,,,,,,,,11.0,242.0,0.0,11192525.0,151219264399.0,1003.0,1.0,0.0,53.0,0,0,0,False,skill_pass,False,True,False,False,20.63,0,1,True,87.84948801095733,73.75,,32.61842105263158,0.7677734733284143,1.9044903463956844,1.8322650530902187,-0.5141151770838972,-0.3985148284693608,0.8237876691873433,,,-0.7830795411945233,-0.4753014391645537,,2.206426251790677,0,0,1,0.9999999983996748,13510.73724642116,8.961338035876624e-05,False,,,,True,train,4.604159,-3.8397803,0.11582491582491583,0.1455682,0.01818181818181818,0.07193998,9.346796784236375
FullCo00,corey-fuller-2,00-0030095,Corey Fuller,WR,2013,6,171,DET,virginia tech,74.0,204.0,4.43,31.5,120.0,12.0,,,,,,,,1.0,10.0,0.0,243.0,19815.0,6.0,3.0,3.0,28.0,0,0,0,False,skill_pass,False,True,False,False,12.33,0,1,True,105.93641166614516,75.75,,26.18918918918919,-0.0280743877369711,-0.6247549435747959,-0.9411889572379736,-0.7920541943869559,0.2902762330826218,-1.0969825594790643,,,0.6791921236199262,-0.0811976058245907,,-0.9234773587339008,0,1,0,0.9994955863808322,81.54320987654322,0.0246913580246913,False,,,,True,train,6.431188,-0.13855076,0.43097643097643096,0.15730207,0.18585858585858586,0.100487314,26.112016759461625
WilsTy00,tyler-wilson-1,00-0030568,Tyler Wilson,QB,2013,4,112,OAK,arkansas,74.0,215.0,4.95,28.5,112.0,,7.22,4.39,112234277249.0,223651438401.0,6921845336383387.0,1242421.0,223613.0,3246041.0,,40.0,,,,,,,0,0,0,False,skill_pass,True,True,False,False,33.22,0,0,True,71.62220047114289,70.25,5.805,27.60135135135135,-0.0280743877369711,-0.1900409093611196,1.7295445341891769,-1.6258712462961322,-0.8117894654005504,,0.8345726339133946,0.8226911955162043,-2.0950053953992103,-1.164983147509489,0.9290831543338122,-0.2360030937085626,1,0,0,,,,True,0.501826762445263,30949.25472365054,5.556121513507712,False,train,11.655619,1.8011627,0.7205387205387206,0.19509792,0.5595959595959596,0.18211904,47.5578074616816
RiveMy00,mychal-rivera-1,00-0030514,Mychal Rivera,TE,2013,6,184,OAK,tennessee,75.0,242.0,4.81,31.0,112.0,17.0,7.17,4.43,,,,,,,,,112936.0,112344562.0,15.0,10.0,10.0,61.0,0,0,1,False,skill_pass,False,False,False,False,9.09,0,1,True,90.42011522839046,71.5,5.8,30.244622222222223,0.3698495427957216,0.8769844473451768,1.010500901881865,-0.9310237030384854,-0.8117894654005504,-0.1365974451458606,0.6181099715062286,1.0687121857092616,-0.5752523057555599,-0.918668251672012,0.9006794978229292,1.050804291381371,0,0,1,1.0,994.763069349012,0.0001328185875185,False,,,,True,train,6.796995,0.2272563,0.5387205387205387,0.15974183,0.21683501683501682,0.10620306,31.204420034356595
BrowJu00,justin-brown-1,00-0030466,Justin Brown,WR,2013,6,186,PIT,oklahoma,,,,,,,,,0.0,1.0,0.0,0.0,1.0,21.0,-120.0,0.0,5333573.0,78452517879.0,125.0,1.0,1.0,8.0,0,0,0,False,skill_pass,False,True,True,False,8.64,0,1,True,,,,,,,,,,,,,,,,,0,1,0,1.0,14709.18610826176,2.3436446824670817e-05,False,,,,False,train,4.4215517,-2.1481872,0.18249158249158248,0.14443626,0.013468013468013467,0.069086745,11.839483653104264
MoreFo00,foster-moreau-1,00-0034981,Foster Moreau,TE,2019,4,137,OAK,louisiana state,76.0,253.0,4.66,36.5,121.0,22.0,7.16,4.11,,,,,,,,,62422.0,79278272.0,132.0,13.0,8.0,104.0,0,0,5,False,skill_pass,False,False,False,False,23.13,0,0,True,107.30176113886884,78.75,5.635,30.792763157894736,0.7677734733284143,1.311698481558853,0.2400970101240364,0.597640892128338,0.4280344453930183,0.8237876691873433,0.5748174390247961,-0.8994557358351921,0.7895763926418475,0.5099581441853538,-0.0366411670362298,1.317652389268935,0,0,1,1.0,1270.037358623562,0.0021146390695588,False,,,,True,train,11.142745,1.2882891,0.6747474747474748,0.19110243,0.5434343434343434,0.17410539,45.16274243021252
GentZa00,zach-gentry-2,00-0035222,Zach Gentry,TE,2019,5,141,PIT,michigan,80.0,265.0,4.9,29.5,110.0,12.0,7.4,4.53,,,,,,,,,1732.0,303514.0,22.0,2.0,2.0,41.0,0,0,2,False,skill_pass,False,False,False,False,21.68,0,1,True,91.93725854543804,69.75,5.965,29.10859375,2.359469195459185,1.785931973428318,1.4727432369365674,-1.3479322289930735,-1.0873058900213437,-1.0969825594790643,1.613838218579198,1.683764661191908,-0.4525959753438943,-1.2635091058444796,1.838000162682088,0.4977585010926301,0,0,1,1.0,175.2390300230947,0.0127020785219399,False,,,,True,train,6.599792,-1.8441472,0.20067340067340067,0.1584228,0.2026936026936027,0.10312174,17.31169885404483
OsweBr00,brock-osweiler-1,00-0029682,Brock Osweiler,QB,2012,2,57,DEN,arizona st.,79.0,242.0,4.83,,,,,,2462326.0,55109516.0,2497974036.0,2526.0,2013.0,163883.0,712490.0,13.0,,,,14.0,7.0,49.0,0,0,1,False,skill_pass,False,True,False,False,61.82,0,0,True,88.93175003825182,,,27.25941355551995,1.9615452649264924,0.8769844473451768,1.1132214207829114,,,,,,-0.6955820138876363,,,-0.4024665786908089,1,0,0,,,,True,0.0446805956343365,45.32745371960806,1.2548435171385992,False,train,14.963225,-8.579968,0.026262626262626262,0.22238204,0.6323232323232323,0.23380038,22.820618400067993
BrowDa03,daron-brown-1,00-0031960,Da'Ron Brown,WR,2015,7,233,KAN,northern illinois,72.0,205.0,4.54,37.0,120.0,17.0,7.04,4.11,,,,,,14710.0,3445108.0,101.0,23174668.0,3171567521065.0,2296.0,,,,0,0,0,False,skill_pass,True,False,False,False,1.31,0,1,True,96.5073621817218,78.5,5.575,27.799961419753085,-0.8239222488023566,-0.5852354859190071,-0.3762261032822289,0.7366104007798674,0.2902762330826218,-0.1365974451458606,0.0553070492475951,-0.8994557358351921,-0.0831172745983191,0.4606951650178584,-0.3774850451668308,-0.1393149693135149,0,1,0,0.9999989137534564,136854.9280216226,9.90736954678272e-05,False,,,,True,train,6.599142,0.6253395,0.5925925925925926,0.15841846,0.20202020202020202,0.1031116,32.97470924855282
WallDa01,darren-waller-1,00-0031610,Darren Waller,WR,2015,6,204,BAL,georgia tech,78.0,238.0,4.46,37.0,125.0,12.0,7.07,4.25,,,,,,,,,81726.0,162367442.0,36.0,33.0,1.0,95.0,1,0,4,False,skill_pass,False,False,False,False,5.07,0,1,True,120.3005236803916,81.0,5.66,27.500657462195925,1.5636213343937997,0.7189066167220217,-0.7871081788864059,0.7366104007798674,0.9790672946346044,-1.0969825594790643,0.1851846466918963,-0.0383822701594938,1.8404860168812505,0.953324956692812,0.1053771155181902,-0.2850232836658406,0,1,0,1.0,1986.7293395002812,0.0004404962924895,False,,,,True,train,10.581522,4.011783,0.8404040404040404,0.18680222,0.5225589225589226,0.16533628,51.11011015505903
JoneMa00,matt-jones-1,00-0023456,Matt Jones,WR,2005,1,21,JAX,arkansas,78.0,242.0,4.37,39.5,129.0,,,,,,,,,5279166.0,275339817.0,326.0,3511.0,102565.0,1.0,22.0,22.0,54.0,0,0,1,False,skill_pass,False,True,False,False,85.32,1,0,True,132.714878486117,84.25,,27.96285338593031,1.5636213343937997,0.8769844473451768,-1.249350513941104,1.4314579440375144,1.5301001438761903,,,,2.8441480887426804,1.593743685870252,,-0.0600152700815511,0,1,0,0.0003723646276047,29.212475078325262,0.0002848191398461,False,,,,True,train,29.305752,-7.017742,0.050505050505050504,0.36941844,0.8606060606060606,0.45790237,35.77873951497704
FuncDe00,devin-funchess-1,00-0032055,Devin Funchess,WR,2015,2,41,CAR,michigan,76.0,232.0,4.7,38.5,122.0,17.0,,,,,,,,62.0,,0.0,154962.0,234748733.0,564.0,20.0,20.0,62.0,0,0,2,False,skill_pass,False,True,False,False,71.8,0,0,True,95.08818301852108,80.25,,28.23684210526316,0.7677734733284143,0.4817898707872892,0.4455380479261249,1.1535189267344557,0.5657926577034149,-0.1365974451458606,,,-0.197853507094565,0.805536019190326,,0.0733689817384985,0,1,0,1.0,1514.8793446135182,0.0036396019669338,False,,,,True,train,25.508259,1.965065,0.7367003367003367,0.32638368,0.7993265993265993,0.39856654,59.9535496397452
RandRu00,rueben-randle-1,00-0029262,Rueben Randle,WR,2012,2,63,NYG,louisiana state,75.0,210.0,4.55,31.0,121.0,15.0,6.99,4.36,,,,,,,,,113353.0,173544917.0,238.0,21.0,21.0,64.0,0,0,2,False,skill_pass,False,False,False,False,58.27,0,0,True,97.99495183088769,76.0,5.675000000000001,26.24533333333333,0.3698495427957216,-0.3876381976400633,-0.3248658438317079,-0.9310237030384854,0.4280344453930183,-0.5207514908791422,-0.1611556131595709,0.6381754528714153,0.0371497334521425,-0.0319346266570953,0.1905880850508442,-0.8961450485607715,0,1,0,1.0,1531.0130036258413,0.0020996356514604,False,,,,True,train,25.891487,2.3482933,0.769023569023569,0.3306104,0.804040404040404,0.40455446,61.54504771174406
AlleDw00,dwayne-allen-1,00-0029689,Dwayne Allen,TE,2012,3,64,IND,clemson,75.0,255.0,4.85,32.0,110.0,27.0,7.12,4.37,,,,,,,,,103350.0,108373598.0,318.0,12.0,11.0,86.0,0,0,4,False,skill_pass,False,False,False,False,57.69,0,0,True,92.17289362149008,71.0,5.745,31.869333333333334,0.3698495427957216,1.3907373968704306,1.2159419396839533,-0.6530846857354266,-1.0873058900213437,1.7841727835205472,0.4016473090990625,0.6996807004196783,-0.4335456104772047,-1.0171942100070028,0.5882392762032111,1.8417524607328664,0,0,1,1.0,1048.6076245766812,0.003076923076923,False,,,,True,train,17.191175,-0.4733982,0.38316498316498315,0.24223937,0.6606060606060606,0.26861212,38.755750140056065
CoatSa00,sammie-coates-1,00-0032166,Sammie Coates,WR,2015,3,87,PIT,auburn,73.0,212.0,4.43,41.0,131.0,23.0,6.98,4.06,,,,,,,,,64234.0,114902741.0,274.0,4.0,4.0,44.0,0,0,0,False,skill_pass,False,False,False,False,45.13,0,0,True,110.09078075109204,86.0,5.52,27.96697316569713,-0.4259983182696639,-0.3085992823284858,-0.9411889572379736,1.8483664699921023,1.805616568496984,1.015864692053984,-0.2044481456410033,-1.206981973576518,1.0150599756610073,1.9385845400427195,-0.6899252667865539,-0.0580096629047343,0,1,0,1.0,1788.8149733785845,0.004265653703646,False,,,,True,train,20.23123,2.566656,0.7797979797979798,0.2712206,0.7164983164983165,0.31611297,57.268556945201524
WalfCl00,clive-walford-1,00-0032256,Clive Walford,TE,2015,3,68,OAK,miami,76.0,251.0,4.79,35.0,120.0,20.0,7.32,4.57,,,,,,,,,18253444.0,172451454676.0,1427.0,7.0,7.0,52.0,0,0,1,False,skill_pass,False,False,False,False,55.39,0,0,True,95.35899459349304,77.5,5.945,30.54934210526316,0.7677734733284143,1.2326595662472757,0.9077803829808228,0.1807323661737498,0.2902762330826218,0.4396336234540616,1.2674979587277306,1.9297856513849652,-0.1759592314214499,0.2636432483478769,1.724385536638556,1.1991492075993695,0,0,1,1.0,9447.611895924956,7.817702785293558e-05,False,,,,True,train,18.031834,0.36725998,0.5528619528619528,0.25003824,0.6747474747474748,0.2817474,46.24514072476212
BoydTa00,tajh-boyd-1,,Tajh Boyd,QB,2014,6,213,NYJ,clemson,73.0,222.0,4.84,30.5,106.0,,7.33,4.23,33298287283.0,63499427413.0,329382838963851.0,4333634.0,3121311.0,23142186154.0,33218514400.0,151010.0,,,,,,,0,0,0,False,skill_pass,True,True,False,False,3.64,0,1,True,80.90987375512564,68.25,5.78,29.286170013135678,-0.4259983182696639,0.0865952942294017,1.1645816802334323,-1.0699932116900148,-1.6383387392629296,,1.310790491209163,-0.1613927652560198,-1.3441258243823488,-1.559086980849452,0.7870648717793972,0.58420686676632,1,0,0,,,,True,0.524387205359004,5187.178095662917,1.3884018606284347,False,train,6.1174564,-0.45228243,0.3851851851851852,0.15523383,0.1595959595959596,0.09558526,23.61570845165538
BellKe02,kenny-bell-2,00-0032113,Kenny Bell,WR,2015,5,162,TAM,nebraska,73.0,197.0,4.42,41.5,129.0,7.0,6.66,4.15,,,,,,321.0,10081.0,100.0,32505247.0,461863577788.0,3846.0,,,,0,0,0,False,skill_pass,True,False,False,False,14.86,0,1,True,103.23028929732914,85.25,5.405,25.988177894539312,-0.4259983182696639,-0.9013911471653172,-0.9925492166884944,1.987335978643632,1.5301001438761903,-2.0573676738122684,-1.5898091850468723,-0.6534347456421347,0.4604105255505822,1.7907956025402334,-1.3432093665368727,-1.0213344574113168,0,1,0,0.999999978173209,14208.893037730186,0.0001183193593329,False,,,,True,train,8.922204,0.4782648,0.573063973063973,0.17452516,0.4148148148148148,0.13940944,37.49754721846946
HoopAu00,austin-hooper-1,00-0032392,Austin Hooper,TE,2016,3,81,ATL,stanford,76.0,254.0,4.72,33.0,117.0,19.0,7.0,4.32,,,,,,,,,4034.0,499438.0,26.0,33.0,18.0,155.0,2,0,5,False,skill_pass,False,False,False,False,48.25,0,0,True,102.35185491296332,75.0,5.66,30.914473684210527,0.7677734733284143,1.3512179392146415,0.5482585668271669,-0.3751456684323677,-0.1229984038485677,0.2475566005874208,-0.1178630806781384,0.3921544626783579,0.3893918308214535,-0.2289865433270768,0.1053771155181902,1.3769039801037186,0,0,1,1.0,123.80713931581556,0.0064452156668319,False,,,,True,train,21.27635,3.6117764,0.8316498316498316,0.28167212,0.731986531986532,0.33244297,60.18802576379142
DaviGe00,geremy-davis-1,00-0031953,Geremy Davis,WR,2015,6,186,NYG,connecticut,74.0,216.0,4.49,36.5,124.0,23.0,6.86,4.18,,,,,,,,,6447144.0,736081085521.0,133.0,0.0,0.0,36.0,0,0,0,False,skill_pass,False,False,False,False,8.64,0,1,True,106.29146252539252,80.25,5.52,27.72972972972973,-0.0280743877369711,-0.1505214517053308,-0.6330274005348384,0.597640892128338,0.8413090823242079,1.015864692053984,-0.7239585354182042,-0.4689190029973457,0.7078968840835199,0.805536019190326,-0.6899252667865539,-0.1735054332517134,0,1,0,1.0,114171.6526761307,2.062928949624826e-05,False,,,,True,train,8.401044,1.831305,0.7245791245791245,0.17080288,0.36632996632996634,0.13126631,42.35114823931496
ThomMi05,michael-thomas-3,00-0032765,Michael Thomas,WR,2016,2,47,NOR,ohio st.,75.0,212.0,4.57,35.0,126.0,18.0,6.8,4.13,,,,,,,,,35456.0,22799781.0,99.0,60.0,60.0,83.0,3,2,4,False,skill_pass,False,False,False,False,67.97,0,0,True,97.20778701646374,80.5,5.465,26.49528888888889,0.3698495427957216,-0.3085992823284858,-0.2221453249306614,0.1807323661737498,1.116825506945001,0.0554795777207801,-0.9837137303068066,-0.776445240738666,-0.0264900997010707,0.8547989983578214,-1.0023654884062718,-0.7744607148143877,0,1,0,1.0,643.0443648465704,0.0027921931407942,False,,,,True,train,27.604336,4.061142,0.8424242424242424,0.34983075,0.8397306397306398,0.43131775,66.1145529534279
JameJe00,jesse-james-1,00-0032135,Jesse James,TE,2015,5,160,PIT,penn st.,79.0,261.0,4.83,37.5,121.0,26.0,7.53,4.5,,,,,,,,,152538.0,276333396.0,533.0,12.0,10.0,104.0,0,0,4,False,skill_pass,False,False,False,False,15.46,0,1,True,95.9139948759658,79.25,6.015000000000001,29.39961544624259,1.9615452649264924,1.6278541428051632,1.1132214207829114,0.8755799094313969,0.4280344453930183,1.5920957606539063,2.1766411408378312,1.4992489185471136,-0.1310891804113558,0.6084841025203445,2.122036727790928,0.6394348128445845,0,0,1,1.0,1811.5708610313493,0.003494211278501,False,,,,True,train,8.907738,0.46379852,0.5696969696969697,0.174421,0.41144781144781145,0.1391834,37.28892300807266
WhalRy00,ryan-whalen-1,00-0028105,Ryan Whalen,WR,2011,6,167,CIN,stanford,73.0,202.0,4.53,38.5,123.0,18.0,6.67,4.09,,,,,,,,,1415741.0,11508926439.0,142.0,0.0,0.0,17.0,0,0,0,False,skill_pass,False,False,False,False,13.43,0,1,True,95.93753532303836,80.75,5.38,26.647776318258583,-0.4259983182696639,-0.7037938588863734,-0.4275863627327499,1.1535189267344557,0.7035508700138113,0.0554795777207801,-1.54651665256544,-1.0224662309317234,-0.1291860082972092,0.9040619775253168,-1.4852276490912928,-0.7002261925757888,0,1,0,1.0,8129.259828598592,0.0001003008318611,False,,,,True,train,11.645698,5.0759587,0.8666666666666667,0.19502003,0.5589225589225589,0.18196402,53.38479919034222
WillD.00,dj-williams-1,00-0028079,D.J. Williams,TE,2011,5,141,GNB,arkansas,74.0,245.0,4.59,33.5,111.0,20.0,7.29,4.51,,,,,,,,,5583254.0,94699411627.0,334.0,4.0,3.0,35.0,0,0,0,False,skill_pass,False,False,False,False,21.68,0,1,True,110.3939664692558,72.25,5.9,31.4527027027027,-0.0280743877369711,0.995542820312543,-0.1194248060296195,-0.2361761597808383,-0.949547677710947,0.4396336234540616,1.1376203612834297,1.5607541660953763,1.039571600373932,-0.7708793141695259,1.4687526280406042,1.6389267199969055,0,0,1,1.0,16961.32965238551,5.982174552689167e-05,False,,,,True,train,7.9712453,-0.47269392,0.3838383838383838,0.16778076,0.336026936026936,0.124550715,27.92070355211143
SharTa00,tajae-sharpe-1,00-0032778,Tajae Sharpe,WR,2016,5,140,TEN,massachusetts,74.0,194.0,4.55,33.5,114.0,11.0,,,,,,,,31.0,,0.0,206185111.0,20668012811319.0,475.0,12.0,11.0,66.0,0,0,3,False,skill_pass,False,True,False,False,22.04,0,1,True,90.52866978662958,73.75,,24.905405405405407,-0.0280743877369711,-1.0199495201326834,-0.3248658438317079,-0.2361761597808383,-0.5362730407797573,-1.2890595823457054,,,-0.5664760065006014,-0.4753014391645537,,-1.5484539633023895,0,1,0,1.0,100240.08383087856,2.303755095099956e-06,False,,,,True,train,6.900913,-1.5430264,0.21885521885521886,0.16044047,0.2249158249158249,0.107826754,18.61787013453667
RobiAl00,aldrick-robinson-1,00-0028116,Aldrick Robinson,WR,2011,6,178,WAS,southern methodist,70.0,184.0,4.35,40.0,126.0,17.0,6.65,4.09,,,,,,,,,10594765.0,16610478001301.0,11514.0,12.0,5.0,82.0,0,0,0,False,skill_pass,False,False,False,False,10.53,0,1,True,102.7757822204914,83.0,5.37,26.398367346938777,-1.619770109867742,-1.4151440966905708,-1.3520710328421504,1.5704274526890438,1.116825506945001,-0.1365974451458606,-1.633101717528305,-1.0224662309317234,0.4236650384468742,1.347428790032775,-1.542034962113059,-0.8216444360629855,0,1,0,1.0,1567800.512923222,0.001086763132547,False,,,,True,train,9.452994,2.8832555,0.795959595959596,0.1783817,0.4531986531986532,0.14770304,47.424051823313995
ToonNi00,nick-toon-1,00-0029667,Nick Toon,WR,2012,4,122,NOR,wisconsin,74.0,215.0,4.49,37.5,,18.0,,,,,,,,42.0,2410.0,0.0,17543664.0,257805459926.0,14310.0,3.0,3.0,17.0,0,0,0,False,skill_pass,False,True,False,False,28.96,0,0,True,105.7993724211083,,,27.60135135135135,-0.0280743877369711,-0.1900409093611196,-0.6330274005348384,0.8755799094313969,,0.0554795777207801,,,0.668112925808005,,,-0.2360030937085626,0,1,0,0.999999990651866,14695.075095259464,0.0008156790964532,False,,,,True,train,8.520791,-1.3336649,0.23232323232323232,0.17165251,0.37777777777777777,0.13313736,22.944282230779976
WhitKe00,kevin-white-6,00-0031545,Kevin White,WR,2015,1,7,CHI,west virginia,75.0,215.0,4.35,36.5,123.0,23.0,6.92,4.14,,,,,,,,,35109.0,5071447.0,510.0,3.0,2.0,30.0,0,0,0,False,skill_pass,False,False,False,False,95.47,1,0,True,120.091267268509,79.75,5.529999999999999,26.87022222222222,0.3698495427957216,-0.1900409093611196,-1.3520710328421504,0.597640892128338,0.7035508700138113,1.015864692053984,-0.4642033405296057,-0.7149399931904031,1.8235682851757304,0.7070100608553352,-0.6331179537647879,-0.5919342141948128,0,1,0,1.0,144.44863140505282,0.0145261898658463,False,,,,True,train,32.642532,-3.6809616,0.11784511784511785,0.409055,0.8902356902356903,0.51003957,40.90041066319854
GallJe00,jeremy-gallon-1,,Jeremy Gallon,WR,2014,7,244,NWE,michigan,67.0,185.0,4.49,,,15.0,,,0.0,1.0,0.0,0.0,0.0,3113.0,26674.0,0.0,4294989.0,494398291373.0,1349.0,,,,0,0,0,False,skill_pass,True,True,False,False,0.53,0,1,True,91.03666929258156,,,28.971931387836936,-2.81354190146582,-1.3756246390347822,-0.6330274005348384,,,-0.5207514908791422,,,-0.5254058224574314,,,0.4312279994958233,0,1,0,0.999999946047551,115110.49070742672,0.0003140869510958,False,,,,False,train,7.419898,1.4460955,0.6895622895622896,0.1639667,0.2673400673400673,0.11593591,38.52734496158482
ConlCh00,chris-conley-1,00-0032128,Chris Conley,WR,2015,3,76,KAN,georgia,74.0,213.0,4.35,45.0,139.0,18.0,7.06,4.3,,,,,,,,,16204536.0,288342651657.0,2648.0,23.0,11.0,132.0,0,0,3,False,skill_pass,False,False,False,False,50.94,0,0,True,118.97413920089494,92.0,5.68,27.344594594594597,-0.0280743877369711,-0.2690798246726971,-1.3520710328421504,2.9601225392043378,2.907682266980156,0.0554795777207801,0.14189211421046,0.2691439675818265,1.7332519466770937,3.1208960400626085,0.2189917415617222,-0.360998414622261,0,1,0,1.0,17793.946809522964,0.0001634110350336,False,,,,True,train,22.84464,5.180067,0.8693602693602693,0.29780588,0.7676767676767676,0.3569475,63.22301394193863
SaunJa00,jalen-saunders-1,00-0031053,Jalen Saunders,WR,2014,4,104,NYJ,oklahoma,69.0,165.0,4.44,34.0,122.0,,,,,,,,,1985.0,1669144.0,20.0,30506261.0,4621065829729.0,31238.0,0.0,0.0,9.0,0,0,0,False,skill_pass,False,True,False,False,36.83,0,0,True,84.91453963587892,78.0,,24.363579080025204,-2.0176940404004347,-2.166013792150557,-0.8898286977874479,-0.0972066511293089,0.5657926577034149,,,,-1.0203610119624609,0.3621692066828676,,-1.8122279580975853,0,1,0,0.9999996387968796,151479.25960933068,0.0010239865187018,False,,,,True,train,9.600016,-0.2544403,0.4161616161616162,0.17946163,0.4632996632996633,0.15000024,32.501695513022874
SalaGr00,greg-salas-1,00-0028050,Greg Salas,WR,2011,4,112,STL,hawaii,73.0,210.0,4.53,37.0,120.0,15.0,6.65,4.1,,,,,,,,,357106119.0,3583115901889.0,13814.0,4.0,1.0,29.0,0,0,0,False,skill_pass,False,False,False,False,33.22,0,0,True,99.73704167246562,78.5,5.375,27.70313379620942,-0.4259983182696639,-0.3876381976400633,-0.4275863627327499,0.7366104007798674,0.2902762330826218,-0.5207514908791422,-1.633101717528305,-0.9609609833834604,0.1779922925000348,0.4606951650178584,-1.5136313056021755,-0.1864529688389452,0,1,0,1.0,10033.756665729385,3.8683179214859657e-05,False,,,,True,train,11.950897,2.0964413,0.7481481481481481,0.1974268,0.5696969696969697,0.18673277,49.00305676831541
StocLu00,luke-stocker-1,00-0028042,Luke Stocker,TE,2011,4,104,TAM,tennessee,77.0,258.0,4.68,33.0,115.0,27.0,7.03,4.4,,,,,,,,,4132939.0,11139389417.0,1052.0,5.0,3.0,142.0,0,0,7,False,skill_pass,False,False,False,False,36.83,0,0,True,107.56383784699617,74.0,5.715,30.590993422162253,1.165697403861107,1.509295769837797,0.3428175290250784,-0.3751456684323677,-0.3985148284693608,1.7841727835205472,0.0120145167661627,0.8841964430644728,0.8107644814295455,-0.4260384599970583,0.4178173371379082,1.2194260633598308,0,0,1,1.0,2695.2707061488204,0.0002545404130087,False,,,,True,train,13.012537,3.158081,0.8121212121212121,0.20597288,0.5966329966329966,0.20332089,52.603383833310424
GranJa00,jakeem-grant-1,00-0032791,Jakeem Grant,WR,2016,6,186,MIA,texas tech,,,,,,,,,1.0,1.0,72.0,1.0,0.0,81258.0,19773568.0,2.0,32656790.0,2847969381268.0,37710.0,14.0,12.0,81.0,1,0,0,False,skill_pass,False,True,True,False,8.64,0,1,True,,,,,,,,,,,,,,,,,0,1,0,0.999993057007269,87209.10356676207,0.0011547368862646,False,,,,False,train,7.5872545,1.0175157,0.6471380471380471,0.165117,0.2895622895622896,0.11855085,37.35012458979782
SudfNa00,nate-sudfeld-1,00-0032792,Nate Sudfeld,QB,2016,6,187,WAS,indiana,78.0,234.0,5.02,29.0,105.0,,,,51194101247.0,82322167412.0,632252311513573.0,721627.0,1937.0,15383646.0,,125.0,,,,1.0,,6.0,0,0,0,False,skill_pass,False,True,False,False,8.41,0,1,True,73.69380562025653,67.0,,27.03846153846154,1.5636213343937997,0.5608287860988668,2.0890663503428284,-1.486901737644603,-1.776096951573326,,,,-1.9275225460223504,-1.8054018766869289,,-0.5100312972501301,1,0,0,,,,True,0.6218750411512792,7680.219452305265,372.5487867836861,False,train,3.450766,-3.1189728,0.13737373737373737,0.13854095,0.007407407407407408,0.05391822,9.49228122486711
BravDa00,daniel-braverman-1,00-0032801,Daniel Braverman,WR,2016,7,230,CHI,western michigan,,,,,,,,,1.0,1.0,11.0,0.0,0.0,462.0,55813.0,110.0,1886108.0,1359971367.0,613.0,0.0,0.0,3.0,0,0,0,False,skill_pass,False,True,True,False,1.59,0,1,True,,,,,,,,,,,,,,,,,0,1,0,0.9999589618495712,721.0463912989076,0.0003250078998657,False,,,,False,train,7.6667533,1.6929507,0.7144781144781145,0.16566569,0.30707070707070705,0.11979302,40.42971299593698
DuarTh00,thomas-duarte-1,00-0033061,Thomas Duarte,TE,2016,7,231,MIA,ucla,74.0,231.0,4.72,33.5,118.0,12.0,6.97,4.24,,,,,,,,,162853.0,214540872.0,3410.0,0.0,0.0,1.0,0,0,0,False,skill_pass,False,False,False,False,1.49,0,1,True,93.0837735625769,75.75,5.605,29.655405405405407,-0.0280743877369711,0.4422704131315005,0.5482585668271669,-0.2361761597808383,0.0147598084618287,-1.0969825594790643,-0.2477406781224396,-0.0998875177077568,-0.3599037931459821,-0.0811976058245907,-0.2070631061015277,0.7639594736010216,0,0,1,1.0,1317.38974412507,0.0209391291532854,False,,,,True,train,7.5442085,1.570406,0.705050505050505,0.1648205,0.2841750841750842,0.11787826,39.53949741698074
HankLe00,leonard-hankerson-1,00-0028017,Leonard Hankerson,WR,2011,3,79,WAS,miami,73.0,209.0,4.4,36.0,117.0,14.0,6.94,4.21,,,,,,,,,6114572.0,631408011156.0,12613.0,12.0,9.0,41.0,0,0,1,False,skill_pass,False,False,False,False,49.32,0,0,True,111.52329075882793,76.5,5.575,27.571214111465565,-0.4259983182696639,-0.4271576552958521,-1.0952697355895364,0.4586713834768086,-0.1229984038485677,-0.712828513745783,-0.377618275566737,-0.2844032603525513,1.1308739655804314,0.0665913316778954,-0.3774850451668308,-0.2506746218060515,0,1,0,1.0,103262.83035934484,0.0020627772475326,False,,,,True,train,21.932348,4.2677746,0.8478114478114478,0.2883559,0.7454545454545455,0.34269294,61.44252576134623
EngrEv00,evan-engram-1,00-0033881,Evan Engram,TE,2017,1,23,NYG,mississippi,75.0,234.0,4.42,36.0,125.0,19.0,6.92,4.23,,,,,,,,,21383865.0,268662464926.0,3228.0,37.0,18.0,124.0,2,0,8,False,skill_pass,False,False,False,False,83.91,1,0,True,122.61871926687829,80.5,5.575,29.2448,0.3698495427957216,0.5608287860988668,-0.9925492166884944,0.4586713834768086,0.9790672946346044,0.2475566005874208,-0.4642033405296057,-0.1613927652560198,2.027904938099789,0.8547989983578214,-0.3774850451668308,0.5640669563958358,0,0,1,1.0,12563.793539007098,0.0001509549372856,False,,,,True,train,29.545895,-6.7775993,0.057912457912457915,0.3722199,0.865993265993266,0.4616546,36.31385425816883
NjokDa00,david-njoku-1,00-0033885,David Njoku,TE,2017,1,29,CLE,miami,76.0,246.0,4.64,37.5,133.0,21.0,6.97,4.34,,,,,,,,,2143.0,362698.0,18.0,27.0,27.0,118.0,1,0,5,False,skill_pass,False,False,False,False,79.77,1,0,True,106.14344537390376,85.25,5.654999999999999,29.94078947368421,0.7677734733284143,1.0350622779683318,0.1373764912229899,0.8755799094313969,2.0811329931177767,0.6317106463207024,-0.2477406781224396,0.5151649577748839,0.6959301565927175,1.7907956025402334,0.0769734590073021,0.9028912534254556,0,0,1,1.0,169.2477834811013,0.0083994400373308,False,,,,True,train,29.11707,-7.2064247,0.048484848484848485,0.36722356,0.8585858585858586,0.4549542,35.55466691321797
RossJo00,john-ross-1,00-0033460,John Ross,WR,2017,1,9,CIN,washington,71.0,188.0,4.22,37.0,133.0,,,,,,,,,668.0,3954102.0,11.0,161781.0,2083711150.0,1417.0,7.0,5.0,38.0,0,0,1,False,skill_pass,False,True,False,False,93.99,1,0,True,118.55995917251086,85.0,,26.21781392580837,-1.2218461793350492,-1.257066266067416,-2.019754405698937,0.7366104007798674,2.0811329931177767,,,,1.6997667763305946,1.7415326233727382,,-0.9095421533473704,0,1,0,0.998105969337655,12879.826122968703,0.0087587541182215,False,,,,True,train,30.729118,-5.5943756,0.07542087542087542,0.38614544,0.8760942760942761,0.4801425,37.864479472741536
HansCh00,chad-hansen-1,00-0033840,Chad Hansen,WR,2017,4,141,NYJ,california,74.0,202.0,4.53,35.0,119.0,11.0,6.74,4.13,,,,,,,,,41992.0,282491249.0,111.0,3.0,1.0,20.0,0,0,0,False,skill_pass,False,False,False,False,21.68,0,0,True,95.93753532303836,77.0,5.4350000000000005,25.93243243243243,-0.0280743877369711,-0.7037938588863734,-0.4275863627327499,0.1807323661737498,0.1525180207722253,-1.2890595823457054,-1.2434689251954052,-0.776445240738666,-0.1291860082972092,0.1651172900128861,-1.1727874274715695,-1.0484726796475992,0,1,0,1.0,6727.263502571918,0.0026433606401219,False,,,,True,train,8.790348,-1.0641079,0.27003367003367,0.17357741,0.4006734006734007,0.13734919,25.033347101399194
BeatC.00,cj-beathard-1,00-0033936,C.J. Beathard,QB,2017,3,104,SFO,iowa,74.0,219.0,,31.0,113.0,,,,952223170.0,2792362301.0,17964528091929.0,151717.0,22510.0,132810083.0,,2062.0,,,,9.0,8.0,32.0,0,0,0,False,skill_pass,False,True,False,False,36.83,0,0,True,,72.0,,28.114864864864863,-0.0280743877369711,-0.0319630787379645,,-0.9310237030384854,-0.6740312530901539,,,,,-0.8201422933370213,,0.0139875481188325,1,0,0,,,,True,0.3410098931857768,6433.451735648898,6.739982230119947,False,train,10.724085,-6.940489,0.05117845117845118,0.18788746,0.5292929292929293,0.16756383,19.74202249878986
HowaO.00,oj-howard-1,00-0033879,O.J. Howard,TE,2017,1,19,TAM,alabama,78.0,251.0,4.51,30.0,121.0,22.0,6.85,4.16,,,,,,,,,14173845.0,269260602595.0,2023.0,13.0,12.0,72.0,0,0,4,False,skill_pass,False,False,False,False,86.73,1,0,True,121.33820043282697,75.5,5.505,29.00279421433268,1.5636213343937997,1.2326595662472757,-0.5303068816337965,-1.208962720341544,0.4280344453930183,0.8237876691873433,-0.7672510678996406,-0.5919294980938716,1.924378963036728,-0.1304605849920861,-0.7751362363192028,0.4462527604831017,0,0,1,1.0,18997.00487729335,0.0001427276790454,False,,,,True,train,27.151363,-9.172131,0.018855218855218854,0.344697,0.832996632996633,0.42424005,32.792882589077706
HendCa01,carlos-henderson-1,00-0033919,Carlos Henderson,WR,2017,3,82,DEN,louisiana tech,71.0,199.0,4.46,36.0,131.0,13.0,7.18,4.35,,,,,,13514.0,7054133.0,102.0,293682.0,5697741535.0,4519.0,,,,0,0,0,False,skill_pass,True,False,False,False,47.73,0,0,True,100.58741265713417,83.5,5.765,27.751834953382264,-1.2218461793350492,-0.8223522318537396,-0.7871081788864059,0.4586713834768086,1.805616568496984,-0.9049055366124238,0.661402503987661,0.5766702053231468,0.2467421484272749,1.445954748367766,0.7018539022467432,-0.1627440824727921,0,1,0,0.998763473153023,19401.058066207668,0.0153873918047411,False,,,,True,train,23.98757,6.322996,0.8915824915824916,0.3098926,0.7818181818181819,0.37480578,64.99363076124929
MoncDo00,donte-moncrief-1,00-0031339,Donte Moncrief,WR,2014,3,90,IND,mississippi,74.0,221.0,4.4,39.5,132.0,13.0,7.02,4.3,,,,,,,,,316659.0,454979938.0,4106.0,18.0,15.0,83.0,0,0,3,False,skill_pass,False,False,False,False,43.6,0,0,True,117.92654190287546,85.75,5.66,28.37162162162162,-0.0280743877369711,0.0470758365736129,-1.0952697355895364,1.4314579440375144,1.94337478080738,-0.9049055366124238,-0.0312780157152735,0.2691439675818265,1.64855695518855,1.8893215608752243,0.1053771155181902,0.138982869032531,0,1,0,1.0,1436.81353759091,0.0129666297184037,False,,,,True,train,20.75403,3.0894566,0.8094276094276094,0.2764182,0.7245791245791245,0.32428172,58.88268549634953
HannJa00,james-hanna-1,00-0029634,James Hanna,TE,2012,6,186,DAL,oklahoma,76.0,252.0,4.43,36.0,122.0,24.0,6.76,4.11,,,,,,,,,161827.0,-148292381.0,72.0,3.0,3.0,78.0,0,0,4,False,skill_pass,False,False,False,False,8.64,0,1,True,130.86262617582636,79.0,5.4350000000000005,30.67105263157895,0.7677734733284143,1.2721790239030644,-0.9411889572379736,0.4586713834768086,0.5657926577034149,1.2079417149206249,-1.1568838602325402,-0.8994557358351921,2.694399235866409,0.5592211233528491,-1.1727874274715695,1.2584007984341532,0,0,1,1.0,-916.3636537784176,0.0004449195746074,False,,,,True,train,10.087233,3.5174937,0.8262626262626263,0.18307695,0.49427609427609426,0.15761301,49.74982615337027
CanfSe00,sean-canfield-1,00-0027830,Sean Canfield,QB,2010,7,239,NOR,oregon st.,76.0,223.0,4.93,29.5,100.0,,7.26,4.39,2816556303.0,4528684446.0,33516617033271.0,29621.0,21527.0,336648.0,,1002.0,,,,,,,0,0,0,False,skill_pass,True,True,False,False,0.84,0,1,True,75.5000399798866,64.75,5.824999999999999,27.14144736842105,0.7677734733284143,0.1261147518851904,1.6268240152881304,-1.3479322289930735,-2.4648880131253086,,1.0077427638391283,0.8226911955162043,-1.7814941016913128,-2.248768689194387,1.042697780377344,-0.4598953357745461,1,0,0,,,,True,0.6219369745418557,7400.961014820727,1.3759929390997352,False,train,5.422027,-0.55177546,0.3643097643097643,0.15072851,0.05117845117845118,0.08471917,20.304913356523922
SpriJe00,jeremy-sprinkle-1,00-0033528,Jeremy Sprinkle,TE,2017,5,154,WAS,arkansas,77.0,252.0,4.69,29.0,116.0,,,,,,,,,11.0,14.0,0.0,472733.0,6884389380.0,164.0,2.0,2.0,76.0,0,0,2,False,skill_pass,False,True,False,False,17.31,0,1,True,104.16916083385566,72.5,,29.87957497048406,1.165697403861107,1.2721790239030644,0.394177788475604,-1.486901737644603,-0.2607566161589643,,,,0.5363153765322335,-0.7216163350020306,,0.8730905713763212,0,0,1,0.9999999979664136,14562.954944968937,0.0003469188738674,False,,,,True,train,8.522545,0.07860565,0.5178451178451179,0.171665,0.3784511784511784,0.13316476,34.37942380856987
BrowNo00,noah-brown-2,00-0033591,Noah Brown,WR,2017,7,239,DAL,ohio st.,74.0,222.0,,,,19.0,7.07,4.33,,,,,,1.0,-4.0,0.0,132.0,9402.0,7.0,19.0,9.0,91.0,0,0,2,False,skill_pass,False,True,False,False,0.84,0,1,True,,,5.7,28.5,-0.0280743877369711,0.0865952942294017,,,,0.2475566005874208,0.1851846466918963,0.4536597102266209,,,0.3326063676052592,0.2014805294893802,0,1,0,1.0,71.22727272727273,0.053030303030303,False,,,,True,train,9.790709,3.816906,0.835016835016835,0.18086997,0.47744107744107744,0.15297982,49.62649089000141
DissWi00,will-dissly-1,00-0034159,Will Dissly,TE,2018,4,120,SEA,washington,76.0,262.0,4.87,28.0,111.0,15.0,7.07,4.4,,,,,,,,,420.0,47281.0,12.0,16.0,10.0,96.0,0,0,5,False,skill_pass,False,False,False,False,29.79,0,0,True,93.15698883006677,69.5,5.735,31.88815789473684,0.7677734733284143,1.6673736004609518,1.3186624585849998,-1.7648407549476617,-0.949547677710947,-0.5207514908791422,0.1851846466918963,0.8841964430644728,-0.3539845659118061,-1.312772085011975,0.5314319631814453,1.85091670678198,0,0,1,1.0,112.57380952380952,0.0285714285714285,False,,,,True,train,8.649105,-1.2053509,0.24781144781144782,0.17256668,0.3898989898989899,0.13514227,23.864616724703247
AndrMa00,mark-andrews-1,00-0034753,Mark Andrews,TE,2018,3,86,BAL,oklahoma,77.0,256.0,4.67,31.0,113.0,17.0,7.34,4.38,,,,,,,,,193162.0,318489958.0,778.0,51.0,51.0,121.0,3,1,3,False,skill_pass,False,False,False,False,45.64,0,0,True,107.647125836549,72.0,5.859999999999999,30.353853938269523,1.165697403861107,1.430256854526219,0.2914572695745574,-0.9310237030384854,-0.6740312530901539,-0.1365974451458606,1.3540830236905956,0.7611859479679413,0.8174980569929914,-0.8201422933370213,1.2415233759535302,1.1039808993653282,0,0,1,1.0,1648.8230500823142,0.0040277073130325,False,,,,True,train,18.039156,0.3745823,0.5542087542087543,0.2501069,0.6754208754208754,0.2818618,46.31614200740752
WebbJo00,joe-webb-2,00-0027796,Joe Webb,WR,2010,6,199,MIN,ala-birmingham,,,,,,,,,3365208162.0,51117353271.0,42667923672299.0,151021.0,1168.0,2467198227.0,3828810211427.0,111111.0,302.0,45912.0,31.0,4.0,4.0,104.0,0,0,0,False,skill_pass,False,True,True,False,5.97,0,1,True,,,,,,,,,,,,,,,,,0,1,0,1.1991192280159782e-08,152.02649006622516,0.1026490066225165,False,,,,False,train,8.740927,2.1711879,0.7569023569023569,0.17322321,0.3939393939393939,0.13657698,44.35088630718013
GesiMi00,mike-gesicki-1,00-0034829,Mike Gesicki,TE,2018,2,42,MIA,penn st.,77.0,247.0,4.54,41.5,129.0,22.0,6.76,4.1,,,,,,,,,11134857.0,114125679563.0,159.0,28.0,19.0,128.0,0,0,2,False,skill_pass,False,False,False,False,71.15,0,0,True,116.2796022384648,85.25,5.43,29.28672626075224,1.165697403861107,1.0745817356241203,-0.3762261032822289,1.987335978643632,1.5301001438761903,0.8237876691873433,-1.1568838602325402,-0.9609609833834604,1.515406992771587,1.7907956025402334,-1.2011910839824578,0.5844776613900636,0,0,1,1.0,10249.406845817595,1.4279482888734e-05,False,,,,True,train,22.941309,-0.60188484,0.33535353535353535,0.29881763,0.7683501683501683,0.35845795,41.926657123597785
NiklTr00,troy-niklas-1,00-0031044,Troy Niklas,TE,2014,2,52,ARI,notre dame,78.0,270.0,4.84,32.0,114.0,27.0,7.57,4.55,,,,,,,,,532.0,75498.0,15.0,1.0,1.0,41.0,0,0,1,False,skill_pass,False,False,False,False,64.86,0,0,True,98.40390051299065,73.0,6.0600000000000005,31.198224852071007,1.5636213343937997,1.983529261707262,1.1645816802334323,-0.6530846857354266,-0.5362730407797573,1.7841727835205472,2.3498112707635648,1.806775156288434,0.070211965681494,-0.6230903766670398,2.3776696363888803,1.5150408250084784,0,0,1,1.0,141.91353383458647,0.0281954887218045,False,,,,True,train,15.01187,-8.531323,0.028282828282828285,0.2228029,0.6336700336700337,0.23456046,22.951981220833385
AdamDa01,davante-adams-1,00-0031381,Davante Adams,WR,2014,2,53,GNB,fresno st.,73.0,212.0,4.56,39.5,123.0,14.0,6.82,4.3,,,,,,,,,102131.0,13121718.0,1424.0,92.0,59.0,178.0,6,3,10,False,skill_pass,False,False,False,False,64.24,0,0,True,98.06329593943772,81.25,5.5600000000000005,27.96697316569713,-0.4259983182696639,-0.3085992823284858,-0.273505584381187,1.4314579440375144,0.7035508700138113,-0.712828513745783,-0.8971286653439379,0.2691439675818265,0.0426751425982709,1.0025879358603076,-0.4626960146994797,-0.0580096629047343,0,1,0,1.0,128.4792864066738,0.0139428772850554,False,,,,True,train,29.207777,5.664583,0.8794612794612795,0.36827806,0.8592592592592593,0.4563715,68.85662751306188
PaulDa01,david-paulson-1,00-0029218,David Paulson,TE,2012,7,240,PIT,oregon,75.0,246.0,4.79,32.0,110.0,21.0,7.18,4.4,,,,,,,,,122431.0,185418438.0,46.0,1.0,1.0,32.0,0,0,0,False,skill_pass,False,False,False,False,0.77,0,1,True,93.4594130278856,71.0,5.79,30.744533333333333,0.3698495427957216,1.0350622779683318,0.9077803829808228,-0.6530846857354266,-1.0873058900213437,0.6317106463207024,0.661402503987661,0.8841964430644728,-0.3295345077562345,-1.0171942100070028,0.8438721848011632,1.2941729588741386,0,0,1,1.0,1514.4729521118018,0.0003757218351561,False,,,,True,train,6.6083484,0.6345458,0.5932659932659933,0.15847982,0.2047138047138047,0.103255436,33.05962110915369
NorwKe00,kevin-norwood-1,00-0031327,Kevin Norwood,WR,2014,4,123,SEA,alabama,74.0,198.0,4.48,33.0,121.0,8.0,6.68,4.32,,,,,,,,,3112938.0,56190461568.0,1047.0,1.0,1.0,10.0,0,0,0,False,skill_pass,False,False,False,False,28.55,0,0,True,98.30670275324732,77.0,5.5,25.41891891891892,-0.0280743877369711,-0.8618716895095284,-0.6843876599853594,-0.3751456684323677,0.4280344453930183,-1.865290650945628,-1.5032241200840075,0.3921544626783579,0.0623538283516911,0.1651172900128861,-0.8035398928300858,-1.2984633214749943,0,1,0,1.0,18050.620207662345,0.0003363382116829,False,,,,True,train,7.6824007,-2.1720552,0.18047138047138048,0.16577385,0.30976430976430974,0.12003751,19.130368781661748
PittDe00,dennis-pitta-1,00-0027714,Dennis Pitta,TE,2010,4,114,BAL,byu,76.0,245.0,4.68,34.0,113.0,27.0,6.72,4.17,,,,,,,,,17598362.0,1768131083829.0,2568.0,16.0,16.0,66.0,0,0,1,False,skill_pass,False,False,False,False,32.34,0,0,True,102.14395454462814,73.5,5.445,29.81907894736842,0.7677734733284143,0.995542820312543,0.3428175290250784,-0.0972066511293089,-0.6740312530901539,1.7841727835205472,-1.330053990158274,-0.5304242505456087,0.3725837310297659,-0.524564418332049,-1.1159801144498038,0.8436396625906738,0,0,1,1.0,100471.3440846938,0.0001459226716668,False,,,,True,train,11.047491,1.1930351,0.6673400673400673,0.19036727,0.5414141414141415,0.17261705,44.781571813103334
GrahGa00,garrett-graham-1,00-0027718,Garrett Graham,TE,2010,4,118,HOU,wisconsin,75.0,243.0,4.71,34.5,112.0,20.0,7.09,4.35,,,,,,,,,304051.0,328540624.0,457.0,7.0,7.0,60.0,0,0,2,False,skill_pass,False,False,False,False,30.63,0,0,True,98.7535327451021,73.25,5.72,30.3696,0.3698495427957216,0.9165039050009656,0.4968983073766459,0.0417628575222204,-0.8117894654005504,0.4396336234540616,0.2717697116547612,0.5766702053231468,0.0984786469518478,-0.5738273974995445,0.4462209936487912,1.111646458254562,0,0,1,1.0,1080.5444612910337,0.001503037319397,False,,,,True,train,10.560889,0.7064333,0.604040404040404,0.18664557,0.5205387205387205,0.1650139,41.605579958519954
MoeaTo00,tony-moeaki-1,00-0027695,Tony Moeaki,TE,2010,3,93,KAN,iowa,75.0,245.0,4.69,34.0,113.0,18.0,7.1,4.42,,,,,,,,,811141330.0,112140170144387.0,3314.0,10.0,9.0,49.0,0,0,2,False,skill_pass,False,False,False,False,42.1,0,0,True,101.27557303291522,73.5,5.76,30.61955555555556,0.3698495427957216,0.995542820312543,0.394177788475604,-0.0972066511293089,-0.6740312530901539,0.0554795777207801,0.3150622441361937,1.0072069381609987,0.3023777798666817,-0.524564418332049,0.6734502457358602,1.2333307920009475,0,0,1,1.0,138249.85362832763,4.085601210827218e-06,False,,,,True,train,11.604597,-6.0599766,0.06801346801346801,0.1946976,0.5569023569023569,0.18132183,21.378974670412564
ThomJo05,jordan-thomas-6,00-0034420,Jordan Thomas,TE,2018,6,211,HOU,mississippi st.,77.0,265.0,4.74,27.0,111.0,16.0,7.5,4.75,,,,,,,,,922.0,48263.0,13.0,2.0,2.0,27.0,0,0,1,False,skill_pass,False,False,False,False,3.94,0,1,True,104.993521652484,69.0,6.125,31.42098161578681,1.165697403861107,1.785931973428318,0.6509790857282134,-2.0427797722507206,-0.949547677710947,-0.3286744680125014,2.04676354339353,3.036880107253721,0.6029623912288264,-1.4112980433469655,2.746917171030364,1.6234841373405926,0,0,1,1.0,52.34598698481562,0.0140997830802603,False,,,,True,train,3.5358102,-3.0339286,0.14343434343434344,0.13904919,0.00808080808080808,0.05524703,9.784914342592462
SmytDu00,durham-smythe-1,00-0034798,Durham Smythe,TE,2018,4,123,MIA,notre dame,77.0,253.0,4.81,31.0,110.0,18.0,7.17,4.23,,,,,,,,,13915.0,718112244.0,141.0,10.0,10.0,129.0,0,0,5,False,skill_pass,False,False,False,False,28.55,0,0,True,94.53012046604456,70.5,5.7,29.998144712430427,1.165697403861107,1.311698481558853,1.010500901881865,-0.9310237030384854,-1.0873058900213437,0.0554795777207801,0.6181099715062286,-0.1613927652560198,-0.2429711331341028,-1.1157201683419935,0.3326063676052592,0.9308131533735732,0,0,1,1.0,51607.060294646064,0.0101329500538986,False,,,,True,train,8.964389,-0.8900671,0.29494949494949496,0.17482923,0.41885521885521887,0.14006858,26.473040395889825
ScotJa02,jaleel-scott-1,00-0034267,Jaleel Scott,WR,2018,4,132,BAL,new mexico st.,77.0,218.0,4.56,34.5,124.0,16.0,7.2,4.4,,,,,,,,,2376.0,2831079.0,59.0,0.0,0.0,4.0,0,0,0,False,skill_pass,False,False,False,False,25.0,0,0,True,100.83867223961046,79.25,5.800000000000001,25.84820374430764,1.165697403861107,-0.0714825363937533,-0.273505584381187,0.0417628575222204,0.8413090823242079,-0.3286744680125014,0.7479875689505298,0.8841964430644728,0.2670557061650404,0.6084841025203445,0.9006794978229342,-1.0894772165302342,0,1,0,1.0,1191.5315656565656,0.0248316498316498,False,,,,True,train,8.773962,-1.0804939,0.26801346801346804,0.1734599,0.39865319865319865,0.13709316,24.904664096758022
HamiDa01,daesean-hamilton-1,00-0034370,DaeSean Hamilton,WR,2018,4,113,DEN,penn st.,73.0,203.0,,34.5,118.0,,6.84,4.15,,,,,,811.0,,0.0,82453453.0,899580506857.0,2619.0,6.0,6.0,46.0,0,0,0,False,skill_pass,False,True,False,False,32.78,0,0,True,,76.25,5.495,26.77969600300244,-0.4259983182696639,-0.6642744012305847,,0.0417628575222204,0.0147598084618287,,-0.810543600381073,-0.6534347456421347,,0.0173283525104,-0.8319435493409688,-0.6360045396086842,0,1,0,1.0,10910.16172308757,3.176337563449283e-05,False,,,,True,train,10.51098,0.6565237,0.5959595959595959,0.18626702,0.5164983164983165,0.16423406,41.17837197411341
CantDy00,dylan-cantrell-1,00-0034409,Dylan Cantrell,WR,2018,6,191,LAC,texas tech,75.0,226.0,4.59,38.5,130.0,18.0,6.56,4.03,,,,,,1.0,3.0,1.0,9205871.0,70312675816.0,1287.0,,,,0,0,0,False,skill_pass,True,False,False,False,7.55,0,1,True,101.83280172266043,84.25,5.295,28.244977777777777,0.3698495427957216,0.2446731248525567,-0.1194248060296195,1.1535189267344557,1.6678583561865872,0.0554795777207801,-2.0227345098612086,-1.391497716221307,0.3474279906913632,1.593743685870252,-1.9680898097763135,0.0773296214102989,0,1,0,0.9999999999573336,7637.808070089185,0.0001398020893405,False,,,,True,train,6.46296,-0.1067791,0.43703703703703706,0.15751275,0.19057239057239056,0.100983754,26.462859601986533
GageRu00,russell-gage-1,00-0034411,Russell Gage,WR,2018,6,194,ATL,louisiana state,,,,,,,,,0.0,1.0,0.0,0.0,0.0,28.0,232.0,1.0,521.0,62285.0,13.0,20.0,17.0,75.0,0,0,0,False,skill_pass,False,True,True,False,6.94,0,1,True,,,,,,,,,,,,,,,,,0,1,0,0.996289009389446,119.5489443378119,0.0249520153550863,False,,,,False,train,9.615052,3.0453134,0.8033670033670034,0.17957237,0.46464646464646464,0.15023519,48.02376098070382
ErtzZa00,zach-ertz-1,00-0030061,Zach Ertz,TE,2013,2,35,PHI,stanford,77.0,249.0,4.76,30.5,111.0,24.0,7.08,4.47,,,,,,,,,162769.0,190346898.0,546.0,57.0,40.0,181.0,3,0,8,False,skill_pass,False,False,False,False,75.73,0,0,True,97.0066555473176,70.75,5.775,29.523865744644965,1.165697403861107,1.153620650935698,0.7536996046292553,-1.0699932116900148,-0.949547677710947,1.2079417149206249,0.2284771791733288,1.314733175902319,-0.0427509549930946,-1.0664571891744985,0.7586612152685142,0.6999228253845663,0,0,1,1.0,1169.4296702689087,0.0033544470998777,False,,,,True,train,31.53761,7.9944153,0.9138047138047138,0.39577052,0.8808080808080808,0.49277514,71.93926341164394
EifeTy00,tyler-eifert-1,00-0030549,Tyler Eifert,TE,2013,1,21,CIN,notre dame,77.0,250.0,4.68,35.5,119.0,22.0,6.92,4.32,,,,,,,,,276350.0,352803685.0,254.0,19.0,17.0,74.0,1,0,2,False,skill_pass,False,False,False,False,85.32,1,0,True,104.22852504553892,77.25,5.62,29.64243548659133,1.165697403861107,1.1931401085914868,0.3428175290250784,0.3197018748252792,0.1525180207722253,0.8237876691873433,-0.4642033405296057,0.3921544626783579,0.5411147888758345,0.2143802691803815,-0.1218521365688787,0.7576454073818185,0,0,1,1.0,1276.65527410892,0.0009191242988963,False,,,,True,train,27.494448,-8.829046,0.02356902356902357,0.34858206,0.8377104377104377,0.42960078,33.26062683174105
FiedC.00,cj-fiedorowicz-1,00-0031302,C.J. Fiedorowicz,TE,2014,3,65,HOU,iowa,77.0,265.0,4.76,31.5,116.0,25.0,7.1,4.26,,,,,,,,,164530.0,167433299.0,316.0,6.0,6.0,51.0,0,0,2,False,skill_pass,False,False,False,False,57.11,0,0,True,103.24001493991634,73.75,5.68,31.42098161578681,1.165697403861107,1.785931973428318,0.7536996046292553,-0.7920541943869559,-0.2607566161589643,1.4000187377872657,0.3150622441361937,0.023122977388769,0.4611968135810121,-0.4753014391645537,0.2189917415617222,1.6234841373405926,0,0,1,1.0,1017.6460159241476,0.0019206223788974,False,,,,True,train,13.628806,-4.0357676,0.10909090909090909,0.21105804,0.6080808080808081,0.21295008,25.005415071291154
AmarJa00,jace-amaro-1,00-0031042,Jace Amaro,TE,2014,2,49,NYJ,texas tech,77.0,265.0,4.74,33.0,118.0,28.0,7.42,4.3,,,,,,,,,725106.0,574091352.0,247.0,4.0,3.0,17.0,0,0,0,False,skill_pass,False,False,False,False,66.72,0,0,True,104.993521652484,75.5,5.859999999999999,31.42098161578681,1.165697403861107,1.785931973428318,0.6509790857282134,-0.3751456684323677,0.0147598084618287,1.976249806387188,1.7004232835420627,0.2691439675818265,0.6029623912288264,-0.1304605849920861,1.2415233759535302,1.6234841373405926,0,0,1,1.0,791.7343836625266,0.0003406398512769,False,,,,True,train,14.482255,-9.060939,0.02154882154882155,0.2182511,0.6242424242424243,0.22628525,22.237528509162495
ConkTy00,tyler-conklin-1,00-0034270,Tyler Conklin,TE,2018,5,157,MIN,central michigan,75.0,254.0,4.8,38.0,120.0,18.0,7.13,4.23,,,,,,,,,64235.0,95560504.0,65.0,20.0,8.0,127.0,0,0,4,False,skill_pass,False,False,False,False,16.37,0,1,True,95.69709683641976,79.0,5.68,31.744355555555558,0.3698495427957216,1.3512179392146415,0.959140642431344,1.0145494180829262,0.2902762330826218,0.0554795777207801,0.4449398415804949,-0.1613927652560198,-0.1486247140061485,0.5592211233528491,0.2189917415617222,1.7809102938596737,0,0,1,1.0,1487.670335486884,0.0010119093951895,False,,,,True,train,8.8144655,0.3705263,0.5535353535353535,0.17375046,0.402020202020202,0.13772602,36.41134789789265
SchuDa00,dalton-schultz-1,00-0034383,Dalton Schultz,TE,2018,4,137,DAL,stanford,77.0,244.0,4.75,32.0,120.0,15.0,7.0,4.4,,,,,,,,,102322.0,121222212.0,113.0,30.0,18.0,124.0,0,0,4,False,skill_pass,False,False,False,False,23.13,0,0,True,95.86175673912877,76.0,5.7,28.93101703491314,1.165697403861107,0.9560233626567542,0.7023393451787344,-0.6530846857354266,0.2902762330826218,-0.5207514908791422,-0.1178630806781384,0.8841964430644728,-0.1353124717115104,-0.0319346266570953,0.3326063676052592,0.4113099153983088,0,0,1,1.0,1184.713082230605,0.0011043568343073,False,,,,True,train,9.518325,-0.3361311,0.4047138047138047,0.17886096,0.45925925925925926,0.14872383,31.925433175055062
EtliDa00,danny-etling-1,00-0034423,Danny Etling,QB,2018,7,219,NWE,louisiana state,74.0,222.0,4.76,30.5,114.0,,7.09,4.37,14989160165.0,267162269275.0,169080021232463.0,1061116.0,7552.0,55334172.0,,1312.0,,,,,,,0,0,0,False,skill_pass,True,True,False,False,2.82,0,1,True,86.48786157230727,72.25,5.73,28.5,-0.0280743877369711,0.0865952942294017,0.7536996046292553,-1.0699932116900148,-0.5362730407797573,,0.2717697116547612,0.6996807004196783,-0.8931628144618987,-0.7708793141695259,0.5030283066705622,0.2014805294893802,1,0,0,,,,True,0.0561050787810576,632.8738773304201,140.50794491525423,False,train,5.2122555,-0.7615471,0.31851851851851853,0.1493908,0.039057239057239054,0.08144149,18.13853143173135
LeexTa00,tanner-lee-1,00-0034416,Tanner Lee,QB,2018,6,203,JAX,nebraska,76.0,218.0,4.98,32.0,115.0,,7.0,4.41,185143246.0,336276428.0,196216393143.0,121123.0,14716.0,362330.0,,2.0,,,,,,,0,0,0,False,skill_pass,True,True,False,False,5.24,0,1,True,70.88741152187403,73.5,5.705,26.532894736842103,0.7677734733284143,-0.0714825363937533,1.8836253125407445,-0.6530846857354266,-0.3985148284693608,,-0.1178630806781384,0.9457016906127356,-2.154410802345043,-0.524564418332049,0.3610100241161422,-0.7561532899484584,1,0,0,,,,True,0.5505686113687398,583.4973159135615,8.230701277521066,False,train,4.866718,-1.703021,0.2080808080808081,0.14720863,0.027609427609427608,0.076042466,13.340442906638689
SmitIr01,irv-smith-jr-1,00-0034970,Irv Smith Jr.,TE,2019,2,50,MIN,alabama,74.0,242.0,4.63,32.5,110.0,19.0,7.32,4.33,,,,,,,,,1444.0,128710.0,37.0,9.0,8.0,54.0,0,0,0,False,skill_pass,False,False,False,False,66.09,0,0,True,105.3225577993023,71.25,5.825,31.06756756756757,-0.0280743877369711,0.8769844473451768,0.0860162317724689,-0.5141151770838972,-1.0873058900213437,0.2475566005874208,1.2674979587277306,0.4536597102266209,0.6295639429003369,-0.9679312308395074,1.0426977803773492,1.4514337386263596,0,0,1,1.0,89.13434903047091,0.0256232686980609,False,,,,True,train,23.813839,0.27064514,0.5427609427609428,0.30803797,0.7804713804713804,0.37209123,50.9224495477849
GragCh00,chris-gragg-1,00-0030049,Chris Gragg,TE,2013,7,222,BUF,arkansas,75.0,244.0,4.5,37.5,125.0,18.0,7.08,4.51,,,,,,,,,184122.0,25171518289.0,223.0,1.0,1.0,32.0,0,0,0,False,skill_pass,False,False,False,False,2.45,0,1,True,119.00624904740133,81.25,5.795,30.494577777777774,0.3698495427957216,0.9560233626567542,-0.5816671410843175,0.8755799094313969,0.9790672946346044,0.0554795777207801,0.2284771791733288,1.5607541660953763,1.7358479281498378,1.0025879358603076,0.8722758413120462,1.1724886251277549,0,0,1,1.0,136711.08443857878,0.0012111534743268,False,,,,True,train,8.91517,2.9413671,0.797979797979798,0.1744745,0.41414141414141414,0.13929953,46.47750062886814
ToilLe00,levine-toilolo-1,00-0030443,Levine Toilolo,TE,2013,4,133,ATL,stanford,80.0,260.0,4.86,31.0,113.0,17.0,7.09,4.57,,,,,,,,,12524.0,27343393.0,64.0,8.0,6.0,124.0,0,0,5,False,skill_pass,False,False,False,False,24.62,0,0,True,93.20908970075432,72.0,5.83,28.559375,2.359469195459185,1.5883346851493745,1.2673021991344788,-0.9310237030384854,-0.6740312530901539,-0.1365974451458606,0.2717697116547612,1.9297856513849652,-0.3497723721539837,-0.8201422933370213,1.071101436888232,0.2303856974506725,0,0,1,1.0,2183.2795432769085,0.0051101884381986,False,,,,True,train,8.336797,-1.5176592,0.22087542087542086,0.17034838,0.3602693602693603,0.13026245,22.052620623298367
MetcDK00,dk-metcalf-1,00-0035640,D.K. Metcalf,WR,2019,2,64,SEA,mississippi,75.0,228.0,4.33,40.5,134.0,27.0,7.38,4.5,,,,,,,,,23926.0,13646569.0,275.0,57.0,50.0,112.0,2,0,6,False,skill_pass,False,False,False,False,57.69,0,0,True,129.72188692159156,87.25,5.94,28.49493333333333,0.3698495427957216,0.3237120401641342,-1.4547915517431924,1.7093969613405733,2.2188912054281733,1.7841727835205472,1.5272531536163292,1.4992489185471136,2.602174006180615,2.1848994358801965,1.695981880127668,0.1990139551566827,0,1,0,1.0,570.3656691465352,0.0114937724651007,False,,,,True,train,33.21318,9.669987,0.92996632996633,0.41596958,0.8936026936026936,0.51895595,73.76921834337591
SmitMa01,marcus-smith-4,00-0026246,Marcus Smith,WR,2008,4,106,BAL,new mexico,73.0,221.0,4.51,26.5,111.0,20.0,7.1,4.42,,,,,,,,,16.0,495.0,0.0,0.0,0.0,21.0,0,0,0,False,skill_pass,False,False,False,False,35.91,0,0,True,106.83562667591538,68.75,5.76,29.154250328391814,-0.4259983182696639,0.0470758365736129,-0.5303068816337965,-2.18174928090225,-0.949547677710947,0.4396336234540616,0.3150622441361937,1.0072069381609987,0.7518908674433794,-1.4605610225144612,0.6734502457358602,0.5199852137992137,0,1,0,1.0,30.9375,0.0,False,,,,True,train,11.000685,1.1462288,0.6626262626262627,0.19000682,0.5387205387205387,0.1718857,44.51731178159466
McLaTe00,terry-mclaurin-1,00-0035659,Terry McLaurin,WR,2019,3,76,WAS,ohio st.,72.0,208.0,4.35,37.5,125.0,18.0,7.01,4.15,,,,,,,,,112935.0,114436701.0,2611.0,51.0,51.0,107.0,2,0,6,False,skill_pass,False,False,False,False,50.94,0,0,True,116.18131903185986,81.25,5.58,28.20679012345679,-0.8239222488023566,-0.4666771129516409,-1.3520710328421504,0.8755799094313969,0.9790672946346044,0.0554795777207801,-0.074570548196706,-0.6534347456421347,1.5074611004305047,1.0025879358603076,-0.3490813886559478,0.0587389593101579,0,1,0,1.0,1013.2970381192722,0.0231194935139682,False,,,,True,train,26.318394,8.65382,0.9225589225589226,0.33535123,0.8168350168350168,0.4112249,68.17058029389543
WarrKa00,kahale-warring-1,00-0035660,Kahale Warring,TE,2019,3,86,HOU,san diego st.,77.0,252.0,4.67,36.5,122.0,19.0,7.21,4.25,,,,,,,,,21831.0,17248372.0,233.0,0.0,0.0,9.0,0,0,0,False,skill_pass,False,False,False,False,45.64,0,0,True,105.96513949535291,79.25,5.73,29.87957497048406,1.165697403861107,1.2721790239030644,0.2914572695745574,0.597640892128338,0.5657926577034149,0.2475566005874208,0.7912801014319621,-0.0383822701594938,0.6815146794864192,0.6084841025203445,0.5030283066705622,0.8730905713763212,0,0,1,1.0,790.0862076863176,0.0106728963400668,False,,,,True,train,18.22528,0.5607071,0.5845117845117845,0.2518564,0.6787878787878788,0.28477,47.68875715101407
CoolCh00,chris-cooley-1,00-0022738,Chris Cooley,TE,2004,3,81,WAS,utah st.,75.0,265.0,4.87,33.0,115.0,22.0,7.21,4.19,,,,,,,,,16204536.0,288342651657.0,2648.0,34.0,34.0,117.0,2,0,6,False,skill_pass,False,False,False,False,48.25,0,0,True,94.22367190827364,74.0,5.7,33.11911111111111,0.3698495427957216,1.785931973428318,1.3186624585849998,-0.3751456684323677,-0.3985148284693608,0.8237876691873433,0.7912801014319621,-0.4074137554490772,-0.2677465483066626,-0.4260384599970583,0.3326063676052592,2.4501741294647856,0,0,1,1.0,17793.946809522964,0.0001634110350336,False,,,,True,train,14.678534,-2.98604,0.1447811447811448,0.21993016,0.6282828282828283,0.22935209,27.342547680894135
IzzoRy00,ryan-izzo-1,00-0034439,Ryan Izzo,TE,2018,7,250,NWE,florida st.,77.0,256.0,4.94,33.0,110.0,18.0,7.15,4.43,,,,,,,,,1141920.0,7210227317.0,213.0,3.0,3.0,19.0,0,0,1,False,skill_pass,False,False,False,False,0.25,0,1,True,85.97301657188648,71.5,5.79,30.353853938269523,1.165697403861107,1.430256854526219,1.6781842747386555,-0.3751456684323677,-1.0873058900213437,0.0554795777207801,0.5315249065433636,1.0687121857092616,-0.9347864354954718,-0.918668251672012,0.8438721848011632,1.1039808993653282,0,0,1,1.0,6314.126486093597,0.0001865279529213,False,,,,True,train,8.051341,2.0775385,0.7468013468013468,0.1683407,0.34074074074074073,0.1258022,42.56972698558762
GoodMa00,marquise-goodwin-1,00-0030068,Marquise Goodwin,WR,2013,3,78,BUF,texas,69.0,183.0,4.27,,132.0,13.0,,,,,,,,292213.0,837220140.0,3.0,30313326.0,279324421340.0,1123.0,24.0,5.0,114.0,0,0,3,False,skill_pass,False,True,False,False,49.86,0,0,True,110.0955043453127,,,27.02142407057341,-2.0176940404004347,-1.4546635543463595,-1.7629531084463272,,1.94337478080738,-0.9049055366124238,,,1.0154418635993134,,,-0.5183255434975664,0,1,0,0.9970116532171313,9214.575178586474,3.7046413184749176e-05,False,,,,True,train,21.350267,3.6856937,0.8336700336700337,0.28242052,0.7333333333333333,0.33359793,60.33383675045037
HarmKe00,kelvin-harmon-1,00-0035297,Kelvin Harmon,WR,2019,6,206,WAS,north carolina st.,74.0,221.0,4.6,32.5,117.0,18.0,7.15,4.32,,,,,,,,,276974.0,46210171086.0,546.0,3.0,3.0,16.0,0,0,1,False,skill_pass,False,False,False,False,4.73,0,1,True,98.71677130942216,74.75,5.735,28.37162162162162,-0.0280743877369711,0.0470758365736129,-0.0680645465790985,-0.5141151770838972,-0.1229984038485677,0.0554795777207801,0.5315249065433636,0.3921544626783579,0.0955065989254688,-0.2782495224945722,0.5314319631814453,0.138982869032531,0,1,0,1.0,166839.38234635742,0.0019713041657339,False,,,,True,train,5.809223,-0.7605157,0.3191919191919192,0.15322354,0.07474747474747474,0.09076911,19.14247939201317
MillSc01,scott-miller-3,00-0035298,Scott Miller,WR,2019,6,208,TAM,bowling green,,,,,,,,,1.0,1.0,24.0,0.0,0.0,24.0,2216.0,0.0,7746370.0,299687221106.0,1049.0,11.0,9.0,93.0,0,0,1,False,skill_pass,False,True,True,False,4.41,0,1,True,,,,,,,,,,,,,,,,,0,1,0,0.999999992605624,38687.43954987949,0.0001354182668785,False,,,,False,train,5.4211264,-1.1486125,0.2542087542087542,0.15072274,0.05016835016835017,0.0847051,15.880274002600201
BoykMi00,miles-boykin-1,00-0035703,Miles Boykin,WR,2019,3,93,BAL,notre dame,76.0,220.0,4.42,43.5,140.0,12.0,6.77,4.07,,,,,,,,,61259.0,81253872.0,128.0,6.0,6.0,73.0,0,0,2,False,skill_pass,False,False,False,False,42.1,0,0,True,115.28255657569753,91.75,5.42,26.776315789473685,0.7677734733284143,0.0075563789178241,-0.9925492166884944,2.5432140132497496,3.0454404792905523,-1.0969825594790643,-1.1135913277511078,-1.1454767260282497,1.4347989441622508,3.071633060895113,-1.2579983970042237,-0.6376501082788932,0,1,0,1.0,1326.3989291369433,0.0020894888914281,False,,,,True,train,16.81461,-0.84996414,0.2983164983164983,0.23880005,0.6565656565656566,0.26272827,35.09453959241259
SlayDa01,darius-slayton-1,00-0035535,Darius Slayton,WR,2019,5,171,NYG,auburn,73.0,190.0,4.39,40.5,135.0,11.0,7.0,4.15,,,,,,,,,152935.0,292643670.0,155.0,32.0,32.0,106.0,0,0,5,False,skill_pass,False,False,False,False,12.33,0,1,True,102.31175058709633,87.75,5.575,25.064740101332333,-0.4259983182696639,-1.1780273507558383,-1.1466299950400618,1.7093969613405733,2.356649417738569,-1.2890595823457054,-0.1178630806781384,-0.6534347456421347,0.3861495204944009,2.283425394215187,-0.3774850451668308,-1.470886028181054,0,1,0,1.0,1913.516657403472,0.0010135024683689,False,,,,True,train,9.738394,1.2944546,0.6767676767676768,0.18048273,0.4754208754208754,0.1521624,43.23202739089025
WilsMa21,mark-wilson-1,00-0022718,Mark Wilson,TE,2004,5,151,WAS,california,79.0,314.0,5.36,28.5,108.0,24.0,7.53,4.49,,,,,,,,,1.0,1.0,1.0,0.0,0.0,2.0,0,0,0,False,skill_pass,False,False,False,False,18.27,0,1,True,76.08525227951337,68.25,6.01,35.36965229931101,1.9615452649264924,3.722385398561967,3.835315171660583,-1.6258712462961322,-1.3628223146421363,1.2079417149206249,2.1766411408378312,1.4377436709988505,-1.734181502823805,-1.559086980849452,2.09363307128004,3.545791326074893,0,0,1,1.0,1.0,1.0,False,,,,True,train,4.603153,-3.840786,0.11515151515151516,0.14556192,0.017508417508417508,0.07192427,9.30595269391583
GrahJi00,jimmy-graham-1,00-0027696,Jimmy Graham,TE,2010,3,95,NOR,miami,78.0,260.0,4.53,38.5,120.0,,6.9,4.45,,,,,,,,,17.0,213.0,5.0,61.0,39.0,197.0,5,1,10,False,skill_pass,False,True,False,False,41.12,0,0,True,123.48395635638602,79.25,5.675000000000001,30.042735042735043,1.5636213343937997,1.5883346851493745,-0.4275863627327499,1.1535189267344557,0.2902762330826218,,-0.5507884054924707,1.191722680805793,2.0978566724828114,0.6084841025203445,0.1905880850508442,0.952520791047753,0,0,1,1.0,12.529411764705882,0.2941176470588235,False,,,,True,train,32.57021,14.905636,0.9528619528619529,0.40818116,0.8895622895622896,0.5089095,74.24753788725695
ClauJi00,jimmy-clausen-1,00-0027659,Jimmy Clausen,QB,2010,2,48,CAR,notre dame,75.0,222.0,4.76,,,,,,138268289.0,245440425.0,125431723722.0,72528.0,6174.0,625459.0,,203.0,,,,3.0,0.0,21.0,0,0,1,False,skill_pass,False,True,False,False,67.34,0,0,True,86.48786157230727,,,27.745066666666663,0.3698495427957216,0.0865952942294017,0.7536996046292553,,,,,,-0.8931628144618987,,,-0.1660390460824687,1,0,0,,,,True,0.5633476596204557,511.0475331111409,11.747327502429544,False,train,12.025236,-11.517958,0.003367003367003367,0.19801639,0.5744107744107744,0.18789431,19.34110964302864
BradSa00,sam-bradford-1,00-0027854,Sam Bradford,QB,2010,1,1,STL,oklahoma,76.0,236.0,4.79,,,,,,23832839.0,34248369.0,31244720562.0,36502.0,880.0,31424.0,,50.0,,,,44.0,25.0,83.0,0,0,5,False,skill_pass,False,True,False,False,100.0,1,0,True,89.66024989667073,,,28.723684210526315,0.7677734733284143,0.6398677014104442,0.9077803829808228,,,,,,-0.6366850604258038,,,0.3103753450776291,1,0,0,,,,True,0.695882452095748,912.2980589820204,41.47954545454545,False,train,58.908577,22.585083,0.9683501683501684,0.720195,0.9723905723905724,0.9204465,90.99464898759668
SiemTr00,trevor-siemian-1,00-0032156,Trevor Siemian,QB,2015,7,250,DEN,northwestern,,,,,,,,,16128178228.0,26218298392.0,256131221492214.0,36117.0,13911.0,5214868.0,,105.0,1.0,17.0,1.0,16.0,13.0,40.0,0,0,2,False,skill_pass,False,True,True,False,0.25,0,1,True,,,,,,,,,,,,,,,,,1,0,0,,,,False,0.6151496938077872,9769.17791012583,2.596290705197326,False,train,8.092838,2.1190357,0.7501683501683502,0.16863139,0.34545454545454546,0.1264506,42.81746482437709
PaytJo00,jordan-payton-1,00-0032974,Jordan Payton,WR,2016,5,154,CLE,ucla,73.0,207.0,4.47,34.5,121.0,,7.08,4.33,,,,,,,,,18386778.0,2024409541106.0,1175.0,0.0,0.0,4.0,0,0,0,False,skill_pass,False,True,False,False,17.31,0,1,True,103.6979685447808,77.75,5.705,27.307374741977856,-0.4259983182696639,-0.5061965706074296,-0.7357479194358849,0.0417628575222204,0.4280344453930183,,0.2284771791733288,0.4536597102266209,0.4982209417832038,0.3129062275153723,0.3610100241161422,-0.3791179277402624,0,1,0,1.0,110101.37508083254,6.390461667617894e-05,False,,,,True,train,8.851267,0.40732765,0.5595959595959596,0.17401478,0.4047138047138047,0.13830104,36.72443091106736
SmitTr01,trent-smith-1,00-0022110,Trent Smith,TE,2003,7,223,BAL,oklahoma,77.0,243.0,4.79,35.5,118.0,16.0,7.23,4.37,,,,,,1.0,4.0,0.0,,,,0.0,,5.0,0,0,0,False,skill_pass,False,False,False,True,2.33,0,1,True,92.31966408852114,76.75,5.800000000000001,28.812447292966773,1.165697403861107,0.9165039050009656,0.9077803829808228,0.3197018748252792,0.0147598084618287,-0.3286744680125014,0.8778651663948309,0.6996807004196783,-0.4216796735571058,0.1158543108453907,0.9006794978229342,0.3535873334010567,0,0,1,,,,True,,,,True,train,4.4024615,-1.571341,0.2175084175084175,0.14431833,0.012794612794612794,0.06878846,13.21836487913774
RudoJa00,jake-rudock-1,00-0032431,Jake Rudock,QB,2016,6,191,DET,michigan,,,,,,,,,204213249.0,346345389.0,238324363017.0,181620.0,1359.0,676758.0,218176166.0,534.0,1.0,,0.0,0.0,0.0,3.0,0,0,0,False,skill_pass,False,True,True,False,7.55,0,1,True,,,,,,,,,,,,,,,,,1,0,0,,,,True,0.5896231204048165,688.1118403369303,133.64238410596028,False,train,6.9633627,0.39362383,0.5569023569023569,0.16086152,0.22760942760942762,0.10880254,32.22156403477144
HemiTe00,,00-0033112,Temarrick Hemingway,TE,2016,6,177,LAR,south carolina st.,77.0,244.0,4.71,30.5,115.0,18.0,6.88,4.31,,,,,,,,,22.0,3217.0,0.0,0.0,0.0,23.0,0,0,0,False,skill_pass,False,False,False,False,10.77,0,1,True,99.15992588397084,72.75,5.595,28.93101703491314,1.165697403861107,0.9560233626567542,0.4968983073766459,-1.0699932116900148,-0.3985148284693608,0.0554795777207801,-0.6373734704553393,0.3306492151300895,0.1313342714390064,-0.6723533558345351,-0.2638704191232988,0.4113099153983088,0,0,1,1.0,146.22727272727272,0.0,False,,,,True,train,13.586569,7.01683,0.901010101010101,0.21070658,0.6060606060606061,0.21229014,56.62155038133414
RenfSe00,sean-renfree-1,00-0030569,Sean Renfree,QB,2013,7,249,ATL,duke,75.0,219.0,4.76,,,,,,34285282297.0,50464434441.0,330313128913113.0,4141419.0,2171110.0,6515838.0,,441.0,,,,0.0,0.0,2.0,0,0,0,False,skill_pass,False,True,False,False,0.29,0,1,True,85.31910668619501,,,27.37013333333333,0.3698495427957216,-0.0319630787379645,0.7536996046292553,,,,,,-0.9876530210695432,,,-0.3485655467020452,1,0,0,,,,True,0.6793949575930411,6545.463801824538,1.907512286342009,False,train,5.7679505,-0.20585203,0.4208754208754209,0.152956,0.0707070707070707,0.09012423,23.11076267148911
SmitRu01,rusty-smith-1,00-0027775,Rusty Smith,QB,2010,6,176,TEN,florida atlantic,,,,,,,,,108281234145.0,194479435253.0,1285368832241915.0,6322414.0,89145.0,25393714.0,,221.0,1.0,7.0,0.0,1.0,1.0,3.0,0,0,0,False,skill_pass,False,True,True,False,11.03,0,1,True,,,,,,,,,,,,,,,,,1,0,0,,,,False,0.5567747253283413,6609.278922317763,70.922811150373,False,train,9.61752,3.0477815,0.8047138047138047,0.17959055,0.465993265993266,0.15027376,48.10570397120132
AdamJe01,jerell-adams-1,00-0032429,Jerell Adams,TE,2016,6,184,NYG,south carolina,77.0,247.0,4.64,32.5,117.0,,7.05,4.31,,,,,,,,,4132128.0,90187279421.0,1213.0,2.0,2.0,30.0,0,0,0,False,skill_pass,False,True,False,False,9.09,0,1,True,106.57492279412288,74.75,5.68,29.28672626075224,1.165697403861107,1.0745817356241203,0.1373764912229899,-0.5141151770838972,-0.1229984038485677,,0.0985995817290276,0.3306492151300895,0.7308137674058075,-0.2782495224945722,0.2189917415617222,0.5844776613900636,0,0,1,1.0,21825.867790397588,0.0002935533458789,False,,,,True,train,7.0408206,0.47108173,0.5717171717171717,0.16138498,0.23703703703703705,0.110012814,33.037383818014305
ThomMi01,mike-thomas-9,00-0027076,Mike Thomas,WR,2009,4,107,JAX,arizona,68.0,195.0,4.3,40.5,126.0,,6.65,4.28,,,,,,,,,64.0,4142.0,0.0,21.0,20.0,61.0,0,0,2,False,skill_pass,False,True,False,False,35.45,0,0,True,114.0750807081196,83.25,5.465,29.64641003460208,-2.415617970933128,-0.9804300624768948,-1.6088723300947598,1.7093969613405733,1.116825506945001,,-1.633101717528305,0.1461334724853005,1.33717826633073,1.3966917692002705,-1.0023654884062718,0.7595803122714324,0,1,0,1.0,64.71875,0.0,False,,,,True,train,13.603761,3.7493048,0.8343434343434344,0.21084957,0.6074074074074074,0.21255878,53.9900526331631
BoylNi00,,00-0031598,Nick Boyle,TE,2015,5,171,BAL,delaware,76.0,268.0,5.04,30.5,112.0,20.0,7.13,4.23,,,,,,,,,4.0,47.0,0.0,9.0,9.0,90.0,0,0,4,False,skill_pass,False,False,False,False,12.33,0,1,True,83.0697003566504,71.25,5.68,32.61842105263158,0.7677734733284143,1.9044903463956844,2.1917868692438747,-1.0699932116900148,-0.8117894654005504,0.4396336234540616,0.4449398415804949,-0.1613927652560198,-1.1695105442754818,-0.9679312308395074,0.2189917415617222,2.206426251790677,0,0,1,1.0,11.75,0.0,False,,,,True,train,8.534641,0.09070206,0.5205387205387205,0.17175102,0.3811447811447811,0.13335377,34.5465403613117
SpenEv00,evan-spencer-1,00-0031954,Evan Spencer,WR,2015,6,187,WAS,ohio st.,,,,,,,,,1.0,1.0,13.0,1.0,0.0,1.0,9.0,0.0,3122215.0,78136216149.0,1033.0,0.0,,1.0,0,0,0,False,skill_pass,False,True,True,False,8.41,0,1,True,,,,,,,,,,,,,,,,,0,1,0,0.9999999998848166,25025.892242846825,0.0003308548578493,False,,,,False,train,4.725373,-1.8443661,0.2,0.14632364,0.022895622895622896,0.07383395,12.861064215927614
EvanMi00,mike-evans-4,00-0031408,Mike Evans,WR,2014,1,7,TAM,texas a&m,77.0,231.0,4.53,37.0,,12.0,7.08,4.26,,,,,,,,,8269.0,11051394.0,512.0,80.0,80.0,176.0,6,0,11,False,skill_pass,False,True,False,False,95.47,1,0,True,109.7107458397122,,5.67,27.38961038961039,1.165697403861107,0.4422704131315005,-0.4275863627327499,0.7366104007798674,,-1.0969825594790643,0.2284771791733288,0.023122977388769,0.9843353320928008,,0.1621844285399561,-0.3390836505659626,0,1,0,1.0,1336.4849437658725,0.0619180070141492,False,,,,True,train,43.974648,7.6511536,0.9077441077441077,0.5495202,0.9481481481481482,0.68710387,80.00520896098831
LawlKe00,kenny-lawler-1,00-0032453,Kenny Lawler,WR,2016,7,243,SEA,california,74.0,203.0,4.64,31.0,111.0,,7.13,4.2,,,,,,1.0,5.0,0.0,375452.0,347701658.0,5913.0,,,,0,0,0,False,skill_pass,True,True,False,False,0.58,0,1,True,87.58991630448155,71.0,5.665,26.06081081081081,-0.0280743877369711,-0.6642744012305847,0.1373764912229899,-0.9310237030384854,-0.949547677710947,,0.4449398415804949,-0.3459085079008143,-0.8040651083701883,-1.0171942100070028,0.1337807720290732,-0.98597501919075,0,1,0,0.999999985619856,926.0881763847308,0.0157490171846201,False,,,,True,train,8.219,2.2451973,0.7595959595959596,0.16951759,0.3542087542087542,0.12842187,43.42680305503435
UzomC.00,cj-uzomah-1,00-0032134,C.J. Uzomah,TE,2015,5,157,CIN,auburn,,,,,,,,,11.0,31.0,,10.0,10.0,1.0,1.0,0.0,71111.0,136154145.0,133.0,14.0,13.0,113.0,0,0,4,False,skill_pass,False,True,True,False,16.37,0,1,True,,,,,,,,,,,,,,,,,0,0,1,0.9999999926553834,1914.6706557354,0.0018703154223678,False,,,,True,train,6.655612,-1.7883272,0.2026936026936027,0.15879527,0.2101010101010101,0.10399394,17.565548404097957
PruiMy00,,00-0031585,MyCole Pruitt,TE,2015,5,143,MIN,southern illinois,74.0,251.0,4.58,38.0,118.0,17.0,7.25,4.37,,,,,,,,,26510.0,146683136.0,10.0,7.0,1.0,121.0,0,0,1,False,skill_pass,False,False,False,False,20.98,0,1,True,114.08848290597496,78.0,5.8100000000000005,32.222972972972975,-0.0280743877369711,1.2326595662472757,-0.1707850654801405,1.0145494180829262,0.0147598084618287,-0.1365974451458606,0.9644502313576958,0.6996807004196783,1.3382617924484776,0.3621692066828676,0.9574868108447002,2.0139126827380007,0,0,1,1.0,5533.124707657487,0.0003772161448509,False,,,,True,train,8.101918,-0.342021,0.40404040404040403,0.16869503,0.3468013468013468,0.12659247,29.003393305246078
YounTi00,titus-young-1,00-0027982,Titus Young,WR,2011,2,44,DET,boise st.,71.0,174.0,4.43,,123.0,,,,,,,,,1351514.0,665213894.0,2231.0,44107971.0,63916810411215.0,51109.0,8.0,8.0,26.0,0,0,2,False,skill_pass,False,True,False,False,69.87,0,0,True,90.3575275975944,,,24.26542352707796,-1.2218461793350492,-1.8103386732484583,-0.9411889572379736,,0.7035508700138113,,,,-0.5803123215341246,,,-1.8600124253695625,0,1,0,0.9999895926131704,1449098.8581455038,0.0011587248028253,False,,,,True,train,21.254068,-2.2891254,0.17373737373737375,0.28144675,0.7306397306397306,0.33209482,33.83312162405714
ReynJo00,josh-reynolds-1,00-0033943,Josh Reynolds,WR,2017,4,117,LAR,texas a&m,75.0,194.0,4.52,37.0,124.0,,6.83,4.13,,,,,,,,,525161.0,8429071039.0,13512.0,26.0,9.0,121.0,0,0,3,False,skill_pass,False,True,False,False,31.05,0,0,True,92.95611966390554,80.5,5.48,24.24568888888889,0.3698495427957216,-1.0199495201326834,-0.4789466221832755,0.7366104007798674,0.8413090823242079,,-0.8538361328625055,-0.776445240738666,-0.3702242148212666,0.8547989983578214,-0.9171545188736178,-1.8696197185318435,0,1,0,1.0,16050.451269229818,0.0257292525530265,False,,,,True,train,13.383008,3.528552,0.826936026936027,0.20901886,0.6013468013468013,0.2091095,53.466944529151284
RobeMi01,michael-roberts-3,00-0033559,Michael Roberts,TE,2017,4,127,DET,toledo,76.0,270.0,4.86,30.0,110.0,,7.05,4.51,,,,,,,,,42145.0,65234533.0,2416.0,1.0,1.0,23.0,0,0,0,False,skill_pass,False,True,False,False,26.94,0,0,True,96.79405468924487,70.0,5.779999999999999,32.86184210526316,0.7677734733284143,1.983529261707262,1.2673021991344788,-1.208962720341544,-1.0873058900213437,,0.0985995817290276,1.5607541660953763,-0.0599390747973062,-1.2142461266769844,0.7870648717793921,2.324929433460241,0,0,1,1.0,1547.8593664728912,0.0573258986831178,False,,,,True,train,4.946932,-4.907524,0.09090909090909091,0.14771283,0.02962962962962963,0.07729581,8.72912898184324
PilaKe00,kealoha-pilares-1,00-0028070,Kealoha Pilares,WR,2011,5,132,CAR,hawaii,70.0,199.0,4.42,,,19.0,,,,,,,,68561.0,38830013.0,350.0,26296688.0,2492466901306.0,12415.0,1.0,1.0,20.0,0,0,0,False,skill_pass,False,True,False,False,25.0,0,1,True,104.2783125389264,,,28.550408163265303,-1.619770109867742,-0.8223522318537396,-0.9925492166884944,,,0.2475566005874208,,,0.5451399532559447,,,0.2260204271871307,0,1,0,0.9999844212943978,94782.54072550884,0.0004721126858256,False,,,,True,train,8.368021,-0.0759182,0.44242424242424244,0.17056914,0.3616161616161616,0.13075033,30.955682379127758
LeggJo00,jordan-leggett-1,00-0033953,Jordan Leggett,TE,2017,5,150,NYJ,clemson,77.0,258.0,,33.0,114.0,18.0,7.12,4.33,,,,,,,,,12144046.0,176161525736.0,2187.0,1.0,1.0,15.0,0,0,0,False,skill_pass,False,True,False,False,18.6,0,1,True,,73.5,5.725,30.590993422162253,1.165697403861107,1.509295769837797,,-0.3751456684323677,-0.5362730407797573,0.0554795777207801,0.4016473090990625,0.4536597102266209,,-0.524564418332049,0.4746246501596741,1.2194260633598308,0,0,1,1.0,14505.99954380937,0.0001800882506538,False,,,,True,train,7.2279773,-1.2159619,0.24377104377104378,0.1626555,0.25252525252525254,0.11293714,20.31319971395161
HeueJe00,jeff-heuerman-1,00-0032227,Jeff Heuerman,TE,2015,3,92,DEN,ohio st.,77.0,254.0,4.81,,,26.0,,,,,,,,1.0,6.0,0.0,182617.0,2594466207.0,142.0,5.0,5.0,51.0,0,0,3,False,skill_pass,False,True,False,False,42.6,0,0,True,94.9037573058313,,,30.11671445437679,1.165697403861107,1.3512179392146415,1.010500901881865,,,1.5920957606539063,,,-0.2127637538048791,,,0.9885357353708236,0,0,1,0.9999999976873856,14207.14504673716,0.0007775836860752,False,,,,True,train,10.255466,-7.409107,0.046464646464646465,0.18433835,0.5043771043771044,0.16024166,18.837728361238533
HodgBu00,bucky-hodges-1,00-0033966,Bucky Hodges,TE,2017,6,201,MIN,virginia tech,78.0,257.0,4.57,39.0,134.0,18.0,,4.45,,,,,,759.0,202742.0,10.0,454048.0,526530691.0,767.0,,,,0,0,0,False,skill_pass,True,True,False,False,5.6,0,1,True,117.8415153925999,86.5,,29.69608809993425,1.5636213343937997,1.469776312182008,-0.2221453249306614,1.292488435385985,2.2188912054281733,0.0554795777207801,,1.191722680805793,1.641682825618244,2.0371104983777104,,0.7837647808595359,0,0,1,0.9996150956303548,1159.636626524068,0.0016892487137923,False,,,,True,train,8.868183,2.2984443,0.7636363636363637,0.17413637,0.4067340067340067,0.13856536,44.93416935579243
GrayGa00,garrett-grayson-1,00-0032148,Garrett Grayson,QB,2015,3,75,NOR,colorado st.,74.0,213.0,4.75,,,,,,4378297270.0,77138478420.0,54294636964006.0,272332.0,63117.0,47396957.0,,1120.0,21.0,-839.0,1.0,,,,0,0,0,False,skill_pass,True,True,False,False,51.49,0,0,True,83.6825991206329,,,27.344594594594597,-0.0280743877369711,-0.2690798246726971,0.7023393451787344,,,,,,-1.119959580659049,,,-0.360998414622261,1,0,0,,,,False,0.0567589270579236,703.8593199672034,4.314717112663783,False,train,34.535805,16.871231,0.9569023569023569,0.43211928,0.9077441077441077,0.53962195,75.8658017619491
BarkMa00,matt-barkley-1,00-0030533,Matt Barkley,QB,2013,4,98,PHI,southern california,74.0,227.0,4.91,,,,,,211236308246.0,352377446387.0,2735279135283273.0,15263936.0,1412715.0,45342825.0,,2220.0,,,,5.0,1.0,20.0,0,0,1,False,skill_pass,False,True,False,False,39.66,0,0,True,78.11418112004904,,,29.14189189189189,-0.0280743877369711,0.2841925825083454,1.5241034963870883,,,,,,-1.5701489005968825,,,0.5139688317736246,1,0,0,,,,True,0.599460352561863,7762.3558582669375,10.80468176525343,False,train,10.446714,0.59225845,0.5885521885521886,0.18578045,0.5144781144781144,0.16322991,40.81185702156739
JackLa00,lamar-jackson-1,00-0034796,Lamar Jackson,QB,2018,1,32,BAL,louisville,74.0,216.0,,,,,,,135230254.0,247409430.0,184035433660.0,123027.0,8910.0,163260232.0,96015711601.0,112118.0,,,,110.0,110.0,116.0,4,3,6,False,skill_pass,False,True,False,False,77.74,1,0,True,,,,27.72972972972973,-0.0280743877369711,-0.1505214517053308,,,,,,,,,,-0.1735054332517134,1,0,0,,,,True,0.546584881586769,743.8497136507691,13.807744107744108,False,train,53.99485,17.671356,0.9602693602693603,0.6681307,0.9663299663299664,0.84366953,87.97337952045478
SampDe00,demarco-sampson-1,00-0028187,DeMarco Sampson,WR,2011,7,249,ARI,san diego st.,74.0,204.0,4.41,,,14.0,,,,,,,,44.0,-211.0,0.0,6116267.0,601118511220.0,1188.0,0.0,0.0,12.0,0,0,0,False,skill_pass,False,True,False,False,0.29,0,1,True,107.871273323322,,,26.18918918918919,-0.0280743877369711,-0.6247549435747959,-1.0439094761390153,,,-0.712828513745783,,,0.835619685905463,,,-0.9234773587339008,0,1,0,1.0,98281.9277215988,0.0001942361247473,False,,,,True,train,3.2737482,-2.7000544,0.15555555555555556,0.13748798,0.006734006734006734,0.05115231,10.129708081195352
ThomIa00,ian-thomas-3,00-0034365,Ian Thomas,TE,2018,4,101,CAR,indiana,76.0,259.0,4.74,36.0,123.0,,7.15,4.2,,,,,,,,,325.0,28376.0,5.0,8.0,7.0,114.0,0,0,2,False,skill_pass,False,True,False,False,38.23,0,0,True,102.61630984148437,79.5,5.675000000000001,31.523026315789476,0.7677734733284143,1.5488152274935856,0.6509790857282134,0.4586713834768086,0.7035508700138113,,0.5315249065433636,-0.3459085079008143,0.4107721913498123,0.6577470816878399,0.1905880850508442,1.673161934277631,0,0,1,1.0,87.31076923076922,0.0153846153846153,False,,,,True,train,10.962116,1.1076603,0.6552188552188553,0.18971023,0.5360269360269361,0.17128307,44.14915921998145
WeedBr00,brandon-weeden-1,00-0029677,Brandon Weeden,QB,2012,1,22,CLE,oklahoma st.,75.0,221.0,4.89,,,,,,115342408.0,324511564.0,824842774727.0,43437.0,11313.0,141717.0,,1.0,,,,13.0,10.0,35.0,0,0,1,False,skill_pass,False,True,False,False,84.61,1,0,True,77.30130626704195,,,27.62008888888889,0.3698495427957216,0.0470758365736129,1.4213829774860418,,,,,,-1.6358673106069526,,,-0.2268812129556597,1,0,0,,,,True,0.3554338914097988,2541.797785446561,3.839565102094935,False,train,33.417362,-2.9061317,0.14747474747474748,0.41845185,0.8956228956228957,0.5221463,42.62341056498213
AghoNe00,nelson-agholor-1,00-0031549,Nelson Agholor,WR,2015,1,20,PHI,southern california,72.0,198.0,4.42,,,12.0,,,,,,,,124.0,783.0,0.0,1956104.0,3409181313.0,2612.0,36.0,18.0,149.0,0,0,7,False,skill_pass,False,True,False,False,86.02,1,0,True,103.75430091812775,,,26.850694444444443,-0.8239222488023566,-0.8618716895095284,-0.9925492166884944,,,-1.0969825594790643,,,0.502775239403264,,,-0.6014408027687493,0,1,0,0.9999997703261434,1742.842565119237,0.0013353073251728,False,,,,True,train,36.323494,0.0,0.48013468013468014,0.45417264,0.9232323232323232,0.5675546,58.10457865055964
BlacJu00,justin-blackmon-1,00-0029707,Justin Blackmon,WR,2012,1,5,JAX,oklahoma st.,73.0,207.0,4.46,,,14.0,,,,,,,,45.0,777.0,10.0,20111121.0,26017821522.0,22018.0,9.0,9.0,20.0,0,0,1,False,skill_pass,False,True,False,False,96.97,1,0,True,104.631127738828,,,27.307374741977856,-0.4259983182696639,-0.5061965706074296,-0.7871081788864059,,,-0.712828513745783,,,0.573663967597322,,,-0.3791179277402624,0,1,0,0.9999999701358556,1293.7031964553344,0.0010948171412225,False,,,,True,train,36.370655,0.047161102,0.5097643097643098,0.45475727,0.9245791245791246,0.5682915,59.343130797348444
MitcDi00,dillon-mitchell-1,00-0035002,Dillon Mitchell,WR,2019,7,239,MIN,oregon,73.0,197.0,4.46,36.5,122.0,12.0,,4.29,,,,,,41.0,65.0,0.0,24275.0,95171184.0,410.0,,,,0,0,0,False,skill_pass,True,True,False,False,0.84,0,1,True,99.5764838867107,79.25,,25.988177894539312,-0.4259983182696639,-0.9013911471653172,-0.7871081788864059,0.597640892128338,0.5657926577034149,-1.0969825594790643,,0.2076387200335635,0.1650116936347642,0.6084841025203445,,-1.0213344574113168,0,1,0,0.9999993170206268,3920.543110195674,0.0168898043254376,False,,,,True,train,6.2713633,0.2975607,0.5454545454545454,0.15624565,0.1723905723905724,0.09799005,30.350707373208667
FalkLu00,luke-falk-1,00-0034412,Luke Falk,QB,2018,6,199,TEN,washington st.,76.0,215.0,,26.5,103.0,,,,156448443357.0,243645633534.0,1859456644683592.8,13383830.0,781113.0,36826667.0,,1300.0,,,,1.0,,3.0,0,0,0,False,skill_pass,False,True,False,False,5.97,0,1,True,,64.75,,26.167763157894736,0.7677734733284143,-0.1900409093611196,,-2.18174928090225,-2.051613376194119,,,,,-2.248768689194387,,-0.9339080624528072,1,0,0,,,,True,0.6421147019454716,7631.807792788173,17.134307072088163,False,train,2.5393534,-4.0303855,0.10976430976430976,0.13319123,0.003367003367003367,0.039677396,7.915284907250894
EnunQu00,quincy-enunwa-1,00-0031023,Quincy Enunwa,WR,2014,6,209,NYJ,nebraska,74.0,225.0,4.41,,,19.0,,,,,,,,3.0,-1.0,0.0,1214251.0,10293470753.0,2112.0,13.0,13.0,41.0,0,0,2,False,skill_pass,False,True,False,False,4.25,0,1,True,118.97566910660515,,,28.885135135135137,-0.0280743877369711,0.2051536671967679,-1.0439094761390153,,,0.2475566005874208,,,1.7333756348073988,,,0.3889735108599279,0,1,0,1.0,8477.218262945635,0.001739343842418,False,,,,True,train,6.1124325,-0.45730639,0.3845117845117845,0.15520093,0.15824915824915825,0.09550676,23.559608301655814
CoalDa00,danny-coale-1,00-0029633,Danny Coale,WR,2012,5,152,DAL,virginia tech,72.0,201.0,4.42,35.0,115.0,12.0,6.69,4.15,,,,,,6214.0,,0.0,36303960.0,408614732904.0,233.0,,,,0,0,0,False,skill_pass,True,False,False,False,17.95,0,1,True,105.32633578052364,75.0,5.42,27.25752314814815,-0.8239222488023566,-0.7433133165421622,-0.9925492166884944,0.1807323661737498,-0.3985148284693608,-1.0969825594790643,-1.4599315876025711,-0.6534347456421347,0.6298693809613083,-0.2289865433270768,-1.2579983970042237,-0.4033868741450764,0,1,0,1.0,11255.376352992896,6.418032633354598e-06,False,,,,True,train,8.739692,0.29575253,0.5447811447811448,0.17321439,0.39326599326599326,0.13655768,35.85200729002857
MurrKy00,kyler-murray-1,00-0035228,Kyler Murray,QB,2019,1,1,ARI,oklahoma,70.0,207.0,,,,,,,7218259.0,12121376.0,6863594364.0,5342.0,707.0,5314140.0,3351421001.0,1012.0,,,,71.0,71.0,87.0,2,0,5,False,skill_pass,False,True,False,False,100.0,1,0,True,,,,29.69816326530612,-1.619770109867742,-0.5061965706074296,,,,,,,,,,0.7847750209205258,1,0,0,,,,True,0.5954983163627627,566.2388794803494,7.555869872701556,False,train,64.43321,28.109718,0.9797979797979798,0.7723557,0.9824915824915825,1.0,94.28886554779028
HazeMa01,,00-0031315,Matt Hazel,WR,2014,6,190,MIA,coastal carolina,73.0,198.0,4.5,36.5,118.0,15.0,7.08,4.2,,,,,,,,,346.0,284583.0,0.0,0.0,0.0,9.0,0,0,0,False,skill_pass,False,False,False,False,7.76,0,1,True,96.57064471879286,77.25,5.640000000000001,26.12009757928317,-0.4259983182696639,-0.8618716895095284,-0.5816671410843175,0.597640892128338,0.0147598084618287,-0.5207514908791422,0.2284771791733288,-0.3459085079008143,-0.0780010778032903,0.2143802691803815,-0.0082375105253417,-0.9571128044442104,0,1,0,1.0,822.4942196531792,0.0,False,,,,True,train,6.674944,0.10520506,0.5225589225589226,0.1589244,0.21144781144781144,0.10429599,30.395721086423205
MurrAa00,aaron-murray-1,00-0031287,Aaron Murray,QB,2014,5,163,KAN,georgia,72.0,207.0,4.84,,,,,,209238249225.0,342403386347.0,3049314938933075.0,24353626.0,814109.0,87875953.0,,4237.0,1.0,-3.0,0.0,,,,0,0,0,False,skill_pass,True,True,False,False,14.57,0,1,True,75.44299039329283,,,28.07118055555556,-0.8239222488023566,-0.5061965706074296,1.1645816802334323,,,,,,-1.7861063837772997,,,-0.0072790168977324,1,0,0,,,,False,0.6110869739265745,8905.621441029863,29.91445371565724,False,train,14.666666,6.222727,0.8895622895622896,0.21982835,0.6276094276094276,0.22916666,57.114580315973626
SampDr00,drew-sample-1,00-0035631,Drew Sample,TE,2019,2,52,CIN,washington,77.0,255.0,4.71,33.5,115.0,,7.15,4.31,,,,,,,,,59724.0,4510684245.0,2003.0,7.0,7.0,95.0,0,0,3,False,skill_pass,False,True,False,False,64.86,0,0,True,103.6302504115269,74.25,5.73,30.23528419632316,1.165697403861107,1.3907373968704306,0.4968983073766459,-0.2361761597808383,-0.3985148284693608,,0.5315249065433636,0.3306492151300895,0.4927461407977476,-0.3767754808295629,0.5030283066705622,1.046258317368076,0,0,1,1.0,75525.48799477598,0.0335376063224164,False,,,,True,train,22.32835,-1.2148438,0.24444444444444444,0.29243594,0.7528619528619529,0.34888047,37.661345187110534
EberJe00,jeremy-ebert-1,00-0029552,Jeremy Ebert,WR,2012,7,235,NWE,northwestern,,,,,,,,,20.0,21.0,600.0,0.0,0.0,54.0,2126.0,0.0,15216275.0,1612269531060.0,20811.0,0.0,,5.0,0,0,0,False,skill_pass,False,True,True,False,1.14,0,1,True,,,,,,,,,,,,,,,,,0,1,0,0.999999998681362,105956.9133089406,0.0013676803291212,False,,,,False,train,6.1087723,0.13496971,0.5265993265993266,0.15517692,0.15757575757575756,0.09544957,29.22801793138387
SmitKa00,kaden-smith-1,00-0034988,Kaden Smith,TE,2019,6,176,SFO,stanford,77.0,255.0,4.92,32.0,108.0,15.0,7.08,4.47,,,,,,,,,2347.0,414635.0,52.0,3.0,,33.0,0,0,1,False,skill_pass,False,False,False,False,11.03,0,1,True,87.03817275207426,70.0,5.775,30.23528419632316,1.165697403861107,1.3907373968704306,1.5754637558376092,-0.6530846857354266,-1.3628223146421363,-0.5207514908791422,0.2284771791733288,1.314733175902319,-0.8486718628581376,-1.2142461266769844,0.7586612152685142,1.046258317368076,0,0,1,1.0,176.66595654026418,0.0221559437579889,False,,,,True,train,7.773505,1.2037663,0.6693602693602694,0.16640478,0.3178451178451178,0.12146102,38.88862933323841
LatiCo00,cody-latimer-1,00-0031344,Cody Latimer,WR,2014,2,56,DEN,indiana,74.0,215.0,4.52,,,23.0,,,,,,,,2.0,3.0,0.0,125172.0,1418051096.0,269.0,6.0,3.0,66.0,0,0,1,False,skill_pass,False,True,False,False,62.42,0,0,True,103.01838003989532,,,27.60135135135135,-0.0280743877369711,-0.1900409093611196,-0.4789466221832755,,,1.015864692053984,,,0.4432783195124115,,,-0.2360030937085626,0,1,0,0.9999999978844204,11328.82031125172,0.0021490429169462,False,,,,True,train,20.978716,-2.564478,0.1622895622895623,0.27867085,0.7279461279461279,0.32779244,33.17977049299562
CunnJu00,justice-cunningham-1,00-0030129,Justice Cunningham,TE,2013,7,254,IND,south carolina,75.0,258.0,4.94,31.5,116.0,,7.12,4.45,,,,,,,,,271823.0,2392142324.0,10.0,0.0,0.0,3.0,0,0,0,False,skill_pass,False,True,False,False,0.12,0,1,True,86.64468076385434,73.75,5.785,32.24426666666667,0.3698495427957216,1.509295769837797,1.6781842747386555,-0.7920541943869559,-0.2607566161589643,,0.4016473090990625,1.191722680805793,-0.8804844693397519,-0.4753014391645537,0.8154685282902802,2.0242789613524432,0,0,1,1.0,8800.367606861819,3.6788645552436696e-05,False,,,,True,train,4.8041973,-1.1696053,0.2518518518518518,0.14681664,0.024242424242424242,0.07506558,14.996567059207946
FulgTr00,travis-fulgham-1,00-0035592,Travis Fulgham,WR,2019,6,184,DET,old dominion,74.0,215.0,4.58,36.5,126.0,15.0,,,,,,,,,,,6293063.0,894783941083.0,819.0,4.0,0.0,17.0,0,0,1,False,skill_pass,False,True,False,False,9.09,0,1,True,97.72519452105423,81.25,,27.60135135135135,-0.0280743877369711,-0.1900409093611196,-0.1707850654801405,0.597640892128338,1.116825506945001,-0.5207514908791422,,,0.0153406918447342,1.0025879358603076,,-0.2360030937085626,0,1,0,1.0,142185.759316727,0.0001301433022361,False,,,,True,train,7.2393,0.6695609,0.5993265993265994,0.1627326,0.25387205387205386,0.11311406,34.567438327754395
HernAa00,aaron-hernandez-1,00-0027713,Aaron Hernandez,TE,2010,4,113,NWE,florida,74.0,245.0,4.64,,,,,,,,,,,1.0,16.0,0.0,93468.0,151381850.0,255.0,21.0,21.0,38.0,0,0,2,False,skill_pass,False,True,False,False,32.78,0,0,True,105.71196795368463,,,31.4527027027027,-0.0280743877369711,0.995542820312543,0.1373764912229899,,,,,,0.6610465457796264,,,1.6389267199969055,0,0,1,0.9999998943070236,1619.6115247999314,0.0027282064449865,False,,,,True,train,9.56334,-0.29111576,0.4094276094276094,0.17919175,0.4599326599326599,0.14942719,32.14813656134136
BryaDe01,dez-bryant-1,00-0027902,Dez Bryant,WR,2010,1,24,DAL,oklahoma st.,74.0,225.0,4.52,,,,,,,,,,,1.0,7.0,0.0,388717.0,5531480323.0,6194.0,61.0,61.0,119.0,3,1,7,False,skill_pass,False,True,False,False,83.21,1,0,True,107.80993259989044,,,28.885135135135137,-0.0280743877369711,0.2051536671967679,-0.4789466221832755,,,,,,0.8306604787189242,,,0.3889735108599279,0,1,0,0.999999998734516,14230.096247398493,0.0159344716078792,False,,,,True,train,37.82031,1.4968147,0.696969696969697,0.4727808,0.931986531986532,0.5909423,67.79298086078079
QuarAn00,andrew-quarless-1,00-0027753,Andrew Quarless,TE,2010,5,154,GNB,penn st.,76.0,254.0,4.68,32.0,112.0,23.0,,,,,,,,,,,21141141.0,288205117536.0,2213.0,9.0,9.0,60.0,0,0,2,False,skill_pass,False,True,False,False,17.31,0,1,True,105.89618144626756,72.0,,30.914473684210527,0.7677734733284143,1.3512179392146415,0.3428175290250784,-0.6530846857354266,-0.8117894654005504,1.015864692053984,,,0.6759396351526905,-0.8201422933370213,,1.3769039801037186,0,0,1,1.0,13632.42965628014,0.0001046774154715,False,,,,True,train,7.397875,-1.0460644,0.2713804713804714,0.1638158,0.26397306397306397,0.11559179,21.722832021739347
CarrLe00,leonte-carroo-1,00-0033060,Leonte Carroo,WR,2016,3,86,MIA,rutgers,72.0,211.0,4.5,35.5,120.0,14.0,,,,,,,,,,,285539.0,4781086809.0,91010.0,2.0,2.0,37.0,0,0,0,False,skill_pass,False,True,False,False,45.64,0,0,True,102.91114159426915,77.75,,28.613618827160494,-0.8239222488023566,-0.3481187399842746,-0.5816671410843175,0.3197018748252792,0.2902762330826218,-0.712828513745783,,,0.4346084238791157,0.3129062275153723,,0.256792887933829,0,1,0,1.0,16744.076322323745,0.3187305411870182,False,,,,True,train,16.671211,-0.9933624,0.2760942760942761,0.23749918,0.6545454545454545,0.26048768,34.094417346145974
DorsKe00,ken-dorsey-1,00-0022039,Ken Dorsey,QB,2003,7,241,SFO,miami,77.0,208.0,4.7,,,,,,,,,,,1.0,4.0,0.0,3154518.0,17187573311.0,234.0,2.0,1.0,16.0,0,0,0,False,skill_pass,False,True,False,True,0.71,0,1,True,85.2514744303982,,,24.66250632484399,1.165697403861107,-0.4666771129516409,0.4455380479261249,,,,,,-0.9931208791290196,,,-1.666703036502749,1,0,0,,,,False,,,,True,train,4.981812,-0.99199057,0.27744107744107743,0.14793253,0.030303030303030304,0.07784081,16.219170635911052
HuntJu00,justin-hunter-1,00-0030521,Justin Hunter,WR,2013,2,34,TEN,tennessee,76.0,196.0,4.44,39.5,136.0,,,4.33,,,,,,,,,161773.0,4153141083.0,729.0,9.0,7.0,60.0,0,0,1,False,skill_pass,False,True,False,False,76.4,0,0,True,100.86818041595316,87.75,,23.855263157894736,0.7677734733284143,-0.940910604821106,-0.8898286977874479,1.4314579440375144,2.494407630048966,,,0.4536597102266209,0.2694413506764487,2.283425394215187,,-2.0596882883136782,0,1,0,1.0,25672.646751930173,0.004506314403516,False,,,,True,train,26.119442,2.5762482,0.7811447811447811,0.33313763,0.8094276094276094,0.40811628,62.25942153430949
KasaNi00,nick-kasa-1,00-0030512,Nick Kasa,TE,2013,6,172,OAK,colorado,78.0,269.0,4.71,31.5,113.0,22.0,,,,,,,,,,,125.0,8391.0,3.0,0.0,0.0,16.0,0,0,0,False,skill_pass,False,True,False,False,12.06,0,1,True,109.31975435568916,72.25,,31.08267587113741,1.5636213343937997,1.944009804051473,0.4968983073766459,-0.7920541943869559,-0.6740312530901539,0.8237876691873433,,,0.9527248836179636,-0.7708793141695259,,1.458788821612406,0,0,1,1.0,67.128,0.024,False,,,,True,train,5.236015,-1.333724,0.23164983164983166,0.14954181,0.04107744107744108,0.08181273,14.714632966326743
SwopRy00,ryan-swope-1,,Ryan Swope,WR,2013,6,174,ARI,texas a&m,72.0,205.0,4.34,37.0,125.0,16.0,6.76,4.25,,,,,,1171.0,,0.0,19728972.0,1728251207913.0,14118.0,,,,0,0,0,False,skill_pass,True,False,False,False,11.54,0,1,True,115.5646314647894,81.0,5.505,27.799961419753085,-0.8239222488023566,-0.5852354859190071,-1.4034312922926713,0.7366104007798674,0.9790672946346044,-0.3286744680125014,-1.1568838602325402,-0.0383822701594938,1.457603823838759,0.953324956692812,-0.7751362363192028,-0.1393149693135149,0,1,0,1.0,87599.65840658094,0.0007155973458728,False,,,,True,train,10.499676,3.929937,0.837037037037037,0.18618137,0.5158249158249159,0.16405743,50.80275602247378
ThorCl00,clayton-thorson-1,00-0035283,Clayton Thorson,QB,2019,5,167,PHI,northwestern,76.0,222.0,,,,,,,150280262298.0,295478434490.0,1522318228443181.0,7221517.0,991215.0,100978778.0,,5589.0,11.0,24.0,0.0,,,,0,0,0,False,skill_pass,True,True,False,False,13.43,0,1,True,,,,27.019736842105264,0.7677734733284143,0.0865952942294017,,,,,,,,,,-0.5191469266093279,1,0,0,,,,False,0.5085997648437047,5152.045126645957,7.285520295798591,False,train,9.104923,0.66098404,0.5986531986531987,0.17584527,0.4276094276094276,0.14226443,38.86051050744174
MaylVi00,vince-mayle-1,00-0032188,Vince Mayle,WR,2015,4,123,CLE,washington st.,74.0,224.0,4.67,35.5,117.0,,6.93,4.13,,,,,,,,,42106.0,5391483.0,79.0,0.0,,23.0,0,0,0,False,skill_pass,False,True,False,False,28.55,0,0,True,94.1912351069804,76.25,5.529999999999999,28.75675675675676,-0.0280743877369711,0.1656342095409792,0.2914572695745574,0.3197018748252792,-0.1229984038485677,,-0.4209108080481732,-0.776445240738666,-0.2703689630595851,0.0173283525104,-0.6331179537647879,0.3264758504030787,0,1,0,1.0,128.04548045409206,0.0018762171661995,False,,,,True,train,9.620221,-0.23423481,0.41818181818181815,0.17961045,0.4666666666666667,0.15031596,32.65913434891087
KittGe00,george-kittle-1,00-0033288,George Kittle,TE,2017,5,146,SFO,iowa,76.0,247.0,4.52,35.0,132.0,18.0,,,,,,,,,,,512022.0,10825290314.0,64.0,60.0,60.0,124.0,7,2,7,False,skill_pass,False,True,False,False,19.94,0,1,True,118.35134823187973,83.5,,30.0625,0.7677734733284143,1.0745817356241203,-0.4789466221832755,0.1807323661737498,1.94337478080738,0.0554795777207801,,,1.6829012289732528,1.445954748367766,,0.9621428442602392,0,0,1,1.0,21142.23668904852,0.000124994629137,False,,,,True,train,13.748258,5.3043184,0.8720538720538721,0.21205424,0.6101010101010101,0.21481653,55.621590499223686
ParkDe01,devante-parker-1,00-0031547,DeVante Parker,WR,2015,1,14,MIA,louisville,75.0,209.0,4.45,36.5,125.0,17.0,,,,,,,,,,,18405543.0,291744885855.0,610125.0,36.0,32.0,119.0,0,0,6,False,skill_pass,False,True,False,False,90.32,1,0,True,106.59485369673038,80.75,,26.120355555555555,0.3698495427957216,-0.4271576552958521,-0.8384684383369269,0.597640892128338,0.9790672946346044,-0.1365974451458606,,,0.7324251190481739,0.9040619775253168,,-0.9569872154339644,0,1,0,1.0,15850.925226981894,0.0331489812606995,False,,,,True,train,27.13533,-9.188164,0.017508417508417508,0.34451598,0.8316498316498316,0.42398953,32.70344450076421
WimsJa00,javon-wims-1,00-0034426,Javon Wims,WR,2018,7,224,CHI,georgia,75.0,215.0,4.53,33.5,113.0,,7.0,,,,,,,,,,1746.0,190724.0,17.0,1.0,1.0,34.0,0,0,0,False,skill_pass,False,True,False,False,2.22,0,1,True,102.11173314085768,73.25,,26.87022222222222,0.3698495427957216,-0.1900409093611196,-0.4275863627327499,-0.2361761597808383,-0.6740312530901539,,-0.1178630806781384,,0.3699787304983127,-0.5738273974995445,,-0.5919342141948128,0,1,0,1.0,109.2348224513173,0.0097365406643757,False,,,,True,train,7.4580617,1.4842591,0.694949494949495,0.16422844,0.27003367003367,0.11653222,38.813866339498496
DobsAa00,aaron-dobson-1,00-0030540,Aaron Dobson,WR,2013,2,59,NWE,marshall,75.0,210.0,4.37,,,,,,,,,,,21.0,181.0,0.0,15444957.0,362689668679.0,45123.0,6.0,6.0,24.0,0,0,1,False,skill_pass,False,True,False,False,60.63,0,0,True,115.16580364497754,,,26.24533333333333,0.3698495427957216,-0.3876381976400633,-1.249350513941104,,,,,,1.425359831926772,,,-0.8961450485607715,0,1,0,0.9999999995009508,23482.724405059853,0.0029215361363582,False,,,,True,train,18.629393,-4.913801,0.08956228956228957,0.25568265,0.6855218855218855,0.29108426,28.228267506969097
LandJa00,jarvis-landry-1,00-0031382,Jarvis Landry,WR,2014,2,63,MIA,louisiana state,71.0,205.0,4.65,28.5,110.0,12.0,,,,,,,,,,,45677.0,435731193.0,510.0,56.0,28.0,132.0,5,0,8,False,skill_pass,False,True,False,False,58.27,0,0,True,87.69443718224883,69.25,,28.5885736956953,-1.2218461793350492,-0.5852354859190071,0.1887367506735154,-1.6258712462961322,-1.0873058900213437,-1.0969825594790643,,,-0.7956149196673241,-1.3620350641794703,,0.2446003198224335,0,1,0,1.0,9539.40042034284,0.0111653567440944,False,,,,True,train,29.391405,5.8482113,0.8835016835016835,0.37041664,0.8612794612794613,0.45924073,69.1588043799304
StreTo00,tommy-streeter-1,00-0029300,Tommy Streeter,WR,2012,6,198,BAL,miami,77.0,219.0,4.37,33.0,125.0,17.0,7.08,,,,,,,,,,5146.0,11442811.0,18.0,0.0,,2.0,0,0,0,False,skill_pass,False,True,False,False,6.15,0,1,True,120.10148094404802,79.0,,25.96677348625401,1.165697403861107,-0.0319630787379645,-1.249350513941104,-0.3751456684323677,0.9790672946346044,-0.1365974451458606,0.2284771791733288,,1.824394029156247,0.5592211233528491,,-1.031754634532982,0,1,0,1.0,2223.6321414691024,0.0034978624174115,False,,,,True,train,8.395915,1.8261762,0.7239057239057239,0.17076656,0.3656565656565657,0.13118617,42.30841496115181
BrowAJ00,aj-brown-3,00-0035676,A.J. Brown,WR,2019,2,51,TEN,mississippi,72.0,226.0,4.49,36.5,120.0,19.0,,,,,,,,,,,297585.0,41212521355.0,2116.0,73.0,25.0,105.0,3,0,6,False,skill_pass,False,True,False,False,65.47,0,0,True,111.21236356823478,78.25,,30.647762345679013,-0.8239222488023566,0.2446731248525567,-0.6330274005348384,0.597640892128338,0.2902762330826218,0.2475566005874208,,,1.105736466838665,0.411432185850363,,1.247062531052188,0,1,0,1.0,138489.9149990759,0.0071105734496026,False,,,,True,train,26.760386,3.2171917,0.8141414141414142,0.34029478,0.8215488215488216,0.41813102,64.16514933450456
MettZa00,zach-mettenberger-1,00-0031266,Zach Mettenberger,QB,2014,6,178,TEN,louisiana state,77.0,224.0,,,,,,,8207192.0,11352296.0,9226093082.0,11222.0,78.0,24734.0,,0.0,,,,1.0,1.0,14.0,0,0,1,False,skill_pass,False,True,False,False,10.53,0,1,True,,,,26.55962219598583,1.165697403861107,0.1656342095409792,,,,,,,,,,-0.7431417245467244,1,0,0,,,,True,0.7229543697592099,812.7072340256103,143.87179487179486,False,train,6.979697,0.40995836,0.5602693602693603,0.16097179,0.22962962962962963,0.10905777,32.40395816074377
KnoxDa00,dawson-knox-1,00-0035689,Dawson Knox,TE,2019,3,96,BUF,mississippi,76.0,254.0,,34.5,,16.0,7.12,4.27,,,,,,,,,2414.0,321278.0,0.0,25.0,25.0,102.0,1,0,6,False,skill_pass,False,True,False,False,40.63,0,0,True,,,5.695,30.914473684210527,0.7677734733284143,1.3512179392146415,,0.0417628575222204,,-0.3286744680125014,0.4016473090990625,0.084628224937032,,,0.3042027110943762,1.3769039801037186,0,0,1,1.0,133.08947804473902,0.0,False,,,,True,train,13.448207,-4.216367,0.10572390572390572,0.20955835,0.604040404040404,0.21012823,24.703496395588324
PeelJu00,justin-peelle-1,00-0021227,Justin Peelle,TE,2002,4,103,SDG,oregon,76.0,255.0,4.75,29.0,110.0,21.0,7.34,4.29,,,,,,,,,,,,8.0,2.0,151.0,0,0,4,False,skill_pass,False,False,False,True,37.29,0,0,True,100.18339331343375,69.5,5.815,31.036184210526315,0.7677734733284143,1.3907373968704306,0.7023393451787344,-1.486901737644603,-1.0873058900213437,0.6317106463207024,1.3540830236905956,0.2076387200335635,0.2140784379150359,-1.312772085011975,0.9858904673555782,1.4361555709385003,0,0,1,,,,True,,,,True,train,8.468513,-1.3859434,0.22626262626262628,0.17128119,0.37037037037037035,0.13232051,22.529946585922733
DreeJo00,joel-dreessen-1,00-0023630,Joel Dreessen,TE,2005,6,198,NYJ,colorado st.,76.0,260.0,4.72,36.0,113.0,22.0,7.09,4.01,,,,,,,,,,,,16.0,0.0,120.0,0,0,4,False,skill_pass,False,False,False,True,6.15,0,1,True,104.76961526523806,74.5,5.55,31.644736842105264,0.7677734733284143,1.5883346851493745,0.5482585668271669,0.4586713834768086,-0.6740312530901539,0.8237876691873433,0.2717697116547612,-1.5145082113178383,0.5848602544651327,-0.3275125016620676,-0.5195033277212509,1.7324135251124144,0,0,1,,,,True,,,,True,train,6.6844177,0.11467886,0.5245791245791246,0.15898775,0.21212121212121213,0.10444403,30.49422482639451
ButlHa00,hakeem-butler-1,00-0035529,Hakeem Butler,WR,2019,4,103,ARI,iowa st.,77.0,227.0,4.48,36.0,128.0,18.0,,,,,,,,,,,94160.0,1346971318.0,279.0,0.0,,2.0,0,0,0,False,skill_pass,False,True,False,False,37.29,0,0,True,112.70515921710675,82.0,,26.915331421824927,1.165697403861107,0.2841925825083454,-0.6843876599853594,0.4586713834768086,1.392341931565794,0.0554795777207801,,,1.2264243638143184,1.1503768733627937,,-0.5699739785549697,0,1,0,1.0,14305.132943925231,0.0029630416312659,False,,,,True,train,12.966498,3.1120424,0.8101010101010101,0.20559664,0.5952861952861953,0.20260152,52.4737279405598
ScaiBo00,bo-scaife-1,00-0023612,Bo Scaife,TE,2005,6,179,TEN,texas,75.0,249.0,4.75,32.5,114.0,24.0,7.21,4.12,,,,,,,,,,,,20.0,20.0,90.0,0,0,4,False,skill_pass,False,False,False,True,10.28,0,1,True,97.82613700017647,73.25,5.665,31.119466666666668,0.3698495427957216,1.153620650935698,0.7023393451787344,-0.5141151770838972,-0.5362730407797573,1.2079417149206249,0.7912801014319621,-0.8379504882869291,0.0235015781187379,-0.5738273974995445,0.1337807720290732,1.476699459493715,0,0,1,,,,True,,,,True,train,7.2487245,0.6789856,0.6013468013468013,0.16279684,0.2545454545454545,0.11326132,34.66594448916438
DunsDr00,drake-dunsmore-1,00-0029147,Drake Dunsmore,TE,2012,7,233,TAM,northwestern,74.0,241.0,4.63,35.5,117.0,21.0,6.73,4.03,,,,,,,,,11474045.0,141523381522.0,356.0,,,,0,0,0,False,skill_pass,True,False,False,False,1.31,0,1,True,104.88734061831344,76.25,5.380000000000001,30.93918918918919,-0.0280743877369711,0.837464989689388,0.0860162317724689,0.3197018748252792,-0.1229984038485677,0.6317106463207024,-1.2867614576768376,-1.391497716221307,0.5943779840312127,0.0173283525104,-1.4852276490912877,1.3889360781695104,0,0,1,1.0,12334.218797468548,3.102654730742297e-05,False,,,,True,train,7.265517,1.2917147,0.6760942760942761,0.16291131,0.25521885521885523,0.11352371,37.67684868612775
BrowMa04,marquise-brown-1,00-0035662,Marquise Brown,WR,2019,1,25,BAL,oklahoma,69.0,166.0,,,,,,,,,,,,12.0,0.0,0.0,5775.0,10951318.0,710.0,39.0,24.0,90.0,0,0,4,False,skill_pass,False,True,False,False,82.52,1,0,True,,,,24.511237135055666,-2.0176940404004347,-2.1264943344947684,,,,,,,,,,-1.7403444906198056,0,1,0,1.0,1896.332121212121,0.1229437229437229,False,,,,True,train,33.571293,-2.752201,0.15286195286195287,0.420326,0.896969696969697,0.52455145,42.951421116839356
DaviVe00,vernon-davis-1,00-0024221,Vernon Davis,TE,2006,1,6,SFO,maryland,75.0,254.0,4.38,42.0,128.0,33.0,7.0,4.17,,,,,,,,,,,,51.0,42.0,198.0,2,0,11,False,skill_pass,False,False,False,True,96.22,1,0,True,138.02802386315946,85.0,5.585,31.744355555555558,0.3698495427957216,1.3512179392146415,-1.197990254490583,2.126305487295161,1.392341931565794,2.936634920720392,-0.1178630806781384,-0.5304242505456087,3.2736994090226585,1.7415326233727382,-0.3206777321450648,1.7809102938596737,0,0,1,,,,True,,,,True,train,43.047638,6.724144,0.8956228956228957,0.5380219,0.9461279461279462,0.67261934,78.96030004578407
BajeBi00,billy-bajema-1,00-0023679,Billy Bajema,TE,2005,7,249,SFO,oklahoma st.,77.0,261.0,4.74,31.5,113.0,16.0,7.05,4.25,,,,,,,,,,,,2.0,0.0,120.0,0,0,4,False,skill_pass,False,False,False,True,0.29,0,1,True,103.40871377848424,72.25,5.65,30.94670264800135,1.165697403861107,1.6278541428051632,0.6509790857282134,-0.7920541943869559,-0.6740312530901539,-0.3286744680125014,0.0985995817290276,-0.0383822701594938,0.4748355913094845,-0.7708793141695259,0.0485698024964242,1.3925938093515855,0,0,1,,,,True,,,,True,train,6.166179,0.19237661,0.5346801346801346,0.15555358,0.16296296296296298,0.09634655,29.68446733862764
ProeAu00,austin-proehl-1,00-0034442,Austin Proehl,WR,2018,7,255,BUF,north carolina,,,,,,,,,10.0,11.0,80.0,0.0,0.0,11.0,4.0,0.0,15124321.0,106225597337.0,131.0,,,,0,0,0,False,skill_pass,True,True,True,False,0.09,0,1,True,,,,,,,,,,,,,,,,,0,1,0,0.9999999999623445,7023.495291920874,8.661545863777952e-06,False,,,,False,train,4.8263845,-1.147418,0.25521885521885523,0.14695565,0.024915824915824916,0.07541226,15.154428901809336
TateAu00,auden-tate-1,00-0034686,Auden Tate,WR,2018,7,253,CIN,florida st.,77.0,228.0,4.68,31.0,112.0,,,,,,,,,,,,2540.0,409548.0,610.0,5.0,5.0,35.0,0,0,1,False,skill_pass,False,True,False,False,0.15,0,1,True,95.05641484153148,71.5,,27.033901163771294,1.165697403861107,0.3237120401641342,0.3428175290250784,-0.9310237030384854,-0.8117894654005504,,,,-0.2004218656468697,-0.918668251672012,,-0.5122513965577175,0,1,0,1.0,161.23937007874017,0.2401574803149606,False,,,,True,train,6.9691086,0.995306,0.6430976430976431,0.16090031,0.22828282828282828,0.10889232,35.68541506394393
LewiMa00,marcedes-lewis-1,00-0024243,Marcedes Lewis,TE,2006,1,28,JAX,ucla,78.0,261.0,4.8,37.0,118.0,23.0,7.24,4.82,,,,,,,,,,,,35.0,33.0,290.0,1,0,15,False,skill_pass,False,False,False,True,80.45,1,0,True,98.3344184027778,77.5,6.03,30.15828402366864,1.5636213343937997,1.6278541428051632,0.959140642431344,0.7366104007798674,0.0147598084618287,1.015864692053984,0.9211576988762634,3.467416840091573,0.0645945526314512,0.2636432483478769,2.2072476973235773,1.0087727944438254,0,0,1,,,,True,,,,True,train,27.55317,-8.770325,0.024242424242424242,0.34924906,0.8390572390572391,0.43051824,33.346187695007934
KlopJo00,joe-klopfenstein-1,00-0024261,Joe Klopfenstein,TE,2006,2,46,STL,colorado,78.0,255.0,4.63,36.0,112.0,27.0,7.39,4.21,,,,,,,,,,,,3.0,3.0,49.0,0,0,3,False,skill_pass,False,False,False,True,68.6,0,0,True,110.9803811521574,74.0,5.8,29.464990138067066,1.5636213343937997,1.3907373968704306,0.0860162317724689,0.4586713834768086,-0.8117894654005504,1.7841727835205472,1.5705456860977616,-0.2844032603525513,1.0869814081989468,-0.4260384599970583,0.9006794978229292,0.6712607740673912,0,0,1,,,,True,,,,True,train,22.363276,-1.1799183,0.2505050505050505,0.29279742,0.7548821548821549,0.34942618,37.96231749633747
JackTa00,tarvaris-jackson-1,00-0024279,Tarvaris Jackson,QB,2006,2,64,MIN,alabama st.,74.0,226.0,4.69,31.5,107.0,22.0,7.4,4.38,,,,,,,,,,,,22.0,13.0,59.0,0,0,2,False,skill_pass,False,False,False,True,57.69,0,0,True,93.42154900179118,69.25,5.890000000000001,29.013513513513512,-0.0280743877369711,0.2446731248525567,0.394177788475604,-0.7920541943869559,-1.500580526952533,0.8237876691873433,1.613838218579198,0.7611859479679413,-0.3325956967969586,-1.3620350641794703,1.411945315018838,0.4514711713167754,1,0,0,,,,True,,,,True,train,24.158934,0.6157398,0.5912457912457912,0.31172794,0.7838383838383839,0.37748334,53.11082498418161
FasaAn00,anthony-fasano-1,00-0024268,Anthony Fasano,TE,2006,2,53,DAL,notre dame,76.0,259.0,4.72,33.5,112.0,19.0,6.94,4.34,,,,,,,,,,,,22.0,2.0,180.0,0,0,8,False,skill_pass,False,False,False,True,64.24,0,0,True,104.3666552065256,72.75,5.640000000000001,31.523026315789476,0.7677734733284143,1.5488152274935856,0.5482585668271669,-0.2361761597808383,-0.8117894654005504,0.2475566005874208,-0.377618275566737,0.5151649577748839,0.552282183857853,-0.6723533558345351,-0.0082375105253417,1.673161934277631,0,0,1,,,,True,,,,True,train,17.921246,-5.6219482,0.07474747474747474,0.24900281,0.6727272727272727,0.28001946,27.024890270498066
JoneMa02,marvin-jones-1,00-0029293,Marvin Jones,WR,2012,5,166,CIN,california,74.0,199.0,4.46,33.0,112.0,22.0,6.81,4.11,,,,,,,,,,,,53.0,15.0,151.0,0,0,8,False,skill_pass,False,False,False,True,13.71,0,1,True,100.58741265713417,72.5,5.46,25.5472972972973,-0.0280743877369711,-0.8223522318537396,-0.7871081788864059,-0.3751456684323677,-0.8117894654005504,0.8237876691873433,-0.940421197825374,-0.8994557358351921,0.2467421484272749,-0.7216163350020306,-1.0307691449171548,-1.235965661018145,0,1,0,,,,True,,,,True,train,8.820078,0.3761387,0.5548821548821549,0.17379074,0.4026936026936027,0.13781372,36.48124723966776
ScheTo00,tony-scheffler-1,00-0024276,Tony Scheffler,TE,2006,2,61,DEN,western michigan,77.0,254.0,4.54,33.5,115.0,17.0,6.81,4.01,,,,,,,,,,,,24.0,16.0,107.0,0,0,2,False,skill_pass,False,False,False,True,59.44,0,0,True,119.57497558125527,74.25,5.41,30.11671445437679,1.165697403861107,1.3512179392146415,-0.3762261032822289,-0.2361761597808383,-0.3985148284693608,-0.1365974451458606,-0.940421197825374,-1.5145082113178383,1.7818277039999046,-0.3767754808295629,-1.3148057100259898,0.9885357353708236,0,0,1,,,,True,,,,True,train,20.663204,-2.8799896,0.14882154882154883,0.27551085,0.7232323232323232,0.32286257,32.38497667922717
ThomDa02,david-thomas-1,00-0024301,David Thomas,TE,2006,3,86,NWE,texas,75.0,252.0,4.67,37.5,113.0,19.0,7.05,4.34,,,,,,,,,,,,9.0,3.0,80.0,0,0,3,False,skill_pass,False,False,False,True,45.64,0,0,True,105.96513949535291,75.25,5.695,31.4944,0.3698495427957216,1.2721790239030644,0.2914572695745574,0.8755799094313969,-0.6740312530901539,0.2475566005874208,0.0985995817290276,0.5151649577748839,0.6815146794864192,-0.1797235641595814,0.3042027110943762,1.65922596011329,0,0,1,,,,True,,,,True,train,13.335882,-4.3286915,0.10101010101010101,0.20862955,0.6,0.20837316,24.380458418317517
PopeLe00,leonard-pope-1,00-0024287,Leonard Pope,TE,2006,3,72,ARI,georgia,80.0,258.0,4.62,37.5,118.0,22.0,7.47,4.67,,,,,,,,,,,,6.0,4.0,103.0,0,0,4,False,skill_pass,False,False,False,True,53.15,0,0,True,113.26136710281996,77.75,6.07,28.3396875,2.359469195459185,1.509295769837797,0.0346559723219479,0.8755799094313969,0.0147598084618287,0.8237876691873433,1.916885945949229,2.544838126867606,1.271392045799943,0.3129062275153723,2.434476949410646,0.1234365759938902,0,0,1,,,,True,,,,True,train,22.041826,4.3772526,0.8505050505050505,0.28948045,0.7488215488215488,0.34440354,61.67431258006329
DaniOw00,owen-daniels-1,00-0024313,Owen Daniels,TE,2006,4,98,HOU,wisconsin,75.0,253.0,4.65,34.5,114.0,23.0,6.87,4.1,,,,,,,,,,,,41.0,35.0,131.0,2,0,9,False,skill_pass,False,False,False,True,39.66,0,0,True,108.22776881516565,74.25,5.484999999999999,31.61937777777778,0.3698495427957216,1.311698481558853,0.1887367506735154,0.0417628575222204,-0.5362730407797573,1.015864692053984,-0.6806660029367718,-0.9609609833834604,0.8644412404326483,-0.3767754808295629,-0.8887508623627398,1.7200681269864828,0,0,1,,,,True,,,,True,train,11.144069,1.2896128,0.6754208754208754,0.19111265,0.5441077441077441,0.17412607,45.203764868806104
WilsTr00,travis-wilson-2,00-0024293,Travis Wilson,WR,2006,3,78,CLE,oklahoma,75.0,256.0,4.89,33.0,109.0,25.0,7.56,4.36,,,,,,,,,,,,0.0,0.0,4.0,0,0,0,False,skill_pass,False,False,False,True,49.86,0,0,True,89.54359458987665,71.0,5.96,31.99431111111111,0.3698495427957216,1.430256854526219,1.4213829774860418,-0.3751456684323677,-1.22506410233174,1.4000187377872657,2.3065187382821284,0.6381754528714153,-0.6461162800697425,-1.0171942100070028,1.8095965061712047,1.9025946276060577,0,1,0,,,,True,,,,True,train,12.792394,-4.87218,0.09225589225589226,0.2041785,0.5905723905723905,0.19988115,23.582876769982605
KingJe00,jeff-king-1,00-0024369,Jeff King,TE,2006,5,155,CAR,virginia tech,77.0,245.0,4.83,32.5,109.0,21.0,6.99,4.09,,,,,,,,,,,,10.0,8.0,108.0,0,0,6,False,skill_pass,False,False,False,True,16.99,0,1,True,90.03420974946982,70.75,5.54,29.049586776859503,1.165697403861107,0.995542820312543,1.1132214207829114,-0.5141151770838972,-1.22506410233174,0.6317106463207024,-0.1611556131595709,-1.0224662309317234,-0.6064515664966443,-1.0664571891744985,-0.5763106407430167,0.4690324973955593,0,0,1,,,,True,,,,True,train,8.584036,0.14009666,0.5279461279461279,0.17210262,0.3845117845117845,0.13412556,34.932644509531634
PociJa00,jason-pociask-1,00-0024364,Jason Pociask,TE,2006,5,150,NYJ,wisconsin,75.0,266.0,4.84,32.5,115.0,23.0,7.31,4.3,,,,,,,,,,,,0.0,0.0,4.0,0,0,0,False,skill_pass,False,False,False,True,18.6,0,1,True,96.94606494983525,73.75,5.805,33.24408888888889,0.3698495427957216,1.8254514310841068,1.1645816802334323,-0.5141151770838972,-0.3985148284693608,1.015864692053984,1.2242054262462942,0.2691439675818265,-0.0476495168238259,-0.4753014391645537,0.9290831543338122,2.5110162963379783,0,0,1,,,,True,,,,True,train,5.525433,-2.9185061,0.1468013468013468,0.15139155,0.061952861952861954,0.08633489,11.865640073186823
SypnQu00,quinn-sypniewski-1,00-0024380,Quinn Sypniewski,TE,2006,5,166,BAL,colorado,78.0,268.0,4.77,32.5,114.0,20.0,7.09,4.52,,,,,,,,,,,,2.0,2.0,31.0,0,0,1,False,skill_pass,False,False,False,True,13.71,0,1,True,103.53597402727124,73.25,5.805,30.96712689020381,1.5636213343937997,1.9044903463956844,0.8050598640797764,-0.5141151770838972,-0.5362730407797573,0.4396336234540616,0.2717697116547612,1.6222594136436397,0.4851241876128756,-0.5738273974995445,0.9290831543338122,1.4025368182163336,0,0,1,,,,True,,,,True,train,4.5371675,-3.9067717,0.11380471380471381,0.14515206,0.015488215488215488,0.07089324,9.18285896461018
MackAl00,alize-mack-1,00-0035309,Alizé Mack,TE,2019,7,231,NOR,notre dame,76.0,249.0,4.7,36.0,120.0,22.0,7.27,4.34,,,,,,,,,131936.0,190166360.0,13.0,,,,0,0,0,False,skill_pass,True,False,False,False,1.49,0,1,True,102.05585160177478,78.0,5.805,30.30592105263158,0.7677734733284143,1.153620650935698,0.4455380479261249,0.4586713834768086,0.2902762330826218,0.8237876691873433,1.0510352963205607,0.5151649577748839,0.3654608814298398,0.3621692066828676,0.9290831543338122,1.0806460259298043,0,0,1,1.0,1441.3530802813486,9.853262187727384e-05,False,,,,True,train,6.460303,0.48650026,0.5757575757575758,0.15749514,0.1898989898989899,0.10094223,31.997030357670308
SmitL.00,lj-smith-1,00-0022126,L.J. Smith,TE,2003,2,61,PHI,rutgers,75.0,258.0,4.62,37.0,122.0,26.0,6.74,4.25,,,,,,,,,,,,21.0,21.0,98.0,0,0,4,False,skill_pass,False,False,False,True,59.44,0,0,True,113.26136710281996,79.5,5.495,32.24426666666667,0.3698495427957216,1.509295769837797,0.0346559723219479,0.7366104007798674,0.5657926577034149,1.5920957606539063,-1.2434689251954052,-0.0383822701594938,1.271392045799943,0.6577470816878399,-0.8319435493409688,2.0242789613524432,0,0,1,,,,True,,,,True,train,20.142813,-3.400381,0.1259259259259259,0.27034765,0.7144781144781145,0.31473145,31.028181326258863
GrahT.00,tj-graham-1,00-0029660,T.J. Graham,WR,2012,3,69,BUF,north carolina st.,71.0,188.0,4.34,33.5,120.0,8.0,6.77,4.18,,,,,,,,,,,,7.0,6.0,47.0,0,0,1,False,skill_pass,False,False,False,True,54.83,0,0,True,105.98122300185564,76.75,5.475,26.21781392580837,-1.2218461793350492,-1.257066266067416,-1.4034312922926713,-0.2361761597808383,0.2902762330826218,-1.865290650945628,-1.1135913277511078,-0.4689190029973457,0.682814981089839,0.1158543108453907,-0.9455581753845058,-0.9095421533473704,0,1,0,,,,True,,,,True,train,19.571075,1.9065018,0.7286195286195286,0.26474577,0.7023569023569024,0.30579805,54.602795927964074
EuhuTi00,tim-euhus-1,00-0022215,Tim Euhus,TE,2004,4,109,BUF,oregon st.,77.0,260.0,4.93,34.5,115.0,25.0,6.99,4.13,,,,,,,,,,,,1.0,1.0,34.0,0,0,0,False,skill_pass,False,False,False,True,34.55,0,0,True,88.0269524429171,74.75,5.5600000000000005,30.828132906054982,1.165697403861107,1.5883346851493745,1.6268240152881304,0.0417628575222204,-0.3985148284693608,1.4000187377872657,-0.1611556131595709,-0.776445240738666,-0.7687320924346154,-0.2782495224945722,-0.4626960146994797,1.3348712273543335,0,0,1,,,,True,,,,True,train,9.8130455,-0.041410446,0.45151515151515154,0.18103547,0.4794612794612795,0.15332884,34.337117959729554
FulcMo20,mondriel-fulcher-1,00-0019558,Mondriel Fulcher,TE,2000,7,227,OAK,miami,75.0,253.0,4.85,27.0,116.0,18.0,7.46,4.52,,,,,,,,,,,,0.0,0.0,25.0,0,0,0,False,skill_pass,False,False,False,True,1.89,0,1,True,91.44996896563524,71.5,5.99,31.61937777777778,0.3698495427957216,1.311698481558853,1.2159419396839533,-2.0427797722507206,-0.2607566161589643,0.0554795777207801,1.8735934134677965,1.6222594136436397,-0.4919918261081885,-0.918668251672012,1.980018445236508,1.7200681269864828,0,0,1,,,,True,,,,True,train,4.9189134,-1.0548892,0.27070707070707073,0.14753658,0.028956228956228958,0.07685802,15.895299368296511
PerrBr02,breshad-perriman-1,00-0032054,Breshad Perriman,WR,2015,1,26,BAL,central florida,74.0,212.0,,,,,,,,,,,,1.0,0.0,0.0,263950.0,3888111044.0,349.0,15.0,4.0,80.0,0,0,1,False,skill_pass,False,True,False,False,81.83,1,0,True,,,,27.216216216216218,-0.0280743877369711,-0.3085992823284858,,,,,,,,,,-0.4234960750791086,0,1,0,1.0,14730.483212729683,0.0013222201174464,False,,,,True,train,29.48864,-6.834854,0.05454545454545454,0.3715512,0.8646464646464647,0.46076003,36.12097173507768
OlseGr00,greg-olsen-1,00-0025418,Greg Olsen,TE,2007,1,31,CHI,miami,78.0,254.0,4.51,35.5,114.0,23.0,7.04,4.48,,,,,,,,,,,,60.0,11.0,199.0,3,0,11,False,skill_pass,False,False,False,True,78.41,1,0,True,122.78845780851812,74.75,5.76,29.349441157133462,1.5636213343937997,1.3512179392146415,-0.5303068816337965,0.3197018748252792,-0.5362730407797573,1.015864692053984,0.0553070492475951,1.3762384234505876,2.041627772596064,-0.2782495224945722,0.6734502457358602,0.6150087706713189,0,0,1,,,,True,,,,True,train,34.47883,-1.8446655,0.19932659932659932,0.43142036,0.907070707070707,0.5387317,45.517519268624305
WalkMi01,mike-walker-1,00-0025466,Mike Sims-Walker,WR,2007,3,79,JAX,central florida,74.0,209.0,4.35,36.5,121.0,18.0,6.92,4.39,,,,,,,,,,,,16.0,16.0,44.0,0,0,2,False,skill_pass,False,False,False,True,49.32,0,0,True,116.73988306566687,78.75,5.654999999999999,26.83108108108108,-0.0280743877369711,-0.4271576552958521,-1.3520710328421504,0.597640892128338,0.4280344453930183,0.0554795777207801,-0.4642033405296057,0.8226911955162043,1.5526192696798224,0.5099581441853538,0.0769734590073021,-0.6109890564496563,0,1,0,,,,True,,,,True,train,20.25063,2.5860558,0.7818181818181819,0.27141237,0.7178451178451178,0.31641608,57.38619914926865
JoneJa04,james-jones-3,00-0025465,James Jones,WR,2007,3,78,GNB,san jose st.,73.0,207.0,4.54,34.0,119.0,22.0,7.06,4.2,,,,,,,,,,,,46.0,43.0,136.0,0,0,4,False,skill_pass,False,False,False,True,49.86,0,0,True,97.44889742251908,76.5,5.63,27.307374741977856,-0.4259983182696639,-0.5061965706074296,-0.3762261032822289,-0.0972066511293089,0.1525180207722253,0.8237876691873433,0.14189211421046,-0.3459085079008143,-0.0069970713902289,0.0665913316778954,-0.0650448235471128,-0.3791179277402624,0,1,0,,,,True,,,,True,train,20.300787,2.6362133,0.7845117845117845,0.27190858,0.7185185185185186,0.3171998,57.53300923023762
ChanSc00,scott-chandler-1,00-0025516,Scott Chandler,TE,2007,4,129,SDG,iowa,79.0,270.0,4.78,30.0,111.0,16.0,7.26,4.32,,,,,,,,,,,,18.0,0.0,90.0,0,0,2,False,skill_pass,False,False,False,True,26.16,0,0,True,103.43849031139057,70.5,5.79,30.41339528921647,1.9615452649264924,1.983529261707262,0.856420123530302,-1.208962720341544,-0.949547677710947,-0.3286744680125014,1.0077427638391283,0.3921544626783579,0.477242931616516,-1.1157201683419935,0.8438721848011632,1.1329670509402971,0,0,1,,,,True,,,,True,train,7.4438047,-2.4106512,0.16700336700336701,0.16413061,0.26936026936026936,0.11630945,17.676141238523655
MilnMa00,martrez-milner-1,00-0025520,Martrez Milner,TE,2007,4,133,ATL,georgia,76.0,252.0,4.79,34.0,117.0,19.0,7.35,4.49,,,,,,,,,,,,0.0,0.0,8.0,0,0,0,False,skill_pass,False,False,False,True,24.62,0,0,True,95.73891090661452,75.5,5.92,30.67105263157895,0.7677734733284143,1.2721790239030644,0.9077803829808228,-0.0972066511293089,-0.1229984038485677,0.2475566005874208,1.397375556172028,1.4377436709988505,-0.1452441761544933,-0.1304605849920861,1.5823672540841365,1.2584007984341532,0,0,1,,,,True,,,,True,train,8.953617,-0.90083885,0.2936026936026936,0.17475155,0.41818181818181815,0.13990027,26.400780710181603
McKnSc00,scotty-mcknight-1,00-0028165,Scotty McKnight,WR,2011,7,227,NYJ,colorado,,,,,,,,,1100.0,1311.0,93800.0,0.0,0.0,20.0,22.0,1.0,47467650.0,555519893621.0,4567.0,,,,0,0,0,False,skill_pass,True,True,True,False,1.89,0,1,True,,,,,,,,,,,,,,,,,0,1,0,0.9999999999603976,11703.126100007055,9.621289446602054e-05,False,,,,False,train,5.522138,-0.45166445,0.38585858585858585,0.15137038,0.06127946127946128,0.08628341,21.413008572527453
CrumAl00,alge-crumpler-1,00-0020285,Alge Crumpler,TE,2001,2,35,ATL,north carolina,74.0,266.0,4.76,34.0,112.0,22.0,7.38,4.43,,,,,,,,,,,,41.0,38.0,155.0,4,0,10,False,skill_pass,False,False,False,True,75.73,0,0,True,103.62959990195375,73.0,5.904999999999999,34.148648648648646,-0.0280743877369711,1.8254514310841068,0.7536996046292553,-0.0972066511293089,-0.8117894654005504,0.8237876691873433,1.5272531536163292,1.0687121857092616,0.4926935491168936,-0.6230903766670398,1.497156284551482,2.9513775895907326,0,0,1,,,,True,,,,True,train,29.462141,5.918947,0.8855218855218855,0.37124187,0.863973063973064,0.46034592,69.33209267820574
HartBe00,ben-hartsock-1,00-0022847,Ben Hartsock,TE,2004,3,68,IND,ohio st.,76.0,263.0,4.8,35.0,117.0,23.0,7.1,3.98,,,,,,,,,,,,2.0,0.0,131.0,0,0,2,False,skill_pass,False,False,False,True,55.39,0,0,True,99.08793885030865,76.0,5.54,32.00986842105263,0.7677734733284143,1.7068930581167403,0.959140642431344,0.1807323661737498,-0.1229984038485677,1.015864692053984,0.3150622441361937,-1.69902395396263,0.1255143430993365,-0.0319346266570953,-0.5763106407430167,1.910168297616761,0,0,1,,,,True,,,,True,train,14.8385935,-2.8259802,0.15016835016835017,0.22130625,0.6296296296296297,0.23185304,27.662512350764747
RosaDa00,dante-rosario-1,00-0025542,Dante Rosario,TE,2007,5,155,CAR,oregon,75.0,244.0,4.78,36.0,115.0,20.0,6.96,4.47,,,,,,,,,,,,9.0,7.0,122.0,0,0,1,False,skill_pass,False,False,False,True,16.99,0,1,True,93.47774679992332,75.5,5.715,30.494577777777774,0.3698495427957216,0.9560233626567542,0.856420123530302,0.4586713834768086,-0.3985148284693608,0.4396336234540616,-0.2910332106038721,1.314733175902319,-0.3280522791655125,-0.1304605849920861,0.4178173371379082,1.1724886251277549,0,0,1,,,,True,,,,True,train,8.457663,0.013723373,0.5077441077441077,0.1712042,0.36902356902356903,0.13215098,33.757339024006924
KellCh00,chad-kelly-1,00-0033597,Chad Kelly,QB,2017,7,253,DEN,mississippi,,,,,,,,,10298205.0,17458328.0,5840422758.0,3119.0,138.0,1610781.0,117500332.0,1105.0,,,,0.0,0.0,1.0,0,0,0,False,skill_pass,False,True,True,False,0.15,0,1,True,,,,,,,,,,,,,,,,,1,0,0,,,,True,0.5898734976224528,334.53505730903896,22.60144927536232,False,train,1.4700567,-4.503746,0.09898989898989899,0.12713881,0.0013468013468013469,0.022969635,6.988700923186912
SchrMa00,mason-schreck-1,00-0033798,Mason Schreck,TE,2017,7,251,CIN,buffalo,,,,,,,,,1.0,2.0,23.0,0.0,0.0,,,,17102159.0,147106209651.0,2004.0,0.0,0.0,26.0,0,0,0,False,skill_pass,False,True,True,False,0.21,0,1,True,,,,,,,,,,,,,,,,,0,0,1,1.0,8601.616301836511,0.0001171781878533,False,,,,False,train,5.925313,-0.04848957,0.4498316498316498,0.15397817,0.08013468013468013,0.092583016,24.5271833609752
JollDo00,doug-jolley-1,00-0021183,Doug Jolley,TE,2002,2,55,OAK,byu,76.0,251.0,4.6,38.0,117.0,18.0,6.9,4.18,,,,,,,,,,,,11.0,9.0,74.0,0,0,2,False,skill_pass,False,False,False,True,63.03,0,0,True,112.1172380030089,77.5,5.54,30.54934210526316,0.7677734733284143,1.2326595662472757,-0.0680645465790985,1.0145494180829262,-0.1229984038485677,0.0554795777207801,-0.5507884054924707,-0.4689190029973457,1.178892757615934,0.2636432483478769,-0.5763106407430167,1.1991492075993695,0,0,1,,,,True,,,,True,train,20.592953,-2.950241,0.14612794612794613,0.27481028,0.7218855218855219,0.3217649,32.214332219476645
StroJa01,jaelen-strong-1,00-0031560,Jaelen Strong,WR,2015,3,70,HOU,arizona st.,74.0,217.0,4.44,42.0,123.0,,,,,,,,,,,,7582.0,11221165.0,710.0,2.0,2.0,20.0,0,0,0,False,skill_pass,False,True,False,False,54.26,0,0,True,111.67548546051955,82.5,,27.85810810810811,-0.0280743877369711,-0.111001994049542,-0.8898286977874479,2.126305487295161,0.7035508700138113,,,,1.1431784350447418,1.2489028316977844,,-0.1110077727948641,0,1,0,1.0,1479.9742811922974,0.0936428383012397,False,,,,True,train,25.5149,7.8503265,0.9090909090909091,0.32645667,0.8,0.39867032,66.86617659438741
SchoDe00,derek-schouman-1,00-0025609,Derek Schouman,TE,2007,7,222,BUF,boise st.,74.0,247.0,4.74,37.5,122.0,27.0,7.0,4.27,,,,,,,,,,,,2.0,2.0,25.0,0,0,1,False,skill_pass,False,False,False,True,2.45,0,1,True,97.86188621948509,79.75,5.635,31.70945945945946,-0.0280743877369711,1.0745817356241203,0.6509790857282134,0.8755799094313969,0.5657926577034149,1.7841727835205472,-0.1178630806781384,0.084628224937032,0.0263917915917852,0.7070100608553352,-0.0366411670362298,1.763922040910604,0,0,1,,,,True,,,,True,train,7.487007,1.5132046,0.6989898989898989,0.16442718,0.27946127946127947,0.11698449,39.177054951788996
JoneTe00,terry-jones-jr-1,00-0021268,Terry Jones,TE,2002,5,155,BAL,alabama,75.0,265.0,4.79,33.5,111.0,20.0,7.43,4.43,,,,,,,,,,,,5.0,4.0,53.0,0,0,3,False,skill_pass,False,False,False,True,16.99,0,1,True,100.67782297719384,72.25,5.93,33.11911111111111,0.3698495427957216,1.785931973428318,0.9077803829808228,-0.2361761597808383,-0.949547677710947,0.4396336234540616,1.7437158160234951,1.0687121857092616,0.2540515423159459,-0.7708793141695259,1.639174567105902,2.4501741294647856,0,0,1,,,,True,,,,True,train,7.2156534,-1.2282858,0.2430976430976431,0.16257158,0.25117845117845117,0.112744585,20.253798025425034
BrewSe20,sean-brewer-1,00-0020398,Sean Brewer,TE,2001,3,66,CIN,san jose st.,76.0,255.0,4.73,36.0,117.0,14.0,7.37,4.18,,,,,,,,,,,,0.0,0.0,12.0,0,0,0,False,skill_pass,False,False,False,True,56.54,0,0,True,101.88860429027191,76.5,5.775,31.036184210526315,0.7677734733284143,1.3907373968704306,0.5996188262776925,0.4586713834768086,-0.1229984038485677,-0.712828513745783,1.4839606211348968,-0.4689190029973457,0.3519394551613719,0.0665913316778954,0.7586612152685142,1.4361555709385003,0,0,1,,,,True,,,,True,train,16.042557,-1.6220169,0.2127946127946128,0.23185396,0.6464646464646465,0.25066495,31.091455742817136
KellDu00,dustin-keller-1,00-0026170,Dustin Keller,TE,2008,1,30,NYJ,purdue,74.0,242.0,4.53,38.0,131.0,26.0,6.88,4.14,,,,,,,,,,,,22.0,22.0,72.0,0,0,3,False,skill_pass,False,False,False,True,79.09,1,0,True,114.93506707017468,84.5,5.51,31.06756756756757,-0.0280743877369711,0.8769844473451768,-0.4275863627327499,1.0145494180829262,1.805616568496984,1.5920957606539063,-0.6373734704553393,-0.7149399931904031,1.4067054956890124,1.6430066650377473,-0.7467325798083198,1.4514337386263596,0,0,1,,,,True,,,,True,train,26.94185,-9.381643,0.014814814814814815,0.34233466,0.826936026936027,0.42096645,32.39733521745663
HollJo01,johnathan-holland-1,00-0025641,Jonathan Holland,WR,2007,7,254,OAK,louisiana tech,72.0,191.0,4.45,35.5,120.0,15.0,7.12,4.4,,,,,,,,,,,,1.0,1.0,17.0,0,0,0,False,skill_pass,False,False,False,True,0.12,0,1,True,97.4144356750024,77.75,5.76,25.901427469135804,-0.8239222488023566,-1.1385078931000496,-0.8384684383369269,0.3197018748252792,0.2902762330826218,-0.5207514908791422,0.4016473090990625,0.8841964430644728,-0.0097831967631386,0.3129062275153723,0.6734502457358602,-1.063566636223982,0,1,0,,,,True,,,,True,train,5.618603,-0.35519934,0.40134680134680134,0.15199101,0.06599326599326599,0.087790675,22.169371188966313
RoyaEd00,eddie-royal-1,00-0026182,Eddie Royal,WR,2008,2,42,DEN,virginia tech,70.0,184.0,4.39,36.0,124.0,24.0,7.07,4.34,,,,,,,,,,,,35.0,19.0,116.0,0,0,6,False,skill_pass,False,False,False,True,71.15,0,0,True,99.08085320013538,80.0,5.705,26.398367346938777,-1.619770109867742,-1.4151440966905708,-1.1466299950400618,0.4586713834768086,0.8413090823242079,1.2079417149206249,0.1851846466918963,0.5151649577748839,0.1249414902652845,0.7562730400228306,0.3610100241161422,-0.8216444360629855,0,1,0,,,,True,,,,True,train,21.379372,-2.1638222,0.18181818181818182,0.2827155,0.7346801346801347,0.33405268,34.30169411435071
HardJa00,james-hardy-1,00-0026181,James Hardy,WR,2008,2,41,BUF,indiana,77.0,217.0,4.45,31.5,125.0,18.0,6.84,4.2,,,,,,,,,,,,1.0,1.0,16.0,0,0,0,False,skill_pass,False,False,False,True,71.8,0,0,True,110.67503948416504,78.25,5.52,25.72963400236128,1.165697403861107,-0.111001994049542,-0.8384684383369269,-0.7920541943869559,0.9790672946346044,0.0554795777207801,-0.810543600381073,-0.3459085079008143,1.0622954816309798,0.411432185850363,-0.6899252667865539,-1.1471997985274849,0,1,0,,,,True,,,,True,train,19.295666,-4.247528,0.1037037037037037,0.262074,0.6983164983164983,0.30149478,29.385853904716498
CarlJo00,john-carlson-1,00-0026178,John Carlson,TE,2008,2,38,SEA,notre dame,77.0,251.0,4.88,30.5,113.0,20.0,7.12,4.28,,,,,,,,,,,,16.0,12.0,90.0,0,0,4,False,skill_pass,False,False,False,True,73.75,0,0,True,88.51653991259904,71.75,5.7,29.76100522853769,1.165697403861107,1.2326595662472757,1.370022718035521,-1.0699932116900148,-0.6740312530901539,0.4396336234540616,0.4016473090990625,0.1461334724853005,-0.7291504644025449,-0.8694052725045167,0.3326063676052592,0.815367989379069,0,0,1,,,,True,,,,True,train,17.005049,-6.538145,0.061952861952861954,0.24053518,0.6585858585858586,0.2657039,25.774613377622487
ButtJa00,jake-butt-1,00-0033564,Jake Butt,TE,2017,5,145,DEN,michigan,77.0,246.0,,,,,,,,,,,,0.0,2.0,0.0,20215146.0,235211654546.0,2234.0,1.0,1.0,8.0,0,0,0,False,skill_pass,False,True,False,False,20.28,0,1,True,,,,29.16815651880587,1.165697403861107,1.0350622779683318,,,,,,,,,,0.5267550793928115,0,0,1,0.999999999991497,11635.41705540984,0.0001105111978909,False,,,,True,train,6.361846,-2.0820932,0.18585858585858586,0.15684302,0.1771043771043771,0.09940384,16.101368533114996
BennEa00,earl-bennett-1,00-0026210,Earl Bennett,WR,2008,3,70,CHI,vanderbilt,71.0,209.0,4.48,26.0,110.0,15.0,7.15,4.22,,,,,,,,,,,,19.0,19.0,78.0,0,0,1,False,skill_pass,False,False,False,True,54.26,0,0,True,103.76818623953882,68.0,5.6850000000000005,29.146399523903987,-1.2218461793350492,-0.4271576552958521,-0.6843876599853594,-2.3207187895537795,-1.0873058900213437,-0.5207514908791422,0.5315249065433636,-0.2228980128042883,0.5038978245616528,-1.6083499600169473,0.2473953980726102,0.5161632546859167,0,1,0,,,,True,,,,True,train,21.310728,3.6461544,0.832996632996633,0.28202003,0.7326599326599327,0.33298013,60.27306692051366
BennMa00,martellus-bennett-1,00-0026201,Martellus Bennett,TE,2008,2,61,DAL,texas a&m,78.0,259.0,4.68,34.0,118.0,18.0,7.64,4.53,,,,,,,,,,,,35.0,4.0,144.0,1,0,8,False,skill_pass,False,False,False,True,59.44,0,0,True,107.98075194717832,76.0,6.085,29.927186061801446,1.5636213343937997,1.5488152274935856,0.3428175290250784,-0.0972066511293089,0.0147598084618287,0.0554795777207801,2.652858998133596,1.683764661191908,0.8444706929987592,-0.0319346266570953,2.519687918943295,0.8962687876516806,0,0,1,,,,True,,,,True,train,22.997358,-0.5458355,0.36498316498316496,0.29940516,0.769023569023569,0.35933372,43.154575457777646
StevCr00,craig-stevens-1,00-0026225,Craig Stevens,TE,2008,3,85,TEN,california,75.0,254.0,4.59,27.5,114.0,27.0,7.07,4.31,,,,,,,,,,,,5.0,5.0,109.0,0,0,5,False,skill_pass,False,False,False,True,46.16,0,0,True,114.44925503343254,70.75,5.69,31.744355555555558,0.3698495427957216,1.3512179392146415,-0.1194248060296195,-1.9038102635991911,-0.5362730407797573,1.7841727835205472,0.1851846466918963,0.3306492151300895,1.3674290996972551,-1.0664571891744985,0.2757990545834882,1.7809102938596737,0,0,1,,,,True,,,,True,train,14.000451,-3.6641226,0.11851851851851852,0.2141688,0.6127946127946128,0.21875706,25.65515052123303
MannMa01,mario-manningham-1,00-0026235,Mario Manningham,WR,2008,3,95,NYG,michigan,72.0,181.0,4.59,32.0,117.0,16.0,7.34,4.27,,,,,,,,,,,,22.0,18.0,67.0,0,0,4,False,skill_pass,False,False,False,True,41.12,0,0,True,81.55635890177673,74.5,5.805,24.545331790123456,-0.8239222488023566,-1.533702469657937,-0.1194248060296195,-0.6530846857354266,-0.1229984038485677,-0.3286744680125014,1.3540830236905956,0.084628224937032,-1.291859505925249,-0.3275125016620676,0.9290831543338122,-1.7237463983028891,0,1,0,,,,True,,,,True,train,12.139191,-5.525383,0.07878787878787878,0.1989228,0.5784511784511784,0.18967485,22.492491915872204
FinlJe00,jermichael-finley-1,00-0026231,Jermichael Finley,TE,2008,3,91,GNB,texas,76.0,243.0,4.82,27.5,117.0,20.0,7.15,4.38,,,,,,,,,,,,27.0,27.0,70.0,0,0,3,False,skill_pass,False,False,False,True,43.1,0,0,True,90.04261854534114,72.25,5.765000000000001,29.57565789473684,0.7677734733284143,0.9165039050009656,1.0618611613323905,-1.9038102635991911,-0.1229984038485677,0.4396336234540616,0.5315249065433636,0.7611859479679413,-0.6057717414378201,-0.7708793141695259,0.7018539022467483,0.7251364809211086,0,0,1,,,,True,,,,True,train,12.107704,-5.5568695,0.0771043771043771,0.19867206,0.5760942760942761,0.18918288,22.363159578858
WalkAa00,aaron-walker-2,00-0022060,Aaron Walker,TE,2003,5,161,SFO,florida,78.0,252.0,4.72,33.5,115.0,24.0,7.57,4.3,,,,,,,,,,,,3.0,2.0,55.0,0,0,0,False,skill_pass,False,False,False,True,15.16,0,1,True,101.54593479553844,74.25,5.9350000000000005,29.118343195266277,1.5636213343937997,1.2721790239030644,0.5482585668271669,-0.2361761597808383,-0.3985148284693608,1.2079417149206249,2.3498112707635648,0.2691439675818265,0.3242356896068942,-0.3767754808295629,1.6675782236167902,0.5025047638791741,0,0,1,,,,True,,,,True,train,8.655789,0.21185017,0.5367003367003367,0.17261443,0.39057239057239057,0.13524671,35.43668422842969
LeexDo00,donald-lee-1,00-0021929,Donald Lee,TE,2003,5,156,MIA,mississippi st.,75.0,249.0,4.82,39.0,120.0,26.0,7.42,4.42,,,,,,,,,,,,17.0,2.0,133.0,0,0,5,False,skill_pass,False,False,False,True,16.68,0,1,True,92.26589307732488,79.5,5.92,31.119466666666668,0.3698495427957216,1.153620650935698,1.0618611613323905,1.292488435385985,0.2902762330826218,1.5920957606539063,1.7004232835420627,1.0072069381609987,-0.4260268929936273,0.6577470816878399,1.5823672540841365,1.476699459493715,0,0,1,,,,True,,,,True,train,9.500108,1.0561686,0.6525252525252525,0.17872721,0.45791245791245794,0.14843918,41.80258712724403
FineDe00,derek-fine-1,00-0026272,Derek Fine,TE,2008,4,132,BUF,kansas,75.0,251.0,4.83,29.0,115.0,24.0,6.8,4.19,,,,,,,,,,,,2.0,2.0,18.0,0,0,1,False,skill_pass,False,False,False,True,25.0,0,0,True,92.23912917190582,72.0,5.495,31.369422222222223,0.3698495427957216,1.2326595662472757,1.1132214207829114,-1.486901737644603,-0.3985148284693608,1.2079417149206249,-0.9837137303068066,-0.4074137554490772,-0.4281906717146614,-0.8201422933370213,-0.8319435493409688,1.598383793240099,0,0,1,,,,True,,,,True,train,7.0515857,-2.8028703,0.15084175084175083,0.16145784,0.2377104377104377,0.11018102,16.220656080905236
DaviKe01,kellen-davis-1,00-0026298,Kellen Davis,TE,2008,5,158,CHI,michigan st.,78.0,262.0,4.59,28.0,118.0,22.0,7.25,4.38,,,,,,,,,,,,5.0,5.0,125.0,0,0,4,False,skill_pass,False,False,False,True,16.06,0,1,True,118.05395597936742,73.0,5.815,30.273833004602235,1.5636213343937997,1.6673736004609518,-0.1194248060296195,-1.7648407549476617,0.0147598084618287,0.8237876691873433,0.9644502313576958,0.7611859479679413,1.6588579879846526,-0.6230903766670398,0.9858904673555782,1.0650247978398977,0,0,1,,,,True,,,,True,train,8.751449,0.30750942,0.5468013468013468,0.1732986,0.39461279461279464,0.13674138,35.96510966907347
BurtKe00,keenan-burton-1,00-0026268,Keenan Burton,WR,2008,4,128,STL,kentucky,72.0,201.0,4.44,38.5,125.0,10.0,6.77,4.2,,,,,,,,,,,,3.0,3.0,22.0,0,0,1,False,skill_pass,False,False,False,True,26.55,0,0,True,103.44134828370704,81.75,5.484999999999999,27.25752314814815,-0.8239222488023566,-0.7433133165421622,-0.8898286977874479,1.1535189267344557,0.9790672946346044,-1.481136605212346,-1.1135913277511078,-0.3459085079008143,0.4774739898117557,1.1011138941952985,-0.8887508623627398,-0.4033868741450764,0,1,0,,,,True,,,,True,train,10.878357,1.023901,0.6478114478114478,0.18906726,0.5326599326599326,0.16997433,43.74648814701071
TammJa00,jacob-tamme-1,00-0026267,Jacob Tamme,TE,2008,4,127,IND,kentucky,75.0,236.0,4.58,30.0,109.0,18.0,6.99,4.27,,,,,,,,,,,,21.0,7.0,130.0,0,0,2,False,skill_pass,False,False,False,True,26.94,0,0,True,107.27044607892466,69.5,5.63,29.49475555555556,0.3698495427957216,0.6398677014104442,-0.1707850654801405,-1.208962720341544,-1.22506410233174,0.0554795777207801,-0.1611556131595709,0.084628224937032,0.787044667196918,-1.312772085011975,-0.0650448235471128,0.6857512901422196,0,0,1,,,,True,,,,True,train,9.727566,-0.12689018,0.432996632996633,0.18040268,0.4734006734006734,0.15199322,33.43579660243157
AndeCo00,courtney-anderson-1,00-0022704,Courtney Anderson,TE,2004,7,245,OAK,san jose st.,78.0,269.0,4.89,30.0,106.0,17.0,7.86,4.45,,,,,,,,,,,,6.0,6.0,43.0,0,0,2,False,skill_pass,False,False,False,True,0.47,0,1,True,94.09073025264382,68.0,6.155,31.08267587113741,1.5636213343937997,1.944009804051473,1.4213829774860418,-1.208962720341544,-1.6383387392629296,-0.1365974451458606,3.605294712725133,1.191722680805793,-0.27849446872735,-1.6083499600169473,2.917339110095667,1.458788821612406,0,0,1,,,,True,,,,True,train,4.690313,-1.2834897,0.23703703703703705,0.14610478,0.020875420875420877,0.07328614,14.286808455268844
MeieSh00,shad-meier-1,00-0020476,Shad Meier,TE,2001,3,90,TEN,kansas st.,77.0,256.0,4.85,34.0,113.0,20.0,7.14,4.15,,,,,,,,,,,,3.0,3.0,53.0,0,0,0,False,skill_pass,False,False,False,True,43.6,0,0,True,92.53435594941747,73.5,5.645,30.353853938269523,1.165697403861107,1.430256854526219,1.2159419396839533,-0.0972066511293089,-0.6740312530901539,0.4396336234540616,0.4882323740619274,-0.6534347456421347,-0.4043225026617128,-0.524564418332049,0.0201661459855361,1.1039808993653282,0,0,1,,,,True,,,,True,train,12.24428,-5.420294,0.08215488215488216,0.19976145,0.5824915824915825,0.19131687,22.75759354755533
SantTo00,tom-santi-1,00-0026336,Tom Santi,TE,2008,6,196,IND,virginia,75.0,250.0,4.8,36.0,121.0,14.0,7.08,4.27,,,,,,,,,,,,2.0,2.0,9.0,0,0,0,False,skill_pass,False,False,False,True,6.54,0,1,True,94.19005594135804,78.5,5.675,31.244444444444444,0.3698495427957216,1.1931401085914868,0.959140642431344,0.4586713834768086,0.4280344453930183,-0.712828513745783,0.2284771791733288,0.084628224937032,-0.2704642949419203,0.4606951650178584,0.1905880850508391,1.5375416263669062,0,0,1,,,,True,,,,True,train,6.5274363,-0.04230261,0.4505050505050505,0.15794104,0.19730639730639732,0.10199119,27.16497462674323
BarnGa01,gary-barnidge-1,00-0026281,Gary Barnidge,TE,2008,5,141,CAR,louisville,78.0,243.0,4.61,31.0,117.0,22.0,6.92,4.23,,,,,,,,,,,,14.0,3.0,124.0,1,0,4,False,skill_pass,False,False,False,True,21.68,0,1,True,107.6050287095352,74.0,5.575,28.078402366863905,1.5636213343937997,0.9165039050009656,-0.0167042871285729,-0.9310237030384854,-0.1229984038485677,0.8237876691873433,-0.4642033405296057,-0.1613927652560198,0.8140946348756682,-0.4260384599970583,-0.3774850451668308,-0.0037632666854788,0,0,1,,,,True,,,,True,train,9.615103,1.1711636,0.6646464646464646,0.17957275,0.4653198653198653,0.15023598,42.48843072841464
GainMi00,michael-gaines-1,00-0022706,Michael Gaines,TE,2004,7,232,CAR,central florida,74.0,275.0,5.06,33.0,109.0,18.0,7.44,4.18,,,,,,,,,,,,7.0,3.0,83.0,0,0,2,False,skill_pass,False,False,False,True,1.4,0,1,True,83.89974138233609,71.0,5.8100000000000005,35.304054054054056,-0.0280743877369711,2.181126549986206,2.2945073881449165,-0.3751456684323677,-1.22506410233174,0.0554795777207801,1.7870083485049315,-0.4689190029973457,-1.1024043024605246,-1.0171942100070028,0.9574868108447002,3.5138565337023757,0,0,1,,,,True,,,,True,train,6.437657,0.4638543,0.5703703703703704,0.15734495,0.18653198653198652,0.100588396,31.7041216255589
WilsKr00,kris-wilson-1,00-0022714,Kris Wilson,TE,2004,2,61,KAN,pittsburgh,74.0,248.0,4.62,35.0,119.0,24.0,6.88,4.1,,,,,,,,,,,,3.0,2.0,97.0,0,0,2,False,skill_pass,False,False,False,True,59.44,0,0,True,108.87139163371842,77.0,5.49,31.83783783783784,-0.0280743877369711,1.1141011932799092,0.0346559723219479,0.1807323661737498,0.1525180207722253,1.2079417149206249,-0.6373734704553393,-0.9609609833834604,0.916476148543061,0.1651172900128861,-0.8603472058518518,1.8264197013674528,0,0,1,,,,True,,,,True,train,19.999954,-3.5432396,0.12121212121212122,0.26894096,0.7111111111111111,0.31249928,30.69951217162489
WillMi07,mike-williams-17,00-0033536,Mike Williams,WR,2017,1,7,LAC,clemson,76.0,218.0,,32.5,121.0,15.0,,,,,,,,,,,2057298.0,3161030201361.0,36111.0,38.0,37.0,106.0,0,0,4,False,skill_pass,False,True,False,False,95.47,1,0,True,,76.75,,26.532894736842103,0.7677734733284143,-0.0714825363937533,,-0.5141151770838972,0.4280344453930183,-0.5207514908791422,,,,0.1158543108453907,,-0.7561532899484584,0,1,0,1.0,1536496.0260307451,0.0175526345721426,False,,,,True,train,34.700558,-1.6229362,0.21212121212121213,0.4341418,0.9097643097643098,0.5421962,46.20689570532504
HeywDa00,darrius-heyward-bey-1,00-0026983,Darrius Heyward-Bey,WR,2009,1,7,OAK,maryland,74.0,210.0,4.3,38.5,126.0,16.0,6.8,4.18,,,,,,,,,,,,23.0,17.0,144.0,0,0,5,False,skill_pass,False,False,False,True,95.47,1,0,True,122.85008691643652,82.25,5.49,26.95945945945946,-0.0280743877369711,-0.3876381976400633,-1.6088723300947598,1.1535189267344557,1.116825506945001,-0.3286744680125014,-0.9837137303068066,-0.4689190029973457,2.0466102947736804,1.199639852530289,-0.8603472058518518,-0.548491395992807,0,1,0,,,,True,,,,True,train,33.52196,-2.8015327,0.15151515151515152,0.41972512,0.8962962962962963,0.52378064,42.85664801174141
PettBr00,brandon-pettigrew-1,00-0026996,Brandon Pettigrew,TE,2009,1,20,DET,oklahoma st.,77.0,263.0,4.8,33.0,118.0,22.0,7.12,4.37,,,,,,,,,,,,22.0,22.0,93.0,0,0,7,False,skill_pass,False,False,False,True,86.02,1,0,True,99.08793885030865,75.5,5.745,31.18384213189408,1.165697403861107,1.7068930581167403,0.959140642431344,-0.3751456684323677,0.0147598084618287,0.8237876691873433,0.4016473090990625,0.6996807004196783,0.1255143430993365,-0.1304605849920861,0.5882392762032111,1.50803897334609,0,0,1,,,,True,,,,True,train,25.721115,-10.602379,0.006734006734006734,0.3287279,0.802020202020202,0.40189242,30.922171547055644
QuinRi00,richard-quinn-1,00-0027040,Richard Quinn,TE,2009,2,64,DEN,north carolina,76.0,264.0,4.88,32.5,119.0,24.0,7.5,4.62,,,,,,,,,,,,0.0,0.0,30.0,0,0,0,False,skill_pass,False,False,False,True,57.69,0,0,True,93.10106190010416,75.75,6.0600000000000005,32.13157894736842,0.7677734733284143,1.7464125157725294,1.370022718035521,-0.5141151770838972,0.1525180207722253,1.2079417149206249,2.04676354339353,2.237311889126285,-0.358506084692083,-0.0811976058245907,2.3776696363888803,1.9694198884515437,0,0,1,,,,True,,,,True,train,18.801756,-4.741438,0.09494949494949495,0.25732625,0.6902356902356902,0.29377744,28.624767378223464
WallMi00,mike-wallace-1,00-0026901,Mike Wallace,WR,2009,3,84,PIT,mississippi,72.0,199.0,4.33,40.0,129.0,14.0,6.9,4.27,,,,,,,,,,,,57.0,32.0,144.0,1,0,8,False,skill_pass,False,False,False,True,46.68,0,0,True,113.22217323419612,84.5,5.585,26.98630401234568,-0.8239222488023566,-0.8223522318537396,-1.4547915517431924,1.5704274526890438,1.5301001438761903,-0.712828513745783,-0.5507884054924707,0.084628224937032,1.2682233431164085,1.6430066650377473,-0.3206777321450648,-0.5354228265608573,0,1,0,,,,True,,,,True,train,21.144453,3.4798794,0.8242424242424242,0.2803397,0.7299663299663299,0.33038208,59.783459578549824
ButlDe00,deon-butler-1,00-0027063,Deon Butler,WR,2009,3,91,SEA,penn st.,70.0,182.0,4.31,34.5,118.0,12.0,7.01,4.48,,,,,,,,,,,,4.0,4.0,35.0,0,0,1,False,skill_pass,False,False,False,True,43.1,0,0,True,105.4853876000092,76.25,5.745,26.11142857142857,-1.619770109867742,-1.4941830120021484,-1.557512070644239,0.0417628575222204,0.0147598084618287,-1.0969825594790643,-0.074570548196706,1.3762384234505876,0.6427282271257957,0.0173283525104,0.5882392762032111,-0.9613330844963348,0,1,0,,,,True,,,,True,train,12.524658,-5.1399155,0.08350168350168351,0.2020119,0.5851851851851851,0.19569778,22.99796469544722
HillAn00,anthony-hill-1,00-0026908,Anthony Hill,TE,2009,4,122,HOU,north carolina st.,77.0,262.0,4.84,30.5,107.0,21.0,7.31,4.56,,,,,,,,,,,,0.0,0.0,12.0,0,0,0,False,skill_pass,False,False,False,True,28.96,0,0,True,95.48822938667982,68.75,5.935,31.065272389947715,1.165697403861107,1.6673736004609518,1.1645816802334323,-1.0699932116900148,-1.500580526952533,0.6317106463207024,1.2242054262462942,1.868280403836697,-0.1655109993291459,-1.4605610225144612,1.667578223616785,1.4503163913488375,0,0,1,,,,True,,,,True,train,6.6067977,-3.2476583,0.13333333333333333,0.1584695,0.20404040404040405,0.103231214,14.648155843293429
NelsSh00,shawn-nelson-1,00-0027088,Shawn Nelson,TE,2009,4,121,BUF,southern miss,77.0,240.0,4.52,33.0,115.0,19.0,6.96,4.46,,,,,,,,,,,,1.0,1.0,17.0,0,0,1,False,skill_pass,False,False,False,True,29.37,0,0,True,114.99726143988316,74.0,5.71,28.45673806712768,1.165697403861107,0.7979455320335993,-0.4789466221832755,-0.3751456684323677,-0.3985148284693608,0.2475566005874208,-0.2910332106038721,1.2532279283540562,1.4117337175286946,-0.4260384599970583,0.3894136806270252,0.1804195874093018,0,0,1,,,,True,,,,True,train,10.443497,0.58904076,0.5878787878787879,0.18575615,0.5138047138047138,0.16317964,40.76996137492785
LuciDe00,devin-lucien-1,00-0032447,Devin Lucien,WR,2016,7,225,NWE,arizona st.,,,,,,,,,0.0,1.0,0.0,0.0,0.0,11.0,334.0,0.0,10192966.0,1883392251074.0,228.0,,,,0,0,0,False,skill_pass,True,True,True,False,2.1,0,1,True,,,,,,,,,,,,,,,,,0,1,0,0.9999999998226604,184773.72053178636,2.2368366577500603e-05,False,,,,False,train,6.796607,0.82280445,0.6175084175084176,0.15973923,0.21616161616161617,0.106196985,34.34229357387582
GettDa00,david-gettis-1,00-0027795,David Gettis,WR,2010,6,198,CAR,baylor,75.0,217.0,4.43,34.5,124.0,15.0,6.94,4.41,,,,,,,,,,,,3.0,3.0,17.0,0,0,1,False,skill_pass,False,False,False,True,6.15,0,1,True,112.6872614291838,79.25,5.675000000000001,27.120177777777776,0.3698495427957216,-0.111001994049542,-0.9411889572379736,0.0417628575222204,0.8413090823242079,-0.5207514908791422,-0.377618275566737,0.9457016906127356,1.2249773831866817,0.6084841025203445,0.1905880850508442,-0.4702498804484291,0,1,0,,,,True,,,,True,train,9.644012,3.0742736,0.8080808080808081,0.1797858,0.4686868686868687,0.1506877,48.306439721674636
CollAu00,austin-collie-1,00-0027092,Austin Collie,WR,2009,4,127,IND,byu,73.0,200.0,4.53,34.0,120.0,17.0,6.78,4.24,,,,,,,,,,,,18.0,17.0,49.0,0,0,0,False,skill_pass,False,False,False,True,26.94,0,0,True,94.98765873568156,77.0,5.51,26.38393694877088,-0.4259983182696639,-0.7828327741979508,-0.4275863627327499,-0.0972066511293089,0.2902762330826218,-0.1365974451458606,-1.0702987952696714,-0.0998875177077568,-0.20598058349652,0.1651172900128861,-0.7467325798083198,-0.8286694985099996,0,1,0,,,,True,,,,True,train,8.576586,-1.2778702,0.2383838383838384,0.17204957,0.3824915824915825,0.13400915,23.30635961752247
CaseJa00,james-casey-1,00-0027109,James Casey,TE,2009,5,152,HOU,rice,75.0,246.0,4.69,36.0,111.0,28.0,7.0,4.48,,,,,,,,,,,,7.0,7.0,95.0,0,0,1,False,skill_pass,False,False,False,True,17.95,0,1,True,101.68894271876384,73.5,5.74,30.744533333333333,0.3698495427957216,1.0350622779683318,0.394177788475604,0.4586713834768086,-0.949547677710947,1.976249806387188,-0.1178630806781384,1.3762384234505876,0.3357974365331892,-0.524564418332049,0.5598356196923282,1.2941729588741386,0,0,1,,,,True,,,,True,train,8.082309,-0.36163044,0.3993265993265993,0.16855758,0.3441077441077441,0.12628607,28.752092254834142
DillJa00,jarett-dillard-1,00-0027105,Jarett Dillard,WR,2009,5,144,JAX,rice,70.0,191.0,4.5,42.5,129.0,13.0,7.1,4.41,,,,,,,,,,,,4.0,4.0,21.0,0,0,0,False,skill_pass,False,False,False,True,20.63,0,1,True,93.15653101661331,85.75,5.755,27.40265306122449,-1.619770109867742,-1.1385078931000496,-0.5816671410843175,2.2652749959466907,1.5301001438761903,-0.9049055366124238,0.3150622441361937,0.9457016906127356,-0.3540215787092013,1.8893215608752243,0.6450465892249772,-0.3327341665462642,0,1,0,,,,True,,,,True,train,9.564798,1.1208591,0.6565656565656566,0.17920248,0.46060606060606063,0.14944997,42.04779664005596
DugaJe00,jeff-dugan-1,00-0022746,Jeff Dugan,TE,2004,7,220,MIN,maryland,76.0,263.0,5.0,28.0,109.0,21.0,7.4,4.32,,,,,,,,,,,,2.0,2.0,79.0,0,0,0,False,skill_pass,False,False,False,True,2.69,0,1,True,84.16,68.5,5.86,32.00986842105263,0.7677734733284143,1.7068930581167403,1.9863458314417863,-1.7648407549476617,-1.22506410233174,0.6317106463207024,1.613838218579198,0.3921544626783579,-1.0813632006463665,-1.5098240016819566,1.2415233759535351,1.910168297616761,0,0,1,,,,True,,,,True,train,6.2004757,0.22667313,0.538047138047138,0.15577899,0.16632996632996633,0.09688243,29.901713360891197
LuzaCh00,chris-luzar-1,00-0021090,Chris Luzar,TE,2002,4,118,JAX,virginia,79.0,270.0,4.76,32.5,115.0,22.0,6.84,4.17,,,,,,,,,,,,0.0,0.0,23.0,0,0,0,False,skill_pass,False,False,False,True,30.63,0,0,True,105.18793975010344,73.75,5.505,30.41339528921647,1.9615452649264924,1.983529261707262,0.7536996046292553,-0.5141151770838972,-0.3985148284693608,0.8237876691873433,-0.810543600381073,-0.5304242505456087,0.6186804912604206,-0.4753014391645537,-0.7751362363192028,1.1329670509402971,0,0,1,,,,True,,,,True,train,7.580226,-2.27423,0.1750841750841751,0.16506855,0.2882154882154882,0.11844103,18.437868674069342
McMiRa01,randy-mcmichael-1,00-0021236,Randy McMichael,TE,2002,4,114,MIA,georgia,75.0,247.0,4.88,29.5,112.0,18.0,7.58,4.28,,,,,,,,,,,,33.0,25.0,164.0,0,0,10,False,skill_pass,False,False,False,True,32.34,0,0,True,87.10591776259746,70.75,5.93,30.869511111111112,0.3698495427957216,1.0745817356241203,1.370022718035521,-1.3479322289930735,-0.8117894654005504,0.0554795777207801,2.393103803244997,0.1461334724853005,-0.8431948889288416,-1.0664571891744985,1.639174567105902,1.3550151257473313,0,0,1,,,,True,,,,True,train,11.785261,1.9308052,0.731986531986532,0.19611786,0.562962962962963,0.1841447,48.14397220860427
ChriGe00,gerald-christian-1,00-0032190,Gerald Christian,TE,2015,7,256,ARI,louisville,75.0,244.0,4.87,,,28.0,7.62,4.7,,,,,,,,,42832.0,72426384.0,145.0,0.0,,3.0,0,0,0,False,skill_pass,False,True,False,False,0.07,0,1,True,86.75689036082554,,6.16,30.494577777777774,0.3698495427957216,0.9560233626567542,1.3186624585849998,,,1.976249806387188,2.566273933170731,2.7293538695124004,-0.8714126715426639,,2.9457427666065503,1.1724886251277549,0,0,1,1.0,1690.9409787075083,0.0033853193873739,False,,,,True,train,6.831284,0.8574815,0.6249158249158249,0.15997209,0.2202020202020202,0.10673882,34.73489161959601
DyseZa00,zac-dysert-1,00-0030394,Zac Dysert,QB,2013,7,234,DEN,miami (oh),75.0,231.0,4.81,,,,,,247222295302.0,401343448480.0,2611240635133483.0,12132325.0,16121112.0,14979125108.0,25827115265.0,5142.0,,,,,,,0,0,0,False,skill_pass,True,True,False,False,1.23,0,1,True,86.31010999073635,,,28.869866666666667,0.3698495427957216,0.4422704131315005,1.010500901881865,,,,,,-0.9075334783770168,,,0.3815404557762592,1,0,0,,,,True,0.6159868716888243,6506.249560128569,0.7525737058336919,False,train,7.205649,1.2318463,0.6713804713804714,0.1625035,0.24983164983164982,0.112588264,37.35368708631507
WatsBe00,benjamin-watson-1,00-0022943,Ben Watson,TE,2004,1,32,NWE,georgia,75.0,258.0,4.5,35.5,123.0,34.0,7.38,4.11,,,,,,,,,,,,40.0,19.0,205.0,0,0,11,False,skill_pass,False,False,False,True,77.74,1,0,True,125.8344764517604,79.25,5.745,32.24426666666667,0.3698495427957216,1.509295769837797,-0.5816671410843175,0.3197018748252792,0.7035508700138113,3.1287119435870325,1.5272531536163292,-0.8994557358351921,2.28788892996166,0.6084841025203445,0.5882392762032111,2.0242789613524432,0,0,1,,,,True,,,,True,train,39.43917,3.1156769,0.8107744107744108,0.49299014,0.9387205387205387,0.61623704,73.38993051698313
PhilJo00,john-phillips-1,00-0027139,John Phillips,TE,2009,6,208,DAL,virginia,77.0,251.0,4.78,33.5,112.0,20.0,6.84,4.27,,,,,,,,,,,,2.0,2.0,120.0,0,0,1,False,skill_pass,False,False,False,True,4.41,0,1,True,96.15948543762605,72.75,5.555,29.76100522853769,1.165697403861107,1.2326595662472757,0.856420123530302,-0.2361761597808383,-0.8117894654005504,0.4396336234540616,-0.810543600381073,0.084628224937032,-0.1112420301088123,-0.6723533558345351,-0.4910996712103678,0.815367989379069,0,0,1,,,,True,,,,True,train,6.329626,-0.24011278,0.4175084175084175,0.1566301,0.17575757575757575,0.09890041,25.326098678213384
StroSa00,sammie-stroughter-1,00-0026953,Sammie Stroughter,WR,2009,7,233,TAM,oregon st.,69.0,189.0,4.45,30.0,110.0,13.0,7.03,4.28,,,,,,,,,,,,5.0,5.0,33.0,0,0,0,False,skill_pass,False,False,False,True,1.31,0,1,True,96.39438922814374,70.0,5.655,27.907372400756145,-2.0176940404004347,-1.2175468084116272,-0.8384684383369269,-1.208962720341544,-1.0873058900213437,-0.9049055366124238,0.0120145167661627,0.1461334724853005,-0.0922507874088407,-1.2142461266769844,0.0769734590073072,-0.0870247386308933,0,1,0,,,,True,,,,True,train,6.926563,0.9527602,0.6390572390572391,0.1606133,0.22626262626262628,0.108227536,35.4643588147631
MorrCa00,cameron-morrah-1,00-0026963,Cameron Morrah,TE,2009,7,248,SEA,california,75.0,244.0,4.61,32.5,115.0,24.0,6.99,4.36,,,,,,,,,,,,2.0,2.0,27.0,0,0,0,False,skill_pass,False,False,False,True,0.33,0,1,True,108.04784775772258,73.75,5.675000000000001,30.494577777777774,0.3698495427957216,0.9560233626567542,-0.0167042871285729,-0.5141151770838972,-0.3985148284693608,1.2079417149206249,-0.1611556131595709,0.6381754528714153,0.84989518112383,-0.4753014391645537,0.1905880850508442,1.1724886251277549,0,0,1,,,,True,,,,True,train,7.553965,1.5801625,0.7063973063973064,0.16488768,0.2855218855218855,0.118030705,39.62469780131522
MitcMa00,marko-mitchell-1,00-0026959,Marko Mitchell,WR,2009,7,243,WAS,nevada,76.0,218.0,4.43,32.0,116.0,9.0,7.04,4.33,,,,,,,,,,,,0.0,0.0,10.0,0,0,0,False,skill_pass,False,False,False,True,0.58,0,1,True,113.20655756480215,74.0,5.6850000000000005,26.532894736842103,0.7677734733284143,-0.0714825363937533,-0.9411889572379736,-0.6530846857354266,-0.2607566161589643,-1.6732136280789869,0.0553070492475951,0.4536597102266209,1.266960864691817,-0.4260384599970583,0.2473953980726102,-0.7561532899484584,0,1,0,,,,True,,,,True,train,7.5225015,1.5486989,0.7016835016835017,0.16467118,0.2828282828282828,0.117539085,39.36811112276332
GronDa00,dan-gronkowski-1,00-0027157,Dan Gronkowski,TE,2009,7,255,DET,maryland,77.0,255.0,4.79,33.0,122.0,26.0,6.92,4.26,,,,,,,,,,,,1.0,0.0,21.0,0,0,0,False,skill_pass,False,False,False,True,0.09,0,1,True,96.87865984597896,77.5,5.59,30.23528419632316,1.165697403861107,1.3907373968704306,0.9077803829808228,-0.3751456684323677,0.5657926577034149,1.5920957606539063,-0.4642033405296057,0.023122977388769,-0.0530990103536232,0.2636432483478769,-0.2922740756341818,1.046258317368076,0,0,1,,,,True,,,,True,train,6.0982084,0.12440586,0.5259259259259259,0.15510768,0.1569023569023569,0.09528451,29.182927848313394
UndeTi00,tiquan-underwood-1,00-0027156,Tiquan Underwood,WR,2009,7,253,JAX,rutgers,73.0,184.0,4.31,41.5,129.0,7.0,6.62,4.11,,,,,,,,,,,,9.0,1.0,45.0,0,0,1,False,skill_pass,False,False,False,True,0.15,0,1,True,106.64456768352578,85.25,5.365,24.273221992869207,-0.4259983182696639,-1.4151440966905708,-1.557512070644239,1.987335978643632,1.5301001438761903,-2.0573676738122684,-1.762979314972606,-0.8994557358351921,0.7364443406483611,1.7907956025402334,-1.570438618623942,-1.8562159459836869,0,1,0,,,,True,,,,True,train,8.0078125,2.03401,0.7420875420875421,0.16803622,0.33804713804713804,0.12512207,42.30761029985216
OLeaDa20,dan-oleary-1,00-0020326,Dan O'Leary,TE,2001,6,195,BUF,notre dame,76.0,252.0,5.02,32.0,113.0,16.0,7.4,4.31,,,,,,,,,,,,0.0,0.0,17.0,0,0,0,False,skill_pass,False,False,False,True,6.74,0,1,True,79.3625598987378,72.5,5.855,30.67105263157895,0.7677734733284143,1.2721790239030644,2.0890663503428284,-0.6530846857354266,-0.6740312530901539,-0.3286744680125014,1.613838218579198,0.3306492151300895,-1.4692213492988675,-0.7216163350020306,1.2131197194426522,1.2584007984341532,0,0,1,,,,True,,,,True,train,7.7158933,1.1461544,0.661952861952862,0.16600557,0.31245791245791243,0.12056084,38.458600931546904
RoyaRo00,robert-royal-1,00-0021273,Robert Royal,TE,2002,5,160,WAS,louisiana state,77.0,253.0,4.97,31.0,114.0,14.0,7.37,4.27,,,,,,,,,,,,9.0,2.0,110.0,0,0,6,False,skill_pass,False,False,False,True,15.46,0,1,True,82.93253905512017,72.5,5.82,29.998144712430427,1.165697403861107,1.311698481558853,1.8322650530902187,-0.9310237030384854,-0.5362730407797573,-0.712828513745783,1.4839606211348968,0.084628224937032,-1.180599609976226,-0.7216163350020306,1.0142941238664662,0.9308131533735732,0,0,1,,,,True,,,,True,train,9.623944,1.1800051,0.665993265993266,0.17963786,0.46734006734006733,0.15037413,42.586772045728935
FullWi01,william-fuller-2,00-0033127,Will Fuller,WR,2016,1,21,HOU,notre dame,72.0,186.0,4.32,33.5,126.0,10.0,6.93,4.27,,,,,,,,,,,,24.0,24.0,55.0,0,0,5,False,skill_pass,False,False,False,True,85.32,1,0,True,106.8090254844846,79.75,5.6,25.22337962962963,-0.8239222488023566,-1.3361051813789937,-1.506151811193713,-0.2361761597808383,1.116825506945001,-1.481136605212346,-0.4209108080481732,0.084628224937032,0.749740243643496,0.7070100608553352,-0.2354667626124158,-1.3936565172634356,0,1,0,,,,True,,,,True,train,26.327417,-9.996077,0.010774410774410775,0.33545178,0.8175084175084175,0.4113659,31.717498047383945
DaniB.00,bj-daniels-1,00-0030120,B.J. Daniels,QB,2013,7,237,SFO,south florida,,,,,,,,,4122143215164.0,5227245365289.0,8.619831685260419e+17,14111314.0,913710.0,3175112132104.0,2772259601426.0,9565.0,,,,0.0,,8.0,0,0,0,False,skill_pass,False,True,True,False,0.98,0,1,True,,,,,,,,,,,,,,,,,1,0,0,,,,True,0.7885880472603563,164901.99106587857,15.443974565234043,False,train,11.583415,5.6096125,0.8781144781144781,0.19453163,0.5562289562289562,0.18099086,53.75960835899769
HannRy00,,00-0021282,Ryan Hannam,TE,2002,5,169,SEA,northern iowa,74.0,251.0,4.69,30.5,113.0,18.0,7.07,4.21,,,,,,,,,,,,2.0,2.0,54.0,0,0,0,False,skill_pass,False,False,False,True,12.87,0,1,True,103.75579114800702,71.75,5.640000000000001,32.222972972972975,-0.0280743877369711,1.2326595662472757,0.394177788475604,-1.0699932116900148,-0.6740312530901539,0.0554795777207801,0.1851846466918963,-0.2844032603525513,0.5028957198657259,-0.8694052725045167,-0.0082375105253417,2.0139126827380007,0,0,1,,,,True,,,,True,train,7.41911,-1.0248294,0.27205387205387205,0.16396129,0.26666666666666666,0.1159236,21.813186158937235
KittKu00,kurt-kittner-1,00-0021271,Kurt Kittner,QB,2002,5,158,ATL,illinois,74.0,221.0,4.86,27.0,100.0,,7.34,4.5,,,,,,,,,,,,1.0,1.0,7.0,0,0,0,False,skill_pass,False,True,False,True,16.06,0,1,True,79.22772624564118,63.5,5.92,28.37162162162162,-0.0280743877369711,0.0470758365736129,1.2673021991344788,-2.0427797722507206,-2.4648880131253086,,1.3540830236905956,1.4992489185471136,-1.48012223184503,-2.495083585031864,1.5823672540841365,0.138982869032531,1,0,0,,,,True,,,,True,train,5.0533595,-3.3905797,0.1265993265993266,0.14838403,0.032996632996632996,0.07895874,10.270761486506624
MoraJo00,johnnie-morant-1,00-0022873,Johnnie Morant,WR,2004,5,134,OAK,syracuse,76.0,229.0,4.51,41.0,130.0,,7.34,4.22,,,,,,,,,,,,0.0,0.0,15.0,0,0,0,False,skill_pass,False,True,False,True,24.24,0,1,True,110.70297967775846,85.5,5.779999999999999,27.87171052631579,0.7677734733284143,0.363231497819923,-0.5303068816337965,1.8483664699921023,1.6678583561865872,,1.3540830236905956,-0.2228980128042883,1.0645543596016054,1.8400585817077288,0.7870648717793921,-0.1043857907658485,0,1,0,,,,True,,,,True,train,10.6798935,2.2359543,0.7582491582491583,0.18755054,0.5259259259259259,0.16687334,47.9369623855208
HeinKe00,,00-0021287,Keith Heinrich,TE,2002,6,174,CAR,sam houston st.,77.0,255.0,4.77,35.0,120.0,21.0,6.87,4.1,,,,,,,,,,,,1.0,0.0,22.0,0,0,0,False,skill_pass,False,False,False,True,11.54,0,1,True,98.513706630426,77.5,5.484999999999999,30.23528419632316,1.165697403861107,1.3907373968704306,0.8050598640797764,0.1807323661737498,0.2902762330826218,0.6317106463207024,-0.6806660029367718,-0.9609609833834604,0.0790894496146432,0.2636432483478769,-0.8887508623627398,1.046258317368076,0,0,1,,,,True,,,,True,train,8.060622,1.4908834,0.6956228956228956,0.16840568,0.3420875420875421,0.12594722,40.55372467140357
WoodRa00,rashaun-woods-1,00-0022892,Rashaun Woods,WR,2004,1,31,SFO,oklahoma st.,74.0,202.0,4.47,39.0,125.0,,6.93,3.97,,,,,,,,,,,,1.0,1.0,14.0,0,0,0,False,skill_pass,False,True,False,True,78.41,1,0,True,101.19318669587304,82.0,5.45,25.93243243243243,-0.0280743877369711,-0.7037938588863734,-0.7357479194358849,1.292488435385985,0.9790672946346044,,-0.4209108080481732,-1.7605292015108929,0.2957171001114455,1.1503768733627937,-1.0875764579389209,-1.0484726796475992,0,1,0,,,,True,,,,True,train,26.15328,-10.170214,0.00808080808080808,0.33351362,0.8107744107744108,0.408645,31.38189311872428
HoomMi00,michael-hoomanawanui-1,00-0027732,Michael Hoomanawanui,TE,2010,5,132,STL,illinois,76.0,264.0,4.77,,,25.0,,,,,,,,,,,52510.0,64312114.0,220.0,5.0,1.0,87.0,0,0,3,False,skill_pass,False,True,False,False,25.0,0,1,True,101.9906609820881,,,32.13157894736842,0.7677734733284143,1.7464125157725294,0.8050598640797764,,,1.4000187377872657,,,0.360190422074958,,,1.9694198884515437,0,0,1,1.0,1224.7593601218816,0.0041896781565416,False,,,,True,train,8.8777075,0.43376827,0.562962962962963,0.17420489,0.4080808080808081,0.13871418,36.938516210777195
JohnEr00,,00-0020455,Eric Johnson,TE,2001,7,224,SFO,yale,72.0,215.0,4.6,38.0,121.0,12.0,6.96,4.17,,,,,,,,,,,,19.0,17.0,71.0,0,0,5,False,skill_pass,False,False,False,True,2.22,0,1,True,96.03667797070484,79.5,5.565,29.156057098765437,-0.8239222488023566,-0.1900409093611196,-0.0680645465790985,1.0145494180829262,0.4280344453930183,-1.0969825594790643,-0.2910332106038721,-0.5304242505456087,-0.1211706328126239,0.6577470816878399,-0.4342923581886018,0.5208647927653923,0,0,1,,,,True,,,,True,train,8.110484,2.1366816,0.7535353535353535,0.16875513,0.3474747474747475,0.12672631,43.00053807077083
ClayMi00,michael-clayton-1,00-0022725,Michael Clayton,WR,2004,1,15,TAM,louisiana state,75.0,209.0,4.67,32.5,116.0,,6.77,4.09,,,,,,,,,,,,22.0,22.0,95.0,0,0,5,False,skill_pass,False,True,False,True,89.6,1,0,True,87.88378632749509,74.25,5.43,26.120355555555555,0.3698495427957216,-0.4271576552958521,0.2914572695745574,-0.5141151770838972,-0.2607566161589643,,-1.1135913277511078,-1.0224662309317234,-0.780306628709231,-0.3767754808295629,-1.2011910839824578,-0.9569872154339644,0,1,0,,,,True,,,,True,train,27.43033,-8.893164,0.022895622895622896,0.34785447,0.837037037037037,0.42859894,33.18563347091579
McMaMi00,mike-mcmahon-1,00-0020308,Mike McMahon,QB,2001,5,149,DET,rutgers,74.0,207.0,4.57,37.5,124.0,,7.12,4.12,,,,,,,,,,,,6.0,5.0,29.0,0,0,0,False,skill_pass,False,True,False,True,18.93,0,1,True,94.91515053022638,80.75,5.62,26.574324324324323,-0.0280743877369711,-0.5061965706074296,-0.2221453249306614,0.8755799094313969,0.8413090823242079,,0.4016473090990625,-0.8379504882869291,-0.2118426469587728,0.9040619775253168,-0.1218521365688787,-0.7359843773633546,1,0,0,,,,True,,,,True,train,9.333427,0.8894882,0.6282828282828283,0.17750719,0.44646464646464645,0.1458348,40.5274460819183
KaspKe00,kevin-kasper-1,00-0020256,Kevin Kasper,WR,2001,6,190,DEN,iowa,72.0,199.0,4.42,43.5,126.0,,6.56,3.73,,,,,,,,,,,,2.0,1.0,39.0,0,0,0,False,skill_pass,False,True,False,True,7.76,0,1,True,104.2783125389264,84.75,5.145,26.98630401234568,-0.8239222488023566,-0.8223522318537396,-0.9925492166884944,2.5432140132497496,1.116825506945001,,-2.0227345098612086,-3.2366551426692376,0.5451399532559447,1.6922696442052427,-2.820199505102824,-0.5354228265608573,0,1,0,,,,True,,,,True,train,9.134343,2.5646043,0.7784511784511785,0.17605856,0.4316498316498317,0.14272411,46.146697254017354
EldrBr00,brody-eldridge-1,00-0027761,Brody Eldridge,TE,2010,5,162,IND,oklahoma,77.0,261.0,4.72,31.5,,,,,,,,,,,,,3442.0,18372419.0,10.0,0.0,0.0,27.0,0,0,2,False,skill_pass,False,True,False,False,14.86,0,1,True,105.17257532395053,,,30.94670264800135,1.165697403861107,1.6278541428051632,0.5482585668271669,-0.7920541943869559,,,,,0.6174383250724124,,,1.3925938093515855,0,0,1,1.0,5337.716153399187,0.0029052876234747,False,,,,True,train,6.8746767,-1.5692625,0.21818181818181817,0.16026387,0.2228956228956229,0.10741682,18.538799128046744
McCoQu00,quentin-mccord-1,00-0020340,Quentin McCord,WR,2001,7,236,ATL,kentucky,70.0,191.0,4.48,36.5,112.0,,7.17,4.18,,,,,,,,,,,,5.0,5.0,25.0,0,0,0,False,skill_pass,False,True,False,True,1.06,0,1,True,94.83121326197087,74.25,5.675,27.40265306122449,-1.619770109867742,-1.1385078931000496,-0.6843876599853594,0.597640892128338,-0.8117894654005504,,0.6181099715062286,-0.4689190029973457,-0.2186287146910119,-0.3767754808295629,0.1905880850508391,-0.3327341665462642,0,1,0,,,,True,,,,True,train,7.1154594,1.1416569,0.6606060606060606,0.16189072,0.2430976430976431,0.111179054,36.747590818088064
PainCu00,curtis-painter-1,00-0027134,Curtis Painter,QB,2009,6,201,IND,purdue,75.0,225.0,4.87,29.0,102.0,,7.0,4.48,,,,,,,,,,,,2.0,2.0,14.0,0,0,1,False,skill_pass,False,True,False,True,5.6,0,1,True,80.00123086551535,65.5,5.74,28.12,0.3698495427957216,0.2051536671967679,1.3186624585849998,-1.486901737644603,-2.189371588504516,,-0.1178630806781384,1.3762384234505876,-1.4175867830419024,-2.100979751691901,0.5598356196923282,0.0164874545371078,1,0,0,,,,True,,,,True,train,5.148824,-1.4209146,0.2228956228956229,0.14898822,0.03569023569023569,0.08045038,14.218401613610762
McKiKe00,kenny-mckinley-1,00-0027102,Kenny McKinley,WR,2009,5,141,DEN,south carolina,72.0,189.0,4.37,37.0,113.0,,6.96,4.1,,,,,,,,,,,,0.0,0.0,8.0,0,0,0,False,skill_pass,False,True,False,True,21.68,0,1,True,103.6492232804798,75.0,5.529999999999999,25.63020833333333,-0.8239222488023566,-1.2175468084116272,-1.249350513941104,0.7366104007798674,-0.6740312530901539,,-0.2910332106038721,-0.9609609833834604,0.4942800383913324,-0.2289865433270768,-0.6331179537647879,-1.1956025886397643,0,1,0,,,,True,,,,True,train,9.132165,0.68822575,0.6026936026936027,0.17604275,0.43097643097643096,0.14269008,39.10192932256244
HowrKe00,keenan-howry-1,00-0022032,Keenan Howry,WR,2003,7,221,MIN,oregon,70.0,178.0,4.56,31.5,114.0,,7.34,4.28,,,,,,,,,,,,0.0,0.0,23.0,0,0,0,False,skill_pass,False,True,False,True,2.57,0,1,True,82.33616357179203,72.75,5.8100000000000005,25.537551020408163,-1.619770109867742,-1.6522608426253034,-0.273505584381187,-0.7920541943869559,-0.5362730407797573,,1.3540830236905956,0.1461334724853005,-1.22881471761343,-0.6723533558345351,0.9574868108447002,-1.2407103813630331,0,1,0,,,,True,,,,True,train,6.2052197,0.23141718,0.54006734006734,0.15581015,0.16767676767676767,0.09695656,30.011563002711995
YounWa00,walter-young-1,00-0021886,Walter Young,WR,2003,7,226,CAR,illinois,77.0,214.0,4.54,39.0,121.0,,6.9,4.25,,,,,,,,,,,,0.0,0.0,9.0,0,0,0,False,skill_pass,False,True,False,True,1.99,0,1,True,100.74427076530958,80.0,5.575,25.37392477652218,1.165697403861107,-0.2295603670169083,-0.3762261032822289,1.292488435385985,0.4280344453930183,,-0.5507884054924707,-0.0383822701594938,0.2594236398380897,0.7562730400228306,-0.3774850451668308,-1.320367544519239,0,1,0,,,,True,,,,True,train,8.128489,2.154686,0.7555555555555555,0.16888143,0.34949494949494947,0.12700763,43.1299026172721
GardTa00,talman-gardner-1,00-0022111,Talman Gardner,WR,2003,7,231,NOR,florida st.,73.0,205.0,4.44,34.5,116.0,,7.54,4.43,,,,,,,,,,,,0.0,0.0,21.0,0,0,0,False,skill_pass,False,True,False,True,1.49,0,1,True,105.49988257791016,75.25,5.984999999999999,27.043535372490147,-0.4259983182696639,-0.5852354859190071,-0.8898286977874479,0.0417628575222204,-0.2607566161589643,,2.219933673319264,1.0687121857092616,0.6439001011200023,-0.1797235641595814,1.95161478872562,-0.5075612336744733,0,1,0,,,,True,,,,True,train,7.514121,1.5403185,0.7003367003367004,0.16461353,0.28215488215488216,0.11740814,39.29699919899606
DaviNa00,,00-0027118,Nate Davis,QB,2009,5,171,SFO,ball st.,73.0,226.0,4.95,26.5,99.0,,,,,,,,,12.0,80.0,0.0,92924.0,84312257.0,21.0,,,,0,0,0,False,skill_pass,True,True,False,True,12.33,0,1,True,75.28659212315486,62.75,,29.81384875211109,-0.4259983182696639,0.2446731248525567,1.7295445341891769,-2.18174928090225,-2.602646225435705,,,,-1.7987506987093835,-2.64287252253435,,0.8410934786347418,1,0,0,,,,False,,,,True,train,8.377972,-0.06596756,0.44377104377104376,0.17063954,0.362962962962963,0.1309058,31.04100811948078
HartBr00,brian-hartline-1,00-0027077,Brian Hartline,WR,2009,4,108,MIA,ohio st.,74.0,195.0,4.49,34.5,120.0,,6.65,4.12,,,,,,,,,,,,32.0,30.0,104.0,0,0,5,False,skill_pass,False,True,False,True,35.0,0,0,True,95.9575703354238,77.25,5.385,25.033783783783782,-0.0280743877369711,-0.9804300624768948,-0.6330274005348384,0.0417628575222204,0.2902762330826218,,-1.633101717528305,-0.8379504882869291,-0.1275662397022859,0.2143802691803815,-1.4568239925804098,-1.485956302845542,0,1,0,,,,True,,,,True,train,9.63836,-0.21609592,0.4202020202020202,0.17974412,0.468013468013468,0.15059938,32.77522012669129
TelfRa00,randall-telfer-1,00-0031533,Randall Telfer,TE,2015,6,198,CLE,southern california,76.0,250.0,4.83,,,20.0,,,,,,,,,,,2612621.0,27310078197.0,5412.0,0.0,0.0,30.0,0,0,2,False,skill_pass,False,True,False,False,6.15,0,1,True,91.8716426014998,,,30.42763157894737,0.7677734733284143,1.1931401085914868,1.1132214207829114,,,0.4396336234540616,,,-0.4579008208449921,,,1.139897616764588,0,0,1,1.0,10453.134303444702,0.0020714830049976,False,,,,True,train,5.3409805,-1.2287583,0.24242424242424243,0.1502105,0.04478114478114478,0.08345282,15.265859189684747
DrayJi00,jim-dray-1,00-0027825,Jim Dray,TE,2010,7,233,ARI,stanford,77.0,246.0,4.82,,,17.0,,,,,,,,,,,199211.0,17811612149.0,1123.0,3.0,2.0,94.0,0,0,2,False,skill_pass,False,True,False,False,1.31,0,1,True,91.15425581133302,,,29.16815651880587,1.165697403861107,1.0350622779683318,1.0618611613323905,,,-0.1365974451458606,,,-0.5158993172157231,,,0.5267550793928115,0,0,1,1.0,89410.78629694143,0.00563723890749,False,,,,True,train,6.0362754,0.06247282,0.5144781144781144,0.15470229,0.1542087542087542,0.0943168,28.64368161403571
BabeBi00,billy-baber-1,,Bill Baber,TE,2001,5,141,KAN,virginia,76.0,255.0,4.76,33.0,106.0,22.0,7.12,4.19,,,,,,,,,,,,0.0,0.0,30.0,0,0,0,False,skill_pass,False,False,False,True,21.68,0,1,True,99.34416531954211,69.5,5.655,31.036184210526315,0.7677734733284143,1.3907373968704306,0.7536996046292553,-0.3751456684323677,-1.6383387392629296,0.8237876691873433,0.4016473090990625,-0.4074137554490772,0.1462294582221952,-1.312772085011975,0.0769734590073072,1.4361555709385003,0,0,1,,,,True,,,,True,train,7.931417,-0.5125222,0.37643097643097645,0.16750288,0.33265993265993266,0.12392839,27.53906341925615
WhitPa01,pat-white-1,00-0027020,Pat White,QB,2009,2,44,MIA,west virginia,72.0,197.0,4.55,35.0,117.0,,7.06,4.42,,,,,,,,,,,,1.0,1.0,13.0,0,0,0,False,skill_pass,False,True,False,True,69.87,0,0,True,91.92859766992795,76.0,5.74,26.71508487654321,-0.8239222488023566,-0.9013911471653172,-0.3248658438317079,0.1807323661737498,-0.1229984038485677,,0.14189211421046,1.0072069381609987,-0.4532961802594624,-0.0319346266570953,0.5598356196923282,-0.6674587789766397,1,0,0,,,,True,,,,True,train,24.131868,0.58867455,0.5872053872053872,0.31143767,0.7831649831649832,0.37706044,52.92147741760269
McGeSt00,stephen-mcgee-1,00-0027071,Stephen McGee,QB,2009,4,101,DAL,texas a&m,75.0,225.0,4.61,33.0,112.0,,7.34,4.49,,,,,,,,,,,,2.0,2.0,3.0,0,0,0,False,skill_pass,False,True,False,True,38.23,0,0,True,99.6342858421622,72.5,5.915,28.12,0.3698495427957216,0.2051536671967679,-0.0167042871285729,-0.3751456684323677,-0.8117894654005504,,1.3540830236905956,1.4377436709988505,0.1696848024087578,-0.7216163350020306,1.553963597573253,0.0164874545371078,1,0,0,,,,True,,,,True,train,10.213807,0.35935116,0.5521885521885522,0.18402535,0.5003367003367003,0.15959074,38.966598132092145
SandBe00,,00-0032900,Beau Sandland,TE,2016,7,252,CAR,montana st.,76.0,253.0,4.74,35.0,124.0,23.0,7.1,4.33,,,,,,,,,9.0,94.0,1.0,,,,0,0,0,False,skill_pass,True,False,False,False,0.18,0,1,True,100.23909803048473,79.5,5.715,30.792763157894736,0.7677734733284143,1.311698481558853,0.6509790857282134,0.1807323661737498,0.8413090823242079,1.015864692053984,0.3150622441361937,0.4536597102266209,0.2185819914707993,0.6577470816878399,0.4178173371379082,1.317652389268935,0,0,1,1.0,10.444444444444445,0.1111111111111111,False,,,,True,train,9.040176,3.0663738,0.8067340067340067,0.17537661,0.4249158249158249,0.14125276,47.100264032154975
FreeJo00,josh-freeman-1,00-0026993,Josh Freeman,QB,2009,1,17,TAM,kansas st.,78.0,248.0,4.9,33.5,119.0,,7.11,4.43,,,,,,,,,,,,37.0,36.0,62.0,0,0,4,False,skill_pass,False,True,False,True,88.16,1,0,True,86.03939667648542,76.25,5.77,28.65614727153189,1.5636213343937997,1.1141011932799092,1.4727432369365674,-0.2361761597808383,0.1525180207722253,,0.35835477661763,1.0687121857092616,-0.9294198099756796,0.0173283525104,0.7302575587576262,0.2774967502948829,1,0,0,,,,True,,,,True,train,28.232925,-8.090569,0.032996632996632996,0.35701266,0.8484848484848485,0.44113946,34.2526048169995
BritKe00,kenny-britt-1,00-0027006,Kenny Britt,WR,2009,1,30,TEN,rutgers,75.0,218.0,4.47,37.0,124.0,23.0,,4.47,,,,,,,,,,,,35.0,20.0,116.0,0,0,5,False,skill_pass,False,True,False,True,79.09,1,0,True,109.20848861237783,80.5,,27.24515555555556,0.3698495427957216,-0.0714825363937533,-0.7357479194358849,0.7366104007798674,0.8413090823242079,1.015864692053984,,1.314733175902319,0.9437293934610748,0.8547989983578214,,-0.4094077135752363,0,1,0,,,,True,,,,True,train,28.488482,-7.8350124,0.03771043771043771,0.3599512,0.8518518518518519,0.44513255,34.64713002605872
StewTo00,tony-stewart-1,00-0020268,Tony Stewart,TE,2001,5,147,PHI,penn st.,77.0,256.0,4.96,35.5,109.0,,7.3,4.4,,,,,,,,,,,,5.0,0.0,115.0,0,0,1,False,skill_pass,False,True,False,True,19.6,0,1,True,84.59471955699979,72.25,5.85,30.353853938269523,1.165697403861107,1.430256854526219,1.7809047936396978,0.3197018748252792,-1.22506410233174,,1.180912893764862,0.8841964430644728,-1.046217473132934,-0.7708793141695259,1.184716062931764,1.1039808993653282,0,0,1,,,,True,,,,True,train,8.518571,0.07463169,0.5164983164983165,0.17163675,0.3771043771043771,0.13310267,34.29680877570251
HollJa01,jabari-holloway-1,00-0020373,Jabari Holloway,TE,2001,4,119,NWE,notre dame,74.0,253.0,4.91,38.5,113.0,20.0,7.14,4.4,,,,,,,,,,,,1.0,,26.0,0,0,2,False,skill_pass,False,False,False,True,30.21,0,0,True,87.06117983864496,75.75,5.77,32.479729729729726,-0.0280743877369711,1.311698481558853,1.5241034963870883,1.1535189267344557,-0.6740312530901539,0.4396336234540616,0.4882323740619274,0.8841964430644728,-0.8468118112858726,-0.0811976058245907,0.7302575587576262,2.138908003651696,0,0,1,,,,True,,,,True,train,8.13804,-1.7164164,0.2074074074074074,0.16894847,0.3501683501683502,0.12715687,21.221770139379736
NewtCa00,cam-newton-1,00-0027939,Cam Newton,QB,2011,1,1,CAR,auburn,77.0,248.0,4.56,35.0,126.0,,6.92,4.18,,,,,,,,,,,,115.0,107.0,148.0,3,1,9,False,skill_pass,False,True,False,True,100.0,1,0,True,114.71555374047428,80.5,5.55,29.4052960026986,1.165697403861107,1.1141011932799092,-0.273505584381187,0.1807323661737498,1.116825506945001,,-0.4642033405296057,-0.4689190029973457,1.3889585239988935,0.8547989983578214,-0.5195033277212509,0.6422002433873142,1,0,0,,,,True,,,,True,train,81.57514,45.251648,0.9912457912457913,0.88882124,0.9932659932659933,1.0,97.2915769959941
StafMa00,matthew-stafford-1,00-0026498,Matthew Stafford,QB,2009,1,1,DET,georgia,74.0,225.0,4.81,30.5,107.0,,7.06,4.47,,,,,,,,,,,,133.0,91.0,239.0,3,1,15,False,skill_pass,False,True,False,True,100.0,1,0,True,84.06828895201592,68.75,5.765,28.885135135135137,-0.0280743877369711,0.2051536671967679,1.010500901881865,-1.0699932116900148,-1.500580526952533,,0.14189211421046,1.314733175902319,-1.0887777543523578,-1.4605610225144612,0.7018539022467432,0.3889735108599279,1,0,0,,,,True,,,,True,train,119.483696,83.1602,0.9993265993265993,0.98155206,1.0,1.0,99.60410585748627
SancMa00,mark-sanchez-1,00-0026898,Mark Sanchez,QB,2009,1,5,NYJ,southern california,74.0,227.0,4.93,32.5,116.0,,7.06,4.21,,,,,,,,,,,,32.0,26.0,79.0,0,0,4,False,skill_pass,False,True,False,True,96.97,1,0,True,76.8543007867007,74.25,5.635,29.14189189189189,-0.0280743877369711,0.2841925825083454,1.6268240152881304,-0.5141151770838972,-0.2607566161589643,,0.14189211421046,-0.2844032603525513,-1.672006316906805,-0.3767754808295629,-0.0366411670362298,0.5139688317736246,1,0,0,,,,True,,,,True,train,43.42408,7.100586,0.9016835016835016,0.5426968,0.9468013468013468,0.67850125,79.42732834474808
HarpJu01,justin-harper-2,00-0026355,Justin Harper,WR,2008,7,215,BAL,virginia tech,75.0,213.0,4.56,28.5,120.0,,7.03,4.43,,,,,,,,,,,,0.0,0.0,2.0,0,0,0,False,skill_pass,False,True,False,True,3.36,0,1,True,98.52585865613317,74.25,5.73,26.620266666666662,0.3698495427957216,-0.2690798246726971,-0.273505584381187,-1.6258712462961322,0.2902762330826218,,0.0120145167661627,1.0687121857092616,0.0800719031927325,-0.3767754808295629,0.5030283066705622,-0.7136185479411966,0,1,0,,,,True,,,,True,train,5.581646,-0.3921566,0.39461279461279464,0.151753,0.06464646464646465,0.08721322,21.856765385478838
DunbLa20,latarence-dunbar-1,00-0021930,LaTarence Dunbar,WR,2003,6,196,ATL,texas christian,71.0,196.0,4.52,34.0,122.0,,7.41,4.35,,,,,,,,,,,,0.0,0.0,5.0,0,0,0,False,skill_pass,False,True,False,True,6.54,0,1,True,93.91443017590456,78.0,5.88,27.33346558222575,-1.2218461793350492,-0.940910604821106,-0.4789466221832755,-0.0972066511293089,0.5657926577034149,,1.6571307510606303,0.5766702053231468,-0.2927477829799636,0.3621692066828676,1.3551380019970671,-0.366416283620404,0,1,0,,,,True,,,,True,train,7.874869,1.30513,0.6774410774410774,0.167109,0.32255892255892255,0.123044826,39.351898099186045
BattAr00,arnaz-battle-1,00-0022064,Arnaz Battle,WR,2003,6,197,SFO,notre dame,73.0,217.0,4.58,35.0,117.0,,6.74,4.06,,,,,,,,,,,,18.0,18.0,113.0,0,0,2,False,skill_pass,False,True,False,True,6.35,0,1,True,98.63426609799428,76.0,5.4,28.6265715894164,-0.4259983182696639,-0.111001994049542,-0.1707850654801405,0.1807323661737498,-0.1229984038485677,,-1.2434689251954052,-1.206981973576518,0.088836308544942,-0.0319346266570953,-1.3716130230477557,0.263098601930792,0,1,0,,,,True,,,,True,train,7.5610065,0.9912677,0.6424242424242425,0.16493614,0.28754208754208754,0.11814072,37.10934875978264
CarrDa00,david-carr-1,00-0020608,David Carr,QB,2002,1,1,HOU,fresno st.,75.0,223.0,4.67,35.0,108.0,,7.05,4.28,,,,,,,,,,,,45.0,42.0,94.0,0,0,5,False,skill_pass,False,True,False,True,100.0,1,0,True,93.77073852168137,71.5,5.665,27.87004444444445,0.3698495427957216,0.1261147518851904,0.2914572695745574,0.1807323661737498,-1.3628223146421363,,0.0985995817290276,0.1461334724853005,-0.3043648074362282,-0.918668251672012,0.1337807720290732,-0.1051968792092759,1,0,0,,,,True,,,,True,train,61.213688,24.890194,0.9737373737373738,0.7428213,0.9764309764309764,0.95646393,92.4638201518091
HarrJo00,joey-harrington-1,00-0021141,Joey Harrington,QB,2002,1,3,DET,oregon,76.0,215.0,4.89,32.0,112.0,,7.0,4.21,,,,,,,,,,,,31.0,23.0,81.0,0,0,6,False,skill_pass,False,True,False,True,98.48,1,0,True,75.20262826884172,72.0,5.605,26.167763157894736,0.7677734733284143,-0.1900409093611196,1.4213829774860418,-0.6530846857354266,-0.8117894654005504,,-0.1178630806781384,-0.2844032603525513,-1.8055389158419024,-0.8201422933370213,-0.2070631061015277,-0.9339080624528072,1,0,0,,,,True,,,,True,train,58.77575,22.452255,0.9676767676767677,0.71885467,0.9717171717171718,0.9183711,90.88592908358333
GarcPi00,,00-0026345,Pierre Garcon,WR,2008,6,205,IND,mount union,72.0,210.0,4.42,36.5,125.0,20.0,6.9,4.19,,,,,,,,,,,,54.0,21.0,148.0,0,0,10,False,skill_pass,False,False,False,True,4.9,0,1,True,110.04244036771128,80.75,5.545,28.47800925925926,-0.8239222488023566,-0.3876381976400633,-0.9925492166884944,0.597640892128338,0.9790672946346044,0.4396336234540616,-0.5507884054924707,-0.4074137554490772,1.0111518056354387,0.9040619775253168,-0.5479069842321338,0.1907749117259386,0,1,0,,,,True,,,,True,train,9.959632,3.389893,0.8202020202020202,0.18212469,0.48754208754208755,0.15561925,49.31380146731833
FlynMa00,matt-flynn-1,00-0026349,Matt Flynn,QB,2008,7,209,GNB,louisiana state,74.0,231.0,4.79,28.0,109.0,,7.21,4.34,,,,,,,,,,,,8.0,7.0,51.0,0,0,0,False,skill_pass,False,True,False,True,4.25,0,1,True,87.7606683310633,68.5,5.775,29.655405405405407,-0.0280743877369711,0.4422704131315005,0.9077803829808228,-1.7648407549476617,-1.22506410233174,,0.7912801014319621,0.5151649577748839,-0.7902603367605883,-1.5098240016819566,0.7586612152685142,0.7639594736010216,1,0,0,,,,True,,,,True,train,5.792554,-0.18124866,0.42154882154882156,0.15311544,0.07205387205387205,0.090508655,23.17551220050364
GreeRa00,rashad-greene-1,00-0032170,Rashad Greene,WR,2015,5,139,JAX,florida st.,71.0,182.0,4.53,36.5,122.0,,6.88,4.12,,,,,,,,,,,,2.0,2.0,25.0,0,0,0,False,skill_pass,False,True,False,True,22.4,0,1,True,86.43876944947021,79.25,5.5,25.381075183495337,-1.2218461793350492,-1.4941830120021484,-0.4275863627327499,0.597640892128338,0.5657926577034149,,-0.6373734704553393,-0.8379504882869291,-0.8971317602903189,0.6084841025203445,-0.8035398928300858,-1.3168865556425962,0,1,0,,,,True,,,,True,train,9.517434,1.0734949,0.6538720538720538,0.1788544,0.4585858585858586,0.14870991,41.87788571851322
McCaJu00,justin-mccareins-1,00-0020381,Justin McCareins,WR,2001,4,124,TEN,northern illinois,74.0,209.0,4.51,41.0,129.0,,7.06,3.99,,,,,,,,,,,,33.0,16.0,114.0,0,0,5,False,skill_pass,False,True,False,True,28.15,0,0,True,101.03459717315074,85.0,5.525,26.83108108108108,-0.0280743877369711,-0.4271576552958521,-0.5303068816337965,1.8483664699921023,1.5301001438761903,,0.14189211421046,-1.6375187064143644,0.28289562920604,1.7415326233727382,-0.6615216102756658,-0.6109890564496563,0,1,0,,,,True,,,,True,train,10.973175,1.1187191,0.6558922558922559,0.18979524,0.5367003367003367,0.17145586,44.194719434687585
PalmJe00,jesse-palmer-1,00-0020483,Jesse Palmer,QB,2001,4,125,NYG,florida,74.0,231.0,4.78,35.5,112.0,,7.13,4.29,,,,,,,,,,,,1.0,1.0,8.0,0,0,0,False,skill_pass,False,True,False,True,27.74,0,0,True,88.49737504418971,73.75,5.71,29.655405405405407,-0.0280743877369711,0.4422704131315005,0.856420123530302,0.3197018748252792,-0.8117894654005504,,0.4449398415804949,0.2076387200335635,-0.7306998845565261,-0.4753014391645537,0.3894136806270252,0.7639594736010216,1,0,0,,,,True,,,,True,train,8.888891,-0.9655647,0.2808080808080808,0.17428534,0.40875420875420876,0.13888893,25.670892772023322
ManuBr00,brandon-manumaleuna-1,00-0020342,Brandon Manumaleuna,TE,2001,4,129,STL,arizona,74.0,275.0,4.99,30.0,106.0,,7.49,4.26,,,,,,,,,,,,8.0,6.0,158.0,0,0,7,False,skill_pass,False,True,False,True,26.16,0,0,True,88.70753412943814,68.0,5.875,35.304054054054056,-0.0280743877369711,2.181126549986206,1.9349855719912648,-1.208962720341544,-1.6383387392629296,,2.0034710109120977,0.023122977388769,-0.7137091745098253,-1.6083499600169473,1.3267343454861842,3.5138565337023757,0,0,1,,,,True,,,,True,train,7.175312,-2.679144,0.1569023569023569,0.16229716,0.24646464646464647,0.11211425,16.693615630770775
JohnJa01,,00-0026333,Jaymar Johnson,WR,2008,6,193,MIN,jackson st.,71.0,177.0,4.5,32.0,118.0,14.0,6.75,4.18,,,,,,,,,,,,0.0,0.0,7.0,0,0,0,False,skill_pass,False,False,False,True,7.14,0,1,True,86.32830361225423,75.0,5.465,24.68379289823448,-1.2218461793350492,-1.6917803002810925,-0.5816671410843175,-0.6530846857354266,0.0147598084618287,-0.712828513745783,-1.2001763927139728,-0.4689190029973457,-0.9060625805210222,-0.2289865433270768,-1.0023654884062718,-1.6563402242219505,0,1,0,,,,True,,,,True,train,5.9885035,-0.5812354,0.3602693602693603,0.1543902,0.15151515151515152,0.09357037,22.40028893957636
ShahAd00,,00-0033896,Adam Shaheen,TE,2017,2,45,CHI,ashland,78.0,278.0,4.79,32.5,121.0,24.0,7.09,4.38,,,,,,,,,,,,4.0,2.0,55.0,0,0,1,False,skill_pass,False,False,False,True,69.23,0,0,True,105.61673504777316,76.75,5.734999999999999,32.122616699539776,1.5636213343937997,2.299684922953572,0.9077803829808228,-0.5141151770838972,0.4280344453930183,1.2079417149206249,0.2717697116547612,0.7611859479679413,0.6533472607863852,0.1158543108453907,0.5314319631814401,1.965056852177057,0,0,1,,,,True,,,,True,train,12.13975,-11.403444,0.0047138047138047135,0.19892725,0.5791245791245792,0.18968359,19.543260716930384
SmitSt01,steve-smith-3,00-0020337,Steve Smith Sr.,WR,2001,3,74,CAR,utah,69.0,184.0,4.41,38.5,121.0,,7.44,4.25,,,,,,,,,,,,102.0,92.0,219.0,5,2,14,False,skill_pass,False,True,False,True,52.04,0,0,True,97.29565829162377,79.75,5.845000000000001,27.169082125603865,-2.0176940404004347,-1.4151440966905708,-1.0439094761390153,1.1535189267344557,0.4280344453930183,,1.7870083485049315,-0.0383822701594938,-0.0193859797154277,0.7070100608553352,1.1563124064208865,-0.4464420760197881,0,1,0,,,,True,,,,True,train,28.6918,11.0272255,0.936026936026936,0.36229658,0.8552188552188552,0.44830936,70.75757370753722
MinnMa00,snoop-minnis-1,00-0020272,Snoop Minnis,WR,2001,3,77,KAN,florida st.,73.0,171.0,4.57,37.5,115.0,,7.06,4.07,,,,,,,,,,,,5.0,5.0,15.0,0,0,1,False,skill_pass,False,True,False,True,50.4,0,0,True,78.40816782931745,76.25,5.565,22.558266091199098,-0.4259983182696639,-1.9288970462158248,-0.2221453249306614,0.8755799094313969,-0.3985148284693608,,0.14189211421046,-1.1454767260282497,-1.546380987214225,0.0173283525104,-0.4342923581886018,-2.6910974345560583,0,1,0,,,,True,,,,True,train,19.164618,1.5000439,0.6976430976430976,0.2608088,0.6956228956228956,0.29944715,53.023301085287876
GabrDo00,doug-gabriel-1,00-0022102,Doug Gabriel,WR,2003,5,167,OAK,central florida,74.0,213.0,4.52,35.5,116.0,,7.05,4.16,,,,,,,,,,,,14.0,10.0,57.0,0,0,1,False,skill_pass,False,True,False,True,13.43,0,1,True,102.06006952789627,75.75,5.605,27.344594594594597,-0.0280743877369711,-0.2690798246726971,-0.4789466221832755,0.3197018748252792,-0.2607566161589643,,0.0985995817290276,-0.5919294980938716,0.3658018876711085,-0.0811976058245907,-0.2070631061015277,-0.360998414622261,0,1,0,,,,True,,,,True,train,9.304569,0.86063004,0.6262626262626263,0.17729664,0.44377104377104376,0.1453839,40.37953669633026
WadeBo00,bobby-wade-1,00-0022144,Bobby Wade,WR,2003,5,139,CHI,arizona,70.0,193.0,4.66,34.5,115.0,,7.01,4.11,,,,,,,,,,,,22.0,5.0,102.0,0,0,3,False,skill_pass,False,True,False,True,22.4,0,1,True,81.85470316127149,74.75,5.5600000000000005,27.68959183673469,-1.619770109867742,-1.0594689777884725,0.2400970101240364,0.0417628575222204,-0.3985148284693608,,-0.074570548196706,-0.8994557358351921,-1.267739298125616,-0.2782495224945722,-0.4626960146994797,-0.1930455181129168,0,1,0,,,,True,,,,True,train,10.121048,1.6771088,0.7131313131313132,0.18332995,0.4962962962962963,0.15814137,45.28060526132383
DougHa00,harry-douglas-1,00-0026224,Harry Douglas,WR,2008,3,84,ATL,louisville,71.0,176.0,4.51,31.0,120.0,,6.57,4.12,,,,,,,,,,,,31.0,28.0,118.0,0,0,2,False,skill_pass,False,True,False,True,46.68,0,0,True,85.08176604054799,75.5,5.345000000000001,24.544336441182303,-1.2218461793350492,-1.731299757936881,-0.5303068816337965,-0.9310237030384854,0.2902762330826218,,-1.979441977379772,-0.8379504882869291,-1.006841275946644,-0.1304605849920861,-1.6840532446674736,-1.72423095793782,0,1,0,,,,True,,,,True,train,18.916697,1.2521229,0.672053872053872,0.25842607,0.6915824915824916,0.29557338,51.79379371495961
MadiAd00,adrian-madise-1,00-0021921,Adrian Madise,WR,2003,5,158,DEN,texas christian,71.0,215.0,4.49,32.0,119.0,,7.32,4.26,,,,,,,,,,,,0.0,0.0,11.0,0,0,0,False,skill_pass,False,True,False,True,16.06,0,1,True,105.7993724211083,75.5,5.79,29.983138266217026,-1.2218461793350492,-0.1900409093611196,-0.6330274005348384,-0.6530846857354266,0.1525180207722253,,1.2674979587277306,0.023122977388769,0.668112925808005,-0.1304605849920861,0.8438721848011632,0.9235076569811425,0,1,0,,,,True,,,,True,train,7.868604,-0.575335,0.36094276094276095,0.16706538,0.3205387205387205,0.12294694,26.64873148207412
OConKe00,kevin-oconnell-2,00-0026234,Kevin O'Connell,QB,2008,3,94,NWE,san diego st.,77.0,225.0,4.61,31.0,113.0,,7.01,4.38,,,,,,,,,,,,0.0,0.0,2.0,0,0,0,False,skill_pass,False,True,False,True,41.61,0,0,True,99.6342858421622,72.0,5.695,26.6781919379322,1.165697403861107,0.2051536671967679,-0.0167042871285729,-0.9310237030384854,-0.6740312530901539,,-0.074570548196706,0.7611859479679413,0.1696848024087578,-0.8201422933370213,0.3042027110943762,-0.6854191425494722,1,0,0,,,,True,,,,True,train,11.943973,-5.720601,0.07272727272727272,0.19737196,0.569023569023569,0.18662457,21.96949336394316
CaldAn00,andre-caldwell-1,00-0026237,Andre Caldwell,WR,2008,3,97,CIN,florida,72.0,204.0,4.35,33.0,124.0,,6.75,4.11,,,,,,,,,,,,12.0,10.0,105.0,0,0,0,False,skill_pass,False,True,False,True,40.14,0,0,True,113.94706289663178,78.5,5.43,27.66435185185185,-0.8239222488023566,-0.6247549435747959,-1.3520710328421504,-0.3751456684323677,0.8413090823242079,,-1.2001763927139728,-0.8994557358351921,1.3268284234332326,0.4606951650178584,-1.2011910839824578,-0.2053329455214053,0,1,0,,,,True,,,,True,train,12.900539,-4.7640343,0.0936026936026936,0.20505853,0.593939393939394,0.20157094,23.755485231326485
ShorCe00,,00-0028052,Cecil Shorts,WR,2011,4,114,JAX,mount union,72.0,205.0,4.5,34.5,114.0,21.0,6.5,4.07,,,,,,,,,,,,19.0,14.0,70.0,0,0,4,False,skill_pass,False,False,False,True,32.34,0,0,True,99.9847584209724,74.25,5.285,27.799961419753085,-0.8239222488023566,-0.5852354859190071,-0.5816671410843175,0.0417628575222204,-0.5362730407797573,0.6317106463207024,-2.282489704749807,-1.1454767260282497,0.1980194231026206,-0.3767754808295629,-2.02489712279808,-0.1393149693135149,0,1,0,,,,True,,,,True,train,11.24999,1.3955345,0.6848484848484848,0.19193271,0.5494949494949495,0.1757811,45.73811463861152
WalkJa00,javon-walker-1,00-0021153,Javon Walker,WR,2002,1,20,GNB,florida st.,75.0,210.0,4.38,39.5,128.0,,6.86,4.05,,,,,,,,,,,,40.0,25.0,83.0,1,0,3,False,skill_pass,False,True,False,True,86.02,1,0,True,114.1176575246594,83.75,5.455,26.24533333333333,0.3698495427957216,-0.3876381976400633,-1.197990254490583,1.4314579440375144,1.392341931565794,,-0.7239585354182042,-1.2684872211247809,1.3406204698580435,1.4952177275352612,-1.0591728014280375,-0.8961450485607715,0,1,0,,,,True,,,,True,train,26.189714,-10.13378,0.008754208754208754,0.3339187,0.8121212121212121,0.40921432,31.455252911205644
FlacJo00,joe-flacco-1,00-0026158,Joe Flacco,QB,2008,1,18,BAL,delaware,78.0,236.0,4.84,28.5,110.0,,6.82,4.27,,,,,,,,,,,,97.0,89.0,209.0,1,0,12,False,skill_pass,False,True,False,True,87.44,1,0,True,86.0122982261696,69.25,5.545,27.26955950032873,1.5636213343937997,0.6398677014104442,1.1645816802334323,-1.6258712462961322,-1.0873058900213437,,-0.8971286653439379,0.084628224937032,-0.9316106356137278,-1.3620350641794703,-0.5479069842321338,-0.3975272904579853,1,0,0,,,,True,,,,True,train,72.30697,35.983475,0.9878787878787879,0.8341526,0.9892255892255892,1.0,95.98271607790733
ThomJu00,,00-0028067,Julius Thomas,TE,2011,4,129,DEN,portland st.,77.0,246.0,4.64,35.5,111.0,16.0,6.96,4.31,,,,,,,,,,,,21.0,13.0,71.0,2,0,5,False,skill_pass,False,False,False,True,26.16,0,0,True,106.14344537390376,73.25,5.635,29.16815651880587,1.165697403861107,1.0350622779683318,0.1373764912229899,0.3197018748252792,-0.949547677710947,-0.3286744680125014,-0.2910332106038721,0.3306492151300895,0.6959301565927175,-0.5738273974995445,-0.0366411670362298,0.5267550793928115,0,0,1,,,,True,,,,True,train,9.759211,-0.09524536,0.43973063973063975,0.18063673,0.47609427609427607,0.15248767,33.77359928107924
ThomDe02,devin-thomas-1,00-0026174,Devin Thomas,WR,2008,2,34,WAS,michigan st.,74.0,216.0,4.41,28.0,126.0,,7.15,4.26,,,,,,,,,,,,4.0,4.0,55.0,0,0,1,False,skill_pass,False,True,False,True,76.4,0,0,True,114.21664234234096,77.0,5.705,27.72972972972973,-0.0280743877369711,-0.1505214517053308,-1.0439094761390153,-1.7648407549476617,1.116825506945001,,0.5315249065433636,0.023122977388769,1.348623085277998,0.1651172900128861,0.3610100241161422,-0.1735054332517134,0,1,0,,,,True,,,,True,train,25.86302,2.3198261,0.7656565656565657,0.33029544,0.8033670033670034,0.40410966,61.38170484952654
NelsJo00,jordy-nelson-1,00-0026176,Jordy Nelson,WR,2008,2,36,GNB,kansas st.,75.0,217.0,4.51,31.0,123.0,,7.03,4.35,,,,,,,,,,,,73.0,69.0,151.0,1,0,7,False,skill_pass,False,True,False,True,75.07,0,0,True,104.90195017499384,77.0,5.69,27.120177777777776,0.3698495427957216,-0.111001994049542,-0.5303068816337965,-0.9310237030384854,0.7035508700138113,,0.0120145167661627,0.5766702053231468,0.5955591213642659,0.1651172900128861,0.2757990545834882,-0.4702498804484291,0,1,0,,,,True,,,,True,train,26.35198,2.8087864,0.793939393939394,0.33572564,0.8181818181818182,0.4117497,63.07071938749517
HennCh01,chad-henne-1,00-0026197,Chad Henne,QB,2008,2,57,MIA,michigan,75.0,230.0,4.92,25.5,106.0,,7.17,4.4,,,,,,,,,,,,26.0,16.0,78.0,0,0,3,False,skill_pass,False,True,False,True,61.82,0,0,True,78.50501856069442,65.75,5.785,28.744888888888887,0.3698495427957216,0.4027509554757117,1.5754637558376092,-2.4596882982053088,-1.6383387392629296,,0.6181099715062286,0.8841964430644728,-1.5385509060512248,-2.0517167725244057,0.8154685282902802,0.3206982889030665,1,0,0,,,,True,,,,True,train,36.979782,13.436588,0.9447811447811448,0.46231884,0.92996632996633,0.5778091,77.19313134910283
CartQu00,quincy-carter-1,00-0020404,Quincy Carter,QB,2001,2,53,DAL,georgia,74.0,225.0,4.58,35.5,113.0,,7.12,4.12,,,,,,,,,,,,16.0,15.0,38.0,0,0,2,False,skill_pass,False,True,False,True,64.24,0,0,True,102.27055240575444,74.25,5.62,28.885135135135137,-0.0280743877369711,0.2051536671967679,-0.1707850654801405,0.3197018748252792,-0.6740312530901539,,0.4016473090990625,-0.8379504882869291,0.3828187753457739,-0.3767754808295629,-0.1218521365688787,0.3889735108599279,1,0,0,,,,True,,,,True,train,21.603924,-1.93927,0.19595959595959597,0.28499788,0.7367003367003367,0.3375613,35.02357474084856
TuiaMa00,marques-tuiasosopo-1,00-0020405,Marques Tuiasosopo,QB,2001,2,59,OAK,washington,73.0,223.0,4.71,35.5,115.0,,7.36,4.35,,,,,,,,,,,,1.0,1.0,13.0,0,0,0,False,skill_pass,False,True,False,True,60.63,0,0,True,90.62566996772745,75.25,5.855,29.418089697879527,-0.4259983182696639,0.1261147518851904,0.4968983073766459,0.3197018748252792,-0.3985148284693608,,1.4406680886534642,0.5766702053231468,-0.5586338427913186,-0.1797235641595814,1.2131197194426522,0.6484285197334246,1,0,0,,,,True,,,,True,train,24.25431,0.7111168,0.6047138047138048,0.31275204,0.7845117845117845,0.3789736,53.71330085758007
KrofTy00,tyler-kroft-1,00-0032214,Tyler Kroft,TE,2015,3,85,CIN,rutgers,77.0,246.0,4.75,,,17.0,,,,,,,,,,,34324.0,59573269.0,140.0,9.0,6.0,100.0,0,0,2,False,skill_pass,False,True,False,False,46.16,0,0,True,96.64750884354784,,,29.16815651880587,1.165697403861107,1.0350622779683318,0.7023393451787344,,,-0.1365974451458606,,,-0.071786851779411,,,0.5267550793928115,0,0,1,1.0,1735.6155751077963,0.0040787786971215,False,,,,True,train,13.4468565,-4.217717,0.10505050505050505,0.20954719,0.6033670033670033,0.21010713,24.662446762375556
JohnCh01,chad-johnson-1,00-0020397,Chad Johnson,WR,2001,2,36,CIN,oregon st.,73.0,192.0,4.57,33.0,108.0,,7.51,4.14,,,,,,,,,,,,85.0,84.0,166.0,6,2,9,False,skill_pass,False,True,False,True,75.07,0,0,True,88.03724107151433,70.5,5.824999999999999,25.32857947082004,-0.4259983182696639,-1.098988435444261,-0.2221453249306614,-0.3751456684323677,-1.3628223146421363,,2.0900560758749624,-0.7149399931904031,-0.7679002887318777,-1.1157201683419935,1.042697780377344,-1.3424427222468431,0,1,0,,,,True,,,,True,train,59.373074,35.82988,0.9872053872053872,0.7248511,0.9730639730639731,0.9277042,92.00060128322755
PatrBe00,ben-patrick-1,00-0025602,Ben Patrick,TE,2007,7,215,ARI,delaware,75.0,252.0,4.74,34.5,111.0,,7.21,4.31,,,,,,,,,,,,4.0,4.0,42.0,0,0,2,False,skill_pass,False,True,False,True,3.36,0,1,True,99.84289606198476,72.75,5.76,31.4944,0.3698495427957216,1.2721790239030644,0.6509790857282134,0.0417628575222204,-0.949547677710947,,0.7912801014319621,0.3306492151300895,0.1865502914909627,-0.6723533558345351,0.6734502457358602,1.65922596011329,0,0,1,,,,True,,,,True,train,5.2261767,-0.7476258,0.3205387205387205,0.14947926,0.03973063973063973,0.08165901,18.23892706038073
WallSe00,seneca-wallace-1,00-0022055,Seneca Wallace,QB,2003,4,110,SEA,iowa st.,71.0,196.0,4.56,38.0,127.0,,6.98,4.14,,,,,,,,,,,,14.0,11.0,64.0,0,0,1,False,skill_pass,False,True,False,True,34.1,0,0,True,90.66229247231033,82.5,5.5600000000000005,27.33346558222575,-1.2218461793350492,-0.940910604821106,-0.273505584381187,1.0145494180829262,1.2545837192553977,,-0.2044481456410033,-0.7149399931904031,-0.5556730269131179,1.2489028316977844,-0.4626960146994797,-0.366416283620404,1,0,0,,,,True,,,,True,train,11.7946205,1.9401646,0.7346801346801347,0.19619164,0.5636363636363636,0.18429095,48.269584642716936
BakeDa01,dallas-baker-1,00-0025614,Dallas Baker,WR,2007,7,227,PIT,florida,75.0,208.0,4.53,36.0,129.0,,6.69,4.19,,,,,,,,,,,,0.0,0.0,8.0,0,0,0,False,skill_pass,False,True,False,True,1.89,0,1,True,98.7871650851088,82.5,5.44,25.99537777777778,0.3698495427957216,-0.4666771129516409,-0.4275863627327499,0.4586713834768086,1.5301001438761903,,-1.4599315876025711,-0.4074137554490772,0.101197717300724,1.2489028316977844,-1.1443837709606868,-1.0178293823071554,0,1,0,,,,True,,,,True,train,7.559596,1.5857935,0.7070707070707071,0.16492647,0.28619528619528617,0.11811869,39.66763746056091
StucCh20,chansi-stuckey-1,00-0025622,Chansi Stuckey,WR,2007,7,235,NYJ,clemson,71.0,197.0,4.56,35.0,120.0,,6.91,4.14,,,,,,,,,,,,10.0,5.0,55.0,0,0,0,False,skill_pass,False,True,False,True,1.14,0,1,True,91.1248551890058,77.5,5.525,27.47292203927792,-1.2218461793350492,-0.9013911471653172,-0.273505584381187,0.1807323661737498,0.2902762330826218,,-0.5074958730110382,-0.7149399931904031,-0.5182762663186563,0.2636432483478769,-0.6615216102756658,-0.2985255499045328,0,1,0,,,,True,,,,True,train,7.1154594,1.1416569,0.6606060606060606,0.16189072,0.2430976430976431,0.111179054,36.747590818088064
FergRo00,robert-ferguson-1,00-0020428,Robert Ferguson,WR,2001,2,41,GNB,texas a&m,73.0,205.0,4.48,36.5,120.0,,7.24,4.07,,,,,,,,,,,,18.0,15.0,83.0,0,0,3,False,skill_pass,False,True,False,True,71.8,0,0,True,101.78219224452371,78.25,5.655,27.043535372490147,-0.4259983182696639,-0.5852354859190071,-0.6843876599853594,0.597640892128338,0.2902762330826218,,0.9211576988762634,-1.1454767260282497,0.3433363713943941,0.411432185850363,0.0769734590073072,-0.5075612336744733,0,1,0,,,,True,,,,True,train,22.26305,-1.2801437,0.2377104377104377,0.29176083,0.7521885521885522,0.34786016,37.3446085669276
BerrBe00,bernard-berrian-1,00-0022807,Bernard Berrian,WR,2004,3,78,CHI,fresno st.,73.0,183.0,4.58,38.0,128.0,,7.34,4.18,,,,,,,,,,,,32.0,14.0,109.0,0,0,5,False,skill_pass,False,True,False,True,49.86,0,0,True,83.18004929001361,83.0,5.76,24.14130230812535,-0.4259983182696639,-1.4546635543463595,-0.1707850654801405,1.0145494180829262,1.392341931565794,,1.3540830236905956,-0.4689190029973457,-1.1605891753585935,1.347428790032775,0.6734502457358602,-1.920437598950793,0,1,0,,,,True,,,,True,train,18.798819,1.1342449,0.6579124579124579,0.25729817,0.6895622895622896,0.29373154,51.12833857049645
RamsPa00,patrick-ramsey-1,00-0021379,Patrick Ramsey,QB,2002,1,32,WAS,tulane,74.0,219.0,5.24,33.5,112.0,,7.12,4.09,,,,,,,,,,,,14.0,13.0,37.0,0,0,1,False,skill_pass,False,True,False,True,77.74,1,0,True,58.09636532975503,72.75,5.605,28.114864864864863,-0.0280743877369711,-0.0319630787379645,3.218992058254317,-0.2361761597808383,-0.8117894654005504,,0.4016473090990625,-1.0224662309317234,-3.188527204152465,-0.6723533558345351,-0.2070631061015277,0.0139875481188325,1,0,0,,,,True,,,,True,train,33.22575,-3.097744,0.13872053872053872,0.41612223,0.8949494949494949,0.51915234,42.15330316944155
TaylCo00,courtney-taylor-1,00-0025584,Courtney Taylor,WR,2007,6,197,SEA,auburn,74.0,204.0,4.5,36.0,122.0,,7.22,4.28,,,,,,,,,,,,1.0,1.0,18.0,0,0,0,False,skill_pass,False,True,False,True,6.35,0,1,True,99.49702789208962,79.0,5.75,26.18918918918919,-0.0280743877369711,-0.6247549435747959,-0.5816671410843175,0.4586713834768086,0.5657926577034149,,0.8345726339133946,0.1461334724853005,0.1585879229732047,0.5592211233528491,0.6166429327140942,-0.9234773587339008,0,1,0,,,,True,,,,True,train,6.500985,-0.06875372,0.4430976430976431,0.15776521,0.19461279461279463,0.10157789,26.803023555889876
BreeDr00,drew-brees-1,00-0020531,Drew Brees,QB,2001,2,32,SDG,purdue,72.0,213.0,4.83,32.0,105.0,,7.09,4.21,,,,,,,,,,,,167.0,27.0,287.0,13,1,19,True,skill_pass,False,True,False,True,77.74,1,0,True,78.27463949647785,68.5,5.65,28.88483796296296,-0.8239222488023566,-0.2690798246726971,1.1132214207829114,-0.6530846857354266,-1.776096951573326,,0.2717697116547612,-0.2844032603525513,-1.5571763386672213,-1.5098240016819566,0.0485698024964242,0.3888288403496098,1,0,0,,,,True,,,,True,train,107.750435,84.207245,1.0,0.96731234,0.9993265993265993,1.0,99.33277989798523
SimmCh00,chris-simms-1,00-0022005,Chris Simms,QB,2003,3,97,TAM,texas,76.0,220.0,4.84,31.0,103.0,,7.38,4.21,,,,,,,,,,,,8.0,8.0,23.0,0,0,1,False,skill_pass,False,True,False,True,40.14,0,0,True,80.18095597354794,67.0,5.795,26.776315789473685,0.7677734733284143,0.0075563789178241,1.1645816802334323,-0.9310237030384854,-2.051613376194119,,1.5272531536163292,-0.2844032603525513,-1.4030565656350087,-1.8054018766869289,0.8722758413120462,-0.6376501082788932,1,0,0,,,,True,,,,True,train,12.816353,-4.848221,0.09292929292929293,0.20437323,0.591919191919192,0.20025551,23.64813033077452
BreaSt00,steve-breaston-1,00-0025529,Steve Breaston,WR,2007,5,142,ARI,michigan,72.0,193.0,4.46,33.0,124.0,,6.9,4.29,,,,,,,,,,,,26.0,22.0,86.0,0,0,3,False,skill_pass,False,True,False,True,21.33,0,1,True,97.55462634586378,78.5,5.595000000000001,26.172646604938272,-0.8239222488023566,-1.0594689777884725,-0.7871081788864059,-0.3751456684323677,0.8413090823242079,,-0.5507884054924707,0.2076387200335635,0.0015507840497407,0.4606951650178584,-0.2638704191232938,-0.9315306838082013,0,1,0,,,,True,,,,True,train,9.197819,0.75387955,0.6114478114478115,0.17651944,0.4356902356902357,0.14371592,39.57642419372845
HiggJo00,johnnie-lee-higgins-jr-1,00-0025486,Johnnie Lee Higgins,WR,2007,3,99,OAK,texas-el paso,71.0,186.0,4.48,36.5,122.0,,6.62,4.32,,,,,,,,,,,,9.0,9.0,60.0,0,0,0,False,skill_pass,False,True,False,True,39.18,0,0,True,92.348720768202,79.25,5.470000000000001,25.938901011704026,-1.2218461793350492,-1.3361051813789937,-0.6843876599853594,0.597640892128338,0.5657926577034149,,-1.762979314972606,0.3921544626783579,-0.4193305311500857,0.6084841025203445,-0.9739618318953838,-1.045323620779113,0,1,0,,,,True,,,,True,train,10.265718,-7.398855,0.04713804713804714,0.18441543,0.5057239057239057,0.16040185,18.89634568989277
ShiaVi00,,00-0022054,Visanthe Shiancoe,TE,2003,3,91,NYG,morgan st.,76.0,251.0,4.65,39.5,120.0,28.0,7.09,4.31,,,,,,,,,,,,23.0,1.0,149.0,0,0,5,False,skill_pass,False,False,False,True,43.1,0,0,True,107.37221333046077,79.75,5.699999999999999,30.54934210526316,0.7677734733284143,1.2326595662472757,0.1887367506735154,1.4314579440375144,0.2902762330826218,1.976249806387188,0.2717697116547612,0.3306492151300895,0.7952722337618161,0.7070100608553352,0.3326063676052541,1.1991492075993695,0,0,1,,,,True,,,,True,train,16.912981,-0.75159264,0.31986531986531985,0.23969528,0.6579124579124579,0.26426533,36.03207443960588
BranDe00,deion-branch-1,00-0021192,Deion Branch,WR,2002,2,65,NWE,louisville,69.0,191.0,4.47,36.0,117.0,,6.71,3.78,,,,,,,,,,,,52.0,39.0,140.0,0,0,7,False,skill_pass,False,True,False,True,57.11,0,0,True,95.682666628276,76.5,5.245,28.20268851081705,-2.0176940404004347,-1.1385078931000496,-0.7357479194358849,0.4586713834768086,-0.1229984038485677,,-1.3733465226397064,-2.929128904927917,-0.1497913515664242,0.0665913316778954,-2.2521263748851488,0.0567421963246632,0,1,0,,,,True,,,,True,train,25.990854,2.4476604,0.7737373737373737,0.33171085,0.8053872053872054,0.4061071,61.81359821718551
DaviCh02,chris-davis-2,00-0025515,Chris Davis,WR,2007,4,128,TEN,florida st.,70.0,181.0,4.5,35.5,115.0,,6.66,4.14,,,,,,,,,,,,0.0,0.0,17.0,0,0,0,False,skill_pass,False,True,False,True,26.55,0,0,True,88.2792257277854,75.25,5.4,25.967959183673468,-1.619770109867742,-1.533702469657937,-0.5816671410843175,0.3197018748252792,-0.3985148284693608,,-1.5898091850468723,-0.7149399931904031,-0.7483365800033588,-0.1797235641595814,-1.3716130230477557,-1.03117740871301,0,1,0,,,,True,,,,True,train,8.582569,-1.2718868,0.23905723905723905,0.17209217,0.3838383838383838,0.13410264,23.362953554751094
RobiRy00,ryne-robinson-1,00-0025505,Ryne Robinson,WR,2007,4,118,CAR,miami (oh),69.0,179.0,4.47,35.0,123.0,,6.71,4.21,,,,,,,,,,,,0.0,0.0,16.0,0,0,0,False,skill_pass,False,True,False,True,30.63,0,0,True,89.6711901908974,79.0,5.46,26.430791850451588,-2.0176940404004347,-1.6127413849695147,-0.7357479194358849,0.1807323661737498,0.7035508700138113,,-1.3733465226397064,-0.2844032603525513,-0.6358005715786467,0.5592211233528491,-1.0307691449171548,-0.8058594134086812,0,1,0,,,,True,,,,True,train,10.577026,0.7225704,0.6080808080808081,0.18676807,0.5218855218855218,0.16526604,41.80162519597847
MitcFr00,freddie-mitchell-1,00-0020497,Freddie Mitchell,WR,2001,1,25,PHI,ucla,71.0,185.0,4.46,39.5,120.0,,6.95,4.06,,,,,,,,,,,,13.0,13.0,63.0,0,0,1,False,skill_pass,False,True,False,True,82.52,1,0,True,93.51091126416996,79.75,5.505,25.799444554651856,-1.2218461793350492,-1.3756246390347822,-0.7871081788864059,1.4314579440375144,0.2902762330826218,,-0.3343257430853045,-1.206981973576518,-0.3253710351203052,0.7070100608553352,-0.7751362363192028,-1.1132143544949824,0,1,0,,,,True,,,,True,train,28.448109,-7.8753853,0.03636363636363636,0.35948628,0.8511784511784511,0.4445017,34.55787482095086
WillPa00,paul-williams-2,00-0025467,Paul Williams,WR,2007,3,80,TEN,fresno st.,73.0,205.0,4.45,38.5,125.0,,7.03,4.24,,,,,,,,,,,,0.0,0.0,5.0,0,0,0,False,skill_pass,False,True,False,True,48.79,0,0,True,104.55476080301304,81.75,5.635,27.043535372490147,-0.4259983182696639,-0.5852354859190071,-0.8384684383369269,1.1535189267344557,0.9790672946346044,,0.0120145167661627,-0.0998875177077568,0.5674899377567709,1.1011138941952985,-0.0366411670362298,-0.5075612336744733,0,1,0,,,,True,,,,True,train,20.588408,2.9238338,0.7973063973063973,0.27476498,0.7205387205387206,0.32169387,58.23220742335826
BurtSt00,,00-0028174,Stephen Burton,WR,2011,7,236,MIN,long beach cc,73.0,221.0,4.5,34.5,117.0,19.0,7.04,4.31,,,,,,,,,,,,0.0,0.0,19.0,0,0,0,False,skill_pass,False,False,False,True,1.06,0,1,True,107.7884468830971,75.75,5.675,29.154250328391814,-0.4259983182696639,0.0470758365736129,-0.5816671410843175,0.0417628575222204,-0.1229984038485677,0.2475566005874208,0.0553070492475951,0.3306492151300895,0.8289234251732743,-0.0811976058245907,0.1905880850508391,0.5199852137992137,0,1,0,,,,True,,,,True,train,7.7683244,1.7945218,0.7195286195286196,0.16636886,0.31616161616161614,0.12138007,40.8593556866401
CartTi00,tim-carter-1,00-0021174,Tim Carter,WR,2002,2,46,NYG,auburn,72.0,190.0,4.32,39.0,126.0,,6.68,3.93,,,,,,,,,,,,10.0,9.0,71.0,0,0,0,False,skill_pass,False,True,False,True,68.6,0,0,True,109.10599377447352,82.5,5.305,25.765817901234566,-0.8239222488023566,-1.1780273507558383,-1.506151811193713,1.292488435385985,1.116825506945001,,-1.5032241200840075,-2.0065501917039503,0.9354430037955638,1.2489028316977844,-1.911282496754548,-1.129584612431874,0,1,0,,,,True,,,,True,train,20.310171,-3.2330227,0.13400673400673402,0.27200148,0.7191919191919192,0.31734642,31.531065574298406
DaviAn01,andre-davis-1,00-0021175,Andre' Davis,WR,2002,2,47,CLE,virginia tech,73.0,194.0,4.42,39.5,123.0,,6.77,4.1,,,,,,,,,,,,25.0,12.0,104.0,0,0,1,False,skill_pass,False,True,False,True,67.97,0,0,True,101.65825443493328,81.25,5.435,25.59241884030775,-0.4259983182696639,-1.0199495201326834,-0.9925492166884944,1.4314579440375144,0.7035508700138113,,-1.1135913277511078,-0.9609609833834604,0.3333163839925391,1.0025879358603076,-1.1727874274715748,-1.2139994163126322,0,1,0,,,,True,,,,True,train,20.238472,-3.3047218,0.1292929292929293,0.27129218,0.7171717171717171,0.31622612,31.265518053914565
CaldRe00,reche-caldwell-1,00-0021176,Reche Caldwell,WR,2002,2,48,SDG,florida,72.0,194.0,4.53,41.5,130.0,,7.0,4.1,,,,,,,,,,,,20.0,11.0,71.0,0,0,1,False,skill_pass,False,True,False,True,67.34,0,0,True,92.1380289736111,85.75,5.55,26.308256172839503,-0.8239222488023566,-1.0199495201326834,-0.4275863627327499,1.987335978643632,1.6678583561865872,,-0.1178630806781384,-0.9609609833834604,-0.4363643090944533,1.8893215608752243,-0.5195033277212509,-0.8655127076003108,0,1,0,,,,True,,,,True,train,23.283058,-0.26013565,0.41414141414141414,0.30241016,0.7737373737373737,0.36379778,45.364563424177845
LeexCh00,charles-lee-1,00-0019505,Charles Lee,WR,2000,7,242,GNB,central florida,73.0,202.0,4.56,35.5,125.0,,7.3,4.25,,,,,,,,,,,,7.0,1.0,44.0,0,0,0,False,skill_pass,False,True,False,True,0.64,0,1,True,93.4376687724831,80.25,5.775,26.647776318258583,-0.4259983182696639,-0.7037938588863734,-0.273505584381187,0.3197018748252792,0.9790672946346044,,1.180912893764862,-0.0383822701594938,-0.3312924633463472,0.805536019190326,0.7586612152685142,-0.7002261925757888,0,1,0,,,,True,,,,True,train,6.908722,0.93491936,0.6377104377104377,0.16049308,0.2255892255892256,0.10794878,35.38903936186824
BeckJo00,john-beck-1,00-0025427,John Beck,QB,2007,2,40,MIA,byu,74.0,215.0,4.75,29.5,111.0,,6.81,4.17,,,,,,,,,,,,4.0,2.0,9.0,0,0,0,False,skill_pass,False,True,False,True,72.44,0,0,True,84.46835122505199,70.25,5.49,27.60135135135135,-0.0280743877369711,-0.1900409093611196,0.7023393451787344,-1.3479322289930735,-0.949547677710947,,-0.940421197825374,-0.5304242505456087,-1.0564339607269495,-1.164983147509489,-0.8603472058518518,-0.2360030937085626,1,0,0,,,,True,,,,True,train,19.043701,-4.4994926,0.09966329966329966,0.25964493,0.6936026936026936,0.29755783,29.002641284706616
StanDr00,drew-stanton-1,00-0025430,Drew Stanton,QB,2007,2,43,DET,michigan st.,75.0,226.0,4.75,30.5,108.0,,6.77,4.41,,,,,,,,,,,,10.0,4.0,38.0,0,0,1,False,skill_pass,False,True,False,True,70.51,0,0,True,88.78998779935698,69.25,5.59,28.244977777777777,0.3698495427957216,0.2446731248525567,0.7023393451787344,-1.0699932116900148,-1.3628223146421363,,-1.1135913277511078,0.9457016906127356,-0.7070430511004033,-1.3620350641794703,-0.2922740756341818,0.0773296214102989,1,0,0,,,,True,,,,True,train,18.569431,-4.9737625,0.08821548821548822,0.25511253,0.6841750841750842,0.29014736,28.117319219943248
RiceSi01,sidney-rice-1,00-0025431,Sidney Rice,WR,2007,2,44,MIN,south carolina,75.0,200.0,4.51,39.5,119.0,,7.09,4.34,,,,,,,,,,,,33.0,20.0,81.0,1,0,3,False,skill_pass,False,True,False,True,69.87,0,0,True,96.68382504607726,79.25,5.715,24.995555555555555,0.3698495427957216,-0.7828327741979508,-0.5303068816337965,1.4314579440375144,0.1525180207722253,,0.2717697116547612,0.5151649577748839,-0.0688507994719651,0.6084841025203445,0.4178173371379082,-1.5045667172926922,0,1,0,,,,True,,,,True,train,22.543402,-0.9997921,0.2754208754208754,0.29466578,0.7595959595959596,0.35224065,39.146882993053104
SmitSt02,steve-smith-2,00-0025438,Steve Smith,WR,2007,2,51,NYG,southern california,72.0,197.0,4.44,38.0,120.0,,6.68,4.19,,,,,,,,,,,,23.0,21.0,64.0,1,0,1,False,skill_pass,False,True,False,True,65.47,0,0,True,101.38281398950392,79.0,5.4350000000000005,26.71508487654321,-0.8239222488023566,-0.9013911471653172,-0.8898286977874479,1.0145494180829262,0.2902762330826218,,-1.5032241200840075,-0.4074137554490772,0.3110478785035104,0.5592211233528491,-1.1727874274715695,-0.6674587789766397,0,1,0,,,,True,,,,True,train,22.356781,-1.1864128,0.24983164983164982,0.29273018,0.7542087542087542,0.3493247,37.91853908798109
MillZa01,zach-miller-1,00-0025425,Zach Miller,TE,2007,2,38,OAK,arizona st.,76.0,256.0,4.87,34.0,115.0,,7.01,4.42,,,,,,,,,,,,28.0,20.0,110.0,1,0,7,False,skill_pass,False,True,False,True,73.75,0,0,True,91.02362267365302,74.5,5.715,31.157894736842103,0.7677734733284143,1.430256854526219,1.3186624585849998,-0.0972066511293089,-0.3985148284693608,,-0.074570548196706,1.0072069381609987,-0.526460601122092,-0.3275125016620676,0.4178173371379082,1.4954071617732838,0,0,1,,,,True,,,,True,train,16.053207,-7.4899864,0.04377104377104377,0.23194882,0.6471380471380471,0.25083137,24.349206832573067
RobiLa01,,00-0025462,Laurent Robinson,WR,2007,3,75,ATL,illinois st.,74.0,199.0,4.38,39.0,127.0,19.0,6.83,4.28,,,,,,,,,,,,16.0,4.0,59.0,0,0,1,False,skill_pass,False,False,False,True,51.49,0,0,True,108.1400659400344,83.0,5.555,25.5472972972973,-0.0280743877369711,-0.8223522318537396,-1.197990254490583,1.292488435385985,1.2545837192553977,0.2475566005874208,-0.8538361328625055,0.1461334724853005,0.8573507350668896,1.347428790032775,-0.4910996712103678,-1.235965661018145,0,1,0,,,,True,,,,True,train,19.90784,2.243267,0.7589225589225589,0.2680364,0.7070707070707071,0.31106,56.080244781292656
HillJa00,jason-hill-1,00-0025463,Jason Hill,WR,2007,3,76,SFO,washington st.,72.0,204.0,4.32,37.0,123.0,,7.02,4.22,,,,,,,,,,,,9.0,4.0,54.0,0,0,1,False,skill_pass,False,True,False,True,50.94,0,0,True,117.14538278943472,80.0,5.619999999999999,27.66435185185185,-0.8239222488023566,-0.6247549435747959,-1.506151811193713,0.7366104007798674,0.7035508700138113,,-0.0312780157152735,-0.2228980128042883,1.585402664327798,0.7562730400228306,-0.1218521365688838,-0.2053329455214053,0,1,0,,,,True,,,,True,train,21.265379,3.6008053,0.8309764309764309,0.28156114,0.7313131313131314,0.33227155,60.14197418329491
SchaMa00,matt-schaub-1,00-0022787,Matt Schaub,QB,2004,3,90,ATL,virginia,78.0,243.0,5.04,30.5,110.0,,7.65,4.62,,,,,,,,,,,,68.0,4.0,155.0,2,0,7,False,skill_pass,False,True,False,True,43.6,0,0,True,75.3206611442763,70.25,6.135,28.078402366863905,1.5636213343937997,0.9165039050009656,2.1917868692438747,-1.0699932116900148,-1.0873058900213437,,2.6961515306150323,2.237311889126285,-1.7959963240471364,-1.164983147509489,2.8037244840521303,-0.0037632666854788,1,0,0,,,,True,,,,True,train,22.577187,4.912613,0.8599326599326599,0.295017,0.7609427609427609,0.35276854,62.571873025611204
WrigGe00,george-wrighster-1,00-0021980,George Wrighster,TE,2003,4,104,JAX,oregon,74.0,249.0,4.89,34.5,115.0,16.0,7.24,,,,,,,,,,,,,8.0,8.0,67.0,0,0,1,False,skill_pass,False,True,False,True,36.83,0,0,True,87.0951369253097,74.75,,31.966216216216218,-0.0280743877369711,1.153620650935698,1.4213829774860418,0.0417628575222204,-0.3985148284693608,-0.3286744680125014,0.9211576988762634,,-0.844066486177185,-0.2782495224945722,,1.8889173618243025,0,0,1,,,,True,,,,True,train,8.589814,-1.2646418,0.2404040404040404,0.1721438,0.3851851851851852,0.13421585,23.4470583312088
BoweDw00,dwayne-bowe-1,00-0025410,Dwayne Bowe,WR,2007,1,23,KAN,louisiana state,74.0,221.0,4.51,33.0,125.0,,6.81,4.35,,,,,,,,,,,,50.0,50.0,125.0,1,0,8,False,skill_pass,False,True,False,True,83.91,1,0,True,106.83562667591538,79.0,5.58,28.37162162162162,-0.0280743877369711,0.0470758365736129,-0.5303068816337965,-0.3751456684323677,0.9790672946346044,,-0.940421197825374,0.5766702053231468,0.7518908674433794,0.5592211233528491,-0.3490813886559478,0.138982869032531,0,1,0,,,,True,,,,True,train,28.14418,-8.179314,0.030976430976430977,0.35599473,0.8457912457912458,0.43975282,34.069833419740405
MeacRo00,robert-meachem-1,00-0025414,Robert Meachem,WR,2007,1,27,NOR,tennessee,74.0,214.0,4.39,37.5,121.0,,6.97,4.31,,,,,,,,,,,,26.0,25.0,103.0,0,0,1,False,skill_pass,False,True,False,True,81.14,1,0,True,115.23534013494006,79.25,5.64,27.47297297297297,-0.0280743877369711,-0.2295603670169083,-1.1466299950400618,0.8755799094313969,0.4280344453930183,,-0.2477406781224396,0.3306492151300895,1.4309816414108674,0.6084841025203445,-0.0082375105253468,-0.2985007541654118,0,1,0,,,,True,,,,True,train,28.12949,-8.194004,0.030303030303030304,0.35582638,0.8451178451178452,0.43952328,34.02147141420079
GonzAn00,anthony-gonzalez-1,00-0025419,Anthony Gonzalez,WR,2007,1,32,IND,ohio st.,72.0,193.0,4.44,38.0,123.0,,6.54,4.08,,,,,,,,,,,,16.0,16.0,40.0,0,0,1,False,skill_pass,False,True,False,True,77.74,1,0,True,99.3242796953008,80.5,5.3100000000000005,26.172646604938272,-0.8239222488023566,-1.0594689777884725,-0.8898286977874479,1.0145494180829262,0.7035508700138113,,-2.1093195748240734,-1.0839714784799863,0.1446217671952638,0.8547989983578214,-1.88287884024366,-0.9315306838082013,0,1,0,,,,True,,,,True,train,26.63043,-9.693064,0.011447811447811448,0.3388376,0.8208754208754209,0.41610044,31.974181897511787
KolbKe00,kevin-kolb-1,00-0025423,Kevin Kolb,QB,2007,2,36,PHI,houston,75.0,218.0,4.85,32.5,112.0,,6.94,4.44,,,,,,,,,,,,12.0,5.0,34.0,0,0,1,False,skill_pass,False,True,False,True,75.07,0,0,True,78.79878748817583,72.25,5.69,27.24515555555556,0.3698495427957216,-0.0714825363937533,1.2159419396839533,-0.5141151770838972,-0.8117894654005504,,-0.377618275566737,1.13021743325753,-1.5148005996504024,-0.7708793141695259,0.2757990545834932,-0.4094077135752363,1,0,0,,,,True,,,,True,train,30.410109,6.8669147,0.8996632996632996,0.3823715,0.8734006734006734,0.47515792,70.60513378815217
QuicBr00,,00-0029640,Brian Quick,WR,2012,2,33,STL,appalachian st.,75.0,220.0,4.5,34.0,119.0,15.0,7.1,4.23,,,,,,,,,,,,11.0,10.0,84.0,0,0,0,False,skill_pass,False,False,False,True,77.06,0,0,True,107.3007163542143,76.5,5.665,27.49511111111111,0.3698495427957216,0.0075563789178241,-0.5816671410843175,-0.0972066511293089,0.1525180207722253,-0.5207514908791422,0.3150622441361937,-0.1613927652560198,0.7894919250438585,0.0665913316778954,0.1337807720290732,-0.2877233798288525,0,1,0,,,,True,,,,True,train,26.151503,2.6083088,0.7831649831649832,0.3334939,0.8101010101010101,0.4086172,62.37084215959716
RagoDa00,dave-ragone-1,00-0022091,Dave Ragone,QB,2003,3,88,HOU,louisville,76.0,249.0,4.99,30.5,101.0,,7.42,4.36,,,,,,,,,,,,1.0,1.0,2.0,0,0,0,False,skill_pass,False,True,False,True,44.61,0,0,True,80.320639993564,65.75,5.890000000000001,30.30592105263158,0.7677734733284143,1.153620650935698,1.9349855719912648,-1.0699932116900148,-2.3271298008149124,,1.7004232835420627,0.6381754528714153,-1.3917635459711435,-2.0517167725244057,1.411945315018838,1.0806460259298043,1,0,0,,,,True,,,,True,train,14.503785,-3.1607885,0.13535353535353536,0.21843481,0.6249158249158249,0.22662166,26.813587575448484
ObomBe00,ben-obomanu-1,00-0024463,Ben Obomanu,WR,2006,7,249,SEA,auburn,73.0,205.0,4.45,38.0,116.0,,7.17,4.21,,,,,,,,,,,,10.0,10.0,69.0,0,0,0,False,skill_pass,False,True,False,True,0.29,0,1,True,104.55476080301304,77.0,5.69,27.043535372490147,-0.4259983182696639,-0.5852354859190071,-0.8384684383369269,1.0145494180829262,-0.2607566161589643,,0.6181099715062286,-0.2844032603525513,0.5674899377567709,0.1651172900128861,0.2757990545834882,-0.5075612336744733,0,1,0,,,,True,,,,True,train,7.4798427,1.5060401,0.6983164983164983,0.16437797,0.27070707070707073,0.116872534,38.97181144233806
AndeDa01,david-anderson-1,00-0024465,David Anderson,WR,2006,7,251,HOU,colorado st.,70.0,192.0,4.57,34.0,116.0,,6.88,4.2,,,,,,,,,,,,7.0,7.0,67.0,0,0,0,False,skill_pass,False,True,False,True,0.21,0,1,True,88.03724107151433,75.0,5.54,27.54612244897959,-1.619770109867742,-1.098988435444261,-0.2221453249306614,-0.0972066511293089,-0.2607566161589643,,-0.6373734704553393,-0.3459085079008143,-0.7679002887318777,-0.2289865433270768,-0.5763106407430167,-0.2628898423295905,0,1,0,,,,True,,,,True,train,7.1154594,1.1416569,0.6606060606060606,0.16189072,0.2430976430976431,0.111179054,36.747590818088064
ColsMa00,,00-0024466,Marques Colston,WR,2006,7,252,NOR,hofstra,77.0,224.0,4.5,37.0,123.0,16.0,6.94,4.43,,,,,,,,,,,,72.0,72.0,146.0,0,0,7,False,skill_pass,False,False,False,True,0.18,0,1,True,109.25163846974549,80.0,5.6850000000000005,26.55962219598583,1.165697403861107,0.1656342095409792,-0.5816671410843175,0.7366104007798674,0.7035508700138113,-0.3286744680125014,-0.377618275566737,1.0687121857092616,0.947217925561522,0.7562730400228306,0.2473953980726102,-0.7431417245467244,0,1,0,,,,True,,,,True,train,9.48242,3.5086174,0.8249158249158249,0.17859744,0.4572390572390572,0.14816281,48.676619200167636
BradTo00,tom-brady-1,00-0019596,Tom Brady,QB,2000,6,199,NWE,michigan,76.0,211.0,5.28,24.5,99.0,,7.2,4.38,,,,,,,,,,,,184.0,168.0,335.0,15,3,21,False,skill_pass,False,True,False,True,5.97,0,1,True,54.297115780688586,61.75,5.79,25.68092105263158,0.7677734733284143,-0.3481187399842746,3.4244330960564056,-2.737627315508368,-2.602646225435705,,0.7479875689505298,0.7611859479679413,-3.495684743437232,-2.8399244392043315,0.8438721848011632,-1.170914425791938,1,0,0,,,,True,,,,True,train,67.04944,60.4797,0.9959595959595959,0.79453343,0.9845117845117846,1.0,95.4192881592195
CurtKe00,kevin-curtis-2,00-0022001,Kevin Curtis,WR,2003,3,74,STL,utah st.,71.0,186.0,4.42,36.0,122.0,,6.76,3.99,,,,,,,,,,,,25.0,13.0,81.0,0,0,3,False,skill_pass,False,True,False,True,52.04,0,0,True,97.46616146854429,79.0,5.375,25.938901011704026,-1.2218461793350492,-1.3361051813789937,-0.9925492166884944,0.4586713834768086,0.5657926577034149,,-1.1568838602325402,-1.6375187064143644,-0.0056013268289106,0.5592211233528491,-1.5136313056021755,-1.045323620779113,0,1,0,,,,True,,,,True,train,22.128042,4.4634686,0.8538720538720539,0.2903679,0.7508417508417509,0.34575066,61.894088690329085
FleeCo00,coby-fleener-1,00-0029697,Coby Fleener,TE,2012,2,34,IND,stanford,78.0,247.0,4.51,,,27.0,,,,,,,,,,,13212834.0,176266434667.0,1710.0,25.0,18.0,87.0,0,0,4,False,skill_pass,False,True,False,False,76.4,0,0,True,119.40452393190542,,,28.54059829059829,1.5636213343937997,1.0745817356241203,-0.5303068816337965,,,1.7841727835205472,,,1.7680472169576145,,,0.2212447468988106,0,0,1,1.0,13340.547127663904,0.0001294196233752,False,,,,True,train,31.44333,7.900137,0.9117845117845118,0.39464378,0.8794612794612795,0.49130207,71.77952393708807
McNeRe00,reggie-mcneal-1,00-0024407,Reggie McNeal,QB,2006,6,193,CIN,texas a&m,74.0,198.0,4.4,32.0,121.0,,6.96,4.25,,,,,,,,,,,,0.0,0.0,7.0,0,0,0,False,skill_pass,False,True,False,True,7.14,0,1,True,105.65364387678434,76.5,5.605,25.41891891891892,-0.0280743877369711,-0.8618716895095284,-1.0952697355895364,-0.6530846857354266,0.4280344453930183,,-0.2910332106038721,-0.0383822701594938,0.6563312251063237,0.0665913316778954,-0.2070631061015277,-1.2984633214749943,1,0,0,,,,True,,,,True,train,6.31333,-0.2564087,0.41548821548821546,0.1565225,0.1744107744107744,0.098645784,25.21110999842585
CaliTy00,tyrone-calico-1,00-0022087,Tyrone Calico,WR,2003,2,60,TEN,middle tenn. st.,76.0,223.0,4.34,38.0,127.0,,6.73,4.26,,,,,,,,,,,,5.0,5.0,27.0,0,0,0,False,skill_pass,False,True,False,True,60.03,0,0,True,125.71176983730749,82.5,5.495,27.14144736842105,0.7677734733284143,0.1261147518851904,-1.4034312922926713,1.0145494180829262,1.2545837192553977,,-1.2867614576768376,0.023122977388769,2.277968480867026,1.2489028316977844,-0.8319435493409688,-0.4598953357745461,0,1,0,,,,True,,,,True,train,21.374554,-2.1686401,0.18114478114478114,0.28266665,0.734006734006734,0.3339774,34.25880754049177
BurlNa00,nate-burleson-1,00-0021999,Nate Burleson,WR,2003,3,71,MIN,nevada,72.0,197.0,4.51,42.5,126.0,,6.96,4.16,,,,,,,,,,,,45.0,17.0,135.0,0,0,9,False,skill_pass,False,True,False,True,53.7,0,0,True,95.23356767038612,84.25,5.5600000000000005,26.71508487654321,-0.8239222488023566,-0.9013911471653172,-0.5303068816337965,2.2652749959466907,1.116825506945001,,-0.2910332106038721,-0.5919294980938716,-0.1860996090312994,1.593743685870252,-0.4626960146994797,-0.6674587789766397,0,1,0,,,,True,,,,True,train,24.874159,7.209585,0.9030303030303031,0.31945184,0.7905723905723906,0.38865873,66.09487179784664
CharOr00,orson-charles-1,00-0029414,Orson Charles,TE,2012,4,116,CIN,georgia,74.0,251.0,4.73,,,35.0,,,,,,,,,,,232645.0,374422574.0,325.0,2.0,1.0,49.0,0,0,0,False,skill_pass,False,True,False,False,31.48,0,0,True,100.29035167395392,,,32.222972972972975,-0.0280743877369711,1.2326595662472757,0.5996188262776925,,,3.3207889664536734,,,0.2227256895364463,,,2.0139126827380007,0,0,1,1.0,1609.4159513421737,0.0013969782286316,False,,,,True,train,8.319272,-1.5351839,0.21952861952861952,0.17022458,0.35824915824915826,0.12998863,21.95039233808666
WatkTo20,todd-watkins-1,00-0024432,Todd Watkins,WR,2006,7,218,ARI,byu,74.0,202.0,4.4,36.0,118.0,15.0,7.13,4.24,,,,,,,,,,,,1.0,,21.0,0,0,0,False,skill_pass,False,False,False,True,2.95,0,1,True,107.7880609248002,77.0,5.6850000000000005,25.93243243243243,-0.0280743877369711,-0.7037938588863734,-1.0952697355895364,0.4586713834768086,0.0147598084618287,-0.5207514908791422,0.4449398415804949,-0.0998875177077568,0.8288922216423632,0.1651172900128861,0.2473953980726102,-1.0484726796475992,0,1,0,,,,True,,,,True,train,6.6157,0.6418972,0.5952861952861953,0.15852885,0.2053872053872054,0.10337031,33.15717527262792
JennAd00,adam-jennings-1,00-0024398,Adam Jennings,WR,2006,6,184,ATL,fresno st.,69.0,181.0,4.44,37.5,118.0,,6.88,4.12,,,,,,,,,,,,0.0,0.0,46.0,0,0,0,False,skill_pass,False,True,False,True,9.09,0,1,True,93.14867681269142,77.75,5.5,26.726107960512497,-2.0176940404004347,-1.533702469657937,-0.8898286977874479,0.8755799094313969,0.0147598084618287,,-0.6373734704553393,-0.8379504882869291,-0.3546565667294757,0.3129062275153723,-0.8035398928300858,-0.6620924784531247,0,1,0,,,,True,,,,True,train,7.3995647,0.8298259,0.6195286195286195,0.16382739,0.26464646464646463,0.11561821,35.66298610661869
GradBr00,bruce-gradkowski-1,00-0024408,Bruce Gradkowski,QB,2006,6,194,TAM,toledo,73.0,217.0,4.59,34.0,107.0,,7.12,4.16,,,,,,,,,,,,8.0,3.0,37.0,0,0,1,False,skill_pass,False,True,False,True,6.94,0,1,True,97.7775131584837,70.5,5.640000000000001,28.6265715894164,-0.4259983182696639,-0.111001994049542,-0.1194248060296195,-0.0972066511293089,-1.500580526952533,,0.4016473090990625,-0.5919294980938716,0.0195704913680403,-1.1157201683419935,-0.0082375105253417,0.263098601930792,1,0,0,,,,True,,,,True,train,7.088322,0.5185833,0.5804713804713805,0.16170667,0.23973063973063974,0.11075504,33.46270233518146
RattTi00,tim-rattay-1,00-0019623,Tim Rattay,QB,2000,7,212,SFO,louisiana tech,72.0,215.0,4.91,25.5,100.0,,7.34,4.21,,,,,,,,,,,,12.0,10.0,40.0,0,0,1,False,skill_pass,False,True,False,True,3.79,0,1,True,73.98479709608168,62.75,5.775,29.156057098765437,-0.8239222488023566,-0.1900409093611196,1.5241034963870883,-2.4596882982053088,-2.4648880131253086,,1.3540830236905956,-0.2844032603525513,-1.9039967879711956,-2.64287252253435,0.7586612152685142,0.5208647927653923,1,0,0,,,,True,,,,True,train,34.208893,28.23509,0.9804713804713805,0.4281127,0.9050505050505051,0.53451395,76.57239878548918
JaniJe00,,00-0031001,Jeff Janis,WR,2014,7,236,GNB,saginaw valley st.,75.0,219.0,4.42,37.5,123.0,20.0,6.64,3.98,,,,,,,,,,,,2.0,2.0,51.0,0,0,0,False,skill_pass,False,False,False,True,1.06,0,1,True,114.7585449548989,80.25,5.31,27.37013333333333,0.3698495427957216,-0.0319630787379645,-0.9925492166884944,0.8755799094313969,0.7035508700138113,0.4396336234540616,-1.676394250009741,-1.69902395396263,1.3924342303095705,0.805536019190326,-1.8828788402436647,-0.3485655467020452,0,1,0,,,,True,,,,True,train,9.44147,3.4676676,0.8228956228956229,0.17829728,0.4511784511784512,0.14752297,48.45579932065625
HusaTo20,todd-husak-1,00-0019622,Todd Husak,QB,2000,6,202,WAS,stanford,75.0,216.0,5.2,27.5,99.0,,7.17,4.41,,,,,,,,,,,,0.0,0.0,1.0,0,0,0,False,skill_pass,False,True,False,True,5.42,0,1,True,59.08406568397464,63.25,5.79,26.9952,0.3698495427957216,-0.1505214517053308,3.0135510204522284,-1.9038102635991911,-2.602646225435705,,0.6181099715062286,0.9457016906127356,-3.108674694746407,-2.5443465641993592,0.8438721848011632,-0.5310920473216201,1,0,0,,,,True,,,,True,train,11.66201,5.0922713,0.868013468013468,0.1951481,0.560942760942761,0.18221891,53.48673410894293
St.BEq00,equanimeous-st-brown-1,00-0034279,Equanimeous St. Brown,WR,2018,6,207,GNB,notre dame,77.0,214.0,4.48,,,20.0,,,,,,,,,,,15833.0,8961515.0,94.0,8.0,4.0,62.0,0,0,2,False,skill_pass,False,True,False,False,4.57,0,1,True,106.2506787333077,,,25.37392477652218,1.165697403861107,-0.2295603670169083,-0.6843876599853594,,,0.4396336234540616,,,0.7045996410207265,,,-1.320367544519239,0,1,0,1.0,566.002336891303,0.005936967094044,False,,,,True,train,6.2631,-0.30663872,0.4080808080808081,0.1561912,0.1717171717171717,0.09786094,24.838618777466547
GilbGa01,garrett-gilbert-1,00-0031395,Garrett Gilbert,QB,2014,6,214,STL,southern methodist,,,,,,,,,3026015268335.0,6644131506504.0,3.102744247293235e+17,21011521.0,4172157.0,1110079483.0,538015346267.0,15086.0,,,,2.0,,8.0,0,0,0,False,skill_pass,False,True,True,False,3.5,0,1,True,,,,,,,,,,,,,,,,,1,0,0,,,,True,0.4554418083646909,46699.0191909346,5.036129033495144,False,train,5.8507795,-0.71895933,0.3245791245791246,0.15349333,0.07609427609427609,0.09141843,19.403285706886138
SmitBr01,brad-smith-1,00-0024318,Brad Smith,QB,2006,4,103,NYJ,missouri,74.0,213.0,4.46,39.5,128.0,,7.0,4.33,,,,,,,,,,,,17.0,12.0,125.0,0,0,1,False,skill_pass,False,True,False,True,37.29,0,0,True,107.66391405009836,83.75,5.665,27.344594594594597,-0.0280743877369711,-0.2690798246726971,-0.7871081788864059,1.4314579440375144,1.392341931565794,,-0.1178630806781384,0.4536597102266209,0.8188553319748562,1.4952177275352612,0.1337807720290732,-0.360998414622261,1,0,0,,,,True,,,,True,train,12.604765,2.750309,0.7898989898989899,0.20265833,0.5878787878787879,0.19694945,51.34569083093995
HagaMa00,marques-hagans-1,00-0024358,Marques Hagans,WR,2006,5,144,STL,virginia,69.0,202.0,4.67,35.0,114.0,,7.03,4.38,,,,,,,,,,,,1.0,1.0,6.0,0,0,0,False,skill_pass,False,True,False,True,20.63,0,1,True,84.94031023040195,74.5,5.705,29.82692711615207,-2.0176940404004347,-0.7037938588863734,0.2914572695745574,0.1807323661737498,-0.5362730407797573,,0.0120145167661627,0.7611859479679413,-1.0182775393457324,-0.3275125016620676,0.3610100241161422,0.8474603385802311,0,1,0,,,,True,,,,True,train,9.996681,1.552742,0.703030303030303,0.18240078,0.4895622895622896,0.15619814,44.68443627585265
MartIn00,ingle-martin-1,00-0024362,Ingle Martin,QB,2006,5,148,GNB,furman,74.0,220.0,4.71,36.0,111.0,,7.13,4.17,,,,,,,,,,,,0.0,0.0,1.0,0,0,0,False,skill_pass,False,True,False,True,19.27,0,1,True,89.40649055112125,73.5,5.65,28.24324324324324,-0.0280743877369711,0.0075563789178241,0.4968983073766459,0.4586713834768086,-0.949547677710947,,0.4449398415804949,-0.5304242505456087,-0.6572007162527932,-0.524564418332049,0.0485698024964242,0.0764852085756817,1,0,0,,,,True,,,,True,train,8.58162,0.137681,0.5272727272727272,0.17208542,0.38316498316498315,0.13408782,34.87767368128605
WillBr01,brandon-williams-6,00-0024299,Brandon Williams,WR,2006,3,84,SFO,wisconsin,69.0,179.0,4.48,34.5,115.0,,6.87,4.07,,,,,,,,,,,,0.0,0.0,23.0,0,0,0,False,skill_pass,False,True,False,True,46.68,0,0,True,88.8732312769256,74.75,5.470000000000001,26.430791850451588,-2.0176940404004347,-1.6127413849695147,-0.6843876599853594,0.0417628575222204,-0.3985148284693608,,-0.6806660029367718,-1.1454767260282497,-0.7003130741927887,-0.2782495224945722,-0.9739618318953838,-0.8058594134086812,0,1,0,,,,True,,,,True,train,18.653364,0.9887905,0.6417508417508417,0.25591084,0.6868686868686869,0.29145882,50.35480066085303
WillDe03,demetrius-williams-1,00-0024326,Demetrius Williams,WR,2006,4,111,BAL,oregon,74.0,197.0,4.52,38.0,127.0,,6.84,4.08,,,,,,,,,,,,9.0,9.0,46.0,0,0,0,False,skill_pass,False,True,False,True,33.66,0,0,True,94.39358543190409,82.5,5.46,25.29054054054054,-0.0280743877369711,-0.9013911471653172,-0.4789466221832755,1.0145494180829262,1.2545837192553977,,-0.810543600381073,-1.0839714784799863,-0.2540095670593132,1.2489028316977844,-1.0307691449171548,-1.3609609819318436,0,1,0,,,,True,,,,True,train,10.600872,0.7464161,0.6101010101010101,0.18694924,0.5239057239057239,0.16563863,41.93391223271888
CroyBr00,brodie-croyle-1,00-0024300,Brodie Croyle,QB,2006,3,85,KAN,alabama,74.0,205.0,4.88,30.5,104.0,,7.34,4.25,,,,,,,,,,,,2.0,2.0,18.0,0,0,0,False,skill_pass,False,True,False,True,46.16,0,0,True,72.29438518758089,67.25,5.795,26.31756756756757,-0.0280743877369711,-0.5852354859190071,1.370022718035521,-1.0699932116900148,-1.913855163883723,,1.3540830236905956,-0.0383822701594938,-2.04066134645495,-1.7561388975194334,0.8722758413120462,-0.8609796982770515,1,0,0,,,,True,,,,True,train,13.588104,-4.0764694,0.10841750841750841,0.21071936,0.6067340067340067,0.21231413,24.932050435932396
StovMa00,maurice-stovall-1,00-0024305,Maurice Stovall,WR,2006,3,90,TAM,notre dame,76.0,217.0,4.57,35.0,122.0,,6.81,4.14,,,,,,,,,,,,5.0,5.0,81.0,0,0,0,False,skill_pass,False,True,False,True,43.6,0,0,True,99.5004235027011,78.5,5.475,26.411184210526315,0.7677734733284143,-0.111001994049542,-0.2221453249306614,0.1807323661737498,0.5657926577034149,,-0.940421197825374,-0.7149399931904031,0.1588624475566312,0.4606951650178584,-0.9455581753845058,-0.815404880783242,0,1,0,,,,True,,,,True,train,14.867621,-2.7969522,0.15218855218855218,0.22155651,0.630976430976431,0.23230657,27.784332467901585
ReidWi00,willie-reid-1,00-0024310,Willie Reid,WR,2006,3,95,PIT,florida st.,70.0,188.0,4.34,37.5,117.0,,7.06,4.26,,,,,,,,,,,,1.0,1.0,7.0,0,0,0,False,skill_pass,False,True,False,True,41.12,0,0,True,105.98122300185564,77.25,5.66,26.972244897959182,-1.619770109867742,-1.257066266067416,-1.4034312922926713,0.8755799094313969,-0.1229984038485677,,0.14189211421046,0.023122977388769,0.682814981089839,0.2143802691803815,0.1053771155181902,-0.5422671391962889,0,1,0,,,,True,,,,True,train,13.270149,-4.3944244,0.10033670033670034,0.20808746,0.5986531986531987,0.20734608,24.2952030288551
BoldAn00,anquan-boldin-1,00-0022084,Anquan Boldin,WR,2003,2,54,ARI,florida st.,73.0,216.0,4.72,33.5,114.0,,7.35,4.33,,,,,,,,,,,,86.0,49.0,202.0,3,0,14,False,skill_pass,False,True,False,True,63.63,0,0,True,87.03937268189007,73.75,5.84,28.494651904672548,-0.4259983182696639,-0.1505214517053308,0.5482585668271669,-0.2361761597808383,-0.5362730407797573,,1.397375556172028,0.4536597102266209,-0.8485748522551805,-0.4753014391645537,1.1279087499099982,0.1988769489636874,0,1,0,,,,True,,,,True,train,26.040075,2.4968815,0.775084175084175,0.33225662,0.8080808080808081,0.40687618,61.94763914914645
GarrDa00,david-garrard-1,00-0021231,David Garrard,QB,2002,4,108,JAX,east carolina,74.0,235.0,4.82,33.5,111.0,,7.35,4.26,,,,,,,,,,,,62.0,62.0,86.0,1,0,5,False,skill_pass,False,True,False,True,35.0,0,0,True,87.07825250269617,72.25,5.805,30.16891891891892,-0.0280743877369711,0.6003482437546555,1.0618611613323905,-0.2361761597808383,-0.949547677710947,,1.397375556172028,0.023122977388769,-0.8454315393634098,-0.7708793141695259,0.9290831543338122,1.0139501154284167,1,0,0,,,,True,,,,True,train,13.732116,3.8776598,0.8363636363636363,0.21191941,0.6094276094276094,0.2145643,54.172771904906035
WaltTr00,troy-walters-1,00-0019552,Troy Walters,WR,2000,5,165,MIN,stanford,66.0,171.0,4.55,32.5,106.0,,6.61,3.84,,,,,,,,,,,,12.0,0.0,98.0,0,0,0,False,skill_pass,False,True,False,True,13.99,0,1,True,79.79588934800854,69.25,5.225,27.59710743801653,-3.2114658319985128,-1.9288970462158248,-0.3248658438317079,-0.5141151770838972,-1.6383387392629296,,-1.8062718474540385,-2.560097419638331,-1.4341880076826712,-1.3620350641794703,-2.365741000928686,-0.2380691320707721,0,1,0,,,,True,,,,True,train,9.104282,0.66034317,0.597979797979798,0.17584063,0.4262626262626263,0.14225441,38.80634527322319
WynnSp00,spergon-wynn-1,00-0019553,Spergon Wynn,QB,2000,6,183,CLE,texas st.,75.0,229.0,4.91,34.0,108.0,,7.71,4.59,,,,,,,,,,,,2.0,0.0,10.0,0,0,0,False,skill_pass,False,True,False,True,9.32,0,1,True,78.80241179071025,71.0,6.15,28.61991111111111,0.3698495427957216,0.363231497819923,1.5241034963870883,-0.0972066511293089,-1.3628223146421363,,2.95590672550363,2.0527961464814912,-1.514507586034498,-1.0171942100070028,2.888935453584784,0.2598561220298754,1,0,0,,,,True,,,,True,train,9.256135,2.6863961,0.7865319865319865,0.17694366,0.43973063973063975,0.14462711,46.687307932962874
WhitCh02,charlie-whitehurst-1,00-0024296,Charlie Whitehurst,QB,2006,3,81,SDG,clemson,77.0,223.0,4.75,33.0,112.0,,7.0,4.11,,,,,,,,,,,,7.0,0.0,25.0,0,0,0,False,skill_pass,False,True,False,True,48.25,0,0,True,87.61135964272835,72.5,5.555,26.44105245403947,1.165697403861107,0.1261147518851904,0.7023393451787344,-0.3751456684323677,-0.8117894654005504,,-0.1178630806781384,-0.8994557358351921,-0.8023314809985523,-0.7216163350020306,-0.4910996712103678,-0.8008643065439749,1,0,0,,,,True,,,,True,train,14.230925,-3.433649,0.12457912457912458,0.21611464,0.6195286195286195,0.2223582,26.14319441595463
BakeCh00,chris-baker-2,00-0021213,Chris Baker,TE,2002,3,88,NYJ,michigan st.,75.0,258.0,4.81,35.0,112.0,18.0,6.95,,,,,,,,,,,,,13.0,12.0,131.0,0,0,5,False,skill_pass,False,True,False,True,44.61,0,0,True,96.39830466497826,73.5,,32.24426666666667,0.3698495427957216,1.509295769837797,1.010500901881865,0.1807323661737498,-0.8117894654005504,0.0554795777207801,-0.3343257430853045,,-0.0919342364879855,-0.524564418332049,,2.0242789613524432,0,0,1,,,,True,,,,True,train,10.861577,-6.8029966,0.05589225589225589,0.18893868,0.531986531986532,0.16971214,20.048437170257873
McCoJo01,josh-mccown-1,00-0021206,Josh McCown,QB,2002,3,81,ARI,sam houston st.,76.0,221.0,4.59,38.5,120.0,,6.85,3.9,,,,,,,,,,,,40.0,13.0,102.0,0,0,5,False,skill_pass,False,True,False,True,48.25,0,0,True,99.57986363145116,79.25,5.375,26.898026315789476,0.7677734733284143,0.0470758365736129,-0.1194248060296195,1.1535189267344557,0.2902762330826218,,-0.7672510678996406,-2.1910659343487446,0.1652849355117397,0.6084841025203445,-1.5136313056021755,-0.5783985174441114,1,0,0,,,,True,,,,True,train,23.11542,5.4508457,0.8767676767676768,0.30064487,0.7723905723905724,0.36117843,63.75498494119556
JackCh00,chad-jackson-1,00-0024251,Chad Jackson,WR,2006,2,36,NWE,florida,73.0,213.0,4.32,38.5,122.0,,6.73,3.97,,,,,,,,,,,,2.0,2.0,18.0,0,0,0,False,skill_pass,False,True,False,True,75.07,0,0,True,122.3135614419098,80.25,5.3500000000000005,28.098892850440983,-0.4259983182696639,-0.2690798246726971,-1.506151811193713,1.1535189267344557,0.5657926577034149,,-1.2867614576768376,-1.7605292015108929,2.003233874669949,0.805536019190326,-1.6556495881565907,0.0062119900623702,0,1,0,,,,True,,,,True,train,25.917276,2.3740826,0.7710437710437711,0.3308958,0.8047138047138047,0.40495744,61.653092478963266
JennGr00,greg-jennings-1,00-0024267,Greg Jennings,WR,2006,2,52,GNB,western michigan,71.0,197.0,4.42,36.5,117.0,,6.68,4.16,,,,,,,,,,,,66.0,55.0,143.0,2,0,8,False,skill_pass,False,True,False,True,64.86,0,0,True,103.23028929732914,76.75,5.42,27.47292203927792,-1.2218461793350492,-0.9013911471653172,-0.9925492166884944,0.597640892128338,-0.1229984038485677,,-1.5032241200840075,-0.5919294980938716,0.4604105255505822,0.1158543108453907,-1.2579983970042237,-0.2985255499045328,0,1,0,,,,True,,,,True,train,22.197378,-1.3458157,0.23097643097643097,0.29108277,0.7515151515151515,0.34683403,37.027696113042566
McCoLu00,luke-mccown-1,00-0022864,Luke McCown,QB,2004,4,106,CLE,louisiana tech,76.0,208.0,4.71,37.5,125.0,,6.74,4.21,,,,,,,,,,,,8.0,2.0,62.0,0,0,0,False,skill_pass,False,True,False,True,35.91,0,0,True,84.52977288469646,81.25,5.475,25.31578947368421,0.7677734733284143,-0.4666771129516409,0.4968983073766459,0.8755799094313969,0.9790672946346044,,-1.2434689251954052,-0.2844032603525513,-1.051468210098693,1.0025879358603076,-0.9455581753845058,-1.3486691982962866,1,0,0,,,,True,,,,True,train,10.550561,0.696105,0.6033670033670033,0.18656716,0.5191919191919192,0.16485251,41.54691196591765
CotcJe00,jerricho-cotchery-1,00-0022811,Jerricho Cotchery,WR,2004,4,108,NYJ,north carolina st.,72.0,212.0,4.54,36.0,121.0,,6.93,3.91,,,,,,,,,,,,51.0,37.0,175.0,0,0,6,False,skill_pass,False,True,False,True,35.0,0,0,True,99.80273552451229,78.5,5.42,28.749228395061728,-0.8239222488023566,-0.3085992823284858,-0.3762261032822289,0.4586713834768086,0.4280344453930183,,-0.4209108080481732,-2.1295606868004797,0.1833034366299983,0.4606951650178584,-1.2579983970042237,0.3228108641417194,0,1,0,,,,True,,,,True,train,14.105772,4.251316,0.8457912457912458,0.21505643,0.6161616161616161,0.22040269,54.86406474512836
WheaAu20,austin-wheatley-1,00-0019589,Austin Wheatley,TE,2000,5,158,NOR,iowa,76.0,254.0,4.66,32.5,121.0,,6.97,4.18,,,,,,,,,,,,0.0,0.0,4.0,0,0,0,False,skill_pass,False,True,False,True,16.06,0,1,True,107.7258787718288,76.75,5.574999999999999,30.914473684210527,0.7677734733284143,1.3512179392146415,0.2400970101240364,-0.5141151770838972,0.4280344453930183,,-0.2477406781224396,-0.4689190029973457,0.8238649874879713,0.1158543108453907,-0.3774850451668358,1.3769039801037186,0,0,1,,,,True,,,,True,train,8.9826565,0.53871727,0.5824915824915825,0.17496106,0.4208754208754209,0.14035401,38.023473333303976
JohnRo03,ron-johnson-1,00-0021242,Ron Johnson,WR,2002,4,123,BAL,minnesota,74.0,225.0,4.7,34.5,118.0,,7.12,4.02,,,,,,,,,,,,1.0,1.0,22.0,0,0,0,False,skill_pass,False,True,False,True,28.55,0,0,True,92.2191430136519,76.25,5.57,28.885135135135137,-0.0280743877369711,0.2051536671967679,0.4455380479261249,0.0417628575222204,0.0147598084618287,,0.4016473090990625,-1.4530029637695754,-0.4298064906046148,0.0173283525104,-0.4058887016777138,0.3889735108599279,0,1,0,,,,True,,,,True,train,9.012848,-0.84160805,0.298989898989899,0.17517906,0.4228956228956229,0.14082575,26.737604969880397
FranCa20,carlos-francis-1,00-0022861,Carlos Francis,WR,2004,4,99,OAK,texas tech,69.0,198.0,4.33,38.5,114.0,,6.97,4.06,,,,,,,,,,,,0.0,0.0,5.0,0,0,0,False,skill_pass,False,True,False,True,39.18,0,0,True,112.6532175898032,76.25,5.515,29.236294896030245,-2.0176940404004347,-0.8618716895095284,-1.4547915517431924,1.1535189267344557,-0.5362730407797573,,-0.2477406781224396,-1.206981973576518,1.2222250443900564,0.0173283525104,-0.7183289232974368,0.5599264686691146,0,1,0,,,,True,,,,True,train,11.990465,2.1360092,0.7528619528619529,0.19774045,0.573063973063973,0.18735102,49.2775870240999
StacDa00,dave-stachelski-1,00-0019598,Dave Stachelski,TE,2000,5,141,NWE,boise st.,75.0,250.0,4.78,38.0,115.0,24.0,6.84,4.14,,,,,,,,,,,,0.0,,9.0,0,0,0,False,skill_pass,False,False,False,True,21.68,0,1,True,95.77637991795424,76.5,5.49,31.244444444444444,0.3698495427957216,1.1931401085914868,0.856420123530302,1.0145494180829262,-0.3985148284693608,1.2079417149206249,-0.810543600381073,-0.7149399931904031,-0.1422149228311978,0.0665913316778954,-0.8603472058518518,1.5375416263669062,0,0,1,,,,True,,,,True,train,7.318017,-1.1259222,0.2579124579124579,0.16326958,0.25925925925925924,0.114344016,21.053955441497592
BollKy00,kyle-boller-1,00-0022164,Kyle Boller,QB,2003,1,19,BAL,california,75.0,234.0,4.61,35.5,117.0,,7.2,4.02,,,,,,,,,,,,16.0,17.0,67.0,0,0,4,False,skill_pass,False,True,False,True,86.73,1,0,True,103.6196572758487,76.25,5.609999999999999,29.2448,0.3698495427957216,0.5608287860988668,-0.0167042871285729,0.3197018748252792,-0.1229984038485677,,0.7479875689505298,-1.4530029637695754,0.4918897186422125,0.0173283525104,-0.1786594495906498,0.5640669563958358,1,0,0,,,,True,,,,True,train,27.364084,-8.95941,0.022222222222222223,0.34710348,0.8363636363636363,0.42756382,33.109507621839796
OwenCh00,chad-owens-1,00-0023618,Chad Owens,WR,2005,6,185,JAX,hawaii,67.0,183.0,4.62,37.0,116.0,,6.7,3.94,,,,,,,,,,,,0.0,0.0,6.0,0,0,0,False,skill_pass,False,True,False,True,8.86,0,1,True,80.33655108455835,76.5,5.32,28.65872131877924,-2.81354190146582,-1.4546635543463595,0.0346559723219479,0.7366104007798674,-0.2607566161589643,,-1.4166390551211387,-1.9450449441556876,-1.3904771836266745,0.0665913316778954,-1.8260715272218937,0.278749857966884,0,1,0,,,,True,,,,True,train,7.668764,1.0990252,0.6545454545454545,0.16567957,0.3084175084175084,0.11982443,38.06024880243171
CurrAi00,airese-currie-1,00-0023574,Airese Currie,WR,2005,5,140,CHI,clemson,70.0,186.0,4.49,38.0,125.0,,7.05,4.07,,,,,,,,,,,,0.0,0.0,1.0,0,0,0,False,skill_pass,False,True,False,True,22.04,0,1,True,91.5287593968658,81.5,5.5600000000000005,26.685306122448974,-1.619770109867742,-1.3361051813789937,-0.6330274005348384,1.0145494180829262,0.9790672946346044,,0.0985995817290276,-1.1454767260282497,-0.4856218641819164,1.0518509150278028,-0.4626960146994797,-0.681955787629638,0,1,0,,,,True,,,,True,train,10.403174,1.9592352,0.736026936026936,0.1854514,0.5111111111111111,0.1625496,46.62331987761889
OrloDa00,dan-orlovsky-1,00-0023578,Dan Orlovsky,QB,2005,5,145,DET,connecticut,77.0,225.0,4.93,29.5,107.0,,7.33,4.39,,,,,,,,,,,,7.0,5.0,26.0,0,0,1,False,skill_pass,False,True,False,True,20.28,0,1,True,76.17717038329366,68.25,5.859999999999999,26.6781919379322,1.165697403861107,0.2051536671967679,1.6268240152881304,-1.3479322289930735,-1.500580526952533,,1.310790491209163,0.8226911955162043,-1.726750209299058,-1.559086980849452,1.2415233759535302,-0.6854191425494722,1,0,0,,,,True,,,,True,train,11.2137165,2.7697773,0.7919191919191919,0.19165157,0.5468013468013468,0.17521432,49.95011222854207
MarsRa00,rasheed-marshall-1,00-0023607,Rasheed Marshall,WR,2005,5,174,SFO,west virginia,72.0,185.0,4.51,38.0,121.0,,6.81,3.95,,,,,,,,,,,,0.0,0.0,12.0,0,0,0,False,skill_pass,False,True,False,True,11.54,0,1,True,89.43253816762147,79.5,5.38,25.0877700617284,-0.8239222488023566,-1.3756246390347822,-0.5303068816337965,1.0145494180829262,0.4280344453930183,,-0.940421197825374,-1.8835396966074216,-0.6550948472686389,0.6577470816878399,-1.4852276490912928,-1.459674493471326,0,1,0,,,,True,,,,True,train,9.014037,0.5700979,0.5858585858585859,0.17518766,0.4235690235690236,0.14084433,38.22636379168592
FasaRa00,randy-fasani-1,00-0021254,Randy Fasani,QB,2002,5,137,CAR,stanford,75.0,224.0,4.77,31.5,106.0,,6.75,3.87,,,,,,,,,,,,1.0,1.0,4.0,0,0,0,False,skill_pass,False,True,False,True,23.13,0,1,True,86.53753053025657,68.75,5.3100000000000005,27.99502222222222,0.3698495427957216,0.1656342095409792,0.8050598640797764,-0.7920541943869559,-1.6383387392629296,,-1.2001763927139728,-2.3755816769935363,-0.8891472333042206,-1.4605610225144612,-1.88287884024366,-0.0443547123360849,1,0,0,,,,True,,,,True,train,8.393231,-0.050707817,0.44915824915824915,0.17074755,0.3643097643097643,0.13114424,31.29036102933113
JoneBr02,brandon-jones-3,00-0023531,Brandon Jones,WR,2005,3,96,TEN,oklahoma,73.0,210.0,4.42,37.0,114.0,,7.03,4.08,,,,,,,,,,,,11.0,11.0,59.0,0,0,2,False,skill_pass,False,True,False,True,40.63,0,0,True,110.04244036771128,75.5,5.555,27.70313379620942,-0.4259983182696639,-0.3876381976400633,-0.9925492166884944,0.7366104007798674,-0.5362730407797573,,0.0120145167661627,-1.0839714784799863,1.0111518056354387,-0.1304605849920861,-0.4910996712103678,-0.1864529688389452,0,1,0,,,,True,,,,True,train,13.3783655,-4.286208,0.10168350168350168,0.20898047,0.6006734006734007,0.20903698,24.44115709520952
FryeCh00,charlie-frye-1,00-0023502,Charlie Frye,QB,2005,3,67,CLE,akron,76.0,225.0,4.79,33.0,113.0,,6.94,4.08,,,,,,,,,,,,8.0,7.0,26.0,0,0,1,False,skill_pass,False,True,False,True,55.96,0,0,True,85.4811704523344,73.0,5.51,27.38486842105263,0.7677734733284143,0.2051536671967679,0.9077803829808228,-0.3751456684323677,-0.6740312530901539,,-0.377618275566737,-1.0839714784799863,-0.9745506683623284,-0.6230903766670398,-0.7467325798083198,-0.3413921541049808,1,0,0,,,,True,,,,True,train,17.682781,0.01820755,0.5084175084175084,0.24677986,0.6693602693602694,0.27629346,44.18537211081998
RobyCo00,courtney-roby-1,00-0023503,Courtney Roby,WR,2005,3,68,TEN,indiana,72.0,189.0,4.41,36.5,126.0,,6.6,3.94,,,,,,,,,,,,4.0,3.0,92.0,0,0,0,False,skill_pass,False,True,False,True,55.39,0,0,True,99.93956204954831,81.25,5.27,25.63020833333333,-0.8239222488023566,-1.2175468084116272,-1.0439094761390153,0.597640892128338,1.116825506945001,,-1.8495643799354748,-1.9450449441556876,0.1943654366897952,1.0025879358603076,-2.1101080923307336,-1.1956025886397643,0,1,0,,,,True,,,,True,train,19.951113,2.286539,0.7626262626262627,0.26846108,0.7094276094276094,0.31173614,56.29754744224276
SheaAa00,aaron-shea-1,00-0019564,Aaron Shea,TE,2000,4,110,CLE,michigan,76.0,253.0,4.81,37.5,114.0,,6.72,4.3,,,,,,,,,,,,6.0,6.0,65.0,0,0,0,False,skill_pass,False,True,False,True,34.1,0,0,True,94.53012046604456,75.75,5.51,30.792763157894736,0.7677734733284143,1.311698481558853,1.010500901881865,0.8755799094313969,-0.5362730407797573,,-1.330053990158274,0.2691439675818265,-0.2429711331341028,-0.0811976058245907,-0.7467325798083198,1.317652389268935,0,0,1,,,,True,,,,True,train,9.8130455,-0.041410446,0.45151515151515154,0.18103547,0.4794612794612795,0.15332884,34.337117959729554
GaylTr00,trevor-gaylor-1,00-0019670,Trevor Gaylor,WR,2000,4,111,SDG,miami (oh),75.0,199.0,4.56,37.5,121.0,,7.03,4.29,,,,,,,,,,,,7.0,3.0,34.0,0,0,0,False,skill_pass,False,True,False,True,33.66,0,0,True,92.04998062239672,79.25,5.66,24.87057777777778,0.3698495427957216,-0.8223522318537396,-0.273505584381187,0.8755799094313969,0.4280344453930183,,0.0120145167661627,0.2076387200335635,-0.443482745129732,0.6084841025203445,0.1053771155181902,-1.5654088841658833,0,1,0,,,,True,,,,True,train,10.412281,0.5578251,0.5838383838383838,0.18552019,0.5117845117845118,0.16269189,40.55346730251104
BradMa00,mark-bradley-1,00-0023474,Mark Bradley,WR,2005,2,39,CHI,oklahoma,73.0,201.0,4.37,39.5,128.0,,6.96,3.98,,,,,,,,,,,,10.0,5.0,57.0,0,0,0,False,skill_pass,False,True,False,True,73.1,0,0,True,110.23012634590708,83.75,5.47,26.51585663351473,-0.4259983182696639,-0.7433133165421622,-1.249350513941104,1.4314579440375144,1.392341931565794,,-0.2910332106038721,-1.69902395396263,1.0263256346972982,1.4952177275352612,-0.9739618318953888,-0.764447845542895,0,1,0,,,,True,,,,True,train,20.663061,-2.8801327,0.14814814814814814,0.27550942,0.7225589225589225,0.32286033,32.344499250604244
GiveDa00,david-givens-1,00-0021353,David Givens,WR,2002,7,253,NWE,notre dame,72.0,217.0,4.56,40.5,126.0,,6.82,4.13,,,,,,,,,,,,22.0,21.0,58.0,0,0,2,False,skill_pass,False,True,False,True,0.15,0,1,True,100.376109522915,83.25,5.475,29.427276234567906,-0.8239222488023566,-0.111001994049542,-0.273505584381187,1.7093969613405733,1.116825506945001,,-0.8971286653439379,-0.776445240738666,0.2296589455705788,1.3966917692002705,-0.9455581753845058,0.652900745181173,0,1,0,,,,True,,,,True,train,9.019768,3.0459652,0.804040404040404,0.17522907,0.42424242424242425,0.14093387,46.96972341150648
ClayMa01,mark-clayton-1,00-0023457,Mark Clayton,WR,2005,1,22,BAL,oklahoma,70.0,193.0,4.41,36.5,118.0,,6.95,4.07,,,,,,,,,,,,28.0,26.0,83.0,0,0,5,False,skill_pass,False,True,False,True,84.61,1,0,True,102.05468505588796,77.25,5.51,27.68959183673469,-1.619770109867742,-1.0594689777884725,-1.0439094761390153,0.597640892128338,0.0147598084618287,,-0.3343257430853045,-1.1454767260282497,0.3653665698139731,0.2143802691803815,-0.7467325798083198,-0.1930455181129168,0,1,0,,,,True,,,,True,train,28.68651,-7.636984,0.04107744107744108,0.36223552,0.8545454545454545,0.44822675,34.94325220715317
SefeAu00,austin-seferian-jenkins-1,00-0031418,Austin Seferian-Jenkins,TE,2014,2,38,TAM,washington,77.0,262.0,4.75,,,20.0,,,,,,,,,,,416936.0,538852450.0,678.0,9.0,5.0,43.0,0,0,2,False,skill_pass,False,True,False,False,73.75,0,0,True,102.93352567890057,,,31.065272389947715,1.165697403861107,1.6673736004609518,0.7023393451787344,,,0.4396336234540616,,,0.4364181076773836,,,1.4503163913488375,0,0,1,1.0,1292.4104658748586,0.0016261488573785,False,,,,True,train,16.335844,-7.20735,0.04781144781144781,0.2344759,0.6484848484848484,0.25524756,24.676624059877813
HaygHe20,herb-haygood-1,00-0021093,Herb Haygood,WR,2002,5,144,DEN,michigan st.,71.0,193.0,4.45,33.0,114.0,,6.65,4.26,,,,,,,,,,,,0.0,0.0,4.0,0,0,0,False,skill_pass,False,True,False,True,20.63,0,1,True,98.43448212186108,73.5,5.455,26.915096211069237,-1.2218461793350492,-1.0594689777884725,-0.8384684383369269,-0.3751456684323677,-0.5362730407797573,,-1.633101717528305,0.023122977388769,0.0726843938825622,-0.524564418332049,-1.0591728014280375,-0.5700884847680161,0,1,0,,,,True,,,,True,train,8.922773,0.47883415,0.5737373737373738,0.17452927,0.41548821548821546,0.13941833,37.53821147040085
BrowRe01,reggie-brown-2,00-0023470,Reggie Brown,WR,2005,2,35,PHI,georgia,74.0,196.0,4.45,41.5,128.0,,6.99,3.94,,,,,,,,,,,,20.0,20.0,72.0,0,0,3,False,skill_pass,False,True,False,True,75.73,0,0,True,99.96455179214908,84.75,5.465,25.16216216216216,-0.0280743877369711,-0.940910604821106,-0.8384684383369269,1.987335978643632,1.392341931565794,,-0.1611556131595709,-1.9450449441556876,0.1963857798511147,1.6922696442052427,-1.0023654884062718,-1.4234586423886928,0,1,0,,,,True,,,,True,train,25.296164,1.7529697,0.7171717171717171,0.32405645,0.7952861952861953,0.39525256,58.978772635813115
SweeTo00,tommy-sweeney-1,00-0035308,Tommy Sweeney,TE,2019,7,228,BUF,boston col.,76.0,251.0,4.83,,,17.0,,,,,,,,,,,5263632.0,68353512348.0,343.0,1.0,1.0,24.0,0,0,0,False,skill_pass,False,True,False,False,1.78,0,1,True,92.23912917190582,,,30.54934210526316,0.7677734733284143,1.2326595662472757,1.1132214207829114,,,-0.1365974451458606,,,-0.4281906717146614,,,1.1991492075993695,0,0,1,1.0,12985.997567459124,6.516413001516823e-05,False,,,,True,train,5.3409805,-0.63282204,0.33131313131313134,0.1502105,0.04478114478114478,0.08345282,18.821414745240304
ColeLa00,laveranues-coles-1,00-0018958,Laveranues Coles,WR,2000,3,78,NYJ,florida st.,71.0,192.0,4.41,34.0,115.0,,6.89,4.39,,,,,,,,,,,,68.0,49.0,153.0,1,0,9,False,skill_pass,False,True,False,True,49.86,0,0,True,101.52590430430304,74.5,5.64,26.77563975401706,-1.2218461793350492,-1.098988435444261,-1.0439094761390153,-0.0972066511293089,-0.3985148284693608,,-0.5940809379739069,0.8226911955162043,0.322616286532928,-0.3275125016620676,-0.0082375105253468,-0.6379792184838873,0,1,0,,,,True,,,,True,train,20.836824,3.1722507,0.8134680134680135,0.27724698,0.725925925925926,0.32557538,59.11368662279464
DawsJa00,jajuan-dawson-1,00-0019461,JaJuan Dawson,WR,2000,3,79,CLE,tulane,73.0,199.0,4.55,34.0,117.0,,6.96,4.16,,,,,,,,,,,,5.0,3.0,30.0,0,0,0,False,skill_pass,False,True,False,True,49.32,0,0,True,92.86188292546024,75.5,5.5600000000000005,26.25201726402702,-0.4259983182696639,-0.8223522318537396,-0.3248658438317079,-0.0972066511293089,-0.1229984038485677,,-0.2910332106038721,-0.5919294980938716,-0.377842962765369,-0.1304605849920861,-0.4626960146994797,-0.892891151477106,0,1,0,,,,True,,,,True,train,18.162264,0.4976902,0.5777777777777777,0.25126317,0.6781144781144781,0.28378537,47.37437156153849
LymaDu00,,00-0019464,Dustin Lyman,TE,2000,3,87,CHI,wake forest,76.0,259.0,4.7,35.0,118.0,22.0,6.86,4.06,,,,,,,,,,,,2.0,2.0,55.0,0,0,1,False,skill_pass,False,False,False,True,45.13,0,0,True,106.15448018015933,76.5,5.46,31.523026315789476,0.7677734733284143,1.5488152274935856,0.4455380479261249,0.1807323661737498,0.0147598084618287,0.8237876691873433,-0.7239585354182042,-1.206981973576518,0.6968222864441963,0.0665913316778954,-1.0307691449171548,1.673161934277631,0,0,1,,,,True,,,,True,train,12.165149,-5.499425,0.07946127946127945,0.19912972,0.5797979797979798,0.19008045,22.558614214361718
VanPBr00,bradlee-van-pelt-1,00-0022774,Bradlee Van Pelt,QB,2004,7,250,DEN,colorado st.,74.0,231.0,4.98,33.5,115.0,,6.89,4.11,,,,,,,,,,,,0.0,0.0,3.0,0,0,0,False,skill_pass,False,True,False,True,0.25,0,1,True,75.11464248418761,74.25,5.5,29.655405405405407,-0.0280743877369711,0.4422704131315005,1.8836253125407445,-0.2361761597808383,-0.3985148284693608,,-0.5940809379739069,-0.8994557358351921,-1.8126522935648888,-0.3767754808295629,-0.8035398928300858,0.7639594736010216,1,0,0,,,,True,,,,True,train,7.098768,1.1249657,0.6572390572390573,0.16177751,0.2404040404040404,0.11091826,36.551558619145595
SmitAl03,alex-smith-3,00-0023436,Alex Smith,QB,2005,1,1,SFO,utah,76.0,217.0,4.71,32.0,113.0,,6.82,3.96,,,,,,,,,,,,98.0,28.0,174.0,3,0,14,False,skill_pass,False,True,False,True,100.0,1,0,True,88.18731113451504,72.5,5.390000000000001,26.411184210526315,0.7677734733284143,-0.111001994049542,0.4968983073766459,-0.6530846857354266,-0.6740312530901539,,-0.8971286653439379,-1.822034449059159,-0.755767589714269,-0.7216163350020306,-1.4284203360695218,-0.815404880783242,1,0,0,,,,True,,,,True,train,73.76763,37.444138,0.98989898989899,0.8440112,0.9912457912457913,1.0,96.30110036403644
CurrRo01,ronald-curry-1,00-0021337,Ronald Curry,WR,2002,7,235,OAK,north carolina,74.0,220.0,4.59,35.0,115.0,,7.06,4.11,,,,,,,,,,,,16.0,16.0,76.0,0,0,2,False,skill_pass,False,True,False,True,1.14,0,1,True,99.12927601320928,75.0,5.585,28.24324324324324,-0.0280743877369711,0.0075563789178241,-0.1194248060296195,0.1807323661737498,-0.3985148284693608,,0.14189211421046,-0.8994557358351921,0.1288563244758143,-0.2289865433270768,-0.3206777321450648,0.0764852085756817,0,1,0,,,,True,,,,True,train,7.6349225,1.6611199,0.7111111111111111,0.16544582,0.30505050505050507,0.11929567,40.24028440429406
McAdJa00,jason-mcaddley-1,00-0021094,Jason McAddley,WR,2002,5,149,ARI,alabama,73.0,203.0,4.47,36.5,123.0,,6.83,4.09,,,,,,,,,,,,4.0,3.0,34.0,0,0,1,False,skill_pass,False,True,False,True,18.93,0,1,True,101.6941430656546,79.75,5.46,26.77969600300244,-0.4259983182696639,-0.6642744012305847,-0.7357479194358849,0.597640892128338,0.7035508700138113,,-0.8538361328625055,-1.0224662309317234,0.3362178684457971,0.7070100608553352,-1.0307691449171548,-0.6360045396086842,0,1,0,,,,True,,,,True,train,10.544092,2.100153,0.7488215488215488,0.18651812,0.5185185185185185,0.16475144,47.348623559179934
NavaJo00,john-navarre-1,00-0022827,John Navarre,QB,2004,7,202,ARI,michigan,78.0,246.0,5.19,26.5,100.0,,7.73,4.46,,,,,,,,,,,,0.0,0.0,2.0,0,0,0,False,skill_pass,False,True,False,True,5.42,0,1,True,67.81030087861879,63.25,6.095000000000001,28.425049309664693,1.5636213343937997,1.0350622779683318,2.9621907610017075,-2.18174928090225,-2.4648880131253086,,3.0424917904664994,1.2532279283540562,-2.403185651452149,-2.5443465641993592,2.5764952319650662,0.1649927435027382,1,0,0,,,,True,,,,True,train,8.764308,2.7905054,0.7925925925925926,0.17339072,0.39730639730639733,0.13694231,45.85649218129289
WhitDe00,dez-white-1,00-0019660,Dez White,WR,2000,3,69,CHI,georgia tech,73.0,218.0,4.62,37.5,124.0,,6.91,4.09,,,,,,,,,,,,18.0,14.0,82.0,0,0,4,False,skill_pass,False,True,False,True,54.83,0,0,True,95.70146522641376,80.75,5.5,28.758491274160257,-0.4259983182696639,-0.0714825363937533,0.0346559723219479,0.8755799094313969,0.8413090823242079,,-0.5074958730110382,-1.0224662309317234,-0.1482715432275859,0.9040619775253168,-0.8035398928300858,0.3273202548978983,0,1,0,,,,True,,,,True,train,23.36085,5.6962757,0.8808080808080808,0.3032313,0.7744107744107744,0.36501327,64.08543080096494
ColeCh00,chris-cole-2,00-0019661,Chris Cole,WR,2000,3,70,DEN,texas a&m,72.0,191.0,4.37,37.5,125.0,,6.76,4.09,,,,,,,,,,,,1.0,1.0,35.0,0,0,0,False,skill_pass,False,True,False,True,54.26,0,0,True,104.746040458051,81.25,5.425,25.901427469135804,-0.8239222488023566,-1.1385078931000496,-1.249350513941104,0.8755799094313969,0.9790672946346044,,-1.1568838602325402,-1.0224662309317234,0.5829543044423274,1.0025879358603076,-1.2295947404933407,-1.063566636223982,0,1,0,,,,True,,,,True,train,19.951113,2.286539,0.7626262626262627,0.26846108,0.7094276094276094,0.31173614,56.29754744224276
RedmCh00,chris-redman-1,00-0019709,Chris Redman,QB,2000,3,75,BAL,louisville,75.0,222.0,5.37,26.5,98.0,,7.8,4.78,,,,,,,,,,,,9.0,3.0,30.0,0,0,0,False,skill_pass,False,True,False,True,51.49,0,0,True,53.39318490593536,62.25,6.29,27.745066666666663,0.3698495427957216,0.0865952942294017,3.886675431111104,-2.18174928090225,-2.740404437746102,,3.3455395178365306,3.221395849898516,-3.568764750314104,-2.741398480869341,3.684237835889523,-0.1660390460824687,1,0,0,,,,True,,,,True,train,42.046936,24.382362,0.9723905723905724,0.5255644,0.9441077441077441,0.6569834,81.42873318658934
HuntJa00,javin-hunter-1,00-0021313,Javin Hunter,WR,2002,6,206,BAL,notre dame,71.0,186.0,4.47,41.0,129.0,,6.84,4.04,,,,,,,,,,,,0.0,0.0,12.0,0,0,0,False,skill_pass,False,True,False,True,4.73,0,1,True,93.17788477936826,85.0,5.44,25.938901011704026,-1.2218461793350492,-1.3361051813789937,-0.7357479194358849,1.8483664699921023,1.5301001438761903,,-0.810543600381073,-1.329992468673044,-0.3522951932381837,1.7415326233727382,-1.144383770960692,-1.045323620779113,0,1,0,,,,True,,,,True,train,7.5836225,1.0138836,0.6464646464646465,0.16509196,0.28888888888888886,0.11849411,37.30808496068825
PickCo00,cody-pickett-1,00-0022731,Cody Pickett,QB,2004,7,217,SFO,washington,75.0,233.0,4.79,30.5,109.0,,7.19,4.3,,,,,,,,,,,,1.0,1.0,6.0,0,0,0,False,skill_pass,False,True,False,True,3.08,0,1,True,88.52050095730628,69.75,5.745,29.119822222222226,0.3698495427957216,0.521309328443078,0.9077803829808228,-1.0699932116900148,-1.22506410233174,,0.7046950364690973,0.2691439675818265,-0.7288302262266738,-1.2635091058444796,0.5882392762032111,0.503224789522643,1,0,0,,,,True,,,,True,train,5.9140706,-0.05973196,0.44646464646464645,0.15390494,0.07946127946127945,0.09240735,24.374057479930247
HackD.00,dj-hackett-1,00-0022701,D.J. Hackett,WR,2004,5,157,SEA,colorado,74.0,199.0,4.53,41.0,131.0,,6.79,4.08,,,,,,,,,,,,14.0,12.0,42.0,0,0,0,False,skill_pass,False,True,False,True,16.37,0,1,True,94.51272044200314,86.0,5.4350000000000005,25.5472972972973,-0.0280743877369711,-0.8223522318537396,-0.4275863627327499,1.8483664699921023,1.805616568496984,,-1.027006262788239,-1.0839714784799863,-0.2443778710961753,1.9385845400427195,-1.1727874274715695,-1.235965661018145,0,1,0,,,,True,,,,True,train,9.186394,0.7424545,0.6094276094276094,0.1764364,0.43434343434343436,0.1435374,39.463449033347246
PennCh01,chad-pennington-1,00-0019559,Chad Pennington,QB,2000,1,18,NYJ,marshall,75.0,229.0,4.81,33.5,111.0,,7.12,4.16,,,,,,,,,,,,55.0,41.0,89.0,0,0,5,False,skill_pass,False,True,False,True,87.44,1,0,True,85.56283631116287,72.25,5.640000000000001,28.61991111111111,0.3698495427957216,0.363231497819923,1.010500901881865,-0.2361761597808383,-0.949547677710947,,0.4016473090990625,-0.5919294980938716,-0.9679482370354644,-0.7708793141695259,-0.0082375105253417,0.2598561220298754,1,0,0,,,,True,,,,True,train,34.708565,-1.6149292,0.21414141414141413,0.4342402,0.9104377104377105,0.5423213,46.30564140290122
BechAn00,anthony-becht-1,00-0019457,Anthony Becht,TE,2000,1,27,NYJ,west virginia,78.0,270.0,4.78,33.5,123.0,,6.94,4.08,,,,,,,,,,,,12.0,10.0,167.0,0,0,9,False,skill_pass,False,True,False,True,81.14,1,0,True,103.43849031139057,78.25,5.51,31.198224852071007,1.5636213343937997,1.983529261707262,0.856420123530302,-0.2361761597808383,0.7035508700138113,,-0.377618275566737,-1.0839714784799863,0.477242931616516,0.411432185850363,-0.7467325798083198,1.5150408250084784,0,0,1,,,,True,,,,True,train,19.303564,-17.01993,0.0006734006734006734,0.26215035,0.6989898989898989,0.3016182,25.282104798288458
NortDe00,dennis-northcutt-1,00-0019650,Dennis Northcutt,WR,2000,2,32,CLE,arizona,70.0,175.0,4.43,37.5,123.0,,6.96,4.04,,,,,,,,,,,,41.0,28.0,144.0,0,0,3,False,skill_pass,False,True,False,True,77.74,1,0,True,90.87682373321276,80.25,5.5,25.107142857142858,-1.619770109867742,-1.7708192155926696,-0.9411889572379736,0.8755799094313969,0.7035508700138113,,-0.2910332106038721,-1.329992468673044,-0.5383288400289905,0.805536019190326,-0.8035398928300858,-1.450243354013056,0,1,0,,,,True,,,,True,train,28.178162,4.634968,0.8565656565656565,0.35638437,0.8478114478114478,0.44028378,67.15221835848459
MaysLe00,lee-mays-1,00-0021309,Lee Mays,WR,2002,6,202,PIT,texas-el paso,73.0,190.0,4.55,32.5,119.0,,7.08,4.17,,,,,,,,,,,,2.0,2.0,49.0,0,0,0,False,skill_pass,False,True,False,True,5.42,0,1,True,88.66209927556504,75.75,5.625,25.064740101332333,-0.4259983182696639,-1.1780273507558383,-0.3248658438317079,-0.5141151770838972,0.1525180207722253,,0.2284771791733288,-0.5304242505456087,-0.7173824414887883,-0.0811976058245907,-0.0934484800579958,-1.470886028181054,0,1,0,,,,True,,,,True,train,6.080071,-0.4896679,0.3797979797979798,0.15498887,0.15555555555555556,0.09500111,23.302829956918053
KrauRy00,,00-0022759,Ryan Krause,TE,2004,6,169,SDG,nebraska-omaha,74.0,244.0,4.6,33.5,119.0,18.0,6.78,4.16,,,,,,,,,,,,1.0,1.0,14.0,0,0,0,False,skill_pass,False,False,False,True,12.87,0,1,True,108.990462441172,76.25,5.470000000000001,31.324324324324323,-0.0280743877369711,0.9560233626567542,-0.0680645465790985,-0.2361761597808383,0.1525180207722253,0.0554795777207801,-1.0702987952696714,-0.5919294980938716,0.9261026539214916,0.0173283525104,-0.9739618318953838,1.5764290595400563,0,0,1,,,,True,,,,True,train,9.293663,2.7239242,0.7878787878787878,0.1772171,0.44242424242424244,0.14521348,46.8122481669892
LukeTr00,triandos-luke-1,00-0022674,Triandos Luke,WR,2004,6,171,DEN,alabama,71.0,199.0,4.51,38.0,124.0,,7.06,4.17,,,,,,,,,,,,0.0,0.0,10.0,0,0,0,False,skill_pass,False,True,False,True,12.33,0,1,True,96.20040592084688,81.0,5.615,27.751834953382264,-1.2218461793350492,-0.8223522318537396,-0.5303068816337965,1.0145494180829262,0.8413090823242079,,0.14189211421046,-0.5304242505456087,-0.1079337359917432,0.953324956692812,-0.1502557930797617,-0.1627440824727921,0,1,0,,,,True,,,,True,train,9.689589,3.1198497,0.8114478114478114,0.18012208,0.4707070707070707,0.15139982,48.502492065732724
KrenCr00,craig-krenzel-1,00-0022818,Craig Krenzel,QB,2004,5,148,CHI,ohio st.,75.0,228.0,4.84,28.0,112.0,,7.22,4.08,,,,,,,,,,,,1.0,1.0,6.0,0,0,0,False,skill_pass,False,True,False,True,19.27,0,1,True,83.09662709985878,70.0,5.65,28.49493333333333,0.3698495427957216,0.3237120401641342,1.1645816802334323,-1.7648407549476617,-0.8117894654005504,,0.8345726339133946,-1.0839714784799863,-1.1673336006243678,-1.2142461266769844,0.0485698024964242,0.1990139551566827,1,0,0,,,,True,,,,True,train,9.279677,0.8357382,0.6208754208754209,0.17711517,0.4417508417508417,0.14499496,40.112236483957034
GronRo00,rob-gronkowski-1,00-0027656,Rob Gronkowski,TE,2010,2,42,NWE,arizona,78.0,264.0,4.68,,,23.0,,,,,,,,,,,2847.0,525672.0,610.0,78.0,70.0,143.0,5,4,11,False,skill_pass,False,True,False,False,71.15,0,0,True,110.0653224480891,,,30.504930966469427,1.5636213343937997,1.7464125157725294,0.3428175290250784,,,1.015864692053984,,,1.013001750844829,,,1.1775288046320425,0,0,1,1.0,184.64067439409905,0.2142606252195293,False,,,,True,train,27.92139,4.3781967,0.8511784511784511,0.353445,0.8424242424242424,0.43627173,66.6899574562556
RobeMi00,mike-roberg-1,00-0020345,Mike Roberg,TE,2001,7,227,CAR,idaho,76.0,256.0,4.75,34.5,117.0,16.0,7.28,4.4,,,,,,,,,,,,0.0,,13.0,0,0,0,False,skill_pass,False,False,False,True,1.89,0,1,True,100.5762693656433,75.75,5.84,31.157894736842103,0.7677734733284143,1.430256854526219,0.7023393451787344,0.0417628575222204,-0.1229984038485677,-0.3286744680125014,1.094327828801997,0.8841964430644728,0.2458412478810856,-0.0811976058245907,1.1279087499099982,1.4954071617732838,0,0,1,,,,True,,,,True,train,4.677242,-1.2965608,0.23434343434343435,0.14602327,0.019528619528619527,0.0730819,14.146413352741838
HenrHu00,hunter-henry-1,00-0033090,Hunter Henry,TE,2016,2,35,SDG,arkansas,77.0,250.0,4.79,,,13.0,,,,,,,,,,,283751.0,409513739.0,423.0,37.0,15.0,136.0,0,0,7,False,skill_pass,False,True,False,False,75.73,0,0,True,94.97907828037154,,,29.64243548659133,1.165697403861107,1.1931401085914868,0.9077803829808228,,,-0.9049055366124238,,,-0.2066742866884078,,,0.7576454073818185,0,0,1,1.0,1443.2151393299057,0.0014907436449563,False,,,,True,train,32.73547,9.192276,0.9265993265993266,0.41017875,0.8909090909090909,0.5114917,73.31556406637235
RobeAn00,,00-0027691,Andre Roberts,WR,2010,3,88,ARI,the citadel,71.0,195.0,4.4,36.0,120.0,15.0,6.77,4.15,,,,,,,,,,,,24.0,14.0,182.0,3,1,2,False,skill_pass,False,False,False,True,44.61,0,0,True,104.05283109077246,78.0,5.46,27.194009125173576,-1.2218461793350492,-0.9804300624768948,-1.0952697355895364,0.4586713834768086,0.2902762330826218,-0.5207514908791422,-1.1135913277511078,-0.6534347456421347,0.526910477704294,0.3621692066828676,-1.0307691449171548,-0.4343070173362753,0,1,0,,,,True,,,,True,train,15.364586,-2.2999878,0.1717171717171717,0.22587164,0.6390572390572391,0.24007165,28.968697485498307
TaylTr01,travis-taylor-1,00-0019721,Travis Taylor,WR,2000,1,10,BAL,florida,73.0,199.0,4.43,37.0,118.0,,7.15,,,,,,,,,,,,,30.0,23.0,101.0,0,0,7,False,skill_pass,False,True,False,True,93.25,1,0,True,103.33993098805335,77.5,,26.25201726402702,-0.4259983182696639,-0.8223522318537396,-0.9411889572379736,0.7366104007798674,0.0147598084618287,,0.5315249065433636,,0.4692747160942508,0.2636432483478769,,-0.892891151477106,0,1,0,,,,True,,,,True,train,29.394836,-6.9286575,0.052525252525252523,0.3704567,0.8619528619528619,0.45929432,35.935087485245184
TaylJa00,jamaar-taylor-1,00-0022679,Jamaar Taylor,WR,2004,6,168,NYG,texas a&m,73.0,197.0,4.46,,,,,,,,,,,2.0,3.0,0.0,,,,1.0,1.0,13.0,0,0,0,False,skill_pass,False,True,False,True,13.15,0,1,True,99.5764838867107,,,25.988177894539312,-0.4259983182696639,-0.9013911471653172,-0.7871081788864059,,,,,,0.1650116936347642,,,-1.0213344574113168,0,1,0,,,,True,,,,True,train,5.3572273,-1.2125115,0.24511784511784512,0.15031423,0.04579124579124579,0.08370668,15.40095675741683
DorsKe01,kevin-dorsey-1,00-0030116,Kevin Dorsey,WR,2013,7,224,GNB,maryland,,,,,,,,,,,,,,1.0,4.0,0.0,3154518.0,17187573311.0,234.0,0.0,0.0,3.0,0,0,0,False,skill_pass,False,True,True,False,2.22,0,1,True,,,,,,,,,,,,,,,,,0,1,0,0.9999999997672736,5448.557691222558,7.417931994681913e-05,False,,,,True,train,4.0106134,-1.9631891,0.1898989898989899,0.14191568,0.010437710437710438,0.062665835,11.89634412198456
MoorCl00,,00-0022826,Clarence Moore,WR,2004,6,199,BAL,northern arizona,78.0,211.0,4.55,34.0,122.0,,6.84,4.16,,,,,,,,,,,,2.0,2.0,29.0,0,0,0,False,skill_pass,False,True,False,True,5.97,0,1,True,98.46159445865382,78.0,5.5,24.380834976988822,1.5636213343937997,-0.3481187399842746,-0.3248658438317079,-0.0972066511293089,0.5657926577034149,,-0.810543600381073,-0.5919294980938716,0.0748763421991892,0.3621692066828676,-0.8035398928300858,-1.8038273753597975,0,1,0,,,,True,,,,True,train,6.308525,-0.26121378,0.4134680134680135,0.15649077,0.17373737373737375,0.098570704,25.114697822692623
SmitJo00,jonathan-smith-1,00-0022664,Jonathan Smith,WR,2004,7,214,BUF,georgia tech,70.0,194.0,4.78,32.5,114.0,,,4.35,,,,,,,,,,,,2.0,2.0,18.0,0,0,0,False,skill_pass,False,True,False,True,3.5,0,1,True,74.32247081633248,73.25,,27.8330612244898,-1.619770109867742,-1.0199495201326834,0.856420123530302,-0.5141151770838972,-0.5362730407797573,,,0.5766702053231468,-1.876696915284797,-0.5738273974995445,,-0.1232011938962413,0,1,0,,,,True,,,,True,train,7.2840304,1.3102279,0.6781144781144781,0.16303757,0.2558922558922559,0.11381297,37.779435158001654
WilfEr00,ernest-wilford-1,00-0022901,Ernest Wilford,WR,2004,4,120,JAX,virginia tech,76.0,226.0,4.79,40.5,130.0,,,4.17,,,,,,,,,,,,22.0,22.0,87.0,0,0,4,False,skill_pass,False,True,False,True,29.79,0,0,True,85.86108676545588,85.25,,27.50657894736842,0.7677734733284143,0.2446731248525567,0.9077803829808228,1.7093969613405733,1.6678583561865872,,,-0.5304242505456087,-0.9438356130953718,1.7907956025402334,,-0.2821405632701973,0,1,0,,,,True,,,,True,train,12.00691,2.1524544,0.7548821548821549,0.19787094,0.5737373737373738,0.18760797,49.37961209472583
UrsuJo00,john-ursua-1,00-0035597,John Ursua,WR,2019,7,236,SEA,hawaii,,,,,,,,,,,,,,42.0,84.0,11.0,534789.0,6526671343.0,3516.0,0.0,0.0,3.0,0,0,0,False,skill_pass,False,True,True,False,1.06,0,1,True,,,,,,,,,,,,,,,,,0,1,0,0.9999999871297336,12204.198932663165,0.0065745555723846,False,,,,True,train,6.851219,0.8774166,0.6276094276094276,0.16010606,0.22154882154882155,0.1070503,34.87848097228944
RodgAa00,aaron-rodgers-1,00-0023459,Aaron Rodgers,QB,2005,1,24,GNB,california,74.0,223.0,4.71,34.5,110.0,,7.38,,,,,,,,,,,,,169.0,161.0,264.0,10,4,15,False,skill_pass,False,True,False,True,83.21,1,0,True,90.62566996772745,72.25,,28.62837837837838,-0.0280743877369711,0.1261147518851904,0.4968983073766459,0.0417628575222204,-1.0873058900213437,,1.5272531536163292,,-0.5586338427913186,-0.7708793141695259,,0.2639781899462294,1,0,0,,,,True,,,,True,train,105.46908,69.145584,0.9986531986531987,0.96350676,0.9986531986531987,1.0,99.18932767949924
NewsKe00,kendall-newson-1,00-0021102,Kendall Newson,WR,2002,7,222,JAX,middle tenn. st.,74.0,200.0,4.69,33.5,117.0,,6.87,4.27,,,,,,,,,,,,1.0,,6.0,0,0,0,False,skill_pass,False,True,False,True,2.45,0,1,True,82.67393716972671,75.25,5.57,25.67567567567568,-0.0280743877369711,-0.7828327741979508,0.394177788475604,-0.2361761597808383,-0.1229984038485677,,-0.6806660029367718,0.084628224937032,-1.2015067701261497,-0.1797235641595814,-0.4058887016777138,-1.173468000561296,0,1,0,,,,True,,,,True,train,6.781376,0.8075733,0.6168350168350168,0.15963703,0.21548821548821548,0.105959,34.29508566327067
OrtoKy00,kyle-orton-1,00-0023541,Kyle Orton,QB,2005,4,106,CHI,purdue,76.0,233.0,5.06,26.5,,,7.38,4.52,,,,,,,,,,,,40.0,10.0,87.0,0,0,5,False,skill_pass,False,True,False,True,35.91,0,0,True,71.08596269848839,,5.949999999999999,28.35855263157895,0.7677734733284143,0.521309328443078,2.2945073881449165,-2.18174928090225,,,1.5272531536163292,1.6222594136436397,-2.1383585556991367,,1.7527891931494342,0.132620572573282,1,0,0,,,,True,,,,True,train,20.936516,11.08206,0.9367003367003367,0.2782469,0.7272727272727273,0.32713306,64.12106716758275
PerrTa00,tab-perry-1,00-0023623,Tab Perry,WR,2005,6,190,CIN,ucla,74.0,229.0,4.46,34.0,116.0,,7.0,,,,,,,,,,,,,1.0,1.0,20.0,0,0,0,False,skill_pass,False,True,False,True,7.76,0,1,True,115.75134421348604,75.0,,29.39864864864865,-0.0280743877369711,0.363231497819923,-0.7871081788864059,-0.0972066511293089,-0.2607566161589643,,-0.1178630806781384,,1.472698970314948,-0.2289865433270768,,0.6389641526873231,0,1,0,,,,True,,,,True,train,7.74801,1.1782713,0.6653198653198653,0.16622801,0.3151515151515151,0.12106266,38.66163853889564
BrowJo02,,00-0031051,John Brown,WR,2014,3,91,ARI,pittsburg st.,70.0,179.0,4.34,36.5,119.0,,6.91,4.12,,,,,,,,,,,,36.0,19.0,103.0,0,0,5,False,skill_pass,False,True,False,True,43.1,0,0,True,100.9076538155966,77.75,5.515000000000001,25.681020408163267,-1.619770109867742,-1.6127413849695147,-1.4034312922926713,0.597640892128338,0.1525180207722253,,-0.5074958730110382,-0.8379504882869291,0.2726326525757048,0.3129062275153723,-0.7183289232974318,-1.1708660571463576,0,1,0,,,,True,,,,True,train,14.077903,-3.5866709,0.12053872053872054,0.21482131,0.6148148148148148,0.21996722,25.81361554542977
AndeDe00,derek-anderson-1,00-0023645,Derek Anderson,QB,2005,6,213,BAL,oregon st.,78.0,242.0,5.03,29.0,103.0,,7.67,4.62,,,,,,,,,,,,23.0,,78.0,1,0,3,False,skill_pass,False,True,False,True,3.64,0,1,True,75.60898733845758,66.0,6.145,27.96285338593031,1.5636213343937997,0.8769844473451768,2.1404266097933538,-1.486901737644603,-2.051613376194119,,2.782736595577897,2.237311889126285,-1.772686045748143,-2.0024537933569104,2.860531797073896,-0.0600152700815511,1,0,0,,,,True,,,,True,train,11.02736,4.457621,0.8531986531986532,0.19021218,0.5407407407407407,0.1723025,52.19305465954924
McCoLe00,,00-0023658,LeRon McCoy,WR,2005,7,226,ARI,indiana (pa),73.0,211.0,4.4,37.0,120.0,,7.19,4.21,,,,,,,,,,,,1.0,1.0,10.0,0,0,0,False,skill_pass,False,True,False,True,1.99,0,1,True,112.59049928283584,78.5,5.7,27.835053480953277,-0.4259983182696639,-0.3481187399842746,-1.0952697355895364,0.7366104007798674,0.2902762330826218,,0.7046950364690973,-0.2844032603525513,1.217154463848451,0.4606951650178584,0.3326063676052592,-0.1222313158718406,0,1,0,,,,True,,,,True,train,9.401343,3.4275408,0.8222222222222222,0.17800352,0.4484848484848485,0.14689599,48.35657601231578
WhalJa00,james-whalen-1,00-0019569,James Whalen,TE,2000,5,157,TAM,kentucky,74.0,228.0,4.78,31.0,110.0,,7.42,4.22,,,,,,,,,,,,1.0,,26.0,0,0,0,False,skill_pass,False,True,False,True,16.37,0,1,True,87.34805848517425,70.5,5.82,29.27027027027027,-0.0280743877369711,0.3237120401641342,0.856420123530302,-0.9310237030384854,-1.0873058900213437,,1.7004232835420627,-0.2228980128042883,-0.8236185627236841,-1.1157201683419935,1.0142941238664662,0.5764664922304739,0,0,1,,,,True,,,,True,train,9.468538,1.0245991,0.6484848484848484,0.17849563,0.45521885521885525,0.14794591,41.57260175829484
FitzRy00,,00-0023682,Ryan Fitzpatrick,QB,2005,7,250,STL,harvard,74.0,232.0,4.86,30.5,105.0,,7.09,4.07,,,,,,,,,,,,78.0,1.0,166.0,0,0,10,False,skill_pass,False,True,False,True,0.25,0,1,True,83.17118773298078,67.75,5.58,29.783783783783782,-0.0280743877369711,0.4817898707872892,1.2673021991344788,-1.0699932116900148,-1.776096951573326,,0.2717697116547612,-1.1454767260282497,-1.161305604752684,-1.6576129391844427,-0.3490813886559478,0.826457134057869,1,0,0,,,,True,,,,True,train,18.41249,12.438688,0.9407407407407408,0.25362423,0.6801346801346801,0.28769517,62.058711233765194
HurdJa00,jalen-hurd-1,00-0034971,Jalen Hurd,WR,2019,3,67,SFO,baylor,77.0,226.0,,,,23.0,,,,,,,,19027712248.0,8991288451209.0,51233.0,35221069.0,22119081946.0,2224.0,,,,0,0,0,False,skill_pass,True,True,False,False,55.96,0,0,True,,,,26.796761679878564,1.165697403861107,0.2446731248525567,,,,1.015864692053984,,,,,,-0.6276965605522201,0,1,0,0.0024540199546771,628.0071154569442,6.314402325494436e-05,False,,,,True,train,18.416843,0.75226974,0.6107744107744107,0.25366545,0.6808080808080809,0.28776318,48.87571055881102
OwenJo00,john-owens-1,00-0021255,John Owens,TE,2002,5,138,DET,notre dame,75.0,265.0,4.77,38.5,117.0,21.0,,,,,,,,,,,,,,0.0,0.0,76.0,0,0,1,False,skill_pass,False,True,False,True,22.76,0,1,True,102.37698924338387,77.75,,33.11911111111111,0.3698495427957216,1.785931973428318,0.8050598640797764,1.1535189267344557,-0.1229984038485677,0.6317106463207024,,,0.3914238634594373,0.3129062275153723,,2.4501741294647856,0,0,1,,,,True,,,,True,train,5.3640337,-3.0799055,0.14006734006734006,0.15035768,0.046464646464646465,0.08381303,11.21540063358718
CutlJa00,jay-cutler-1,00-0024226,Jay Cutler,QB,2006,1,11,DEN,vanderbilt,75.0,226.0,4.77,,,23.0,7.1,4.26,,,,,,,,,,,,86.0,28.0,153.0,1,0,10,False,skill_pass,False,True,False,True,92.51,1,0,True,87.31018705284815,,5.68,28.244977777777777,0.3698495427957216,0.2446731248525567,0.8050598640797764,,,1.015864692053984,0.3150622441361937,0.023122977388769,-0.8266803505352619,,0.2189917415617222,0.0773296214102989,1,0,0,,,,True,,,,True,train,48.92246,12.598965,0.9427609427609428,0.6097171,0.9569023569023569,0.7644134,84.33109429930197
HagaDe00,derek-hagan-1,00-0024297,Derek Hagan,WR,2006,3,82,MIA,arizona st.,74.0,208.0,4.45,36.0,124.0,,,4.07,,,,,,,,,,,,12.0,5.0,99.0,0,0,0,False,skill_pass,False,True,False,True,47.73,0,0,True,106.08483047330104,80.0,,26.7027027027027,-0.0280743877369711,-0.4666771129516409,-0.8384684383369269,0.4586713834768086,0.8413090823242079,,,-1.1454767260282497,0.6911913237253234,0.7562730400228306,,-0.6734867169065054,0,1,0,,,,True,,,,True,train,18.429071,0.76449776,0.6127946127946128,0.2537812,0.6814814814814815,0.28795424,48.976123323795775
PhilMa20,,00-0019488,Mareno Philyaw,WR,2000,6,172,ATL,troy,74.0,205.0,4.66,39.5,129.0,,6.93,4.13,,,,,,,,,,,,0.0,0.0,1.0,0,0,0,False,skill_pass,False,True,False,True,12.06,0,1,True,86.94411475679095,84.25,5.529999999999999,26.31756756756757,-0.0280743877369711,-0.5852354859190071,0.2400970101240364,1.4314579440375144,1.5301001438761903,,-0.4209108080481732,-0.776445240738666,-0.8562761599721236,1.593743685870252,-0.6331179537647879,-0.8609796982770515,0,1,0,,,,True,,,,True,train,9.139259,2.5695205,0.7804713804713804,0.1760942,0.43232323232323233,0.14280093,46.24322267857565
AvanJa00,jason-avant-1,00-0024324,Jason Avant,WR,2006,4,109,PHI,michigan,72.0,212.0,4.62,37.0,118.0,20.0,,,,,,,,,,,,,,29.0,25.0,148.0,0,0,3,False,skill_pass,False,True,False,True,34.55,0,0,True,93.06747994495284,77.5,,28.749228395061728,-0.8239222488023566,-0.3085992823284858,0.0346559723219479,0.7366104007798674,0.0147598084618287,0.4396336234540616,,,-0.361221081581716,0.2636432483478769,,0.3228108641417194,0,1,0,,,,True,,,,True,train,10.257948,0.40349197,0.5582491582491582,0.18435702,0.5050505050505051,0.16028044,39.32372572561506
SmelBr00,brad-smelley-1,00-0029315,Brad Smelley,TE,2012,7,247,CLE,alabama,,,,,,,,,,,,,,1.0,1.0,0.0,77634.0,985055356.0,4.0,0.0,0.0,4.0,0,0,0,False,skill_pass,False,True,True,False,0.37,0,1,True,,,,,,,,,,,,,,,,,0,0,1,0.9999999989848286,12688.45294587423,5.152381688435479e-05,False,,,,True,train,4.352959,-1.6208434,0.21346801346801347,0.14401294,0.012121212121212121,0.06801499,13.021703356983588
HassMi00,mike-hass-1,00-0024385,Mike Hass,WR,2006,6,171,NOR,oregon st.,73.0,208.0,4.59,32.0,116.0,,6.97,4.14,,,,,,,,,,,,0.0,,2.0,0,0,0,False,skill_pass,False,True,False,True,12.33,0,1,True,93.72222459430697,74.0,5.555,27.439294426721712,-0.4259983182696639,-0.4666771129516409,-0.1194248060296195,-0.6530846857354266,-0.2607566161589643,,-0.2477406781224396,-0.7149399931904031,-0.3082870079552825,-0.4260384599970583,-0.4910996712103678,-0.3148962747731561,0,1,0,,,,True,,,,True,train,8.294811,1.7250724,0.7151515151515152,0.1700519,0.35622895622895623,0.12960643,41.72380629653482
FumaTr00,troy-fumagalli-2,00-0034393,Troy Fumagalli,TE,2018,5,156,DEN,wisconsin,77.0,247.0,,,,14.0,,,,,,,,,,,14284746.0,187313580547.0,124.0,1.0,1.0,19.0,0,0,0,False,skill_pass,False,True,False,False,16.68,0,1,True,,,,29.28672626075224,1.165697403861107,1.0745817356241203,,,,-0.712828513745783,,,,,,0.5844776613900636,0,0,1,1.0,13112.839426546332,8.680588370279738e-06,False,,,,True,train,7.813486,-0.6304531,0.3333333333333333,0.16668224,0.31986531986531985,0.12208571,25.50599900359658
AromDe00,devin-aromashodu-1,00-0024447,Devin Aromashodu,WR,2006,7,233,MIA,auburn,74.0,201.0,4.35,39.0,120.0,,7.04,4.16,,,,,,,,,,,,10.0,,61.0,0,0,0,False,skill_pass,False,True,False,True,1.31,0,1,True,112.27137079521071,79.5,5.6,25.804054054054053,-0.0280743877369711,-0.7433133165421622,-1.3520710328421504,1.292488435385985,0.2902762330826218,,0.0553070492475951,-0.5919294980938716,1.1913539156852797,0.6577470816878399,-0.2354667626124158,-1.1109703401044484,0,1,0,,,,True,,,,True,train,8.777725,2.8039227,0.7932659932659932,0.1734869,0.3993265993265993,0.13715196,45.929948802774
MoorJM00,jmon-moore-2,00-0034268,J'Mon Moore,WR,2018,4,133,GNB,missouri,,,,,,,,,,,,,,0.0,0.0,1.0,2296265.0,3335010121082.0,3810.0,0.0,0.0,12.0,0,0,0,False,skill_pass,False,True,True,False,24.62,0,0,True,,,,,,,,,,,,,,,,,0,1,0,1.0,1452362.911546359,0.0016592161618976,False,,,,True,train,5.7741575,-4.0802984,0.10707070707070707,0.1529962,0.07138047138047138,0.09022121,10.574785995337898
SmitTr03,trequan-smith-1,00-0034765,Tre'Quan Smith,WR,2018,3,91,NOR,central florida,,,,,,,,,,,,,,5.0,23.0,1.0,525759.0,7248531171.0,4513.0,15.0,15.0,67.0,0,0,3,False,skill_pass,False,True,True,False,43.1,0,0,True,,,,,,,,,,,,,,,,,0,1,0,0.9999999968269434,13786.79427456306,0.0085837807816889,False,,,,True,train,14.480329,-3.184245,0.13468013468013468,0.21823467,0.6235690235690236,0.22625513,26.74838207090142
JoneJa03,,00-0025460,Jacoby Jones,WR,2007,3,73,HOU,lane,75.0,210.0,4.5,34.0,129.0,,7.03,4.31,,,,,,,,,,,,30.0,18.0,128.0,1,1,2,False,skill_pass,False,True,False,True,52.59,0,0,True,102.42341106538638,81.5,5.67,26.24533333333333,0.3698495427957216,-0.3876381976400633,-0.5816671410843175,-0.0972066511293089,1.5301001438761903,,0.0120145167661627,0.3306492151300895,0.3951769237496999,1.0518509150278028,0.1621844285399561,-0.8961450485607715,0,1,0,,,,True,,,,True,train,19.414,1.7494259,0.7164983164983165,0.2632198,0.7003367003367004,0.30334374,53.99793767432372
FiguYa00,yamon-figurs-1,00-0025461,Yamon Figurs,WR,2007,3,74,BAL,kansas st.,71.0,174.0,4.3,,123.0,,6.85,4.21,,,,,,,,,,,,2.0,2.0,34.0,0,0,0,False,skill_pass,False,True,False,True,52.04,0,0,True,101.79007201647596,,5.529999999999999,24.26542352707796,-1.2218461793350492,-1.8103386732484583,-1.6088723300947598,,0.7035508700138113,,-0.7672510678996406,-0.2844032603525513,0.3439734265105993,,-0.6331179537647879,-1.8600124253695625,0,1,0,,,,True,,,,True,train,18.503391,0.8388176,0.6222222222222222,0.25448558,0.6828282828282828,0.2891155,49.41747623546557
EdwaTr01,trent-edwards-1,00-0025479,Trent Edwards,QB,2007,3,92,BUF,stanford,76.0,231.0,4.76,,,19.0,7.14,4.46,,,,,,,,,,,,16.0,15.0,38.0,0,0,2,False,skill_pass,False,True,False,True,42.6,0,0,True,89.99412623064406,,5.8,28.11513157894737,0.7677734733284143,0.4422704131315005,0.7536996046292553,,,0.2475566005874208,0.4882323740619274,1.2532279283540562,-0.6096921946389633,,0.9006794978229292,0.0141173909037167,1,0,0,,,,True,,,,True,train,12.107704,-5.5568695,0.0771043771043771,0.19867206,0.5760942760942761,0.18918288,22.363159578858
BossKe00,,00-0025540,Kevin Boss,TE,2007,5,153,NYG,western oregon,78.0,252.0,4.78,35.0,116.0,,6.96,4.41,,,,,,,,,,,,17.0,14.0,74.0,0,0,4,False,skill_pass,False,True,False,True,17.63,0,1,True,96.54259095729786,75.5,5.6850000000000005,29.118343195266277,1.5636213343937997,1.2721790239030644,0.856420123530302,0.1807323661737498,-0.2607566161589643,,-0.2910332106038721,0.9457016906127356,-0.0802691373864267,-0.1304605849920861,0.2473953980726102,0.5025047638791741,0,0,1,,,,True,,,,True,train,7.954707,-0.48923206,0.38047138047138046,0.16766533,0.33400673400673403,0.1242923,27.73814253313373
ClowDa00,david-clowney-1,00-0025544,David Clowney,WR,2007,5,157,GNB,virginia tech,72.0,188.0,4.36,32.5,123.0,,7.0,4.15,,,,,,,,,,,,3.0,,28.0,0,0,0,False,skill_pass,False,True,False,True,16.37,0,1,True,104.04995287520072,77.75,5.575,25.494598765432094,-0.8239222488023566,-1.257066266067416,-1.3007107733916248,-0.5141151770838972,0.7035508700138113,,-0.1178630806781384,-0.6534347456421347,0.5266777829046686,0.3129062275153723,-0.3774850451668308,-1.2616205648476548,0,1,0,,,,True,,,,True,train,8.766627,0.3226881,0.5488215488215489,0.17340733,0.397979797979798,0.13697855,36.120175495041345
RobiKo00,koren-robinson-1,00-0020490,Koren Robinson,WR,2001,1,9,SEA,north carolina st.,73.0,211.0,4.61,,,,,,,,,,,,,,940.0,157539.0,15.0,35.0,30.0,96.0,1,0,4,False,skill_pass,False,True,False,False,93.99,1,0,True,93.43481916753878,,,27.835053480953277,-0.4259983182696639,-0.3481187399842746,-0.0167042871285729,,,,,,-0.3315228450655067,,,-0.1222313158718406,0,1,0,1.0,167.59468085106383,0.0159574468085106,False,,,,True,train,38.92598,2.6024857,0.7824915824915825,0.48657796,0.9373737373737374,0.60821843,71.94306598297675
ChilGr00,greg-childs-1,00-0029573,Greg Childs,WR,2012,4,134,MIN,arkansas,75.0,219.0,4.52,36.5,125.0,19.0,,,,,,,,,,,18484621.0,273894659240.0,2760.0,,,,0,0,0,False,skill_pass,True,True,False,False,24.24,0,0,True,104.93500106389337,80.75,,27.37013333333333,0.3698495427957216,-0.0319630787379645,-0.4789466221832755,0.597640892128338,0.9790672946346044,0.2475566005874208,,,0.5982311831950164,0.9040619775253168,,-0.3485655467020452,0,1,0,1.0,14817.434408852634,0.0001493133129426,False,,,,True,train,9.597889,-0.256567,0.4148148148148148,0.17944597,0.4626262626262626,0.14996701,32.43337755697945
NaanLe00,legedu-naanee-1,00-0025559,Legedu Naanee,WR,2007,5,172,SDG,boise st.,74.0,225.0,4.41,40.0,119.0,19.0,,,,,,,,,,,,,,13.0,8.0,73.0,0,0,2,False,skill_pass,False,True,False,True,12.06,0,1,True,118.97566910660515,79.5,,28.885135135135137,-0.0280743877369711,0.2051536671967679,-1.0439094761390153,1.5704274526890438,0.1525180207722253,0.2475566005874208,,,1.7333756348073988,0.6577470816878399,,0.3889735108599279,0,1,0,,,,True,,,,True,train,10.951489,2.5075502,0.7757575757575758,0.18962856,0.5346801346801346,0.17111702,48.93881737849728
JoppBe00,bennie-joppru-1,00-0022082,Bennie Joppru,TE,2003,2,41,HOU,michigan,76.0,272.0,4.78,30.5,109.0,19.0,,,,,,,,,,,,,,0.0,0.0,19.0,0,0,0,False,skill_pass,False,True,False,True,71.8,0,0,True,104.2047013507342,69.75,,33.10526315789474,0.7677734733284143,2.0625681770188398,0.856420123530302,-1.0699932116900148,-1.22506410233174,0.2475566005874208,,,0.5391887170612871,-1.2635091058444796,,2.443432615129808,0,0,1,,,,True,,,,True,train,12.345737,-11.197456,0.006060606060606061,0.20057362,0.5831649831649832,0.19290215,19.77523947374187
BlanRo01,rob-blanchflower-1,00-0031194,Rob Blanchflower,TE,2014,7,230,PIT,massachusetts,76.0,256.0,4.82,,,,,,,,,,,1.0,3.0,0.0,14327.0,12464313.0,23.0,,,,0,0,0,False,skill_pass,True,True,False,False,1.59,0,1,True,94.85971336463923,,,31.157894736842103,0.7677734733284143,1.430256854526219,1.0618611613323905,,,,,,-0.2163245698087355,,,1.4954071617732838,0,0,1,0.9999997593129056,869.9876457039156,0.0016053605081314,False,,,,True,train,4.68603,-1.2877727,0.2356902356902357,0.14607808,0.020202020202020204,0.07321922,14.217595870760254
KaayBr00,brad-kaaya-1,00-0033585,Brad Kaaya,QB,2017,6,215,DET,miami,76.0,214.0,,,,,,,221239261.0,378390421.0,319832423532.0,261627.0,1257.0,273037.0,,121.0,,,,,,,0,0,0,False,skill_pass,True,True,False,False,3.36,0,1,True,,,,26.04605263157895,0.7677734733284143,-0.2295603670169083,,,,,,,,,,-0.993159653287589,1,0,0,,,,True,0.5846851524817009,845.2445035124184,208.13603818615752,False,train,7.1787343,0.60899544,0.5892255892255892,0.16232042,0.24713804713804713,0.11216773,34.00154757050654
PalmJo20,jordan-palmer-1,00-0025592,Jordan Palmer,QB,2007,6,205,WAS,texas-el paso,78.0,231.0,4.98,30.5,104.0,,7.32,4.58,,,,,,,,,,,,0.0,,5.0,0,0,0,False,skill_pass,False,True,False,True,4.9,0,1,True,75.11464248418761,67.25,5.95,26.691814595660748,1.5636213343937997,0.4422704131315005,1.8836253125407445,-1.0699932116900148,-1.913855163883723,,1.2674979587277306,1.9912908989332283,-1.8126522935648888,-1.7561388975194334,1.7527891931494393,-0.6787873074383488,1,0,0,,,,True,,,,True,train,8.371827,1.8020883,0.7212121212121212,0.17059606,0.3622895622895623,0.1308098,42.12239352001586
HarrCl20,clark-harris-1,00-0025630,Clark Harris,TE,2007,7,243,GNB,rutgers,77.0,261.0,4.8,32.0,112.0,21.0,,4.4,,,,,,,,,,,,11.0,,206.0,1,0,0,False,skill_pass,False,True,False,True,0.58,0,1,True,98.3344184027778,72.0,,30.94670264800135,1.165697403861107,1.6278541428051632,0.959140642431344,-0.6530846857354266,-0.8117894654005504,0.6317106463207024,,0.8841964430644728,0.0645945526314512,-0.8201422933370213,,1.3925938093515855,0,0,1,,,,True,,,,True,train,4.9956713,-0.9781313,0.27946127946127947,0.14801991,0.030976430976430977,0.07805736,16.319525286367146
JeffAl00,alshon-jeffery-1,00-0029137,Alshon Jeffery,WR,2012,2,45,CHI,south carolina,75.0,216.0,4.48,,,,,,,,,,,,,,468849.0,7631517762.0,698.0,48.0,33.0,109.0,1,0,8,False,skill_pass,False,True,False,False,69.23,0,0,True,107.24367573081524,,,26.9952,0.3698495427957216,-0.1505214517053308,-0.6843876599853594,,,,,,0.7848803676043558,,,-0.5310920473216201,0,1,0,1.0,16277.133495005855,0.0014887522421931,False,,,,True,train,28.534449,4.991255,0.8632996632996633,0.36048087,0.8531986531986532,0.44585076,67.72259228638929
SimpJe00,,00-0026186,Jerome Simpson,WR,2008,2,46,CIN,coastal carolina,74.0,199.0,4.42,37.5,136.0,,7.08,4.52,,,,,,,,,,,,18.0,9.0,63.0,0,0,3,False,skill_pass,False,True,False,True,68.6,0,0,True,104.2783125389264,86.75,5.8,25.5472972972973,-0.0280743877369711,-0.8223522318537396,-0.9925492166884944,0.8755799094313969,2.494407630048966,,0.2284771791733288,1.6222594136436397,0.5451399532559447,2.0863734775452056,0.9006794978229292,-1.235965661018145,0,1,0,,,,True,,,,True,train,19.632551,-3.9106426,0.11313131313131314,0.26534456,0.7043771043771043,0.3067586,30.054858361631133
BrohBr00,brian-brohm-1,00-0026196,Brian Brohm,QB,2008,2,56,GNB,louisville,75.0,230.0,4.81,30.0,115.0,,7.13,4.55,,,,,,,,,,,,0.0,,3.0,0,0,0,False,skill_pass,False,True,False,True,62.42,0,0,True,85.93647315094961,72.5,5.84,28.744888888888887,0.3698495427957216,0.4027509554757117,1.010500901881865,-1.208962720341544,-0.3985148284693608,,0.4449398415804949,1.806775156288434,-0.9377408577062406,-0.7216163350020306,1.1279087499099982,0.3206982889030665,1,0,0,,,,True,,,,True,train,18.785555,-4.757639,0.09427609427609428,0.25717145,0.6888888888888889,0.2935243,28.562736566068747
JackDe01,,00-0026198,Dexter Jackson,WR,2008,2,58,TAM,appalachian st.,69.0,182.0,4.33,29.5,122.0,,6.81,4.38,,,,,,,,,,,,0.0,0.0,7.0,0,0,0,False,skill_pass,False,True,False,True,61.22,0,0,True,103.54992727951608,75.75,5.595,26.87376601554295,-2.0176940404004347,-1.4941830120021484,-1.4547915517431924,-1.3479322289930735,0.5657926577034149,,-0.940421197825374,0.7611859479679413,0.4862522647684262,-0.0811976058245907,-0.2638704191232988,-0.5902090109753464,0,1,0,,,,True,,,,True,train,21.723108,-1.8200855,0.20134680134680136,0.28621376,0.7400673400673401,0.33942357,35.367965308504075
ChamCh00,chris-chambers-1,00-0020446,Chris Chambers,WR,2001,2,52,MIA,wisconsin,72.0,210.0,4.33,45.0,134.0,,,4.0,,,,,,,,,,,,58.0,41.0,153.0,1,0,8,False,skill_pass,False,True,False,True,64.86,0,0,True,119.48068532251854,89.5,,28.47800925925926,-0.8239222488023566,-0.3876381976400633,-1.4547915517431924,2.9601225392043378,2.2188912054281733,,,-1.5760134588661012,1.77420462910628,2.628266248387655,,0.1907749117259386,0,1,0,,,,True,,,,True,train,23.446703,-0.09649086,0.43905723905723903,0.30413905,0.7757575757575758,0.36635473,46.48731678327928
HollMa00,mack-hollins-1,00-0033555,Mack Hollins,WR,2017,4,118,PHI,north carolina,76.0,221.0,4.53,,,,,,,,,,,,,,353016.0,613745309.0,884.0,21.0,3.0,127.0,0,0,2,False,skill_pass,False,True,False,False,30.63,0,0,True,104.96136290292812,,,26.898026315789476,0.7677734733284143,0.0470758365736129,-0.4275863627327499,,,,,,0.6003624560962462,,,-0.5783985174441114,0,1,0,1.0,1738.576463956308,0.0025041357898792,False,,,,True,train,10.783292,0.92883587,0.6370370370370371,0.18833958,0.52996632996633,0.16848893,43.21737837053911
JohnJo05,,00-0026300,Josh Johnson,QB,2008,5,160,TAM,san diego,75.0,213.0,4.53,33.5,110.0,,7.56,4.42,,,,,,,,,,,,9.0,3.0,50.0,0,0,0,False,skill_pass,False,True,False,True,15.46,0,1,True,101.16185655350084,71.75,5.99,26.620266666666662,0.3698495427957216,-0.2690798246726971,-0.4275863627327499,-0.2361761597808383,-1.0873058900213437,,2.3065187382821284,1.0072069381609987,0.293184155299002,-0.8694052725045167,1.980018445236508,-0.7136185479411966,1,0,0,,,,True,,,,True,train,9.173578,0.72963905,0.6087542087542087,0.17634329,0.43367003367003365,0.14333716,39.417178405781186
MoorKe00,kenneth-moore-1,00-0026276,Kenny Moore,WR,2008,5,136,DET,wake forest,71.0,195.0,4.47,28.0,120.0,,7.09,4.3,,,,,,,,,,,,1.0,,14.0,0,0,0,False,skill_pass,False,True,False,True,23.5,0,1,True,97.6864921074022,74.0,5.695,27.194009125173576,-1.2218461793350492,-0.9804300624768948,-0.7357479194358849,-1.7648407549476617,0.2902762330826218,,0.2717697116547612,0.2691439675818265,0.0122117217709825,-0.4260384599970583,0.3042027110943762,-0.4343070173362753,0,1,0,,,,True,,,,True,train,8.716911,0.2729721,0.5434343434343434,0.1730513,0.3925925925925926,0.13620174,35.77428651500731
AusbDa00,david-ausberry-1,00-0028179,David Ausberry,WR,2011,7,241,OAK,southern california,,,,,,,,,,,,,,2.0,14.0,0.0,2661220.0,24085123252.0,2104.0,1.0,1.0,34.0,0,0,0,False,skill_pass,False,True,True,False,0.71,0,1,True,,,,,,,,,,,,,,,,,0,1,0,0.9999999994187284,9050.40667513396,0.0007906148307918,False,,,,True,train,5.1174006,-0.8564019,0.29764309764309765,0.14878911,0.035016835016835016,0.079959385,17.181030575750455
RoseSa00,sage-rosenfels-1,00-0020480,Sage Rosenfels,QB,2001,4,109,WAS,iowa st.,76.0,228.0,4.74,34.0,107.0,,7.07,4.29,,,,,,,,,,,,13.0,,44.0,0,0,0,False,skill_pass,False,True,False,True,34.55,0,0,True,90.33404881798624,70.5,5.68,27.75,0.7677734733284143,0.3237120401641342,0.6509790857282134,-0.0972066511293089,-1.500580526952533,,0.1851846466918963,0.2076387200335635,-0.5822105080250927,-1.1157201683419935,0.2189917415617222,-0.163637381600632,1,0,0,,,,True,,,,True,train,10.372347,0.51789093,0.5791245791245792,0.18521865,0.5097643097643098,0.16206792,40.30600085111981
RobiBr00,brian-robiskie-1,00-0027012,Brian Robiskie,WR,2009,2,36,CLE,ohio st.,75.0,209.0,4.46,37.5,,,6.72,4.19,,,,,,,,,,,,3.0,3.0,38.0,0,0,1,False,skill_pass,False,True,False,True,75.07,0,0,True,105.64205650925145,,5.455,26.120355555555555,0.3698495427957216,-0.4271576552958521,-0.7871081788864059,0.8755799094313969,,,-1.330053990158274,-0.4074137554490772,0.6553944223898326,,-1.0591728014280375,-0.9569872154339644,0,1,0,,,,True,,,,True,train,26.954975,3.4117813,0.8208754208754209,0.34248242,0.8276094276094276,0.4211715,64.66028391823222
BardRa00,,00-0026902,Ramses Barden,WR,2009,3,85,NYG,cal poly-san luis obispo,78.0,229.0,4.51,33.5,118.0,17.0,,4.26,,,,,,,,,,,,5.0,5.0,29.0,0,0,0,False,skill_pass,False,True,False,True,46.16,0,0,True,110.70297967775846,75.75,,26.46071663379356,1.5636213343937997,0.363231497819923,-0.5303068816337965,-0.2361761597808383,0.0147598084618287,-0.1365974451458606,,0.023122977388769,1.0645543596016054,-0.0811976058245907,,-0.7912913142304936,0,1,0,,,,True,,,,True,train,13.551406,-4.113168,0.1063973063973064,0.21041436,0.6053872053872054,0.2117407,24.806737859140743
CookJa02,jared-cook-2,00-0027061,Jared Cook,TE,2009,3,89,TEN,south carolina,77.0,246.0,4.49,41.0,123.0,23.0,,,,,,,,,,,,,,48.0,10.0,194.0,2,0,5,False,skill_pass,False,True,False,True,44.11,0,0,True,121.05416565391928,82.0,,29.16815651880587,1.165697403861107,1.0350622779683318,-0.6330274005348384,1.8483664699921023,0.7035508700138113,1.015864692053984,,,1.901415632348956,1.1503768733627937,,0.5267550793928115,0,0,1,,,,True,,,,True,train,19.596596,1.9320221,0.7326599326599327,0.26499423,0.703030303030303,0.3061968,54.79082436924831
IgleJu00,juaquin-iglesias-1,00-0026904,Juaquin Iglesias,WR,2009,3,99,CHI,oklahoma,73.0,210.0,4.44,34.5,116.0,,,4.4,,,,,,,,,,,,0.0,0.0,1.0,0,0,0,False,skill_pass,False,True,False,True,39.18,0,0,True,108.07305044566408,75.25,,27.70313379620942,-0.4259983182696639,-0.3876381976400633,-0.8898286977874479,0.0417628575222204,-0.2607566161589643,,,0.8841964430644728,0.8519327402553105,-0.1797235641595814,,-0.1864529688389452,0,1,0,,,,True,,,,True,train,10.059728,-7.604846,0.041750841750841754,0.18287136,0.4922558922558923,0.15718324,18.316243394757763
AikeSa00,sam-aiken-1,00-0021915,Sam Aiken,WR,2003,4,127,BUF,north carolina,74.0,209.0,4.59,39.5,121.0,,7.22,,,,,,,,,,,,,7.0,3.0,95.0,0,0,0,False,skill_pass,False,True,False,True,26.94,0,0,True,94.17281221254882,80.25,,26.83108108108108,-0.0280743877369711,-0.4271576552958521,-0.1194248060296195,1.4314579440375144,0.4280344453930183,,0.8345726339133946,,-0.2718583969193571,0.805536019190326,,-0.6109890564496563,0,1,0,,,,True,,,,True,train,9.729941,-0.12451458,0.43434343434343436,0.18042023,0.4740740740740741,0.15203033,33.50423041500326
PascBe00,bear-pascoe-1,00-0026931,Bear Pascoe,TE,2009,6,184,SFO,fresno st.,77.0,251.0,4.89,26.5,107.0,,7.65,4.55,,,,,,,,,,,,3.0,,85.0,0,0,2,False,skill_pass,False,True,False,True,9.09,0,1,True,87.79469625804312,66.75,6.1,29.76100522853769,1.165697403861107,1.2326595662472757,1.4213829774860418,-2.18174928090225,-1.500580526952533,,2.6961515306150323,1.806775156288434,-0.7875092844322014,-1.854664855854424,2.6048988884759443,0.815367989379069,0,0,1,,,,True,,,,True,train,4.704836,-1.864903,0.19865319865319866,0.1461954,0.02154882154882155,0.07351306,12.771273528887367
KnoxJo00,,00-0026913,Johnny Knox,WR,2009,5,140,CHI,abilene christian,71.0,185.0,4.34,35.0,122.0,,6.81,4.15,,,,,,,,,,,,20.0,20.0,45.0,1,0,2,False,skill_pass,False,True,False,True,22.04,0,1,True,104.29003327310262,78.5,5.48,25.799444554651856,-1.2218461793350492,-1.3756246390347822,-1.4034312922926713,0.1807323661737498,0.5657926577034149,,-0.940421197825374,-0.6534347456421347,0.5460875382517942,0.4606951650178584,-0.9171545188736178,-1.1132143544949824,0,1,0,,,,True,,,,True,train,10.278024,1.8340845,0.7252525252525253,0.184508,0.5063973063973064,0.16059412,46.04008954186432
BranTo00,tom-brandstater-1,00-0027121,Tom Brandstater,QB,2009,6,174,DEN,fresno st.,77.0,220.0,4.87,28.5,106.0,,6.93,4.37,,,,,,,,,,,,0.0,,1.0,0,0,0,False,skill_pass,False,True,False,True,11.54,0,1,True,78.22342573517057,67.25,5.65,26.08534322820037,1.165697403861107,0.0075563789178241,1.3186624585849998,-1.6258712462961322,-1.6383387392629296,,-0.4209108080481732,0.6996807004196783,-1.5613168123838077,-1.7561388975194334,0.0485698024964242,-0.9740320525357298,1,0,0,,,,True,,,,True,train,4.9036956,-1.6660433,0.21077441077441078,0.14744088,0.028282828282828285,0.07662024,13.477855477168504
BerlEd00,,00-0020485,Eddie Berlin,WR,2001,5,159,TEN,northern iowa,71.0,191.0,4.43,39.5,122.0,,6.78,4.08,,,,,,,,,,,,3.0,3.0,62.0,0,0,0,False,skill_pass,False,True,False,True,15.76,0,1,True,99.18556190310647,80.75,5.43,26.636183296964887,-1.2218461793350492,-1.1385078931000496,-0.9411889572379736,1.4314579440375144,0.5657926577034149,,-1.0702987952696714,-1.0839714784799863,0.1334068640531708,0.9040619775253168,-1.2011910839824578,-0.7058699521997586,0,1,0,,,,True,,,,True,train,9.709148,1.2652092,0.6727272727272727,0.18026654,0.4713804713804714,0.15170544,42.9761403218564
HigbTy00,tyler-higbee-1,00-0033110,Tyler Higbee,TE,2016,4,110,LAR,western kentucky,78.0,249.0,4.77,,,,,,,,,,,,,,2131538.0,92169230563.0,1148.0,31.0,31.0,138.0,0,0,8,False,skill_pass,False,True,False,False,34.1,0,0,True,96.19573706265128,,,28.77169625246548,1.5636213343937997,1.153620650935698,0.8050598640797764,,,,,,-0.1083111986922343,,,0.3337487536909553,0,0,1,1.0,43240.71659196317,0.0005385782472562,False,,,,True,train,9.863745,0.009288788,0.5050505050505051,0.18141161,0.48282828282828283,0.15412101,36.56923849308732
RudoKy00,kyle-rudolph-1,00-0027981,Kyle Rudolph,TE,2011,2,43,MIN,notre dame,78.0,259.0,4.83,,,,,,,,,,,,,,293328.0,340364328.0,233.0,36.0,35.0,165.0,2,0,10,False,skill_pass,False,True,False,False,70.51,0,0,True,95.1790217351538,,,29.927186061801446,1.5636213343937997,1.5488152274935856,1.1132214207829114,,,,,,-0.1905094786720172,,,0.8962687876516806,0,0,1,1.0,1160.3540337097038,0.0007943326242295,False,,,,True,train,19.465431,-4.0777626,0.10774410774410774,0.26371884,0.701010101010101,0.30414736,29.687290527854703
HarbCl00,,00-0027725,Clay Harbor,TE,2010,4,125,PHI,missouri state,75.0,252.0,4.62,40.0,120.0,30.0,,4.37,,,,,,,,,,,,7.0,3.0,98.0,0,0,2,False,skill_pass,False,True,False,True,27.74,0,0,True,110.62738182135904,80.0,,31.4944,0.3698495427957216,1.2721790239030644,0.0346559723219479,1.5704274526890438,0.2902762330826218,2.360403852120469,,0.6996807004196783,1.058442507445814,0.7562730400228306,,1.65922596011329,0,0,1,,,,True,,,,True,train,9.845167,-0.009288788,0.45454545454545453,0.18127371,0.4808080808080808,0.15383074,34.50006910767218
EppsDe00,dedrick-epps-1,00-0027827,Dedrick Epps,TE,2010,7,235,SDG,miami,75.0,250.0,4.7,,,19.0,,,,,,,,,,,82219.0,83304247.0,123.0,0.0,,6.0,0,0,0,False,skill_pass,False,True,False,False,1.14,0,1,True,102.46571445961322,,,31.244444444444444,0.3698495427957216,1.1931401085914868,0.4455380479261249,,,0.2475566005874208,,,0.398597021931275,,,1.5375416263669062,0,0,1,1.0,1013.1994672764204,0.0014960045731521,False,,,,True,train,5.244464,-0.72933865,0.32255892255892255,0.14959554,0.04242424242424243,0.08194475,18.38164767537655
SkelJo00,,00-0027754,John Skelton,QB,2010,5,155,ARI,fordham,77.0,243.0,4.85,33.5,108.0,,7.17,4.33,,,,,,,,,,,,4.0,4.0,20.0,0,0,1,False,skill_pass,False,True,False,True,16.99,0,1,True,87.83534568636112,70.75,5.75,28.812447292966773,1.165697403861107,0.9165039050009656,1.2159419396839533,-0.2361761597808383,-1.3628223146421363,,0.6181099715062286,0.4536597102266209,-0.7842229042631074,-1.0664571891744985,0.6166429327140942,0.3535873334010567,1,0,0,,,,True,,,,True,train,8.0084305,-0.43550873,0.38855218855218854,0.16804054,0.3387205387205387,0.12513173,28.179943754942933
KoyaBe00,ben-koyack-1,00-0032139,Ben Koyack,TE,2015,7,229,JAX,notre dame,77.0,255.0,4.79,,,,,,,,,,,,,,131030.0,539171317.0,32.0,1.0,1.0,48.0,0,0,0,False,skill_pass,False,True,False,False,1.68,0,1,True,96.87865984597896,,,30.23528419632316,1.165697403861107,1.3907373968704306,0.9077803829808228,,,,,,-0.0530990103536232,,,1.046258317368076,0,0,1,1.0,4114.869243684652,0.0002442188811722,False,,,,True,train,6.120633,0.14683056,0.5286195286195287,0.15525466,0.16026936026936026,0.09563489,29.36795966608155
TyreDa00,david-tyree-1,00-0021927,David Tyree,WR,2003,6,211,NYG,syracuse,,,,,,,,,,,,,,14.0,154.0,10.0,2581.0,4271188.0,65.0,5.0,5.0,83.0,1,0,0,False,skill_pass,False,True,True,False,3.94,0,1,True,,,,,,,,,,,,,,,,,0,1,0,0.9999639457575628,1654.8578070515305,0.0251840371948857,False,,,,True,train,6.212484,-0.35725498,0.4,0.15585794,0.16835016835016836,0.09707006,24.425563514884878
KingKl00,kliff-kingsbury-1,00-0022027,Kliff Kingsbury,QB,2003,6,201,NWE,texas tech,75.0,213.0,4.77,30.0,101.0,,6.92,4.1,,,,,,,,,,,,0.0,,1.0,0,0,0,False,skill_pass,False,True,False,True,5.6,0,1,True,82.2879196560029,65.5,5.51,26.620266666666662,0.3698495427957216,-0.2690798246726971,0.8050598640797764,-1.208962720341544,-2.3271298008149124,,-0.4642033405296057,-0.9609609833834604,-1.2327150885334954,-2.100979751691901,-0.7467325798083198,-0.7136185479411966,1,0,0,,,,True,,,,True,train,8.637551,2.0678124,0.7447811447811448,0.1724842,0.3878787878787879,0.13496174,43.69774045318566
AustTe00,terrence-austin-1,00-0027813,Terrence Austin,WR,2010,7,219,WAS,ucla,,,,,,,,,,,,,,14135.0,7249025.0,0.0,2175337.0,29248460455.0,14.0,1.0,1.0,18.0,0,0,0,False,skill_pass,False,True,True,False,2.82,0,1,True,,,,,,,,,,,,,,,,,0,1,0,0.9997522184514118,13445.484747880444,6.4357844324810365e-06,False,,,,True,train,6.1442966,0.17049408,0.5326599326599326,0.1554099,0.1622895622895623,0.096004635,29.58047922627894
MorrSy00,,00-0019726,Sylvester Morris,WR,2000,1,21,KAN,jackson st.,75.0,216.0,4.6,34.5,119.0,,7.06,4.17,,,,,,,,,,,,6.0,6.0,15.0,0,0,1,False,skill_pass,False,True,False,True,85.32,1,0,True,96.48336019382438,76.75,5.615,26.9952,0.3698495427957216,-0.1505214517053308,-0.0680645465790985,0.0417628575222204,0.1525180207722253,,0.14189211421046,-0.5304242505456087,-0.0850577608562755,0.1158543108453907,-0.1502557930797617,-0.5310920473216201,0,1,0,,,,True,,,,True,train,28.891943,-7.431551,0.04511784511784512,0.3646118,0.857912457912458,0.4514366,35.28393138227639
SowaR.00,r-jay-soward-1,00-0019604,R. Jay Soward,WR,2000,1,29,JAX,southern california,69.0,177.0,4.34,35.0,124.0,,,,,,,,,,,,,,,2.0,2.0,13.0,0,0,0,False,skill_pass,False,True,False,True,79.77,1,0,True,99.78019399642793,79.5,,26.135475740390675,-2.0176940404004347,-1.6917803002810925,-1.4034312922926713,0.1807323661737498,0.8413090823242079,,,,0.1814810240170083,0.6577470816878399,,-0.9496263483642394,0,1,0,,,,True,,,,True,train,26.309723,-10.013771,0.010101010101010102,0.3352546,0.8161616161616162,0.41108942,31.654154070399027
BurrPl00,plaxico-burress-1,00-0019642,Plaxico Burress,WR,2000,1,8,PIT,michigan st.,77.0,231.0,4.59,33.0,115.0,,,,,,,,,,,,,,,70.0,34.0,148.0,0,0,10,False,skill_pass,False,True,False,True,94.73,1,0,True,104.08573981386976,74.0,,27.38961038961039,1.165697403861107,0.4422704131315005,-0.1194248060296195,-0.3751456684323677,-0.3985148284693608,,,,0.5295710458709869,-0.4260384599970583,,-0.3390836505659626,0,1,0,,,,True,,,,True,train,41.92413,5.6006355,0.8774410774410775,0.52403307,0.9434343434343434,0.6550645,77.54828182294314
DerbA.00,aj-derby-1,00-0031609,A.J. Derby,TE,2015,6,202,NWE,arkansas,,,,,,,,,3.0,6.0,30.0,0.0,0.0,,,,,,,3.0,0.0,25.0,0,0,0,False,skill_pass,False,True,True,True,5.42,0,1,True,,,,,,,,,,,,,,,,,0,0,1,,,,True,,,,False,train,6.3478303,-0.22190857,0.41952861952861953,0.15675037,0.17643097643097644,0.09918485,25.428468524456427
LewiDe02,,00-0032070,Dezmin Lewis,WR,2015,7,234,BUF,central arkansas,,,,,,,,,,,,,,1.0,0.0,0.0,3697.0,444189105.0,110.0,0.0,0.0,2.0,0,0,0,False,skill_pass,False,True,True,False,1.23,0,1,True,,,,,,,,,,,,,,,,,0,1,0,1.0,120148.5271842034,0.0297538544766026,False,,,,True,train,6.653903,0.68010044,0.602020202020202,0.15878384,0.20942760942760943,0.103967234,33.52438198303433
OSulJ.00,,00-0021296,J.T. O'Sullivan,QB,2002,6,186,NOR,uc davis,74.0,223.0,4.88,29.0,107.0,,7.46,4.28,,,,,,,,,,,,6.0,,17.0,0,0,0,False,skill_pass,False,True,False,True,8.64,0,1,True,78.642184862588,68.0,5.87,28.62837837837838,-0.0280743877369711,0.1261147518851904,1.370022718035521,-1.486901737644603,-1.500580526952533,,1.8735934134677965,0.1461334724853005,-1.5274614360866174,-1.6083499600169473,1.2983306889753012,0.2639781899462294,1,0,0,,,,True,,,,True,train,8.362836,1.793097,0.7185185185185186,0.17053246,0.36094276094276095,0.13066931,41.983631584755706
GrahDa00,daniel-graham-1,00-0021154,Daniel Graham,TE,2002,1,21,NWE,colorado,75.0,248.0,4.64,36.0,118.0,,,,,,,,,,,,,,,19.0,13.0,148.0,0,0,7,False,skill_pass,False,True,False,True,85.32,1,0,True,107.006400214342,77.0,,30.99448888888889,0.3698495427957216,1.1141011932799092,0.1373764912229899,0.4586713834768086,0.0147598084618287,,,,0.7656973782188986,0.1651172900128861,,1.4158572926205224,0,0,1,,,,True,,,,True,train,26.926865,-9.396629,0.014141414141414142,0.34216598,0.8262626262626263,0.42073226,32.348874119195074
JohnBe00,bethel-johnson-1,00-0021993,Bethel Johnson,WR,2003,2,45,NWE,texas a&m,71.0,201.0,4.38,38.5,127.0,,,,,,,,,,,,,,,8.0,7.0,50.0,0,0,0,False,skill_pass,False,True,False,True,69.23,0,0,True,109.22690077360258,82.75,,28.03074786748661,-1.2218461793350492,-0.7433133165421622,-1.197990254490583,1.1535189267344557,1.2545837192553977,,,,0.9452179595743726,1.2981658108652798,,-0.0269626150410496,0,1,0,,,,True,,,,True,train,23.109818,-0.4333763,0.3898989898989899,0.30058596,0.7710437710437711,0.3610909,44.25037224375038
GoedDa00,,00-0034351,Dallas Goedert,TE,2018,2,49,PHI,south dakota st.,77.0,256.0,,,,23.0,,,,,,,,,,,125.0,94996.0,1.0,38.0,38.0,108.0,0,0,7,False,skill_pass,False,True,False,False,66.72,0,0,True,,,,30.353853938269523,1.165697403861107,1.430256854526219,,,,1.015864692053984,,,,,,1.1039808993653282,0,0,1,1.0,759.968,0.008,False,,,,True,train,19.629652,-3.9135418,0.11245791245791245,0.2653163,0.7037037037037037,0.3067133,30.01298320408823
ByhaNa00,nate-byham-1,00-0027780,Nate Byham,TE,2010,6,182,SFO,pittsburgh,76.0,268.0,4.97,29.0,109.0,,,,,,,,,,,,,,,0.0,0.0,29.0,0,0,0,False,skill_pass,False,True,False,True,9.56,0,1,True,87.84948801095733,69.0,,32.61842105263158,0.7677734733284143,1.9044903463956844,1.8322650530902187,-1.486901737644603,-1.22506410233174,,,,-0.7830795411945233,-1.4112980433469655,,2.206426251790677,0,0,1,,,,True,,,,True,train,2.5627635,-4.006975,0.11043771043771043,0.13332644,0.00404040404040404,0.04004318,7.965708954102965
AlliAu00,aundrae-allison-1,00-0025533,Aundrae Allison,WR,2007,5,146,MIN,east carolina,72.0,198.0,4.39,37.0,127.0,,,,,,,,,,,,,,,3.0,3.0,26.0,0,0,0,False,skill_pass,False,True,False,True,19.94,0,1,True,106.6196137697109,82.0,,26.850694444444443,-0.8239222488023566,-0.8618716895095284,-1.1466299950400618,0.7366104007798674,1.2545837192553977,,,,0.734426894133223,1.1503768733627937,,-0.6014408027687493,0,1,0,,,,True,,,,True,train,9.925237,1.4812975,0.6936026936026936,0.18186864,0.4861952861952862,0.15508182,44.207023012266816
WinsKe01,kellen-winslow-1,00-0022922,Kellen Winslow,TE,2004,1,6,CLE,miami,76.0,251.0,4.55,,120.0,24.0,,,,,,,,,,,,,,37.0,19.0,105.0,1,0,5,False,skill_pass,False,True,False,True,96.22,1,0,True,117.12729956929908,,,30.54934210526316,0.7677734733284143,1.2326595662472757,-0.3248658438317079,,0.2902762330826218,1.2079417149206249,,,1.5839406920810486,,,1.1991492075993695,0,0,1,,,,True,,,,True,train,36.818886,0.49539185,0.5764309764309764,0.46031967,0.9286195286195286,0.5752951,62.34192480422832
EvanLe00,lee-evans-1,00-0022910,Lee Evans,WR,2004,1,13,BUF,wisconsin,71.0,197.0,4.39,34.5,120.0,,,,,,,,,,,,,,,47.0,47.0,118.0,0,0,7,False,skill_pass,False,True,False,True,91.05,1,0,True,106.08113087188408,77.25,,27.47292203927792,-1.2218461793350492,-0.9013911471653172,-1.1466299950400618,0.0417628575222204,0.2902762330826218,,,,0.6908922224283701,0.2143802691803815,,-0.2985255499045328,0,1,0,,,,True,,,,True,train,33.025112,-3.2983818,0.13063973063973064,0.41368693,0.8922558922558923,0.5160174,41.664793240903606
WittJa00,jason-witten-1,00-0022127,Jason Witten,TE,2003,3,69,DAL,tennessee,78.0,264.0,4.65,31.0,,25.0,,,,,,,,,,,,,,80.0,79.0,271.0,11,2,16,False,skill_pass,False,True,False,True,54.83,0,0,True,112.9333239810424,,,30.504930966469427,1.5636213343937997,1.7464125157725294,0.1887367506735154,-0.9310237030384854,,1.4000187377872657,,,1.2448707771222258,,,1.1775288046320425,0,0,1,,,,True,,,,True,train,22.51933,4.8547554,0.8592592592592593,0.29441568,0.7569023569023569,0.35186452,62.434021494203954
ClemTo00,toney-clemons-1,00-0029204,Toney Clemons,WR,2012,7,231,PIT,colorado,,,,,,,,,,,,,,23.0,617.0,0.0,1114343.0,5101482680.0,38.0,0.0,,4.0,0,0,0,False,skill_pass,False,True,True,False,1.49,0,1,True,,,,,,,,,,,,,,,,,0,1,0,0.9999998790547838,4578.018330083287,3.410081097112828e-05,False,,,,True,train,6.643488,0.66968536,0.6,0.15871428,0.2080808080808081,0.10380449,33.411991693229986
StepSy20,syndric-steptoe-1,00-0025621,Syndric Steptoe,WR,2007,7,234,CLE,arizona,69.0,194.0,4.59,33.0,,17.0,,,,,,,,,,,,,,1.0,1.0,16.0,0,0,0,False,skill_pass,False,True,False,True,1.23,0,1,True,87.41399793892091,,,28.645662675908422,-2.0176940404004347,-1.0199495201326834,-0.1194248060296195,-0.3751456684323677,,-0.1365974451458606,,,-0.8182875624582279,,,0.2723925987579997,0,1,0,,,,True,,,,True,train,6.4760165,0.50221395,0.5784511784511784,0.15759942,0.19225589225589226,0.10118775,32.15890860773297
LosmJ.00,jp-losman-1,00-0022912,J.P. Losman,QB,2004,1,22,BUF,tulane,74.0,224.0,4.73,33.0,116.0,,,,,,,,,,,,,,,19.0,19.0,45.0,0,0,1,False,skill_pass,False,True,False,True,84.61,1,0,True,89.50214651380749,74.5,,28.75675675675676,-0.0280743877369711,0.1656342095409792,0.5996188262776925,-0.3751456684323677,-0.2607566161589643,,,,-0.6494672284317997,-0.3275125016620676,,0.3264758504030787,1,0,0,,,,True,,,,True,train,29.626564,-6.69693,0.05925925925925926,0.37316284,0.8666666666666667,0.46291503,36.42526152950746
BankMi20,mike-banks-1,00-0021103,Mike Banks,TE,2002,7,223,ARI,iowa st.,76.0,260.0,4.84,31.5,104.0,,,,,,,,,,,,,,,0.0,0.0,18.0,0,0,0,False,skill_pass,False,True,False,True,2.33,0,1,True,94.75931160510213,67.75,,31.644736842105264,0.7677734733284143,1.5883346851493745,1.1645816802334323,-0.7920541943869559,-1.913855163883723,,,,-0.2244417405818058,-1.6576129391844427,,1.7324135251124144,0,0,1,,,,True,,,,True,train,6.415255,0.4414525,0.5656565656565656,0.1571965,0.17912457912457913,0.10023836,31.3574514806973
McGoAl00,alex-mcgough-1,00-0034732,Alex McGough,QB,2018,7,220,SEA,florida international,,,,,,,,,138269167232.0,274420286355.0,1680272218912798.0,14211317.0,108118.0,97884578.0,9295117231.0,4345.0,,,,,,,0,0,0,False,skill_pass,True,True,True,False,2.69,0,1,True,,,,,,,,,,,,,,,,,1,0,0,,,,True,0.5038591318031423,6122.988359319534,131.44265524704488,False,train,5.228273,-0.74552965,0.3212121212121212,0.14949258,0.04040404040404041,0.081691764,18.280252551340094
MarsBr00,brandon-marshall-1,00-0024334,Brandon Marshall,WR,2006,4,119,DEN,central florida,76.0,229.0,4.52,37.0,120.0,,,,,,,,,,,,,,,83.0,27.0,179.0,6,1,10,False,skill_pass,False,True,False,True,30.21,0,0,True,109.72655362388848,78.5,,27.87171052631579,0.7677734733284143,0.363231497819923,-0.4789466221832755,0.7366104007798674,0.2902762330826218,,,,0.9856133424015292,0.4606951650178584,,-0.1043857907658485,0,1,0,,,,True,,,,True,train,12.225697,2.3712406,0.7703703703703704,0.19961296,0.5811447811447812,0.19102651,50.25049989276663
EdisDo00,,00-0027137,Dominique Edison,WR,2009,6,206,TEN,s.f. austin,74.0,204.0,4.42,37.0,120.0,,,4.18,,,,,,,,,,,,0.0,0.0,5.0,0,0,0,False,skill_pass,False,True,False,True,4.73,0,1,True,106.89837064291952,78.5,,26.18918918918919,-0.0280743877369711,-0.6247549435747959,-0.9925492166884944,0.7366104007798674,0.2902762330826218,,,-0.4689190029973457,0.7569635225193513,0.4606951650178584,,-0.9234773587339008,0,1,0,,,,True,,,,True,train,6.8071375,0.23739862,0.5407407407407407,0.1598099,0.21818181818181817,0.10636152,31.316694653897176
GateCl00,,00-0028049,Clyde Gates,WR,2011,4,111,MIA,abilene christian,72.0,192.0,4.31,40.0,131.0,16.0,,,,,,,,,,,,,,3.0,0.0,32.0,0,0,0,False,skill_pass,False,True,False,True,33.66,0,0,True,111.28128801759212,85.5,,26.03703703703704,-0.8239222488023566,-1.098988435444261,-1.557512070644239,1.5704274526890438,1.805616568496984,-0.3286744680125014,,,1.111308794738621,1.8400585817077288,,-0.9975486600160915,0,1,0,,,,True,,,,True,train,11.128037,1.2735815,0.6734006734006734,0.19098876,0.5427609427609428,0.17387559,45.0885329275621
DarlDe00,devard-darling-1,00-0022739,Devard Darling,WR,2004,3,82,BAL,washington st.,73.0,213.0,4.52,37.0,129.0,,,,,,,,,,,,,,,4.0,2.0,46.0,0,0,1,False,skill_pass,False,True,False,True,47.73,0,0,True,102.06006952789627,83.0,,28.098892850440983,-0.4259983182696639,-0.2690798246726971,-0.4789466221832755,0.7366104007798674,1.5301001438761903,,,,0.3658018876711085,1.347428790032775,,0.0062119900623702,0,1,0,,,,True,,,,True,train,19.216194,1.5516205,0.7023569023569024,0.26130626,0.6962962962962963,0.30025303,53.251387888584475
CollJe00,jerome-collins-1,00-0023577,Jerome Collins,TE,2005,5,144,STL,notre dame,76.0,267.0,4.71,,118.0,21.0,,,,,,,,,,,,,,0.0,0.0,3.0,0,0,0,False,skill_pass,False,True,False,True,20.63,0,1,True,108.5069680779517,,,32.49671052631579,0.7677734733284143,1.864970888739896,0.4968983073766459,,0.0147598084618287,0.6317106463207024,,,0.8870136346436475,,,2.147174660955892,0,0,1,,,,True,,,,True,train,5.378691,-3.065248,0.1420875420875421,0.15045136,0.04781144781144781,0.08404205,11.329598993037889
MorgDa01,david-morgan-1,00-0032430,David Morgan,TE,2016,6,188,MIN,texas-san antonio,76.0,262.0,,,,,,,,,,,,,,,72045.0,69255566.0,15.0,1.0,1.0,38.0,0,0,0,False,skill_pass,False,True,False,False,8.19,0,1,True,,,,31.88815789473684,0.7677734733284143,1.6673736004609518,,,,,,,,,,1.85091670678198,0,0,1,1.0,961.2820598237212,0.0002082032063293,False,,,,True,train,5.0603733,-1.5093656,0.22154882154882155,0.14842832,0.03367003367003367,0.07906833,14.085286760269994
DrewDa00,davon-drew-1,00-0026915,Davon Drew,TE,2009,5,149,BAL,east carolina,76.0,256.0,4.78,29.5,113.0,17.0,7.28,4.56,,,,,,,,,,,,,,,0,0,0,False,skill_pass,True,False,False,True,18.93,0,1,True,98.07501303598512,71.25,5.92,31.157894736842103,0.7677734733284143,1.430256854526219,0.856420123530302,-1.3479322289930735,-0.6740312530901539,-0.1365974451458606,1.094327828801997,1.868280403836697,0.0436224335031155,-0.9679312308395074,1.5823672540841365,1.4954071617732838,0,0,1,,,,True,,,,True,train,6.0895414,-2.3543978,0.16902356902356902,0.15505089,0.15622895622895622,0.095149085,14.88952143169212
EvanSh00,shaquelle-evans-1,00-0031056,Shaquelle Evans,WR,2014,4,115,NYJ,ucla,73.0,213.0,4.51,34.5,122.0,13.0,7.07,4.21,,,,,,,,,,,,,,,0,0,0,False,skill_pass,True,False,False,True,31.91,0,0,True,102.9682736740723,78.25,5.640000000000001,28.098892850440983,-0.4259983182696639,-0.2690798246726971,-0.5303068816337965,0.0417628575222204,0.5657926577034149,-0.9049055366124238,0.1851846466918963,-0.2844032603525513,0.4392273752851535,0.411432185850363,-0.0082375105253417,0.0062119900623702,0,1,0,,,,True,,,,True,train,11.930088,2.075632,0.7461279461279461,0.19726197,0.5683501683501684,0.18640763,48.8855132844412
GreeSk20,skyler-green-1,00-0024340,Skyler Green,WR,2006,4,125,DAL,louisiana state,69.0,192.0,4.53,34.0,118.0,,,,,,,,,,,,,,,0.0,0.0,11.0,0,0,0,False,skill_pass,False,True,False,True,27.74,0,0,True,91.18815238625427,76.0,,28.35034656584751,-2.0176940404004347,-1.098988435444261,-0.4275863627327499,-0.0972066511293089,0.0147598084618287,,,,-0.5131588842937641,-0.0319346266570953,,0.1286256638024414,0,1,0,,,,True,,,,True,train,8.681261,-1.1731949,0.25117845117845117,0.17279637,0.39191919191919194,0.1356447,24.05434352583456
HillTy00,,00-0033040,Tyreek Hill,WR,2016,5,165,KAN,west alabama,,,,,,,,,,,,,,102.0,534.0,1.0,31.0,281.0,1.0,98.0,61.0,145.0,8,5,8,False,skill_pass,False,True,True,False,13.99,0,1,True,,,,,,,,,,,,,,,,,0,1,0,0.3447852760736196,9.064516129032258,0.032258064516129,False,,,,True,train,22.76231,14.318371,0.9501683501683502,0.29694575,0.7663299663299663,0.3556611,66.38547052939734
ScotGa00,gari-scott-1,00-0019468,Gari Scott,WR,2000,4,99,PHI,michigan st.,72.0,194.0,4.59,33.5,119.0,,,,,,,,,,,,,,,0.0,0.0,3.0,0,0,0,False,skill_pass,False,True,False,True,39.18,0,0,True,87.41399793892091,76.25,,26.308256172839503,-0.8239222488023566,-1.0199495201326834,-0.1194248060296195,-0.2361761597808383,0.1525180207722253,,,,-0.8182875624582279,0.0173283525104,,-0.8655127076003108,0,1,0,,,,True,,,,True,train,8.981571,-0.87288475,0.296969696969697,0.17495324,0.4202020202020202,0.14033705,26.588634249086336
BulgMa00,marc-bulger-1,00-0019599,Marc Bulger,QB,2000,6,168,NOR,west virginia,74.0,208.0,4.97,,100.0,,7.46,4.34,,,,,,,,,,,,57.0,,96.0,2,0,8,False,skill_pass,False,True,False,True,13.15,0,1,True,68.18169218760868,,5.9,26.7027027027027,-0.0280743877369711,-0.4666771129516409,1.8322650530902187,,-2.4648880131253086,,1.8735934134677965,0.5151649577748839,-2.3731598163213365,,1.4687526280406042,-0.6734867169065054,1,0,0,,,,True,,,,True,train,23.704895,17.135157,0.9582491582491582,0.3068781,0.7777777777777778,0.37038898,67.43086367524434
HawkLa00,lavelle-hawkins-1,00-0026266,Lavelle Hawkins,WR,2008,4,126,TEN,california,71.0,187.0,4.57,,117.0,14.0,,,,,,,,,,,,,,7.0,7.0,56.0,0,0,0,False,skill_pass,False,True,False,True,27.34,0,0,True,85.74460458527697,,,26.0783574687562,-1.2218461793350492,-1.2965857237232046,-0.2221453249306614,,-0.1229984038485677,-0.712828513745783,,,-0.9532528359895796,,,-0.9774328870632416,0,1,0,,,,True,,,,True,train,8.914581,-0.93987465,0.2855218855218855,0.17447026,0.4134680134680135,0.13929033,25.965447709917623
CottBr00,brad-cottam-1,00-0026216,Brad Cottam,TE,2008,3,76,KAN,tennessee,79.0,270.0,4.63,33.0,,24.0,,,,,,,,,,,,,,2.0,2.0,24.0,0,0,1,False,skill_pass,False,True,False,True,50.94,0,0,True,117.50863886699015,,,30.41339528921647,1.9615452649264924,1.983529261707262,0.0860162317724689,-0.3751456684323677,,1.2079417149206249,,,1.6147707912358031,,,1.1329670509402971,0,0,1,,,,True,,,,True,train,17.287928,-0.37664604,0.3966329966329966,0.24312843,0.6632996632996633,0.27012387,39.39635948942165
BryaAn00,antonio-bryant-1,00-0021191,Antonio Bryant,WR,2002,2,63,DAL,pittsburgh,73.0,188.0,4.57,37.0,121.0,,,,,,,,,,,,,,,38.0,8.0,106.0,0,0,6,False,skill_pass,False,True,False,True,58.27,0,0,True,86.20313188252445,79.0,,24.800900731844624,-0.4259983182696639,-1.257066266067416,-0.2221453249306614,0.7366104007798674,0.4280344453930183,,,,-0.9161823265380392,0.5592211233528491,,-1.599329334115265,0,1,0,,,,True,,,,True,train,22.335867,-1.2073269,0.24646464646464647,0.29251373,0.7535353535353535,0.34899792,37.75952613067748
MartTe00,tee-martin-1,00-0019633,Tee Martin,QB,2000,5,163,PIT,tennessee,74.0,227.0,4.58,34.5,113.0,,,,,,,,,,,,,,,0.0,0.0,3.0,0,0,0,False,skill_pass,False,True,False,True,14.57,0,1,True,103.17962398269448,73.75,,29.14189189189189,-0.0280743877369711,0.2841925825083454,-0.1707850654801405,0.0417628575222204,-0.6740312530901539,,,,0.4563143920459817,-0.4753014391645537,,0.5139688317736246,1,0,0,,,,True,,,,True,train,8.430215,-0.013724327,0.4531986531986532,0.17100954,0.36835016835016837,0.13172211,31.54958260571114
GaffJa00,jabar-gaffney-1,00-0021163,Jabar Gaffney,WR,2002,2,33,HOU,florida,73.0,193.0,4.56,,,,6.87,4.06,,,,,,,,,,,,42.0,14.0,158.0,0,0,6,False,skill_pass,False,True,False,True,77.06,0,0,True,89.27460432222395,,5.465,25.46049915556389,-0.4259983182696639,-1.0594689777884725,-0.273505584381187,,,,-0.6806660029367718,-1.206981973576518,-0.6678633086965027,,-1.0023654884062718,-1.2782210692797389,0,1,0,,,,True,,,,True,train,31.18131,7.638117,0.907070707070707,0.39151835,0.8767676767676768,0.48720798,71.39270893281157
ClarDa00,dallas-clark-1,00-0022165,Dallas Clark,TE,2003,1,24,IND,iowa,75.0,257.0,4.65,37.5,123.0,,,,,,,,,,,,,,,51.0,47.0,143.0,1,1,9,False,skill_pass,False,True,False,True,83.21,1,0,True,109.93887978457538,80.25,,32.11928888888889,0.3698495427957216,1.469776312182008,0.1887367506735154,0.8755799094313969,0.7035508700138113,,,,1.0027792537743137,0.805536019190326,,1.9634367944792503,0,0,1,,,,True,,,,True,train,27.085587,-9.237907,0.01616161616161616,0.34395453,0.8296296296296296,0.4232123,32.58239400005501
MassMo00,mohamed-massaquoi-1,00-0027026,Mohamed Massaquoi,WR,2009,2,50,CLE,georgia,73.0,210.0,4.51,36.5,127.0,,,,,,,,,,,,,,,11.0,11.0,54.0,0,0,3,False,skill_pass,False,True,False,True,66.09,0,0,True,101.51801629838111,81.75,,27.70313379620942,-0.4259983182696639,-0.3876381976400633,-0.5303068816337965,0.597640892128338,1.2545837192553977,,,,0.3219785657258181,1.1011138941952985,,-0.1864529688389452,0,1,0,,,,True,,,,True,train,21.950863,-1.5923309,0.21616161616161617,0.28854585,0.7468013468013468,0.34298223,36.21305294916887
WillDe05,derrick-williams-2,00-0027056,Derrick Williams,WR,2009,3,82,DET,penn st.,71.0,194.0,4.47,33.0,,15.0,,,,,,,,,,,,,,0.0,0.0,18.0,0,0,0,False,skill_pass,False,True,False,True,47.73,0,0,True,97.18553573762064,,,27.054552668121403,-1.2218461793350492,-1.0199495201326834,-0.7357479194358849,-0.3751456684323677,,-0.5207514908791422,,,-0.0282890465633691,,,-0.5021977510521466,0,1,0,,,,True,,,,True,train,19.64718,1.9826069,0.7387205387205387,0.26548716,0.705050505050505,0.3069872,55.09931915717494
MonkMa00,marcus-monk-1,00-0026388,Marcus Monk,WR,2008,7,248,CHI,arkansas,76.0,222.0,4.56,34.5,119.0,9.0,7.08,4.3,,,,,,,,,,,,,,,0,0,0,False,skill_pass,True,False,False,True,0.33,0,1,True,102.68892310639232,76.75,5.69,27.019736842105264,0.7677734733284143,0.0865952942294017,-0.273505584381187,0.0417628575222204,0.1525180207722253,-1.6732136280789869,0.2284771791733288,0.2691439675818265,0.4166427485428879,0.1158543108453907,0.2757990545834882,-0.5191469266093279,0,1,0,,,,True,,,,True,train,7.7683244,1.7945218,0.7195286195286196,0.16636886,0.31616161616161614,0.12138007,40.8593556866401
JohnAn02,andre-johnson-1,00-0022044,Andre Johnson,WR,2003,1,3,HOU,miami,74.0,230.0,4.41,39.0,132.0,,,,,,,,,,,,,,,94.0,92.0,193.0,7,2,12,True,skill_pass,False,True,False,True,98.48,1,0,True,121.61957286452972,85.5,,29.527027027027028,-0.0280743877369711,0.4027509554757117,-1.0439094761390153,1.292488435385985,1.94337478080738,,,,1.9471270512126215,1.8400585817077288,,0.7014618131441723,0,1,0,,,,True,,,,True,train,70.00007,33.676575,0.9865319865319865,0.817575,0.9885521885521885,1.0,95.58382368388803
UrruMa00,mario-urrutia-1,00-0026386,Mario Urrutia,WR,2008,7,246,CIN,louisville,77.0,232.0,4.59,30.0,115.0,16.0,7.07,4.44,,,,,,,,,,,,,,,0,0,0,False,skill_pass,True,False,False,True,0.42,0,1,True,104.5363274321116,72.5,5.755000000000001,27.50818013155676,1.165697403861107,0.4817898707872892,-0.1194248060296195,-1.208962720341544,-0.3985148284693608,-0.3286744680125014,0.1851846466918963,1.13021743325753,0.5659996569069111,-0.7216163350020306,0.6450465892249823,-0.2813610685687104,0,1,0,,,,True,,,,True,train,6.4001136,0.42631102,0.5622895622895623,0.15709619,0.17845117845117844,0.100001775,31.20256558625084
JameCe00,cedric-james-1,00-0020484,Cedric James,WR,2001,4,131,MIN,texas christian,74.0,204.0,4.49,43.0,134.0,,,,,,,,,,,,,,,0.0,0.0,5.0,0,0,0,False,skill_pass,False,True,False,True,25.38,0,0,True,100.38638127398184,88.5,,26.18918918918919,-0.0280743877369711,-0.6247549435747959,-0.6330274005348384,2.4042445045982204,2.2188912054281733,,,,0.2304893847773444,2.431214331717673,,-0.9234773587339008,0,1,0,,,,True,,,,True,train,9.1124,-0.7420559,0.3218855218855219,0.17589943,0.428956228956229,0.14238125,27.82015928016468
HubbPa00,paul-hubbard-1,00-0026331,Paul Hubbard,WR,2008,6,191,CLE,wisconsin,75.0,221.0,4.49,29.5,126.0,15.0,,,,,,,,,,,,,,0.0,,1.0,0,0,0,False,skill_pass,False,True,False,True,7.55,0,1,True,108.75191304681366,77.75,,27.62008888888889,0.3698495427957216,0.0470758365736129,-0.6330274005348384,-1.3479322289930735,1.116825506945001,-0.5207514908791422,,,0.9068166754610928,0.3129062275153723,,-0.2268812129556597,0,1,0,,,,True,,,,True,train,7.495873,0.9261341,0.6363636363636364,0.16448809,0.2808080808080808,0.11712302,36.702929328261604
HayeWi00,windrell-hayes-1,00-0019481,Windrell Hayes,WR,2000,5,143,NYJ,southern california,71.0,204.0,4.5,,,,7.33,4.18,,,,,,,,,,,,1.0,1.0,9.0,0,0,0,False,skill_pass,False,True,False,True,20.98,0,1,True,99.49702789208962,,5.755,28.44911723864313,-1.2218461793350492,-0.6247549435747959,-0.5816671410843175,,,,1.310790491209163,-0.4689190029973457,0.1585879229732047,,0.6450465892249772,0.1767095861065623,0,1,0,,,,True,,,,True,train,8.329075,-0.11486435,0.43636363636363634,0.17029382,0.3595959595959596,0.1301418,30.655177035039728
ArceJJ00,jj-arcega-whiteside-1,00-0035246,JJ Arcega-Whiteside,WR,2019,2,57,PHI,stanford,74.0,225.0,,,,,,,,,,,,,,,244862.0,3797811040.0,5914.0,2.0,2.0,40.0,0,0,0,False,skill_pass,False,True,False,False,61.82,0,0,True,,,,28.885135135135137,-0.0280743877369711,0.2051536671967679,,,,,,,,,,0.3889735108599279,0,1,0,1.0,15510.005799184846,0.0241523797077537,False,,,,True,train,19.94541,-3.597784,0.11986531986531987,0.2684051,0.7084175084175084,0.31164703,30.564006082989554
SamxP.20,pk-sam-1,00-0022741,P.K. Sam,WR,2004,5,164,NWE,florida st.,75.0,210.0,4.54,34.5,,,7.04,,,,,,,,,,,,,0.0,0.0,2.0,0,0,0,False,skill_pass,False,True,False,True,14.28,0,1,True,98.861200283715,,,26.24533333333333,0.3698495427957216,-0.3876381976400633,-0.3762261032822289,0.0417628575222204,,,0.0553070492475951,,0.1071832334219081,,,-0.8961450485607715,0,1,0,,,,True,,,,True,train,7.3587494,-1.0851898,0.267003367003367,0.16354801,0.2609427609427609,0.11498046,21.46955934716295
AkinJo00,jordan-akins-1,00-0034364,Jordan Akins,TE,2018,3,98,HOU,central florida,75.0,249.0,,,,,,,,,,,,,,,12142332.0,135152347515.0,224.0,16.0,14.0,107.0,0,0,1,False,skill_pass,False,True,False,False,39.66,0,0,True,,,,31.119466666666668,0.3698495427957216,1.153620650935698,,,,,,,,,,1.476699459493715,0,0,1,1.0,11130.67469370793,1.844785663907065e-05,False,,,,True,train,9.433512,-8.231062,0.028956228956228958,0.17823896,0.4505050505050505,0.14739862,16.68110178488774
QuinBr00,brady-quinn-1,00-0025409,Brady Quinn,QB,2007,1,22,CLE,notre dame,76.0,232.0,4.73,,,24.0,,,,,,,,,,,,,,2.0,3.0,24.0,0,0,1,False,skill_pass,False,True,False,True,84.61,1,0,True,92.69865174644347,,,28.23684210526316,0.7677734733284143,0.4817898707872892,0.5996188262776925,,,1.2079417149206249,,,-0.3910396971819486,,,0.0733689817384985,1,0,0,,,,True,,,,True,train,38.289303,1.9658089,0.7377104377104378,0.4786293,0.935016835016835,0.59827036,69.74674731201998
HillKa20,kahlil-hill-1,00-0021097,Kahlil Hill,WR,2002,6,184,ATL,iowa,74.0,200.0,4.65,35.0,,,,,,,,,,,,,,,,0.0,0.0,1.0,0,0,0,False,skill_pass,False,True,False,True,9.09,0,1,True,85.55554847048667,,,25.67567567567568,-0.0280743877369711,-0.7828327741979508,0.1887367506735154,0.1807323661737498,,,,,-0.9685374363444044,,,-1.173468000561296,0,1,0,,,,True,,,,True,train,7.006213,0.43647432,0.5636363636363636,0.16115095,0.23232323232323232,0.10947208,32.60437986924492
NickHa01,hakeem-nicks-1,00-0027005,Hakeem Nicks,WR,2009,1,29,NYG,north carolina,73.0,212.0,4.51,36.0,,,,,,,,,,,,,,,,40.0,37.0,92.0,0,0,4,False,skill_pass,False,True,False,True,79.77,1,0,True,102.4848545488419,,,27.96697316569713,-0.4259983182696639,-0.3085992823284858,-0.5303068816337965,0.4586713834768086,,,,,0.4001444387653743,,,-0.0580096629047343,0,1,0,,,,True,,,,True,train,33.574852,-2.748642,0.15353535353535352,0.42036933,0.8976430976430977,0.52460706,42.99380403144994
HarvPe00,percy-harvin-1,00-0026998,Percy Harvin,WR,2009,1,22,MIN,florida,71.0,192.0,4.39,,,19.0,,,,,,,,,,,,,,43.0,37.0,75.0,1,0,4,False,skill_pass,False,True,False,True,84.61,1,0,True,103.38871638274996,,,26.77563975401706,-1.2218461793350492,-1.098988435444261,-1.1466299950400618,,,0.2475566005874208,,,0.4732188639041067,,,-0.6379792184838873,0,1,0,,,,True,,,,True,train,35.602924,-0.7205696,0.3239057239057239,0.44525686,0.9171717171717172,0.5562957,51.33071463738227
BannAl00,,00-0020361,Alex Bannister,WR,2001,5,140,SEA,eastern kentucky,77.0,201.0,4.47,30.5,110.0,,,,,,,,,,,,,,,1.0,1.0,59.0,1,0,0,False,skill_pass,False,True,False,True,22.04,0,1,True,100.6922303260915,70.25,,23.83251813121943,1.165697403861107,-0.7433133165421622,-0.7357479194358849,-1.0699932116900148,-1.0873058900213437,,,,0.2552163317770938,-1.164983147509489,,-2.070761110483511,0,1,0,,,,True,,,,True,train,7.6591315,-0.7848077,0.3151515151515151,0.16561301,0.30572390572390573,0.11967393,24.426277719488247
HenrMa00,marcus-henry-1,00-0026311,Marcus Henry,WR,2008,6,171,NYJ,kansas,76.0,207.0,4.55,31.5,126.0,,7.08,4.3,,,,,,,,,,,,,,,0,0,0,False,skill_pass,True,True,False,True,12.33,0,1,True,96.59502394758928,78.75,5.69,25.19407894736842,0.7677734733284143,-0.5061965706074296,-0.3248658438317079,-0.7920541943869559,1.116825506945001,,0.2284771791733288,0.2691439675818265,-0.0760300927889975,0.5099581441853538,0.2757990545834882,-1.4079207891310686,0,1,0,,,,True,,,,True,train,8.49594,1.9262013,0.7306397306397306,0.17147595,0.3723905723905724,0.13274907,42.75790111286572
BrinAl00,alex-brink-1,00-0026363,Alex Brink,QB,2008,7,223,HOU,washington st.,74.0,211.0,4.96,28.0,112.0,,7.22,4.19,,,,,,,,,,,,,,,0,0,0,False,skill_pass,True,True,False,True,2.33,0,1,True,69.72455400987093,70.0,5.705,27.08783783783784,-0.0280743877369711,-0.3481187399842746,1.7809047936396978,-1.7648407549476617,-0.8117894654005504,,0.8345726339133946,-0.4074137554490772,-2.248424224551922,-1.2142461266769844,0.3610100241161422,-0.4859937355359577,1,0,0,,,,True,,,,True,train,6.758246,0.7844434,0.6148148148148148,0.15948194,0.21346801346801347,0.10559759,34.163543684589946
ParkSa00,samie-parker-1,00-0022754,Samie Parker,WR,2004,4,105,KAN,oregon,70.0,179.0,4.39,36.0,,,,,,,,,,,,,,,,13.0,13.0,47.0,0,0,2,False,skill_pass,False,True,False,True,36.37,0,0,True,96.38843871100129,,,25.681020408163267,-1.619770109867742,-1.6127413849695147,-1.1466299950400618,0.4586713834768086,,,,,-0.0927318682589788,,,-1.1708660571463576,0,1,0,,,,True,,,,True,train,9.314939,-0.5395174,0.367003367003367,0.17737226,0.4444444444444444,0.14554591,30.0273872510552
AingEr00,erik-ainge-1,00-0026302,Erik Ainge,QB,2008,5,162,NYJ,tennessee,77.0,225.0,4.98,21.5,108.0,,7.51,4.6,,,,,,,,,,,,,,,0,0,0,False,skill_pass,True,True,False,True,14.86,0,1,True,73.16361280927366,64.75,6.055,26.6781919379322,1.165697403861107,0.2051536671967679,1.8836253125407445,-3.571444367417544,-1.3628223146421363,,2.0900560758749624,2.1143013940297544,-1.9703869899249595,-2.248768689194387,2.349265979877992,-0.6854191425494722,1,0,0,,,,True,,,,True,train,31.415115,22.971176,0.969023569023569,0.39430684,0.8781144781144781,0.49086118,74.02659338742797
EndeNa00,nathan-enderle-1,00-0028098,Nathan Enderle,QB,2011,5,160,CHI,idaho,76.0,240.0,5.12,25.5,102.0,,7.13,4.46,,,,,,,,,,,,,,,0,0,0,False,skill_pass,True,True,False,True,15.46,0,1,True,69.84919309616089,63.75,5.795,29.210526315789476,0.7677734733284143,0.7979455320335993,2.602668944848052,-2.4596882982053088,-2.189371588504516,,0.4449398415804949,1.2532279283540562,-2.2383475411045466,-2.445820605864369,0.8722758413120462,0.5473817084167597,1,0,0,,,,True,,,,True,train,27.999323,19.555384,0.9622895622895623,0.35433593,0.8430976430976431,0.43748942,71.19004243552082
LloyBr00,brandon-lloyd-1,00-0022097,Brandon Lloyd,WR,2003,4,124,SFO,illinois,72.0,184.0,4.62,36.0,,,,,,,,,,,,,,,,41.0,11.0,142.0,1,0,6,False,skill_pass,False,True,False,True,28.15,0,0,True,80.7755486314685,,,24.95216049382716,-0.8239222488023566,-1.4151440966905708,0.0346559723219479,0.4586713834768086,,,,,-1.3549855939009872,,,-1.5256924696792165,0,1,0,,,,True,,,,True,train,8.971689,-0.8827667,0.2956228956228956,0.1748819,0.41952861952861953,0.14018264,26.51677931616905
TantJa00,jay-tant-1,00-0019486,Jay Tant,TE,2000,5,164,ARI,northwestern,75.0,255.0,4.75,,,31.0,,,,,,,,,,,,,,0.0,0.0,5.0,0,0,0,False,skill_pass,False,True,False,True,14.28,0,1,True,100.18339331343375,,,31.869333333333334,0.3698495427957216,1.3907373968704306,0.7023393451787344,,,2.5524808749871104,,,0.2140784379150359,,,1.8417524607328664,0,0,1,,,,True,,,,True,train,6.5554585,-1.8884807,0.19663299663299663,0.15812746,0.19865319865319866,0.10242905,17.0495138092324
FranWi00,william-franklin-1,00-0026245,Will Franklin,WR,2008,4,105,KAN,missouri,72.0,214.0,4.37,34.5,,,,,,,,,,,,,,,,1.0,1.0,13.0,0,0,0,False,skill_pass,False,True,False,True,36.37,0,0,True,117.35943800011998,,,29.0204475308642,-0.8239222488023566,-0.2295603670169083,-1.249350513941104,0.0417628575222204,,,,,1.602708364028761,,,0.4548468165575002,0,1,0,,,,True,,,,True,train,11.24206,1.3876038,0.6835016835016835,0.19187121,0.5488215488215489,0.17565718,45.66706604477934
RuckMa00,martin-rucker-1,00-0026251,Martin Rucker,TE,2008,4,111,CLE,missouri,77.0,251.0,4.75,,,20.0,,,,,,,,,,,,,,0.0,0.0,12.0,0,0,0,False,skill_pass,False,True,False,True,33.66,0,0,True,98.61188910459558,,,29.76100522853769,1.165697403861107,1.2326595662472757,0.7023393451787344,,,0.4396336234540616,,,0.0870271980508372,,,0.815367989379069,0,0,1,,,,True,,,,True,train,8.936546,-0.9179096,0.2895622895622896,0.17462851,0.4161616161616162,0.13963354,26.190964965682838
ShieAr00,,00-0026265,Arman Shields,WR,2008,4,125,OAK,richmond,73.0,194.0,4.37,37.5,128.0,19.0,6.67,3.96,,,,,,,,,,,,,,,0,0,0,False,skill_pass,True,False,False,True,27.74,0,0,True,106.39126622440784,82.75,5.315,25.59241884030775,-0.4259983182696639,-1.0199495201326834,-1.249350513941104,0.8755799094313969,1.392341931565794,0.2475566005874208,-1.54651665256544,-1.822034449059159,0.7159657035188184,1.2981658108652798,-1.8544751837327815,-1.2139994163126322,0,1,0,,,,True,,,,True,train,9.759862,-0.094594,0.4404040404040404,0.18064155,0.4767676767676768,0.15249784,33.81430283482328
HardDa00,daniel-hardy-1,00-0028176,Daniel Hardy,TE,2011,7,238,TAM,idaho,76.0,249.0,4.78,,,18.0,,,,,,,,,,,81520.0,912884271.0,12.0,,,,0,0,0,False,skill_pass,True,True,False,False,0.91,0,1,True,95.3932743982824,,,30.30592105263158,0.7677734733284143,1.153620650935698,0.856420123530302,,,0.0554795777207801,,,-0.1731878155535834,,,1.0806460259298043,0,0,1,1.0,11198.285954367026,0.0001472031403336,False,,,,True,train,6.7483706,0.7745681,0.6134680134680135,0.15941578,0.2127946127946128,0.105443284,34.09179436365262
MurpLo00,louis-murphy-1,00-0027089,Louis Murphy,WR,2009,4,124,OAK,florida,74.0,203.0,4.32,,,12.0,,,,,,,,,,,,,,19.0,11.0,95.0,0,0,1,False,skill_pass,False,True,False,True,28.15,0,0,True,116.5711407169375,,,26.06081081081081,-0.0280743877369711,-0.6642744012305847,-1.506151811193713,,,-1.0969825594790643,,,1.5389769742897814,,,-0.98597501919075,0,1,0,,,,True,,,,True,train,8.874732,-0.97972393,0.2787878787878788,0.17418349,0.4074074074074074,0.13866769,25.55668696199202
BeckTr00,travis-beckum-1,00-0027070,Travis Beckum,TE,2009,3,100,NYG,wisconsin,75.0,243.0,4.61,,,28.0,,,,,,,,,,,,,,2.0,2.0,48.0,0,0,0,False,skill_pass,False,True,False,True,38.71,0,0,True,107.6050287095352,,,30.3696,0.3698495427957216,0.9165039050009656,-0.0167042871285729,,,1.976249806387188,,,0.8140946348756682,,,1.111646458254562,0,0,1,,,,True,,,,True,train,10.22085,-7.4437237,0.044444444444444446,0.18407823,0.501010101010101,0.15970078,18.67356034721991
JackDe00,desean-jackson-1,00-0026189,DeSean Jackson,WR,2008,2,49,PHI,california,70.0,169.0,4.35,,120.0,,,,,,,,,,,,,,,75.0,52.0,183.0,3,0,11,False,skill_pass,False,True,False,True,66.72,0,0,True,94.39732171338612,,,24.246326530612244,-1.619770109867742,-2.0079359615274024,-1.3520710328421504,,0.2902762330826218,,,,-0.2537075002928942,,,-1.8693092993131035,0,1,0,,,,True,,,,True,train,22.640396,-0.9027977,0.29259259259259257,0.29567474,0.7626262626262627,0.3537562,39.944848090059025
SweeLi00,limas-sweed-1,00-0026193,Limas Sweed,WR,2008,2,53,PIT,texas,76.0,215.0,4.48,35.0,,,,,,,,,,,,,,,,1.0,1.0,20.0,0,0,0,False,skill_pass,False,True,False,True,64.24,0,0,True,106.74717723206147,,,26.167763157894736,0.7677734733284143,-0.1900409093611196,-0.6843876599853594,0.1807323661737498,,,,,0.7447400043125417,,,-0.9339080624528072,0,1,0,,,,True,,,,True,train,19.316648,-4.2265453,0.10437710437710437,0.26227692,0.6996632996632997,0.30182263,29.450341173294014
AverDo00,donnie-avery-1,00-0026173,Donnie Avery,WR,2008,2,33,STL,houston,71.0,192.0,4.43,,,16.0,,,,,,,,,,,,,,21.0,8.0,77.0,0,0,4,False,skill_pass,False,True,False,True,77.06,0,0,True,99.70485803872484,,,26.77563975401706,-1.2218461793350492,-1.098988435444261,-0.9411889572379736,,,-0.3286744680125014,,,0.175390345558306,,,-0.6379792184838873,0,1,0,,,,True,,,,True,train,31.890789,8.347595,0.9205387205387205,0.40000108,0.8848484848484849,0.49829358,72.48441196591766
MathJe00,,00-0023549,Jerome Mathis,WR,2005,4,114,HOU,hampton,71.0,181.0,4.28,35.5,123.0,,,,,,,,,,,,,,,4.0,4.0,17.0,1,1,0,False,skill_pass,False,True,False,True,32.34,0,0,True,107.87815107859537,79.25,,25.241618726443168,-1.2218461793350492,-1.533702469657937,-1.711592848995802,0.3197018748252792,0.7035508700138113,,,,0.836175731081828,0.6084841025203445,,-1.3847772893584656,0,1,0,,,,True,,,,True,train,10.1576,0.30314445,0.5461279461279461,0.18360373,0.498989898989899,0.1587125,38.67124092438405
SaubEr00,,00-0033576,Eric Saubert,TE,2017,5,174,ATL,drake,77.0,253.0,,33.0,121.0,22.0,,,,,,,,,,,,,,2.0,0.0,112.0,0,0,0,False,skill_pass,False,True,False,True,11.54,0,1,True,,77.0,,29.998144712430427,1.165697403861107,1.311698481558853,,-0.3751456684323677,0.4280344453930183,0.8237876691873433,,,,0.1651172900128861,,0.9308131533735732,0,0,1,,,,True,,,,True,train,7.326381,-1.117558,0.25925925925925924,0.16332674,0.25993265993265996,0.1144747,21.125052464103657
JohnTe00,teyo-johnson-1,00-0022051,Teyo Johnson,TE,2003,2,63,OAK,stanford,77.0,247.0,4.61,33.5,,,,,,,,,,,,,,,,2.0,2.0,30.0,0,0,0,False,skill_pass,False,True,False,True,58.27,0,0,True,109.37630490228472,,,29.28672626075224,1.165697403861107,1.0745817356241203,-0.0167042871285729,-0.2361761597808383,,,,,0.9572968198683142,,,0.5844776613900636,0,0,1,,,,True,,,,True,train,21.04721,-2.4959831,0.16498316498316498,0.2793598,0.7286195286195286,0.32886267,33.33616649096061
SmitAl02,alex-smith-2,00-0023506,Alex Smith,TE,2005,3,71,TAM,stanford,76.0,258.0,4.88,,,28.0,,,,,,,,,,,,,,11.0,10.0,124.0,0,0,3,False,skill_pass,False,True,False,True,53.7,0,0,True,90.9851286751018,,,31.401315789473685,0.7677734733284143,1.509295769837797,1.370022718035521,,,1.976249806387188,,,-0.5295727214815269,,,1.6139103434428492,0,0,1,,,,True,,,,True,train,15.048389,-2.6161842,0.1595959595959596,0.22311924,0.635016835016835,0.23513107,28.249181215108848
AndeSc00,,00-0020370,Scotty Anderson,WR,2001,5,148,DET,grambling st.,74.0,184.0,4.57,34.5,115.0,,,,,,,,,,,,,,,8.0,8.0,34.0,0,0,0,False,skill_pass,False,True,False,True,19.27,0,1,True,84.36902269353456,74.75,,23.62162162162162,-0.0280743877369711,-1.4151440966905708,-0.2221453249306614,0.0417628575222204,-0.3985148284693608,,,,-1.0644643643442009,-0.2782495224945722,,-2.17343056787088,0,1,0,,,,True,,,,True,train,8.636123,0.1921835,0.534006734006734,0.17247403,0.3872053872053872,0.13493942,35.25264613184865
SeidMi00,mike-seidman-1,00-0022129,Mike Seidman,TE,2003,3,76,CAR,ucla,76.0,261.0,4.8,,,20.0,,,,,,,,,,,,,,1.0,1.0,43.0,0,0,0,False,skill_pass,False,True,False,True,50.94,0,0,True,98.3344184027778,,,31.76644736842105,0.7677734733284143,1.6278541428051632,0.959140642431344,,,0.4396336234540616,,,0.0645945526314512,,,1.791665115947196,0,0,1,,,,True,,,,True,train,15.132465,-2.5321083,0.16430976430976432,0.22384875,0.6356902356902356,0.23644476,28.492065243999964
AnelMa20,mark-anelli-1,00-0021308,Mark Anelli,TE,2002,6,201,SFO,wisconsin,76.0,262.0,4.8,,,18.0,,,,,,,,,,,,,,0.0,0.0,2.0,0,0,0,False,skill_pass,False,True,False,True,5.6,0,1,True,98.71117862654322,,,31.88815789473684,0.7677734733284143,1.6673736004609518,0.959140642431344,,,0.0554795777207801,,,0.0950544478653938,,,1.85091670678198,0,0,1,,,,True,,,,True,train,4.5927963,-1.9769425,0.18855218855218855,0.14549755,0.016835016835016835,0.07176244,12.2239876239363
DugaRo00,ron-dugans-1,00-0019708,Ron Dugans,WR,2000,3,66,CIN,florida st.,73.0,206.0,4.58,,117.0,,,,,,,,,,,,,,,6.0,6.0,46.0,0,0,0,False,skill_pass,False,True,False,True,56.54,0,0,True,93.63437242482406,,,27.175455057234004,-0.4259983182696639,-0.5457160282632184,-0.1707850654801405,,-0.1229984038485677,,,,-0.3153895833062021,,,-0.443339580707367,0,1,0,,,,True,,,,True,train,23.111027,5.446453,0.8760942760942761,0.30059868,0.7717171717171717,0.3611098,63.712283886793486
WalkHu00,,00-0024389,Delanie Walker,WR,2006,6,175,SFO,central missouri st.,73.0,240.0,4.49,36.5,118.0,,,,,,,,,,,,,,,39.0,8.0,183.0,3,0,7,False,skill_pass,False,True,False,True,11.28,0,1,True,118.10162502821392,77.25,,31.66072433852505,-0.4259983182696639,0.7979455320335993,-0.6330274005348384,0.597640892128338,0.0147598084618287,,,,1.6627118826958684,0.2143802691803815,,1.7401966201742165,0,1,0,,,,True,,,,True,train,11.661674,5.0919347,0.8673400673400673,0.19514549,0.5602693602693603,0.18221365,53.4461728612883
WillTr01,troy-williamson-1,00-0023442,Troy Williamson,WR,2005,1,7,MIN,south carolina,73.0,203.0,4.32,,,,6.99,,,,,,,,,,,,,8.0,8.0,49.0,0,0,1,False,skill_pass,False,True,False,True,95.47,1,0,True,116.5711407169375,,,26.77969600300244,-0.4259983182696639,-0.6642744012305847,-1.506151811193713,,,,-0.1611556131595709,,1.5389769742897814,,,-0.6360045396086842,0,1,0,,,,True,,,,True,train,35.06191,-1.2615852,0.24175084175084174,0.43858555,0.9124579124579124,0.5478423,47.64774968467578
WillMi03,mike-williams-3,00-0023452,Mike Williams,WR,2005,1,10,DET,southern california,77.0,229.0,4.56,36.5,,,,,,,,,,,,,,,,12.0,4.0,56.0,0,0,2,False,skill_pass,False,True,False,True,93.25,1,0,True,105.92686212326052,,,27.15247090571766,1.165697403861107,0.363231497819923,-0.273505584381187,0.597640892128338,,,,,0.6784200727041202,,,-0.4545288145604653,0,1,0,,,,True,,,,True,train,41.53058,5.2070847,0.87003367003367,0.5191229,0.9427609427609428,0.6489153,77.01732989182378
JackJa01,jarious-jackson-1,00-0019682,Jarious Jackson,QB,2000,7,214,DEN,notre dame,72.0,226.0,4.68,,109.0,,,,,,,,,,,,,,,0.0,0.0,5.0,0,0,0,False,skill_pass,False,True,False,True,3.5,0,1,True,94.22258664116718,,,30.647762345679013,-0.8239222488023566,0.2446731248525567,0.3428175290250784,,-1.22506410233174,,,,-0.2678342887852972,,,1.247062531052188,1,0,0,,,,True,,,,True,train,6.4264064,0.45260382,0.5676767676767677,0.15727037,0.18451178451178452,0.10041259,31.55096575592704
RoweJe00,jeff-rowe-1,00-0025538,Jeff Rowe,QB,2007,5,151,CIN,nevada,77.0,226.0,4.91,29.5,114.0,,7.16,4.42,,,,,,,,,,,,,,,0,0,0,False,skill_pass,True,True,False,True,18.27,0,1,True,77.77006578471843,71.75,5.79,26.796761679878564,1.165697403861107,0.2446731248525567,1.5241034963870883,-1.3479322289930735,-0.5362730407797573,,0.5748174390247961,1.0072069381609987,-1.597969557878075,-0.8694052725045167,0.8438721848011632,-0.6276965605522201,1,0,0,,,,True,,,,True,train,11.802214,3.3582745,0.8188552188552188,0.1962515,0.5643097643097643,0.18440959,51.653625968881336
HamiJo20,joe-hamilton-1,00-0019579,Joe Hamilton,QB,2000,7,234,TAM,georgia tech,70.0,192.0,4.81,,106.0,,,,,,,,,,,,,,,0.0,0.0,1.0,0,0,0,False,skill_pass,False,True,False,True,1.23,0,1,True,71.73827323905358,,,27.54612244897959,-1.619770109867742,-1.098988435444261,1.010500901881865,,-1.6383387392629296,,,,-2.08562127221673,,,-0.2628898423295905,1,0,0,,,,True,,,,True,train,7.4305544,1.4567518,0.6915824915824916,0.16403976,0.26801346801346804,0.11610241,38.62641271050731
StanIs00,isaiah-stanback-1,00-0025490,Isaiah Stanback,QB,2007,4,103,DAL,washington,74.0,216.0,4.6,,,22.0,,,,,,,,,,,,,,0.0,0.0,22.0,0,0,0,False,skill_pass,False,True,False,True,37.29,0,0,True,96.48336019382438,,,27.72972972972973,-0.0280743877369711,-0.1505214517053308,-0.0680645465790985,,,0.8237876691873433,,,-0.0850577608562755,,,-0.1735054332517134,1,0,0,,,,True,,,,True,train,10.079519,0.22506332,0.5373737373737374,0.1830193,0.4936026936026936,0.15749249,38.17723934417622
MannMa00,maurice-mann-1,00-0022819,Maurice Mann,WR,2004,5,149,CIN,nevada,73.0,191.0,4.57,34.0,118.0,,,,,,,,,,,,,,,0.0,,1.0,0,0,0,False,skill_pass,False,True,False,True,18.93,0,1,True,87.57871377426686,76.0,,25.196659786076182,-0.4259983182696639,-1.1385078931000496,-0.2221453249306614,-0.0972066511293089,0.0147598084618287,,,,-0.8049707981834181,-0.0319346266570953,,-1.4066643752139494,0,1,0,,,,True,,,,True,train,7.3587494,-1.0851898,0.267003367003367,0.16354801,0.2609427609427609,0.11498046,21.46955934716295
MellAa00,,00-0029896,Aaron Mellette,WR,2013,7,238,BAL,elon,74.0,217.0,4.54,33.5,123.0,9.0,7.11,4.41,,,,,,,,,,,,,,,0,0,0,False,skill_pass,True,False,False,True,0.91,0,1,True,102.1565736265055,78.25,5.76,27.85810810810811,-0.0280743877369711,-0.111001994049542,-0.3762261032822289,-0.2361761597808383,0.7035508700138113,-1.6732136280789869,0.35835477661763,0.9457016906127356,0.3736039446502256,0.411432185850363,0.6734502457358602,-0.1110077727948641,0,1,0,,,,True,,,,True,train,7.376834,1.4030313,0.6861952861952862,0.16367176,0.2632996632996633,0.11526303,38.292500696499346
SassBu00,bud-sasser-1,,Bud Sasser,WR,2015,6,201,STL,missouri,,,,,,,,,1.0,1.0,40.0,1.0,0.0,,,,3102677.0,162313611003.0,1112.0,,,,0,0,0,False,skill_pass,True,True,True,False,5.6,0,1,True,,,,,,,,,,,,,,,,,0,1,0,1.0,52314.05363916386,0.0003584001815206,False,,,,False,train,6.0263247,-0.5434141,0.365993265993266,0.15463725,0.15252525252525254,0.094161324,22.66620708352287
CromJo00,jonathan-crompton-1,00-0027767,Jonathan Crompton,QB,2010,5,168,SDG,tennessee,,,,,,,,,31786224.0,6612167384.0,401978892800.0,41427.0,22513.0,1643744.0,,21.0,,,,,,,0,0,0,False,skill_pass,True,True,True,False,13.15,0,1,True,,,,,,,,,,,,,,,,,1,0,0,,,,True,0.004807232206026,60.79381683118021,1.8401368098432016,False,train,2.9813676,-5.4625716,0.08013468013468013,0.13576357,0.0047138047138047135,0.04658387,6.946612233264679
ColbKe00,keary-colbert-1,00-0022726,Keary Colbert,WR,2004,2,62,CAR,southern california,73.0,207.0,4.6,30.0,,,,,,,,,,,,,,,,14.0,13.0,75.0,0,0,3,False,skill_pass,False,True,False,True,58.86,0,0,True,92.46322018574836,,,27.307374741977856,-0.4259983182696639,-0.5061965706074296,-0.0680645465790985,-1.208962720341544,,,,,-0.4100736084634147,,,-0.3791179277402624,0,1,0,,,,True,,,,True,train,23.927425,0.38423157,0.5562289562289562,0.30924982,0.7811447811447811,0.37386602,51.53437089473512
WarrPa00,paris-warren-2,00-0023657,Paris Warren,WR,2005,7,225,TAM,utah,72.0,219.0,4.71,31.5,,,,,,,,,,,,,,,,0.0,0.0,8.0,0,0,0,False,skill_pass,False,True,False,True,2.1,0,1,True,89.00009741225252,,,29.69849537037037,-0.8239222488023566,-0.0319630787379645,0.4968983073766459,-0.7920541943869559,,,,,-0.6900563407399518,,,0.7849366975969538,0,1,0,,,,True,,,,True,train,6.181145,0.20734262,0.5360269360269361,0.1556519,0.16498316498316498,0.09658039,29.785386556828463
PortJe00,jerry-porter-1,00-0019703,Jerry Porter,WR,2000,2,47,OAK,west virginia,74.0,221.0,4.48,,,,,,,,,,,,,,,,,33.0,32.0,115.0,0,0,4,False,skill_pass,False,True,False,True,67.97,0,0,True,109.72616822458411,,,28.37162162162162,-0.0280743877369711,0.0470758365736129,-0.6843876599853594,,,,,,0.9855821840634296,,,0.138982869032531,0,1,0,,,,True,,,,True,train,21.94081,-1.6023846,0.21548821548821548,0.2884427,0.7461279461279461,0.34282514,36.167445050746906
ButlBr00,brice-butler-1,00-0030516,Brice Butler,WR,2013,7,209,OAK,san diego st.,,,,,,,,,,,,,,,,,2091224.0,292112150347.0,2104.0,9.0,3.0,69.0,0,0,0,False,skill_pass,False,True,True,False,4.25,0,1,True,,,,,,,,,,,,,,,,,0,1,0,1.0,139684.77329401346,0.0010061093407497,False,,,,True,train,5.4606595,-0.51314306,0.3734006734006734,0.15097594,0.05589225589225589,0.085322805,20.7798472246036
JohnMa06,malcolm-johnson-2,00-0032068,Malcolm Johnson,TE,2015,6,195,CLE,mississippi st.,,,,,,,,,,,,,,,,,11103028.0,206171391380.0,3223.0,0.0,0.0,19.0,0,0,0,False,skill_pass,False,True,True,False,6.74,0,1,True,,,,,,,,,,,,,,,,,0,0,1,1.0,18568.933752125995,0.0002902811737482,False,,,,True,train,5.4606595,-1.1090794,0.2612794612794613,0.15097594,0.05589225589225589,0.085322805,16.294998739755112
OnobFe00,fendi-onobun-1,00-0027769,Fendi Onobun,TE,2010,6,170,STL,arizona,,,,,,,,,,,,,,,,,2.0,33.0,1.0,0.0,0.0,4.0,0,0,0,False,skill_pass,False,True,True,False,12.6,0,1,True,,,,,,,,,,,,,,,,,0,0,1,1.0,16.5,0.5,False,,,,True,train,8.459457,1.8897185,0.7265993265993266,0.17121692,0.3696969696969697,0.13217902,42.52583163025905
BackKe00,kennard-backman-1,00-0031617,Kennard Backman,TE,2015,6,213,GNB,ala-birmingham,,,,,,,,,,,,,,,,,6232839.0,43235302399.0,423.0,0.0,0.0,7.0,0,0,0,False,skill_pass,False,True,True,False,3.64,0,1,True,,,,,,,,,,,,,,,,,0,0,1,1.0,6936.694883182448,6.786634469460868e-05,False,,,,True,train,5.4606595,-1.1090794,0.2612794612794613,0.15097594,0.05589225589225589,0.085322805,16.294998739755112
SoreBr00,,00-0030292,Brad Sorensen,QB,2013,7,221,SDG,southern utah,76.0,229.0,4.97,29.0,112.0,,7.17,4.55,,,,,,,,,,,,,,,0,0,0,False,skill_pass,True,True,False,True,2.57,0,1,True,75.06542072578071,70.5,5.859999999999999,27.87171052631579,0.7677734733284143,0.363231497819923,1.8322650530902187,-1.486901737644603,-0.8117894654005504,,0.6181099715062286,1.806775156288434,-1.8166317200269515,-1.1157201683419935,1.2415233759535302,-0.1043857907658485,1,0,0,,,,True,,,,True,train,10.285002,4.311199,0.8491582491582491,0.1845605,0.5070707070707071,0.16070315,51.01301708330811
PinkTo00,todd-pinkston-1,00-0019606,Todd Pinkston,WR,2000,2,36,PHI,southern miss,74.0,169.0,4.45,,,,,,,,,,,,,,,,,25.0,25.0,78.0,0,0,4,False,skill_pass,False,True,False,True,75.07,0,0,True,86.1939247595571,,,21.695945945945947,-0.0280743877369711,-2.0079359615274024,-0.8384684383369269,,,,,,-0.916926693865854,,,-3.110895474723613,0,1,0,,,,True,,,,True,train,30.728718,7.185524,0.9023569023569024,0.38614067,0.8754208754208754,0.48013622,70.92823199952893
HernCh00,christopher-herndon-iv-1,00-0034766,Chris Herndon,TE,2018,4,107,NYJ,miami,76.0,253.0,,,,21.0,,,,,,,,,,,,,,6.0,6.0,49.0,0,0,2,False,skill_pass,False,True,False,True,35.45,0,0,True,,,,30.792763157894736,0.7677734733284143,1.311698481558853,,,,0.6317106463207024,,,,,,1.317652389268935,0,0,1,,,,True,,,,True,train,9.409269,-0.44518661,0.3872053872053872,0.1780615,0.4498316498316498,0.14701983,30.986475266967762
SpaeMa00,matt-spaeth-1,00-0025464,Matt Spaeth,TE,2007,3,77,PIT,minnesota,79.0,270.0,4.83,,,,,,,,,,,,,,,,,2.0,2.0,123.0,0,0,6,False,skill_pass,False,True,False,True,50.4,0,0,True,99.2213740096198,,,30.41339528921647,1.9615452649264924,1.983529261707262,1.1132214207829114,,,,,,0.1363021617616178,,,1.1329670509402971,0,0,1,,,,True,,,,True,train,11.383597,-6.2809763,0.06464646464646465,0.19297093,0.5521885521885522,0.17786871,21.046422588604468
GardRo00,rod-gardner-1,00-0020525,Rod Gardner,WR,2001,1,15,WAS,clemson,74.0,219.0,4.48,,,,,,,,,,,,,,,,,25.0,23.0,91.0,0,0,4,False,skill_pass,False,True,False,True,89.6,1,0,True,108.73317122707655,,,28.114864864864863,-0.0280743877369711,-0.0319630787379645,-0.6843876599853594,,,,,,0.9053014574798004,,,0.0139875481188325,0,1,0,,,,True,,,,True,train,35.25191,-1.0715828,0.26936026936026936,0.44092607,0.9131313131313131,0.5508111,48.87178047718825
MossSa00,santana-moss-1,00-0020494,Santana Moss,WR,2001,1,16,NYJ,miami,70.0,184.0,4.31,,,,,,,,,,,,,,,,,72.0,23.0,197.0,1,0,9,False,skill_pass,False,True,False,True,88.88,1,0,True,106.64456768352578,,,26.398367346938777,-1.619770109867742,-1.4151440966905708,-1.557512070644239,,,,,,0.7364443406483611,,,-0.8216444360629855,0,1,0,,,,True,,,,True,train,33.892185,-2.4313087,0.16632996632996633,0.42424017,0.9003367003367003,0.5295654,43.73604457266001
RussJa00,jamarcus-russell-1,00-0025388,JaMarcus Russell,QB,2007,1,1,OAK,louisiana state,77.0,265.0,4.83,,,,,,,,,,,,,,,,,6.0,6.0,31.0,0,0,2,False,skill_pass,False,True,False,True,100.0,1,0,True,97.3839411575898,,,31.42098161578681,1.165697403861107,1.785931973428318,1.1132214207829114,,,,,,-0.0122485838900343,,,1.6234841373405926,1,0,0,,,,True,,,,True,train,57.9507,21.627205,0.9656565656565657,0.71044266,0.9703703703703703,0.9054796,90.35211607382354
JohnCa00,calvin-johnson-1,00-0025389,Calvin Johnson,WR,2007,1,2,DET,georgia tech,77.0,239.0,4.35,,,,,,,,,,,,,,,,,78.0,78.0,135.0,6,3,9,True,skill_pass,False,True,False,True,99.24,1,0,True,133.49680407987742,,,28.33816832518131,1.165697403861107,0.7584260743778105,-1.3520710328421504,,,,,,2.9073643471593598,,,0.1226970054120496,0,1,0,,,,True,,,,True,train,68.80854,32.485046,0.9851851851851852,0.80852073,0.9872053872053872,1.0,95.32193073178782
RobiAd00,adrien-robinson-1,00-0029281,Adrien Robinson,TE,2012,4,127,NYG,cincinnati,,,,,,,,,,,,,,,,,110612.0,1217465183.0,113.0,0.0,0.0,19.0,0,0,0,False,skill_pass,False,True,True,False,26.94,0,0,True,,,,,,,,,,,,,,,,,0,0,1,1.0,11006.628421871044,0.0010215889776877,False,,,,True,train,8.194036,-1.6604204,0.21144781144781144,0.16934195,0.3528619528619529,0.1280318,21.462626836742416
JacoTa00,taylor-jacobs-1,00-0022124,Taylor Jacobs,WR,2003,2,44,WAS,florida,72.0,205.0,4.42,,,,,,,,,,,,,,,,,2.0,2.0,56.0,0,0,0,False,skill_pass,False,True,False,True,69.87,0,0,True,107.42238226371816,,,27.799961419753085,-0.8239222488023566,-0.5852354859190071,-0.9925492166884944,,,,,,0.7993282363720331,,,-0.1393149693135149,0,1,0,,,,True,,,,True,train,22.534264,-1.0089302,0.2740740740740741,0.29457086,0.7582491582491583,0.35209787,39.06132069676613
VickMi00,michael-vick-1,00-0020245,Michael Vick,QB,2001,1,1,ATL,virginia tech,72.0,210.0,4.33,,,,,,,,,,,,,,,,,92.0,60.0,143.0,4,0,7,False,skill_pass,False,True,False,True,100.0,1,0,True,119.48068532251854,,,28.47800925925926,-0.8239222488023566,-0.3876381976400633,-1.4547915517431924,,,,,,1.77420462910628,,,0.1907749117259386,1,0,0,,,,True,,,,True,train,67.45865,31.135155,0.9831649831649831,0.7978535,0.9851851851851852,1.0,94.98737421541502
RussCl00,cliff-russell-1,00-0021212,Cliff Russell,WR,2002,3,87,WAS,utah,71.0,185.0,4.36,,,,,,,,,,,,,,,,,0.0,0.0,23.0,0,0,0,False,skill_pass,False,True,False,True,45.13,0,0,True,102.38958128676666,,,25.799444554651856,-1.2218461793350492,-1.3756246390347822,-1.3007107733916248,,,,,,0.3924418911014932,,,-1.1132143544949824,0,1,0,,,,True,,,,True,train,12.722601,-4.9419727,0.08888888888888889,0.20361204,0.5898989898989899,0.19879064,23.4015891843974
TerrDa00,david-terrell-1,00-0020513,David Terrell,WR,2001,1,8,CHI,michigan,75.0,213.0,4.43,,,,,,,,,,,,,,,,,11.0,11.0,54.0,0,0,1,False,skill_pass,False,True,False,True,94.73,1,0,True,110.61007688671036,,,26.620266666666662,0.3698495427957216,-0.2690798246726971,-0.9411889572379736,,,,,,1.0570434571661416,,,-0.7136185479411966,0,1,0,,,,True,,,,True,train,34.555202,-1.7682915,0.2047138047138047,0.43235728,0.9084175084175085,0.53992504,45.802549656192056
WaynRe00,reggie-wayne-1,00-0020498,Reggie Wayne,WR,2001,1,30,IND,miami,72.0,198.0,4.45,,,,,,,,,,,,,,,,,116.0,116.0,211.0,6,1,13,False,skill_pass,False,True,False,True,79.09,1,0,True,100.98459823900774,,,26.850694444444443,-0.8239222488023566,-0.8618716895095284,-0.8384684383369269,,,,,,0.2788533704968167,,,-0.6014408027687493,0,1,0,,,,True,,,,True,train,36.333996,0.010501862,0.5057239057239057,0.45430282,0.9239057239057239,0.5677187,59.14750164626825
HeapTo00,todd-heap-1,00-0020516,Todd Heap,TE,2001,1,31,BAL,arizona st.,77.0,252.0,4.68,,,,,,,,,,,,,,,,,43.0,42.0,145.0,2,0,8,False,skill_pass,False,True,False,True,78.41,1,0,True,105.06235324590324,,,29.87957497048406,1.165697403861107,1.2721790239030644,0.3428175290250784,,,,,,0.6085272120142631,,,0.8730905713763212,0,0,1,,,,True,,,,True,train,34.655872,-1.6676216,0.2101010101010101,0.43359303,0.9090909090909091,0.541498,46.08768028261686
RatlDa00,damion-ratley-1,00-0034273,Damion Ratley,WR,2018,6,175,CLE,texas a&m,,,,,,,,,,,,,,,,,15230.0,20026694.0,206.0,4.0,3.0,31.0,0,0,0,False,skill_pass,False,True,True,False,11.28,0,1,True,,,,,,,,,,,,,,,,,0,1,0,1.0,1314.95036112935,0.0135259356533158,False,,,,True,train,8.140421,1.570682,0.7057239057239058,0.16896519,0.35084175084175084,0.12719408,41.1689767433136
RandAn00,antwaan-randle-el-1,00-0021190,Antwaan Randle El,WR,2002,2,62,PIT,indiana,70.0,191.0,4.49,,,,,,,,,,,,,,,,,43.0,28.0,143.0,0,0,4,False,skill_pass,False,True,False,True,58.86,0,0,True,93.98920991828692,,,27.40265306122449,-1.619770109867742,-1.1385078931000496,-0.6330274005348384,,,,,,-0.2867020728043437,,,-0.3327341665462642,0,1,0,,,,True,,,,True,train,24.374308,0.8311138,0.6202020202020202,0.3140431,0.7858585858585858,0.38084856,54.42308649842186
HamiDe20,derrick-hamilton-1,00-0022853,Derrick Hamilton,WR,2004,3,77,SFO,clemson,75.0,196.0,4.54,,,,,,,,,,,,,,,,,0.0,0.0,2.0,0,0,0,False,skill_pass,False,True,False,True,50.4,0,0,True,92.270453598134,,,24.495644444444444,0.3698495427957216,-0.940910604821106,-0.3762261032822289,,,,,,-0.4256581890347281,,,-1.7479353847854595,0,1,0,,,,True,,,,True,train,17.651146,-0.013427734,0.45387205387205387,0.24648592,0.6673400673400673,0.27579916,41.94738520511273
SmitTr02,troy-smith-1,00-0025561,Troy Smith,QB,2007,5,174,BAL,ohio st.,72.0,225.0,4.72,,,,,,,,,,,,,,,,,6.0,2.0,20.0,0,0,0,False,skill_pass,False,True,False,True,11.54,0,1,True,90.66601321030215,,,30.51215277777778,-0.8239222488023566,0.2051536671967679,0.5482585668271669,,,,,,-0.5553722167896612,,,1.1810445548442978,1,0,0,,,,True,,,,True,train,7.9352636,-0.5086756,0.3771043771043771,0.16752972,0.3333333333333333,0.123988494,27.581205866377967
MassTi20,tim-massaquoi-1,00-0024458,Tim Massaquoi,TE,2006,7,244,TAM,michigan,75.0,259.0,4.85,,,32.0,,,,,,,,,,,,,,0.0,,11.0,0,0,0,False,skill_pass,False,True,False,True,0.53,0,1,True,93.61874293319973,,,32.36924444444445,0.3698495427957216,1.5488152274935856,1.2159419396839533,,,2.744557897853751,,,-0.3166531792152371,,,2.085121128225636,0,0,1,,,,True,,,,True,train,4.7842236,-1.189579,0.24915824915824916,0.14669158,0.02356902356902357,0.07475349,14.866611867929851
MorgQu00,quincy-morgan-1,00-0020427,Quincy Morgan,WR,2001,2,33,CLE,kansas st.,73.0,211.0,4.48,,,,,,,,,,,,,,,,,20.0,17.0,86.0,0,0,4,False,skill_pass,False,True,False,True,77.06,0,0,True,104.76118323704635,,,27.835053480953277,-0.4259983182696639,-0.3481187399842746,-0.6843876599853594,,,,,,0.584178551145282,,,-0.1222313158718406,0,1,0,,,,True,,,,True,train,31.756598,8.213404,0.9171717171717172,0.39839187,0.8828282828282829,0.49619684,72.2352094150553
WrigJa03,james-wright-4,00-0031291,James Wright,WR,2014,7,239,CIN,louisiana state,,,,,,,,,,,,,,,,,2518.0,2141242.0,0.0,2.0,2.0,24.0,0,0,0,False,skill_pass,False,True,True,False,0.84,0,1,True,,,,,,,,,,,,,,,,,0,1,0,1.0,850.3741064336775,0.0,False,,,,True,train,6.4238276,0.45002508,0.5666666666666667,0.1572533,0.18215488215488215,0.1003723,31.46227627897303
KentJo20,jordan-kent-1,00-0025597,Jordan Kent,WR,2007,6,210,SEA,oregon,76.0,217.0,4.49,,,,,,,,,,,,,,,,,0.0,0.0,14.0,0,0,0,False,skill_pass,False,True,False,True,4.09,0,1,True,106.78355262967676,,,26.411184210526315,0.7677734733284143,-0.111001994049542,-0.6330274005348384,,,,,,0.7476808423590338,,,-0.815404880783242,0,1,0,,,,True,,,,True,train,6.2931204,-0.27661848,0.4101010101010101,0.15638913,0.17306397306397306,0.098330006,24.959702777240413
WashKe00,kelley-washington-1,00-0022171,Kelley Washington,WR,2003,3,65,CIN,tennessee,74.0,223.0,4.42,,,,,,,,,,,,,,,,,13.0,7.0,91.0,0,0,0,False,skill_pass,False,True,False,True,57.11,0,0,True,116.8545914380934,,,28.62837837837838,-0.0280743877369711,0.1261147518851904,-0.9925492166884944,,,,,,1.561893085720295,,,0.2639781899462294,0,1,0,,,,True,,,,True,train,21.652327,3.987753,0.8390572390572391,0.2854913,0.7380471380471381,0.3383176,60.79941020936075
ByrdDo00,dominique-byrd-1,00-0024308,Dominique Byrd,TE,2006,3,93,STL,southern california,75.0,255.0,4.79,,,,,,,,,,,,,,,,,0.0,0.0,17.0,0,0,0,False,skill_pass,False,True,False,True,42.1,0,0,True,96.87865984597896,,,31.869333333333334,0.3698495427957216,1.3907373968704306,0.9077803829808228,,,,,,-0.0530990103536232,,,1.8417524607328664,0,0,1,,,,True,,,,True,train,9.45595,-8.208624,0.02962962962962963,0.17840338,0.45454545454545453,0.14774922,16.799146320307095
KellMa01,malcolm-kelly-1,00-0026191,Malcolm Kelly,WR,2008,2,51,WAS,oklahoma,76.0,224.0,4.68,,,,,,,,,,,,,,,,,3.0,3.0,21.0,0,0,1,False,skill_pass,False,True,False,True,65.47,0,0,True,93.38875844080287,,,27.26315789473684,0.7677734733284143,0.1656342095409792,0.3428175290250784,,,,,,-0.3352467119237246,,,-0.4006437449397626,0,1,0,,,,True,,,,True,train,23.030172,-0.51302147,0.3750841750841751,0.29974943,0.7696969696969697,0.35984644,43.589224308478315
DoucEa00,early-doucet-1,00-0026221,Early Doucet,WR,2008,3,81,ARI,louisiana state,72.0,209.0,4.59,,,,,,,,,,,,,,,,,10.0,10.0,54.0,0,0,0,False,skill_pass,False,True,False,True,48.25,0,0,True,94.17281221254882,,,28.342399691358025,-0.8239222488023566,-0.4271576552958521,-0.1194248060296195,,,,,,-0.2718583969193571,,,0.1247569355180482,0,1,0,,,,True,,,,True,train,19.717667,2.053093,0.7441077441077442,0.266175,0.7063973063973064,0.30808854,55.377527048090094
MossSi00,sinorice-moss-1,00-0024259,Sinorice Moss,WR,2006,2,44,NYG,miami,68.0,185.0,4.38,,,,,,,,,,,,,,,,,4.0,4.0,37.0,0,0,0,False,skill_pass,False,True,False,True,69.87,0,0,True,100.5322221050571,,,28.12608131487889,-2.415617970933128,-1.3756246390347822,-1.197990254490583,,,,,,0.2422801635145123,,,0.0194479838507895,0,1,0,,,,True,,,,True,train,22.534264,-1.0089302,0.2740740740740741,0.29457086,0.7582491582491583,0.35209787,39.06132069676613
RobiMi00,michael-robinson-1,00-0024315,Michael Robinson,WR,2006,4,100,SFO,penn st.,73.0,227.0,4.57,,,,,,,,,,,,,,,,,7.0,4.0,112.0,1,0,1,False,skill_pass,False,True,False,True,38.71,0,0,True,104.0856964751758,,,29.945768436854944,-0.4259983182696639,0.2841925825083454,-0.2221453249306614,,,,,,0.529567542072034,,,0.9053151316018464,0,1,0,,,,True,,,,True,train,10.291101,0.4366455,0.5643097643097643,0.1846064,0.5077441077441077,0.16079846,39.63537021794103
DixoDe00,dennis-dixon-1,00-0026296,Dennis Dixon,QB,2008,5,156,PIT,oregon,75.0,195.0,4.58,,,,,,,,,,,,,,,,,2.0,2.0,4.0,0,0,0,False,skill_pass,False,True,False,True,16.68,0,1,True,88.63447875165386,,,24.370666666666665,0.3698495427957216,-0.9804300624768948,-0.1707850654801405,,,,,,-0.719615475157345,,,-1.8087775516586528,1,0,0,,,,True,,,,True,train,7.301642,-1.1422973,0.2572390572390572,0.16315779,0.2579124579124579,0.114088155,20.992730409634433
SchoMa00,matt-schobel-1,00-0021084,Matt Schobel,TE,2002,3,67,CIN,texas christian,77.0,263.0,,34.5,,,,,,,,,,,,,,,,11.0,8.0,99.0,0,0,1,False,skill_pass,False,True,False,True,55.96,0,0,True,,,,31.18384213189408,1.165697403861107,1.7068930581167403,,0.0417628575222204,,,,,,,,1.50803897334609,0,0,1,,,,True,,,,True,train,15.182817,-2.4817562,0.16565656565656567,0.22428647,0.6363636363636364,0.23723152,28.583895369762125
ClemKe00,kellen-clemens-1,00-0024264,Kellen Clemens,QB,2006,2,49,NYJ,oregon,74.0,224.0,4.89,,,,,,,,,,,,,,,,,10.0,3.0,64.0,0,0,2,False,skill_pass,False,True,False,True,66.72,0,0,True,78.35064526614207,,,28.75675675675676,-0.0280743877369711,0.1656342095409792,1.4213829774860418,,,,,,-1.5510315079894776,,,0.3264758504030787,1,0,0,,,,True,,,,True,train,17.953104,-5.59009,0.07609427609427609,0.24930081,0.6734006734006734,0.28051725,27.10814552305122
HolmSa00,santonio-holmes-1,00-0024240,Santonio Holmes,WR,2006,1,25,PIT,ohio st.,71.0,188.0,4.35,,,,,,,,,,,,,,,,,47.0,35.0,112.0,0,0,6,False,skill_pass,False,True,False,True,82.52,1,0,True,105.01003835571947,,,26.21781392580837,-1.2218461793350492,-1.257066266067416,-1.3520710328421504,,,,,,0.6042977154441463,,,-0.9095421533473704,0,1,0,,,,True,,,,True,train,34.001045,-2.3224487,0.17104377104377105,0.42557028,0.9016835016835016,0.53126633,44.012152947058986
MorgJo00,josh-morgan-2,00-0026314,Josh Morgan,WR,2008,6,174,SFO,virginia tech,72.0,219.0,4.46,,,,,,,,,,,,,,,,,21.0,13.0,93.0,0,0,5,False,skill_pass,False,True,False,True,11.54,0,1,True,110.69670036136874,,,29.69849537037037,-0.8239222488023566,-0.0319630787379645,-0.7871081788864059,,,,,,1.0640466963523905,,,0.7849366975969538,0,1,0,,,,True,,,,True,train,9.450103,2.880364,0.7952861952861953,0.17836052,0.45252525252525255,0.14765786,47.38232064824113
LeinMa00,matt-leinart-1,00-0024225,Matt Leinart,QB,2006,1,10,ARI,southern california,77.0,223.0,4.9,,,,,,,,,,,,,,,,,12.0,12.0,33.0,0,0,1,False,skill_pass,False,True,False,True,93.25,1,0,True,77.3660703986139,,,26.44105245403947,1.165697403861107,0.1261147518851904,1.4727432369365674,,,,,,-1.6306313314930136,,,-0.8008643065439749,1,0,0,,,,True,,,,True,train,45.475292,9.151798,0.9259259259259259,0.5680168,0.9494949494949495,0.71055144,81.59830168140456
JohnBr02,bryant-johnson-1,00-0022156,Bryant Johnson,WR,2003,1,17,ARI,penn st.,74.0,214.0,4.57,,,,,,,,,,,,,,,,,26.0,18.0,139.0,0,0,4,False,skill_pass,False,True,False,True,88.16,1,0,True,98.12484161095868,,,27.47297297297297,-0.0280743877369711,-0.2295603670169083,-0.2221453249306614,,,,,,0.04765091920201,,,-0.2985007541654118,0,1,0,,,,True,,,,True,train,36.25843,-0.06506348,0.44511784511784513,0.4533663,0.9225589225589226,0.566538,56.65397782026717
GrosRe00,rex-grossman-1,00-0022121,Rex Grossman,QB,2003,1,22,CHI,florida,73.0,217.0,5.06,,,,,,,,,,,,,,,,,23.0,16.0,54.0,0,0,3,False,skill_pass,False,True,False,True,84.61,1,0,True,66.20452319987974,,,28.6265715894164,-0.4259983182696639,-0.111001994049542,2.2945073881449165,,,,,,-2.533007795028132,,,0.263098601930792,1,0,0,,,,True,,,,True,train,36.48388,0.16038513,0.5313131313131313,0.45616132,0.9252525252525252,0.5700606,60.28201422817779
LeftBy00,byron-leftwich-1,00-0022177,Byron Leftwich,QB,2003,1,7,JAX,marshall,77.0,241.0,4.85,,,,,,,,,,,,,,,,,33.0,30.0,60.0,0,0,3,False,skill_pass,False,True,False,True,95.47,1,0,True,87.11242103050631,,,28.575307809074044,1.165697403861107,0.837464989689388,1.2159419396839533,,,,,,-0.84266911989409,,,0.238142169406554,1,0,0,,,,True,,,,True,train,50.432125,14.108631,0.9488215488215488,0.62752324,0.9602693602693603,0.78800195,85.46875371395137
TaylRy00,ryan-taylor-1,00-0028156,Ryan Taylor,TE,2011,7,218,GNB,north carolina,,,,,,,,,,,,,,,,,36.0,330.0,2.0,0.0,0.0,58.0,0,0,0,False,skill_pass,False,True,True,False,2.95,0,1,True,,,,,,,,,,,,,,,,,0,0,1,1.0,9.166666666666666,0.0555555555555555,False,,,,True,train,6.631559,0.6577563,0.5969696969696969,0.15863468,0.20673400673400674,0.10361811,33.25852401680015
McMuBi00,billy-mcmullen-1,00-0022135,Billy McMullen,WR,2003,3,95,PHI,virginia,76.0,210.0,4.61,,,,,,,,,,,,,,,,,5.0,2.0,49.0,0,0,0,False,skill_pass,False,True,False,True,41.12,0,0,True,92.9920001193514,,,25.55921052631579,0.7677734733284143,-0.3876381976400633,-0.0167042871285729,,,,,,-0.3673233913136673,,,-1.2301660166267196,0,1,0,,,,True,,,,True,train,10.551892,-7.1126814,0.04983164983164983,0.18657726,0.5198653198653199,0.16487332,19.41958423616108
WattDa00,darius-watts-1,00-0022751,Darius Watts,WR,2004,2,54,DEN,marshall,73.0,188.0,4.5,,,,,,,,,,,,,,,,,4.0,4.0,22.0,0,0,0,False,skill_pass,False,True,False,True,63.63,0,0,True,91.69333942996496,,,24.800900731844624,-0.4259983182696639,-1.257066266067416,-0.5816671410843175,,,,,,-0.4723160790974477,,,-1.599329334115265,0,1,0,,,,True,,,,True,train,21.731482,-1.8117123,0.20202020202020202,0.2862993,0.7407407407407407,0.3395544,35.41269664611881
YounVi00,vince-young-1,00-0024218,Vince Young,QB,2006,1,3,TEN,texas,77.0,229.0,4.48,,,,,,,,,,,,,,,,,33.0,31.0,60.0,2,0,4,False,skill_pass,False,True,False,True,98.48,1,0,True,113.69815621461431,,,27.15247090571766,1.165697403861107,0.363231497819923,-0.6843876599853594,,,,,,1.3067050903979478,,,-0.4545288145604653,1,0,0,,,,True,,,,True,train,63.584248,27.260754,0.9771043771043771,0.76480615,0.9797979797979798,0.99350387,93.84633567557994
DaveRo01,rohan-davey-1,00-0021238,Rohan Davey,QB,2002,4,117,NWE,louisiana state,74.0,245.0,4.74,,,,,,,,,,,,,,,,,0.0,0.0,7.0,0,0,0,False,skill_pass,False,True,False,True,31.05,0,0,True,97.0694822824852,,,31.4527027027027,-0.0280743877369711,0.995542820312543,0.6509790857282134,,,,,,-0.0376716083678869,,,1.6389267199969055,1,0,0,,,,True,,,,True,train,6.8167095,-3.0377464,0.14276094276094276,0.1598742,0.21952861952861952,0.10651109,15.428716139961974
WeinCh00,chris-weinke-1,00-0020434,Chris Weinke,QB,2001,4,106,CAR,florida st.,76.0,226.0,5.2,,,,,,,,,,,,,,,,,9.0,9.0,29.0,0,0,1,False,skill_pass,False,True,False,True,35.91,0,0,True,61.819439095269765,,,27.50657894736842,0.7677734733284143,0.2446731248525567,3.0135510204522284,,,,,,-2.887528240640795,,,-0.2821405632701973,1,0,0,,,,True,,,,True,train,11.512057,1.6576014,0.7097643097643098,0.19397318,0.5542087542087543,0.1798759,46.95172920401651
TateBr00,brandon-tate-1,00-0027057,Brandon Tate,WR,2009,3,83,NWE,north carolina,72.0,183.0,4.52,,,,,,,,,,,,,,,,,16.0,8.0,127.0,0,0,1,False,skill_pass,False,True,False,True,47.2,0,0,True,87.6854118479109,,,24.816550925925927,-0.8239222488023566,-1.4546635543463595,-0.4789466221832755,,,,,,-0.7963445899484309,,,-1.5917104458871068,0,1,0,,,,True,,,,True,train,17.978014,0.31344032,0.5474747474747474,0.24953398,0.674074074074074,0.28090647,45.989280449270396
TurnPa00,patrick-turner-1,00-0027059,Patrick Turner,WR,2009,3,87,MIA,southern california,77.0,223.0,4.59,,,,,,,,,,,,,,,,,1.0,0.0,24.0,0,0,0,False,skill_pass,False,True,False,True,45.13,0,0,True,100.48103886793486,,,26.44105245403947,1.165697403861107,0.1261147518851904,-0.1194248060296195,,,,,,0.2381421575835882,,,-0.8008643065439749,0,1,0,,,,True,,,,True,train,12.974965,-4.6896086,0.0962962962962963,0.20566581,0.5959595959595959,0.20273383,23.939036675826063
ArriAd00,adrian-arrington-1,00-0026377,Adrian Arrington,WR,2008,7,237,NOR,michigan,75.0,203.0,4.55,,,,,,,,,,,,,,,,,1.0,1.0,5.0,0,0,0,False,skill_pass,False,True,False,True,0.98,0,1,True,94.72845343652476,,,25.37048888888889,0.3698495427957216,-0.6642744012305847,-0.3248658438317079,,,,,,-0.2269365277771833,,,-1.3220402166731156,0,1,0,,,,True,,,,True,train,5.6717362,-0.30206633,0.40875420875420876,0.15233375,0.06734006734006734,0.08862088,22.51606241026611
CrabMi00,michael-crabtree-1,00-0026986,Michael Crabtree,WR,2009,1,10,SFO,texas tech,73.0,215.0,4.54,,,,,,,,,,,,,,,,,53.0,33.0,143.0,0,0,10,False,skill_pass,False,True,False,True,93.25,1,0,True,101.2150383857082,,,28.36273221992869,-0.4259983182696639,-0.1900409093611196,-0.3762261032822289,,,,,,0.2974837414421342,,,0.1346552959965811,0,1,0,,,,True,,,,True,train,37.98222,1.6587257,0.7104377104377104,0.4747991,0.9333333333333333,0.5934722,68.44960081988714
MaclJe00,jeremy-maclin-1,00-0026995,Jeremy Maclin,WR,2009,1,19,PHI,missouri,72.0,198.0,4.43,,,,,,,,,,,,,,,,,50.0,33.0,114.0,0,0,8,False,skill_pass,False,True,False,True,86.73,1,0,True,102.820634852435,,,26.850694444444443,-0.8239222488023566,-0.8618716895095284,-0.9411889572379736,,,,,,0.4272912345891167,,,-0.6014408027687493,0,1,0,,,,True,,,,True,train,35.845367,-0.47812653,0.38181818181818183,0.44825307,0.9185185185185185,0.56008387,53.8098367194736
McDoSh00,shaun-mcdonald-1,00-0021981,Shaun McDonald,WR,2003,4,106,STL,arizona st.,68.0,169.0,4.43,,,,,,,,,,,,,,,,,19.0,8.0,88.0,0,0,1,False,skill_pass,False,True,False,True,35.91,0,0,True,87.7610469195026,,,25.6935553633218,-2.415617970933128,-2.0079359615274024,-0.9411889572379736,,,,,,-0.7902297290597999,,,-1.1647637416222372,0,1,0,,,,True,,,,True,train,9.257831,-0.5966253,0.336026936026936,0.17695603,0.4404040404040404,0.1446536,28.681351208049644
RogeCh01,charles-rogers-1,00-0022072,Charles Rogers,WR,2003,1,2,DET,michigan st.,74.0,202.0,4.4,,,,,,,,,,,,,,,,,4.0,4.0,15.0,0,0,0,False,skill_pass,False,True,False,True,99.24,1,0,True,107.7880609248002,,,25.93243243243243,-0.0280743877369711,-0.7037938588863734,-1.0952697355895364,,,,,,0.8288922216423632,,,-1.0484726796475992,0,1,0,,,,True,,,,True,train,47.955746,11.632252,0.938047138047138,0.5981559,0.9542087542087542,0.7493085,83.55535004716931
HendDe00,devery-henderson-1,00-0022929,Devery Henderson,WR,2004,2,50,NOR,louisiana state,71.0,198.0,4.41,,,,,,,,,,,,,,,,,36.0,36.0,124.0,0,0,6,False,skill_pass,False,True,False,True,66.09,0,0,True,104.69858881381252,,,27.61237849633009,-1.2218461793350492,-0.8618716895095284,-1.0439094761390153,,,,,,0.5791179862191961,,,-0.2306348161886616,0,1,0,,,,True,,,,True,train,22.534264,-1.0089302,0.2740740740740741,0.29457086,0.7582491582491583,0.35209787,39.06132069676613
CoffCh00,chase-coffman-1,00-0027069,Chase Coffman,TE,2009,3,98,CIN,missouri,78.0,244.0,4.83,,,,,,,,,,,,,,,,,0.0,0.0,39.0,0,0,0,False,skill_pass,False,True,False,True,39.66,0,0,True,89.66672317906382,,,28.1939513477975,1.5636213343937997,0.9560233626567542,1.1132214207829114,,,,,,-0.636161715626975,,,0.0524887367105935,0,0,1,,,,True,,,,True,train,9.903351,-7.761223,0.039057239057239054,0.18170588,0.4835016835016835,0.15473986,17.96123798492581
PalmCa00,carson-palmer-1,00-0021429,Carson Palmer,QB,2003,1,1,CIN,southern california,77.0,232.0,4.65,,,,,,,,,,,,,,,,,107.0,60.0,182.0,3,0,12,False,skill_pass,False,True,False,True,100.0,1,0,True,99.24443622576452,,,27.50818013155676,1.165697403861107,0.4817898707872892,0.1887367506735154,,,,,,0.1381666703889102,,,-0.2813610685687104,1,0,0,,,,True,,,,True,train,82.90218,46.57869,0.9925925925925926,0.8952108,0.9939393939393939,1.0,97.4867079316165
GordRi00,richard-gordon-1,00-0028119,Richard Gordon,TE,2011,6,181,OAK,miami,,,,,,,,,,,,,,,,,136.0,82430.0,0.0,0.0,0.0,35.0,0,0,0,False,skill_pass,False,True,True,False,9.8,0,1,True,,,,,,,,,,,,,,,,,0,0,1,1.0,606.1029411764706,0.0,False,,,,True,train,6.4238276,-0.14591122,0.42727272727272725,0.1572533,0.18215488215488215,0.1003723,25.88651870321545
IngrCo00,,00-0026917,Cornelius Ingram,TE,2009,5,153,PHI,florida,76.0,245.0,4.68,33.0,,21.0,7.12,4.53,,,,,,,,,,,,,,,0,0,0,False,skill_pass,True,True,False,True,17.63,0,1,True,102.14395454462814,,5.825,29.81907894736842,0.7677734733284143,0.995542820312543,0.3428175290250784,-0.3751456684323677,,0.6317106463207024,0.4016473090990625,1.683764661191908,0.3725837310297659,,1.0426977803773492,0.8436396625906738,0,0,1,,,,True,,,,True,train,7.9310164,-0.51292276,0.37575757575757573,0.1675001,0.331986531986532,0.12392213,27.4984783297436
TrouBe00,ben-troupe-1,00-0022916,Ben Troupe,TE,2004,2,40,TEN,florida,76.0,265.0,4.65,,,,,,,,,,,,,,,,,8.0,8.0,57.0,0,0,2,False,skill_pass,False,True,False,True,72.44,0,0,True,113.36110172339484,,,32.25328947368421,0.7677734733284143,1.785931973428318,0.1887367506735154,,,,,,1.279455280457642,,,2.0286714792863285,0,0,1,,,,True,,,,True,train,16.394848,-7.148346,0.04915824915824916,0.23500587,0.6498316498316499,0.2561695,24.786470406033377
ThomMi04,michael-thomas-6,00-0033114,Mike Thomas,WR,2016,6,206,LAR,southern miss,,,,,,,,,,,,,,,,,64.0,4142.0,0.0,2.0,1.0,76.0,0,0,0,False,skill_pass,False,True,True,False,4.73,0,1,True,,,,,,,,,,,,,,,,,0,1,0,1.0,64.71875,0.0,False,,,,True,train,6.4238276,-0.14591122,0.42727272727272725,0.1572533,0.18215488215488215,0.1003723,25.88651870321545
LeliAs00,ashley-lelie-1,00-0021152,Ashley Lelie,WR,2002,1,19,DEN,hawaii,75.0,197.0,4.49,,,,,,,,,,,,,,,,,35.0,30.0,107.0,0,0,4,False,skill_pass,False,True,False,True,86.73,1,0,True,96.94175054399226,,,24.620622222222224,0.3698495427957216,-0.9013911471653172,-0.6330274005348384,,,,,,-0.0479983231512571,,,-1.687093217912267,0,1,0,,,,True,,,,True,train,34.05615,-2.2673454,0.17643097643097644,0.4262439,0.9037037037037037,0.5321273,44.29873786972027
GageJu00,justin-gage-1,00-0021982,Justin Gage,WR,2003,5,143,CHI,missouri,76.0,217.0,4.45,,,,,,,,,,,,,,,,,25.0,6.0,100.0,0,0,3,False,skill_pass,False,True,False,True,20.98,0,1,True,110.67503948416504,,,26.411184210526315,0.7677734733284143,-0.111001994049542,-0.8384684383369269,,,,,,1.0622954816309798,,,-0.815404880783242,0,1,0,,,,True,,,,True,train,9.113891,0.66995144,0.6006734006734007,0.17591026,0.4303030303030303,0.14240454,38.999292931798536
BomaRh00,,00-0026916,Rhett Bomar,QB,2009,5,151,NYG,sam houston st.,74.0,225.0,4.7,,106.0,25.0,6.91,4.06,,,,,,,,,,,,,,,0,0,0,False,skill_pass,True,True,False,True,18.27,0,1,True,92.2191430136519,,5.484999999999999,28.885135135135137,-0.0280743877369711,0.2051536671967679,0.4455380479261249,,-1.6383387392629296,1.4000187377872657,-0.5074958730110382,-1.206981973576518,-0.4298064906046148,,-0.8887508623627398,0.3889735108599279,1,0,0,,,,True,,,,True,train,8.524512,0.08057308,0.5191919191919192,0.17167899,0.3797979797979798,0.1331955,34.46112651784311
LawrQu00,,00-0027122,Quinten Lawrence,WR,2009,6,175,KAN,mcneese st.,72.0,184.0,4.4,,,20.0,,,,,,,,,,,,,,0.0,0.0,6.0,0,0,0,False,skill_pass,False,True,False,True,11.28,0,1,True,98.18318420872887,,,24.95216049382716,-0.8239222488023566,-1.4151440966905708,-1.0952697355895364,,,0.4396336234540616,,,0.0523677372301863,,,-1.5256924696792165,0,1,0,,,,True,,,,True,train,7.207729,0.63799,0.593939393939394,0.16251767,0.2505050505050505,0.112620756,34.27044537362426
GibsBr00,brandon-gibson-1,00-0026937,Brandon Gibson,WR,2009,6,194,PHI,washington st.,72.0,210.0,4.59,,,,,,,,,,,,,,,,,17.0,0.0,76.0,0,0,3,False,skill_pass,False,True,False,True,6.94,0,1,True,94.62339983079067,,,28.47800925925926,-0.8239222488023566,-0.3876381976400633,-0.1194248060296195,,,,,,-0.2354297858834328,,,0.1907749117259386,0,1,0,,,,True,,,,True,train,6.5630164,-0.0067224503,0.4558922558922559,0.15817778,0.2,0.10254713,27.450188614026672
SchiJa20,jake-schifino-1,00-0021264,Jake Schifino,WR,2002,5,151,TEN,akron,73.0,200.0,4.49,,,,,,,,,,,,,,,,,0.0,0.0,14.0,0,0,0,False,skill_pass,False,True,False,True,18.27,0,1,True,98.41802085684492,,,26.38393694877088,-0.4259983182696639,-0.7828327741979508,-0.6330274005348384,,,,,,0.0713535516752867,,,-0.8286694985099996,0,1,0,,,,True,,,,True,train,7.7157087,-0.7282305,0.32323232323232326,0.1660043,0.3117845117845118,0.12055795,24.896228109019177
EverKe00,kevin-everett-1,00-0023521,Kevin Everett,TE,2005,3,86,BUF,miami,77.0,241.0,4.72,,,,,,,,,,,,,,,,,0.0,0.0,17.0,0,0,0,False,skill_pass,False,True,False,True,45.64,0,0,True,97.11337414970144,,,28.575307809074044,1.165697403861107,0.837464989689388,0.5482585668271669,,,,,,-0.0341230870731843,,,0.238142169406554,0,0,1,,,,True,,,,True,train,12.63612,-5.028454,0.08552188552188553,0.2029118,0.5892255892255892,0.19743937,23.21241068890199
HenrCh00,chris-henry-3,00-0023518,Chris Henry,WR,2005,3,83,CIN,west virginia,76.0,197.0,4.5,,,,,,,,,,,,,,,,,16.0,16.0,55.0,0,0,0,False,skill_pass,False,True,False,True,47.2,0,0,True,96.08291418991008,,,23.976973684210527,0.7677734733284143,-0.9013911471653172,-0.5816671410843175,,,,,,-0.1174325779327062,,,-2.0004366974788947,0,1,0,,,,True,,,,True,train,17.252275,-0.4122982,0.39124579124579123,0.24280056,0.6626262626262627,0.2695668,39.149704406257435
ParrRo00,roscoe-parrish-1,00-0023490,Roscoe Parrish,WR,2005,2,55,BUF,miami,70.0,168.0,4.37,,,,,,,,,,,,,,,,,14.0,14.0,90.0,0,0,0,False,skill_pass,False,True,False,True,63.03,0,0,True,92.13264291598205,,,24.102857142857143,-1.619770109867742,-2.047455419183191,-1.249350513941104,,,,,,-0.4367997551441072,,,-1.9391536235297773,0,1,0,,,,True,,,,True,train,22.640396,-0.9027977,0.29259259259259257,0.29567474,0.7626262626262627,0.3537562,39.944848090059025
JohnMa04,manuel-johnson-1,00-0027149,Manuel Johnson,WR,2009,7,229,DAL,oklahoma,71.0,189.0,4.5,,,,,,,,,,,,,,,,,0.0,0.0,2.0,0,0,0,False,skill_pass,False,True,False,True,1.68,0,1,True,92.18106995884774,,,26.357270382860545,-1.2218461793350492,-1.2175468084116272,-0.5816671410843175,,,,,,-0.4328845789680319,,,-0.8416514196314993,0,1,0,,,,True,,,,True,train,5.6988735,-0.27492905,0.4121212121212121,0.15250905,0.06936026936026936,0.0890449,22.7031328931501
FitzLa00,larry-fitzgerald-1,00-0022921,Larry Fitzgerald,WR,2004,1,3,ARI,pittsburgh,75.0,225.0,4.48,,,,,,,,,,,,,,,,,93.0,93.0,263.0,11,1,17,True,skill_pass,False,True,False,True,98.48,1,0,True,111.7121622195992,,,28.12,0.3698495427957216,0.2051536671967679,-0.6843876599853594,,,,,,1.146143637230688,,,0.0164874545371078,0,1,0,,,,True,,,,True,train,60.19474,23.871246,0.9703703703703703,0.7329687,0.9744107744107744,0.9405428,91.77326010754614
MurpTe00,terrence-murphy-1,00-0023493,Terrence Murphy,WR,2005,2,58,GNB,texas a&m,73.0,202.0,4.39,,,,,,,,,,,,,,,,,0.0,0.0,3.0,0,0,0,False,skill_pass,False,True,False,True,61.22,0,0,True,108.7735453610182,,,26.647776318258583,-0.4259983182696639,-0.7037938588863734,-1.1466299950400618,,,,,,0.9085655809526346,,,-0.7002261925757888,0,1,0,,,,True,,,,True,train,20.087507,-3.4556866,0.12255892255892256,0.26980254,0.7131313131313132,0.3138673,30.838379990773568
JackVi00,,00-0023496,Vincent Jackson,WR,2005,2,61,SDG,northern colorado,77.0,241.0,4.46,39.0,,,,,,,,,,,,,,,,77.0,49.0,155.0,3,0,8,False,skill_pass,False,True,False,True,59.44,0,0,True,121.8169168360268,,,28.575307809074044,1.165697403861107,0.837464989689388,-0.7871081788864059,1.292488435385985,,,,,1.9630816990700173,,,0.238142169406554,0,1,0,,,,True,,,,True,train,28.849697,5.3065033,0.8727272727272727,0.36412263,0.8565656565656565,0.45077652,68.33838741857596
WaltAn00,andrew-walter-1,00-0023504,Andrew Walter,QB,2005,3,69,OAK,arizona st.,78.0,233.0,4.86,,,,,,,,,,,,,,,,,1.0,1.0,15.0,0,0,1,False,skill_pass,False,True,False,True,54.83,0,0,True,83.52968423182983,,,26.92291255752794,1.5636213343937997,0.521309328443078,1.2673021991344788,,,,,,-1.1323222750170163,,,-0.5662833006462041,1,0,0,,,,True,,,,True,train,16.592184,-1.0723896,0.2686868686868687,0.23678434,0.6525252525252525,0.25925288,33.718724395891634
WinfJu00,juwann-winfree-1,00-0035593,Juwann Winfree,WR,2019,6,187,DEN,colorado,,,,,,,,,,,,,,,,,112128.0,158325324.0,222.0,1.0,0.0,23.0,0,0,0,False,skill_pass,False,True,True,False,8.41,0,1,True,,,,,,,,,,,,,,,,,0,1,0,1.0,1412.0052440068494,0.0019798801369863,False,,,,True,train,6.4238276,-0.14591122,0.42727272727272725,0.1572533,0.18215488215488215,0.1003723,25.88651870321545
JenkMi00,michael-jenkins-1,00-0022781,Michael Jenkins,WR,2004,1,29,ATL,ohio st.,76.0,218.0,4.4,,,,,,,,,,,,,,,,,39.0,33.0,130.0,0,0,6,False,skill_pass,False,True,False,True,79.77,1,0,True,116.32572911686356,,,26.532894736842103,0.7677734733284143,-0.0714825363937533,-1.0952697355895364,,,,,,1.5191362077865205,,,-0.7561532899484584,0,1,0,,,,True,,,,True,train,33.734325,-2.5891685,0.16161616161616163,0.42231345,0.8996632996632996,0.52709883,43.44615892860224
JoneDa02,daryl-jones-1,00-0021330,Daryl Jones,WR,2002,7,226,NYG,miami,69.0,180.0,4.35,,,,,,,,,,,,,,,,,1.0,1.0,15.0,0,0,0,False,skill_pass,False,True,False,True,1.99,0,1,True,100.54152608526331,,,26.57844990548204,-2.0176940404004347,-1.573221927313726,-1.3520710328421504,,,,,,0.2430323614496021,,,-0.7339759459309029,0,1,0,,,,True,,,,True,train,6.3202577,0.3464551,0.5508417508417508,0.15656824,0.1750841750841751,0.098754026,30.641799123525015
MillHe00,heath-miller-1,00-0023465,Heath Miller,TE,2005,1,30,PIT,virginia,77.0,256.0,4.79,,,,,,,,,,,,,,,,,45.0,45.0,168.0,2,0,11,False,skill_pass,False,True,False,True,79.09,1,0,True,97.25857615910046,,,30.353853938269523,1.165697403861107,1.430256854526219,0.9077803829808228,,,,,,-0.0223839550866665,,,1.1039808993653282,0,0,1,,,,True,,,,True,train,35.662395,-0.6610985,0.32861952861952864,0.44599146,0.9178451178451178,0.5572249,51.5660113675225
GermRe00,reggie-germany-1,00-0020320,Reggie Germany,WR,2001,7,214,BUF,ohio st.,73.0,183.0,4.39,,,,,,,,,,,,,,,,,2.0,2.0,16.0,0,0,0,False,skill_pass,False,True,False,True,3.5,0,1,True,98.54237030230856,,,24.14130230812535,-0.4259983182696639,-1.4546635543463595,-1.1466299950400618,,,,,,0.0814068185604316,,,-1.920437598950793,0,1,0,,,,True,,,,True,train,5.3832545,-0.59054804,0.3595959595959596,0.15048051,0.048484848484848485,0.08411335,20.045412755900564
TaylCh04,chris-taylor-2,,Chris Taylor,WR,2001,7,218,PIT,texas a&m,71.0,183.0,4.4,35.5,115.0,,6.81,3.93,,,,,,,,,,,,,,,0,0,0,False,skill_pass,True,True,False,True,2.95,0,1,True,97.64957994672493,75.25,5.37,25.52053164054751,-1.2218461793350492,-1.4546635543463595,-1.0952697355895364,0.3197018748252792,-0.3985148284693608,,-0.940421197825374,-2.0065501917039503,0.0092274880961764,-0.1797235641595814,-1.542034962113059,-1.248995821926725,0,1,0,,,,True,,,,True,train,6.4399076,0.46610498,0.571043771043771,0.15735987,0.18787878787878787,0.10062356,31.75899540999221
ReedJo01,josh-reed-1,00-0021166,Josh Reed,WR,2002,2,36,BUF,louisiana state,70.0,210.0,4.54,,,,,,,,,,,,,,,,,27.0,27.0,115.0,0,0,3,False,skill_pass,False,True,False,True,75.07,0,0,True,98.861200283715,,,30.12857142857143,-1.619770109867742,-0.3876381976400633,-0.3762261032822289,,,,,,0.1071832334219081,,,0.9943079935705504,0,1,0,,,,True,,,,True,train,31.784151,8.240957,0.9178451178451178,0.39872214,0.8835016835016835,0.4966274,72.29082903115436
ShocJe00,jeremy-shockey-1,00-0021148,Jeremy Shockey,TE,2002,1,14,NYG,miami,77.0,255.0,4.64,,,,,,,,,,,,,,,,,48.0,35.0,136.0,4,1,10,False,skill_pass,False,True,False,True,90.32,1,0,True,110.02674215587584,,,30.23528419632316,1.165697403861107,1.3907373968704306,0.1373764912229899,,,,,,1.009882653910534,,,1.046258317368076,0,0,1,,,,True,,,,True,train,35.401066,-0.92242813,0.28888888888888886,0.4427653,0.9151515151515152,0.55314165,49.776725137474564
DurhKr00,kris-durham-1,00-0028045,Kris Durham,WR,2011,4,107,SEA,georgia,,,,,,,,,,,,,,,,,8111332.0,81169199659.0,13.0,5.0,0.0,27.0,0,0,1,False,skill_pass,False,True,True,False,35.45,0,0,True,,,,,,,,,,,,,,,,,0,1,0,1.0,10006.889085417784,1.6026960800026433e-06,False,,,,True,train,8.906249,-0.9482069,0.28383838383838383,0.17441027,0.41043771043771043,0.13916014,25.83369787431225
MartDa00,david-martin-2,00-0020332,David Martin,TE,2001,6,198,GNB,tennessee,76.0,242.0,4.76,,,,,,,,,,,,,,,,,12.0,6.0,120.0,0,0,4,False,skill_pass,False,True,False,True,6.15,0,1,True,94.27956081305568,,,29.45394736842105,0.7677734733284143,0.8769844473451768,0.7536996046292553,,,,,,-0.2632281037442661,,,0.665884890086325,0,0,1,,,,True,,,,True,train,6.399269,-0.17046976,0.4235690235690236,0.15709062,0.17777777777777778,0.09998858,25.639900700963715
KinnEr00,erron-kinney-1,00-0019659,Erron Kinney,TE,2000,3,68,TEN,florida,78.0,272.0,4.9,,,,,,,,,,,,,,,,,15.0,15.0,83.0,0,0,6,False,skill_pass,False,True,False,True,55.39,0,0,True,94.36578990324207,,,31.4293228139382,1.5636213343937997,2.0625681770188398,1.4727432369365674,,,,,,-0.2562567493190403,,,1.627544831800623,0,0,1,,,,True,,,,True,train,12.493235,-5.171339,0.08282828282828283,0.20175873,0.5838383838383838,0.19520679,22.929209361774756
GreeMa02,marcus-green-6,00-0035296,Marcus Green,WR,2019,6,203,ATL,la-monroe,,,,,,,,,,,,,,3141520.0,5119184193.0,1.0,63365550.0,698344847855.0,7458.0,,,,0,0,0,False,skill_pass,True,True,True,False,5.24,0,1,True,,,,,,,,,,,,,,,,,0,1,0,0.9927228913494036,11020.891444246914,0.0001176980236106,False,,,,True,train,6.5069613,-0.06277752,0.4457912457912458,0.15780494,0.19595959595959597,0.10167126,26.940365783017295
CampJa00,jason-campbell-1,00-0023460,Jason Campbell,QB,2005,1,25,WAS,auburn,77.0,230.0,4.71,,,,,,,,,,,,,,,,,48.0,34.0,90.0,0,0,5,False,skill_pass,False,True,False,True,82.52,1,0,True,93.47042193980856,,,27.271040647664023,1.165697403861107,0.4027509554757117,0.4968983073766459,,,,,,-0.3286444713812106,,,-0.3968062325632148,1,0,0,,,,True,,,,True,train,38.289303,1.9658089,0.7377104377104378,0.4786293,0.935016835016835,0.59827036,69.74674731201998
WhitRo00,roddy-white-1,00-0023462,Roddy White,WR,2005,1,27,ATL,ala-birmingham,73.0,207.0,4.46,,,,,,,,,,,,,,,,,88.0,88.0,171.0,4,1,10,False,skill_pass,False,True,False,True,81.14,1,0,True,104.631127738828,,,27.307374741977856,-0.4259983182696639,-0.5061965706074296,-0.7871081788864059,,,,,,0.573663967597322,,,-0.3791179277402624,0,1,0,,,,True,,,,True,train,35.957367,-0.366127,0.397979797979798,0.44963846,0.9191919191919192,0.56183386,54.532477191000275
EdwaBr00,braylon-edwards-1,00-0023438,Braylon Edwards,WR,2005,1,3,CLE,michigan,75.0,211.0,4.45,,,,,,,,,,,,,,,,,41.0,27.0,112.0,1,0,5,False,skill_pass,False,True,False,True,98.48,1,0,True,107.61490014358904,,,26.37031111111111,0.3698495427957216,-0.3481187399842746,-0.8384684383369269,,,,,,0.8148927096938758,,,-0.8353028816875805,0,1,0,,,,True,,,,True,train,50.059772,13.736279,0.9468013468013468,0.62316144,0.958922558922559,0.78218395,85.15741280564156
WillRo04,roy-williams-3,00-0022909,Roy Williams,WR,2004,1,7,DET,texas,74.0,212.0,4.48,,,,,,,,,,,,,,,,,42.0,30.0,115.0,1,0,7,False,skill_pass,False,True,False,True,95.47,1,0,True,105.25768173580016,,,27.216216216216218,-0.0280743877369711,-0.3085992823284858,-0.6843876599853594,,,,,,0.6243189144370972,,,-0.4234960750791086,0,1,0,,,,True,,,,True,train,36.01431,-0.30918503,0.4074074074074074,0.45034307,0.9205387205387205,0.5627236,54.96840384482133
WillRe00,reggie-williams-1,00-0022889,Reggie Williams,WR,2004,1,9,JAX,washington,76.0,229.0,4.56,,,,,,,,,,,,,,,,,23.0,23.0,79.0,0,0,3,False,skill_pass,False,True,False,True,93.99,1,0,True,105.92686212326052,,,27.87171052631579,0.7677734733284143,0.363231497819923,-0.273505584381187,,,,,,0.6784200727041202,,,-0.1043857907658485,0,1,0,,,,True,,,,True,train,40.810833,4.487339,0.8552188552188552,0.51013404,0.9414141414141414,0.63766927,75.99310361566367
RoetBe00,ben-roethlisberger-1,00-0022924,Ben Roethlisberger,QB,2004,1,11,PIT,miami (oh),77.0,241.0,4.75,,,,,,,,,,,,,,,,,131.0,131.0,249.0,6,0,17,False,skill_pass,False,True,False,True,92.51,1,0,True,94.68312858250012,,,28.575307809074044,1.165697403861107,0.837464989689388,0.7023393451787344,,,,,,-0.2306009016096594,,,0.238142169406554,1,0,0,,,,True,,,,True,train,52.059666,15.736172,0.9548821548821549,0.6463385,0.9636363636363636,0.81343234,86.66343093179293
WillLu00,luke-willson-1,00-0030089,Luke Willson,TE,2013,5,158,SEA,rice,,,,,,,,,,,,,,,,,733299.0,122425313126.0,1332.0,12.0,11.0,102.0,0,0,2,False,skill_pass,False,True,True,False,16.06,0,1,True,,,,,,,,,,,,,,,,,0,0,1,1.0,166951.42517036025,0.0018164486791881,False,,,,True,train,7.1806993,-1.2632399,0.24107744107744108,0.16233379,0.24848484848484848,0.11219843,20.103439075201244
KonzJa00,jameson-konz-1,00-0027836,Jameson Konz,TE,2010,7,245,SEA,kent st.,,,,,,,,,,,,,,,,,221.0,12298.0,2.0,0.0,0.0,1.0,0,0,0,False,skill_pass,False,True,True,False,0.47,0,1,True,,,,,,,,,,,,,,,,,0,0,1,1.0,55.64705882352941,0.0090497737556561,False,,,,True,train,6.631559,0.6577563,0.5969696969696969,0.15863468,0.20673400673400674,0.10361811,33.25852401680015
StevJe00,jerramy-stevens-1,00-0021159,Jerramy Stevens,TE,2002,1,28,SEA,washington,79.0,265.0,4.77,,,,,,,,,,,,,,,,,18.0,13.0,121.0,0,0,2,False,skill_pass,False,True,False,True,80.45,1,0,True,102.37698924338387,,,29.850184265342094,1.9615452649264924,1.785931973428318,0.8050598640797764,,,,,,0.3914238634594373,,,0.8587824742204577,0,0,1,,,,True,,,,True,train,27.720102,-8.603392,0.02558922558922559,0.35114846,0.8417508417508418,0.4331266,33.54408755326512
KingAn00,andre-king-1,00-0020415,Andre King,WR,2001,7,245,CLE,miami,72.0,199.0,4.61,,,,,,,,,,,,,,,,,2.0,2.0,42.0,0,0,0,False,skill_pass,False,True,False,True,0.47,0,1,True,88.12099058929013,,,26.98630401234568,-0.8239222488023566,-0.8223522318537396,-0.0167042871285729,,,,,,-0.7611294000434466,,,-0.5354228265608573,0,1,0,,,,True,,,,True,train,6.4927654,0.51896286,0.5811447811447812,0.15771064,0.19393939393939394,0.10144947,32.307781525382694
SwaiGe00,geoff-swaim-1,00-0032141,Geoff Swaim,TE,2015,7,246,DAL,texas,,,,,,,,,,,,,,,,,310.0,1470.0,1.0,6.0,3.0,108.0,0,0,3,False,skill_pass,False,True,True,False,0.42,0,1,True,,,,,,,,,,,,,,,,,0,0,1,1.0,4.741935483870968,0.0032258064516129,False,,,,True,train,6.9850273,1.0112247,0.6457912457912458,0.16100779,0.23164983164983166,0.10914105,35.867623297930365
AndeRo01,rory-anderson-1,00-0032072,Rory Anderson,TE,2015,7,254,SFO,south carolina,77.0,244.0,4.73,,,,,,,,,,,,,,8141722.0,188271235260.0,3501.0,,,,0,0,0,False,skill_pass,True,True,False,False,0.12,0,1,True,97.49340959539744,,,28.93101703491314,1.165697403861107,0.9560233626567542,0.5996188262776925,,,,,,-0.0033984003071731,,,0.4113099153983088,0,0,1,1.0,23124.252493514272,0.0004300073129492,False,,,,True,train,5.886126,-0.087676525,0.4417508417508417,0.1537231,0.07744107744107744,0.09197072,24.132731797067002
StalDo00,donte-stallworth-1,00-0021147,Donte' Stallworth,WR,2002,1,13,NOR,tennessee,72.0,197.0,4.22,,,,,,,,,,,,,,,,,39.0,22.0,115.0,0,0,4,False,skill_pass,False,True,False,True,91.05,1,0,True,124.23570189885446,,,26.71508487654321,-0.8239222488023566,-0.9013911471653172,-2.019754405698937,,,,,,2.1586329673828493,,,-0.6674587789766397,0,1,0,,,,True,,,,True,train,39.87233,3.5488358,0.8282828282828283,0.49840412,0.9407407407407408,0.62300515,74.37431343888193
JackDa00,darrell-jackson-1,00-0019663,Darrell Jackson,WR,2000,3,80,SEA,florida,72.0,197.0,4.56,,,,,,,,,,,,,,,,,55.0,51.0,123.0,0,0,7,False,skill_pass,False,True,False,True,48.79,0,0,True,91.1248551890058,,,26.71508487654321,-0.8239222488023566,-0.9013911471653172,-0.273505584381187,,,,,,-0.5182762663186563,,,-0.6674587789766397,0,1,0,,,,True,,,,True,train,20.00177,2.3371964,0.767003367003367,0.2689588,0.7117845117845117,0.31252766,56.545554633794815
GrifRy00,ryan-griffin-1,00-0030108,Ryan Griffin,TE,2013,6,201,HOU,connecticut,,,,,,,,,,,,,,,,,23313329.0,272245499484.0,136.0,14.0,10.0,134.0,0,0,5,False,skill_pass,False,True,True,False,5.6,0,1,True,,,,,,,,,,,,,,,,,0,0,1,1.0,11677.67586877018,5.833572717135335e-06,False,,,,True,train,5.4606595,-1.1090794,0.2612794612794613,0.15097594,0.05589225589225589,0.085322805,16.294998739755112
WarrPe00,peter-warrick-1,00-0019455,Peter Warrick,WR,2000,1,4,CIN,florida st.,71.0,194.0,4.58,,,,,,,,,,,,,,,,,27.0,25.0,79.0,0,0,4,False,skill_pass,False,True,False,True,97.72,1,0,True,88.17994296318383,,,27.054552668121403,-1.2218461793350492,-1.0199495201326834,-0.1707850654801405,,,,,,-0.7563632835074494,,,-0.5021977510521466,0,1,0,,,,True,,,,True,train,51.573925,15.250431,0.9542087542087542,0.64076734,0.9629629629629629,0.8058426,86.35980830971239
FranBu00,bubba-franks-1,00-0019644,Bubba Franks,TE,2000,1,14,GNB,miami,78.0,265.0,4.85,,,,,,,,,,,,,,,,,20.0,19.0,122.0,3,0,6,False,skill_pass,False,True,False,True,90.32,1,0,True,95.7875169007642,,,30.620479947403023,1.5636213343937997,1.785931973428318,1.2159419396839533,,,,,,-0.1413145323222869,,,1.2337808080281147,0,0,1,,,,True,,,,True,train,27.140844,-9.18265,0.01818181818181818,0.34457824,0.8323232323232324,0.4240757,32.74681610742001
CartDr00,drew-carter-1,00-0022879,Drew Carter,WR,2004,5,163,CAR,ohio st.,76.0,204.0,4.36,,,,,,,,,,,,,,,,,8.0,8.0,33.0,0,0,0,False,skill_pass,False,True,False,True,14.57,0,1,True,112.90526801351568,,,24.82894736842105,0.7677734733284143,-0.6247549435747959,-1.3007107733916248,,,,,,1.2426025391882676,,,-1.5856755616354172,0,1,0,,,,True,,,,True,train,8.391392,-0.052547455,0.4478114478114478,0.17073454,0.36363636363636365,0.1311155,31.222185938170664
GinnTe00,ted-ginn-jr-1,00-0025396,Ted Ginn Jr.,WR,2007,1,9,MIA,ohio st.,71.0,178.0,4.38,,,,,,,,,,,,,,,,,52.0,15.0,193.0,0,0,7,False,skill_pass,False,True,False,True,93.99,1,0,True,96.72830018756844,,,24.82324935528665,-1.2218461793350492,-1.6522608426253034,-1.197990254490583,,,,,,-0.0652551222616769,,,-1.5884494905060793,0,1,0,,,,True,,,,True,train,36.551888,0.22839355,0.5393939393939394,0.457005,0.9265993265993266,0.57112324,60.670309434434785
JarrDw00,dwayne-jarrett-1,00-0025432,Dwayne Jarrett,WR,2007,2,45,CAR,southern california,76.0,219.0,4.62,,,,,,,,,,,,,,,,,4.0,4.0,32.0,0,0,0,False,skill_pass,False,True,False,True,69.23,0,0,True,96.14046277332392,,,26.65460526315789,0.7677734733284143,-0.0319630787379645,0.0346559723219479,,,,,,-0.1127799535018985,,,-0.6969016991136767,0,1,0,,,,True,,,,True,train,21.570993,-1.9722004,0.1892255892255892,0.2846625,0.7353535353535353,0.33704677,34.71027994492038
BonnAl00,,00-0030105,Alan Bonner,WR,2013,6,195,HOU,jacksonville st.,70.0,193.0,4.59,33.0,117.0,14.0,,4.15,,,,,,,,,,,,,,,0,0,0,False,skill_pass,True,True,False,True,6.74,0,1,True,86.96341032067905,75.0,,27.68959183673469,-1.619770109867742,-1.0594689777884725,-0.1194248060296195,-0.3751456684323677,-0.1229984038485677,-0.712828513745783,,-0.6534347456421347,-0.8547161734941533,-0.2289865433270768,,-0.1930455181129168,0,1,0,,,,True,,,,True,train,6.4760165,-0.09372234,0.44107744107744107,0.15759942,0.19225589225589226,0.10118775,26.663959112783473
WebbJe00,jeff-webb-2,00-0024404,Jeff Webb,WR,2006,6,190,KAN,san diego st.,75.0,215.0,,,,,,,,,,,,,,,,,,2.0,2.0,31.0,0,0,0,False,skill_pass,False,True,False,True,7.76,0,1,True,,,,26.87022222222222,0.3698495427957216,-0.1900409093611196,,,,,,,,,,-0.5919342141948128,0,1,0,,,,True,,,,True,train,6.606587,0.03684807,0.509090909090909,0.1584681,0.20336700336700336,0.10322793,29.664896982812923
SmitTr04,,00-0034278,Tremon Smith,WR,2018,6,196,KAN,central arkansas,,,,,,,,,,,,,,1.0,4.0,0.0,,,,8.0,1.0,117.0,0,0,0,False,skill_pass,False,True,True,True,6.54,0,1,True,,,,,,,,,,,,,,,,,0,1,0,,,,True,,,,True,train,4.5237565,-2.0459824,0.18653198653198652,0.1450689,0.014814814814814815,0.070683695,12.072627752793558
FounDa00,,00-0034395,Daurice Fountain,WR,2018,5,159,IND,northern iowa,,,,,,,,,,,,,,,,,123.0,-31730.0,0.0,0.0,0.0,8.0,0,0,0,False,skill_pass,False,True,True,False,15.76,0,1,True,,,,,,,,,,,,,,,,,0,1,0,1.0,-257.9674796747967,0.0,False,,,,True,train,8.524313,0.080373764,0.5185185185185185,0.17167756,0.37912457912457914,0.13319239,34.42063139409128
ThorCr00,craphonso-thorpe-1,00-0023551,Craphonso Thorpe,WR,2005,4,116,KAN,florida st.,73.0,188.0,4.38,,,,,,,,,,,,,,,,,1.0,,5.0,0,0,0,False,skill_pass,False,True,False,True,31.48,0,0,True,102.16247435540936,,,24.800900731844624,-0.4259983182696639,-1.257066266067416,-1.197990254490583,,,,,,0.3740810002757356,,,-1.599329334115265,0,1,0,,,,True,,,,True,train,8.647416,-1.2070398,0.24713804713804713,0.17255463,0.38922558922558925,0.13511588,23.823443784381606
MaucMa00,matt-mauck-1,00-0022768,Matt Mauck,QB,2004,7,225,DEN,louisiana state,74.0,228.0,4.79,,,,,,,,,,,,,,,,,1.0,,2.0,0,0,0,False,skill_pass,False,True,False,True,2.1,0,1,True,86.62091939169885,,,29.27027027027027,-0.0280743877369711,0.3237120401641342,0.9077803829808228,,,,,,-0.8824055025614583,,,0.5764664922304739,1,0,0,,,,True,,,,True,train,6.4587927,0.48499012,0.5750841750841751,0.15748511,0.1892255892255892,0.100918636,31.95595390236739
EdwaAr00,,00-0027692,Armanti Edwards,WR,2010,3,89,CAR,appalachian st.,71.0,187.0,4.41,,,,,,,,,,,,,,,,,1.0,1.0,41.0,0,0,0,False,skill_pass,False,True,False,True,44.11,0,0,True,98.8820005463785,,,26.0783574687562,-1.2218461793350492,-1.2965857237232046,-1.0439094761390153,,,,,,0.1088648701277062,,,-0.9774328870632416,0,1,0,,,,True,,,,True,train,12.581269,-5.0833044,0.08417508417508418,0.20246856,0.5858585858585859,0.19658233,23.06519306117437
MannEl00,eli-manning-1,00-0022803,Eli Manning,QB,2004,1,1,SDG,mississippi,77.0,221.0,4.9,,,,,,,,,,,,,,,,,121.0,,236.0,4,0,14,False,skill_pass,False,True,False,True,100.0,1,0,True,76.67220429638418,,,26.20391297014673,1.165697403861107,0.0470758365736129,1.4727432369365674,,,,,,-1.6867282532144,,,-0.9163094705384792,1,0,0,,,,True,,,,True,train,92.116844,55.79335,0.9952861952861953,0.9312367,0.9966329966329966,1.0,98.36884143055488
RivePh00,philip-rivers-1,00-0022942,Philip Rivers,QB,2004,1,4,NYG,north carolina st.,77.0,229.0,5.08,,,,,,,,,,,,,,,,,150.0,,247.0,8,0,15,False,skill_pass,False,True,False,True,97.72,1,0,True,68.77183758707525,,,27.15247090571766,1.165697403861107,0.363231497819923,2.3972279070459632,,,,,,-2.325448391636185,,,-0.4545288145604653,1,0,0,,,,True,,,,True,train,84.50798,48.184486,0.9932659932659933,0.90250725,0.9946127946127946,1.0,97.673040533708
WillCh05,,00-0033933,Chad Williams,WR,2017,3,98,ARI,grambling st.,,,,,,,,,,,,,,,,,24213.0,42367152.0,0.0,1.0,1.0,17.0,0,0,1,False,skill_pass,False,True,True,False,39.66,0,0,True,,,,,,,,,,,,,,,,,0,1,0,1.0,1749.7688018832855,0.0,False,,,,True,train,9.662531,-8.002043,0.035016835016835016,0.17992237,0.47003367003367,0.15097705,17.41933526111271
ColeB.00,,00-0029219,B.J. Coleman,QB,2012,7,243,GNB,chattanooga,75.0,233.0,4.94,,109.0,,7.07,4.38,,,,,,,,,,,,,,,0,0,0,False,skill_pass,True,True,False,True,0.58,0,1,True,78.24887836425606,,5.725,29.119822222222226,0.3698495427957216,0.521309328443078,1.6781842747386555,,-1.22506410233174,,0.1851846466918963,0.7611859479679413,-1.5592590462862503,,0.4746246501596741,0.503224789522643,1,0,0,,,,True,,,,True,train,7.0190973,1.0452948,0.6511784511784512,0.16123803,0.23367003367003367,0.109673396,36.138767264833554
SuthVi00,vinny-sutherland-1,00-0020273,Vinny Sutherland,WR,2001,5,136,ATL,purdue,69.0,192.0,4.48,,,,,,,,,,,,,,,,,0.0,,16.0,0,0,0,False,skill_pass,False,True,False,True,23.5,0,1,True,95.32771176072468,,,28.35034656584751,-2.0176940404004347,-1.098988435444261,-0.6843876599853594,,,,,,-0.1784883513991967,,,0.1286256638024414,0,1,0,,,,True,,,,True,train,8.501355,0.057415962,0.5111111111111111,0.17151438,0.3750841750841751,0.13283367,34.033088939835125
WillMi06,michael-williams-3,00-0030110,Michael Williams,TE,2013,7,211,DET,alabama,,,,,,,,,,,,,,,,,381624.0,29100191183.0,124.0,0.0,,15.0,0,0,1,False,skill_pass,False,True,True,False,3.94,0,1,True,,,,,,,,,,,,,,,,,0,0,1,1.0,76253.5668170765,0.0003249271534285,False,,,,True,train,5.4606595,-0.51314306,0.3734006734006734,0.15097594,0.05589225589225589,0.085322805,20.7798472246036
RambKe00,ken-yon-rambo-1,00-0020425,Ken-Yon Rambo,WR,2001,7,229,OAK,ohio st.,73.0,196.0,4.34,,,,,,,,,,,,,,,,,1.0,,29.0,0,0,0,False,skill_pass,False,True,False,True,1.68,0,1,True,110.49106227853036,,,25.85625820979546,-0.4259983182696639,-0.940910604821106,-1.4034312922926713,,,,,,1.0474214953246248,,,-1.0855561103784217,0,1,0,,,,True,,,,True,train,6.7614846,0.78768206,0.6154882154882155,0.15950367,0.21414141414141413,0.1056482,34.20539425521687
O'ShJa00,,00-0031951,James O'Shaughnessy,TE,2015,5,173,KAN,illinois st.,,,,,,,,,,,,,,,,,15.0,757.0,0.0,7.0,1.0,80.0,0,0,3,False,skill_pass,False,True,True,False,11.8,0,1,True,,,,,,,,,,,,,,,,,0,0,1,1.0,50.46666666666667,0.0,False,,,,True,train,10.606326,2.162387,0.7562289562289563,0.18699071,0.5245791245791246,0.16572385,47.795031661236735
DeboAn00,andre-debose-1,00-0032121,Andre Debose,WR,2015,7,221,OAK,florida,,,,,,,,,,,,,,1132.0,94930.0,0.0,101631.0,,400.0,,,,0,0,0,False,skill_pass,True,True,True,False,2.57,0,1,True,,,,,,,,,,,,,,,,,0,1,0,,,0.0039358069880253,True,,,,True,train,5.3405423,-0.63326025,0.3306397306397306,0.1502077,0.04377104377104377,0.08344597,18.77408354180028
FarmDa00,danny-farmer-1,00-0019543,Danny Farmer,WR,2000,4,103,PIT,ucla,75.0,217.0,4.58,,,,,,,,,,,,,,,,,5.0,,33.0,0,0,0,False,skill_pass,False,True,False,True,37.29,0,0,True,98.63426609799428,,,27.120177777777776,0.3698495427957216,-0.111001994049542,-0.1707850654801405,,,,,,0.088836308544942,,,-0.4702498804484291,0,1,0,,,,True,,,,True,train,10.149771,0.2953148,0.5441077441077441,0.18354507,0.4983164983164983,0.15859017,38.573344592995916
JohnCh08,,00-0030113,Charles Johnson,WR,2013,7,216,GNB,grand valley st.,,,,,,,,,,,,,,,,,232645.0,374422574.0,325.0,7.0,,39.0,0,0,0,False,skill_pass,False,True,True,False,3.22,0,1,True,,,,,,,,,,,,,,,,,0,1,0,1.0,1609.4159513421737,0.0013969782286316,False,,,,True,train,6.4238276,0.45002508,0.5666666666666667,0.1572533,0.18215488215488215,0.1003723,31.46227627897303
PoweWa00,,00-0031268,Walt Powell,WR,2014,6,196,ARI,murray st.,,,,,,,,,,,,,,,,,197.0,36252.0,1.0,1.0,,15.0,0,0,0,False,skill_pass,False,True,True,False,6.54,0,1,True,,,,,,,,,,,,,,,,,0,1,0,1.0,184.0203045685279,0.0050761421319796,False,,,,True,train,6.5144534,-0.055285454,0.4471380471380471,0.15785474,0.19663299663299663,0.10178833,27.011043337935746
HousTJ00,tj-houshmandzadeh-1,00-0020438,T.J. Houshmandzadeh,WR,2001,7,204,CIN,oregon st.,,,,,,,,,,,,,,,,,,,,56.0,48.0,146.0,1,0,6,False,skill_pass,False,True,True,True,5.07,0,1,True,,,,,,,,,,,,,,,,,0,1,0,,,,True,,,,True,train,5.9738026,0.0,0.48013468013468014,0.15429424,0.11616161616161616,0.093340665,26.481317729560615
BolsTe00,ted-bolser-1,00-0031088,Ted Bolser,TE,2014,7,217,WAS,indiana,,,,,,,,,,,,,,,,,27144135.0,407165445320.0,5136.0,,,,0,0,0,False,skill_pass,True,True,True,False,3.08,0,1,True,,,,,,,,,,,,,,,,,0,0,1,1.0,15000.12600585725,0.0001892121447229,False,,,,True,train,5.4606595,-0.51314306,0.3734006734006734,0.15097594,0.05589225589225589,0.085322805,20.7798472246036
FeelA.00,aj-feeley-1,00-0020305,A.J. Feeley,QB,2001,5,155,PHI,oregon,,,,,,,,,,,,,,,,,,,,7.0,6.0,28.0,0,0,1,False,skill_pass,False,True,True,True,16.99,0,1,True,,,,,,,,,,,,,,,,,1,0,0,,,,True,,,,True,train,7.603708,-0.8402314,0.3053872053872054,0.16523042,0.2962962962962963,0.118807934,23.82218140190599
SimmSa20,sam-simmons-1,00-0021283,Sam Simmons,WR,2002,5,170,MIA,northwestern,,,,,,,,,,,,,,,,,,,,0.0,0.0,11.0,0,0,0,False,skill_pass,False,True,True,True,12.6,0,1,True,,,,,,,,,,,,,,,,,0,1,0,,,,True,,,,True,train,7.4826565,-0.96128273,0.28215488215488216,0.16439731,0.2750841750841751,0.116916515,22.414155482116975
SandDa00,darnell-sanders-1,00-0021241,Darnell Sanders,TE,2002,4,122,CLE,ohio st.,,,,,,,,,,,,,,,,,,,,1.0,1.0,28.0,0,0,1,False,skill_pass,False,True,True,True,28.96,0,0,True,,,,,,,,,,,,,,,,,0,0,1,,,,True,,,,True,train,7.912141,-1.9423151,0.1925925925925926,0.16736853,0.32794612794612793,0.1236272,20.082541125139805
PutzJe00,jeb-putzier-1,00-0021100,Jeb Putzier,TE,2002,6,191,DEN,boise st.,,,,,,,,,,,,,,,,,,,,12.0,11.0,69.0,0,0,1,False,skill_pass,False,True,True,True,7.55,0,1,True,,,,,,,,,,,,,,,,,0,0,1,,,,True,,,,True,train,5.9738026,-0.5959363,0.3478114478114478,0.15429424,0.11616161616161616,0.093340665,21.18838843663132
GilmJo00,john-gilmore-1,00-0021304,John Gilmore,TE,2002,6,196,NOR,penn st.,,,,,,,,,,,,,,,,,,,,3.0,0.0,145.0,0,0,2,False,skill_pass,False,True,True,True,6.54,0,1,True,,,,,,,,,,,,,,,,,0,0,1,,,,True,,,,True,train,5.9738026,-0.5959363,0.3478114478114478,0.15429424,0.11616161616161616,0.093340665,21.18838843663132
NallCr00,craig-nall-1,00-0021277,Craig Nall,QB,2002,5,164,GNB,louisiana state,,,,,,,,,,,,,,,,,,,,1.0,1.0,7.0,0,0,0,False,skill_pass,False,True,True,True,14.28,0,1,True,,,,,,,,,,,,,,,,,1,0,0,,,,True,,,,True,train,7.603708,-0.8402314,0.3053872053872054,0.16523042,0.2962962962962963,0.118807934,23.82218140190599
HillDa20,darrell-hill-1,00-0021329,Darrell Hill,WR,2002,7,225,TEN,northern illinois,,,,,,,,,,,,,,,,,,,,0.0,0.0,33.0,0,0,0,False,skill_pass,False,True,True,True,2.1,0,1,True,,,,,,,,,,,,,,,,,0,1,0,,,,True,,,,True,train,5.9738026,0.0,0.48013468013468014,0.15429424,0.11616161616161616,0.093340665,26.481317729560615
ThomTa00,taylor-thompson-1,00-0029590,Taylor Thompson,TE,2012,5,145,TEN,southern methodist,,,,,,,,,,,,,,,,,,,,0.0,0.0,35.0,0,0,0,False,skill_pass,False,True,True,True,20.28,0,1,True,,,,,,,,,,,,,,,,,0,0,1,,,,True,,,,True,train,7.912141,-0.53179836,0.36936026936026933,0.16736853,0.32794612794612793,0.1236272,27.153248195846874
MurpMa00,matt-murphy-1,00-0021352,Matt Murphy,TE,2002,7,252,DET,maryland,,,,,,,,,,,,,,,,,,,,0.0,0.0,28.0,0,0,0,False,skill_pass,False,True,True,True,0.18,0,1,True,,,,,,,,,,,,,,,,,0,0,1,,,,True,,,,True,train,5.9738026,0.0,0.48013468013468014,0.15429424,0.11616161616161616,0.093340665,26.481317729560615
St.PBr20,brian-st-pierre-1,00-0022101,Brian St. Pierre,QB,2003,5,163,PIT,boston col.,,,,,,,,,,,,,,,,,,,,0.0,0.0,3.0,0,0,0,False,skill_pass,False,True,True,True,14.57,0,1,True,,,,,,,,,,,,,,,,,1,0,0,,,,True,,,,True,train,7.603708,-0.8402314,0.3053872053872054,0.16523042,0.2962962962962963,0.118807934,23.82218140190599
PondWi00,willie-ponder-1,00-0021923,Willie Ponder,WR,2003,6,199,NYG,se missouri st.,,,,,,,,,,,,,,,,,,,,2.0,2.0,38.0,0,0,0,False,skill_pass,False,True,True,True,5.97,0,1,True,,,,,,,,,,,,,,,,,0,1,0,,,,True,,,,True,train,5.9738026,-0.5959363,0.3478114478114478,0.15429424,0.11616161616161616,0.093340665,21.18838843663132
BollBr00,brooks-bollinger-1,00-0022026,Brooks Bollinger,QB,2003,6,200,NYJ,wisconsin,,,,,,,,,,,,,,,,,,,,6.0,5.0,21.0,0,0,1,False,skill_pass,False,True,True,True,5.78,0,1,True,,,,,,,,,,,,,,,,,1,0,0,,,,True,,,,True,train,5.9738026,-0.5959363,0.3478114478114478,0.15429424,0.11616161616161616,0.093340665,21.18838843663132
HamdGi00,gibran-hamdan-1,00-0022112,Gibran Hamdan,QB,2003,7,232,WAS,indiana,,,,,,,,,,,,,,,,,,,,0.0,0.0,1.0,0,0,0,False,skill_pass,False,True,True,True,1.4,0,1,True,,,,,,,,,,,,,,,,,1,0,0,,,,True,,,,True,train,5.9738026,0.0,0.48013468013468014,0.15429424,0.11616161616161616,0.093340665,26.481317729560615
WallTa00,taco-wallace-1,00-0021948,Taco Wallace,WR,2003,7,224,SEA,kansas st.,,,,,,,,,,,,,,,,,,,,0.0,0.0,4.0,0,0,0,False,skill_pass,False,True,True,True,2.22,0,1,True,,,,,,,,,,,,,,,,,0,1,0,,,,True,,,,True,train,5.9738026,0.0,0.48013468013468014,0.15429424,0.11616161616161616,0.093340665,26.481317729560615
JoneMa01,mark-jones-1,00-0022882,Mark Jones,WR,2004,7,206,TAM,tennessee,,,,,,,,,,,,,,,,,,,,0.0,0.0,62.0,0,0,0,False,skill_pass,False,True,True,True,4.73,0,1,True,,,,,,,,,,,,,,,,,0,1,0,,,,True,,,,True,train,5.9738026,0.0,0.48013468013468014,0.15429424,0.11616161616161616,0.093340665,26.481317729560615
SorgJi00,jim-sorgi-1,00-0022744,Jim Sorgi,QB,2004,6,193,IND,wisconsin,,,,,,,,,,,,,,,,,,,,5.0,5.0,16.0,0,0,0,False,skill_pass,False,True,True,True,7.14,0,1,True,,,,,,,,,,,,,,,,,1,0,0,,,,True,,,,True,train,5.9738026,-0.5959363,0.3478114478114478,0.15429424,0.11616161616161616,0.093340665,21.18838843663132
KranMa00,matt-kranchick-1,00-0022219,Matt Kranchick,TE,2004,6,194,PIT,penn st.,,,,,,,,,,,,,,,,,,,,0.0,0.0,8.0,0,0,0,False,skill_pass,False,True,True,True,6.94,0,1,True,,,,,,,,,,,,,,,,,0,0,1,,,,True,,,,True,train,5.9738026,-0.5959363,0.3478114478114478,0.15429424,0.11616161616161616,0.093340665,21.18838843663132
OConJa00,jake-oconnell-1,00-0027154,Jake O'Connell,TE,2009,7,237,KAN,miami (oh),,,,,,,,,,,,,,,,,,,,0.0,0.0,35.0,0,0,0,False,skill_pass,False,True,True,True,0.98,0,1,True,,,,,,,,,,,,,,,,,0,0,1,,,,True,,,,True,train,5.9738026,0.0,0.48013468013468014,0.15429424,0.11616161616161616,0.093340665,26.481317729560615
YancDe00,deangelo-yancey-1,00-0033291,DeAngelo Yancey,WR,2017,5,175,GNB,purdue,,,,,,,,,,,,,,,,,32124849.0,546147700951.0,23510.0,,,,0,0,0,False,skill_pass,True,True,True,False,11.28,0,1,True,,,,,,,,,,,,,,,,,0,1,0,1.0,17000.786554701004,0.0007318322336705,False,,,,True,train,7.059647,-1.3842921,0.22693602693602694,0.16151243,0.23905723905723905,0.11030699,19.294974448027634
JennBr00,brian-jennings-1,00-0019548,Brian Jennings,TE,2000,7,230,SFO,arizona st.,,,,,,,,,,,,,,,,,,,,0.0,0.0,208.0,2,0,0,False,skill_pass,False,True,True,True,1.59,0,1,True,,,,,,,,,,,,,,,,,0,0,1,,,,True,,,,True,train,5.9738026,0.0,0.48013468013468014,0.15429424,0.11616161616161616,0.093340665,26.481317729560615
HaddDr00,drew-haddad-1,00-0019625,Drew Haddad,WR,2000,7,233,BUF,buffalo,,,,,,,,,,,,,,,,,,,,0.0,0.0,2.0,0,0,0,False,skill_pass,False,True,True,True,1.31,0,1,True,,,,,,,,,,,,,,,,,0,1,0,,,,True,,,,True,train,5.9738026,0.0,0.48013468013468014,0.15429424,0.11616161616161616,0.093340665,26.481317729560615
EdelJu00,julian-edelman-1,00-0027150,Julian Edelman,WR,2009,7,232,NWE,kent st.,,,,,,,,,,,,,,,,,,,,61.0,61.0,137.0,0,0,7,False,skill_pass,False,True,True,True,1.4,0,1,True,,,,,,,,,,,,,,,,,0,1,0,,,,True,,,,True,train,5.9738026,0.0,0.48013468013468014,0.15429424,0.11616161616161616,0.093340665,26.481317729560615
MyerBr00,brandon-myers-1,00-0027135,Brandon Myers,TE,2009,6,202,OAK,iowa,,,,,,,,,,,,,,,,,,,,12.0,8.0,115.0,0,0,5,False,skill_pass,False,True,True,True,5.42,0,1,True,,,,,,,,,,,,,,,,,0,0,1,,,,True,,,,True,train,5.9738026,-0.5959363,0.3478114478114478,0.15429424,0.11616161616161616,0.093340665,21.18838843663132
SmitEm20,emanuel-smith-1,00-0019499,Emanuel Smith,WR,2000,6,196,JAX,arkansas,,,,,,,,,,,,,,,,,,,,0.0,0.0,1.0,0,0,0,False,skill_pass,False,True,True,True,6.54,0,1,True,,,,,,,,,,,,,,,,,0,1,0,,,,True,,,,True,train,5.9738026,-0.5959363,0.3478114478114478,0.15429424,0.11616161616161616,0.093340665,21.18838843663132
FostBr00,,00-0027111,Brooks Foster,WR,2009,5,160,STL,north carolina,72.0,211.0,4.44,,,27.0,,,,,,,,,,,,,,,,,0,0,0,False,skill_pass,True,True,False,True,15.46,0,1,True,108.58768401921486,,,28.613618827160494,-0.8239222488023566,-0.3481187399842746,-0.8898286977874479,,,1.7841727835205472,,,0.8935392680823722,,,0.256792887933829,0,1,0,,,,True,,,,True,train,8.940774,0.49683475,0.5771043771043771,0.17465898,0.4175084175084175,0.1396996,37.72151512599955
WillRo05,roydell-williams-1,00-0023570,Roydell Williams,WR,2005,4,136,TEN,tulane,,,,,,,,,,,,,,,,,,,,10.0,9.0,56.0,0,0,1,False,skill_pass,False,True,True,True,23.5,0,0,True,,,,,,,,,,,,,,,,,0,1,0,,,,True,,,,True,train,7.912141,-1.9423151,0.1925925925925926,0.16736853,0.32794612794612793,0.1236272,20.082541125139805
MaxwMa00,marcus-maxwell-1,00-0023655,Marcus Maxwell,WR,2005,7,223,SFO,oregon,,,,,,,,,,,,,,,,,,,,0.0,0.0,9.0,0,0,0,False,skill_pass,False,True,True,True,2.33,0,1,True,,,,,,,,,,,,,,,,,0,1,0,,,,True,,,,True,train,5.9738026,0.0,0.48013468013468014,0.15429424,0.11616161616161616,0.093340665,26.481317729560615
ZingKe20,keith-zinger-1,00-0026372,Keith Zinger,TE,2008,7,232,ATL,louisiana state,,,,,,,,,,,,,,,,,,,,0.0,0.0,15.0,0,0,0,False,skill_pass,False,True,True,True,1.4,0,1,True,,,,,,,,,,,,,,,,,0,0,1,,,,True,,,,True,train,5.9738026,0.0,0.48013468013468014,0.15429424,0.11616161616161616,0.093340665,26.481317729560615
CassMa00,matt-cassel-1,00-0023662,Matt Cassel,QB,2005,7,230,NWE,southern california,,,,,,,,,,,,,,,,,,,,47.0,18.0,107.0,1,0,6,False,skill_pass,False,True,True,True,1.59,0,1,True,,,,,,,,,,,,,,,,,1,0,0,,,,True,,,,True,train,5.9738026,0.0,0.48013468013468014,0.15429424,0.11616161616161616,0.093340665,26.481317729560615
SwaiBr00,brett-swain-1,00-0026357,Brett Swain,WR,2008,7,217,GNB,san diego st.,,,,,,,,,,,,,,,,,,,,1.0,1.0,27.0,0,0,0,False,skill_pass,False,True,True,True,3.08,0,1,True,,,,,,,,,,,,,,,,,0,1,0,,,,True,,,,True,train,5.9738026,0.0,0.48013468013468014,0.15429424,0.11616161616161616,0.093340665,26.481317729560615
JohnSt00,steve-johnson-2,00-0026364,Stevie Johnson,WR,2008,7,224,BUF,kentucky,,,,,,,,,,,,,,,,,,,,33.0,29.0,99.0,0,0,5,False,skill_pass,False,True,True,True,2.22,0,1,True,,,,,,,,,,,,,,,,,0,1,0,,,,True,,,,True,train,5.9738026,0.0,0.48013468013468014,0.15429424,0.11616161616161616,0.093340665,26.481317729560615
SchiCh00,chaz-schilens-1,00-0026366,Chaz Schilens,WR,2008,7,226,OAK,san diego st.,,,,,,,,,,,,,,,,,,,,7.0,6.0,59.0,0,0,1,False,skill_pass,False,True,True,True,1.99,0,1,True,,,,,,,,,,,,,,,,,0,1,0,,,,True,,,,True,train,5.9738026,0.0,0.48013468013468014,0.15429424,0.11616161616161616,0.093340665,26.481317729560615
EstePa00,patrick-estes-1,00-0023680,Patrick Estes,TE,2005,7,248,SFO,virginia,,,,,,,,,,,,,,,,,,,,0.0,0.0,8.0,0,0,0,False,skill_pass,False,True,True,True,0.33,0,1,True,,,,,,,,,,,,,,,,,0,0,1,,,,True,,,,True,train,5.9738026,0.0,0.48013468013468014,0.15429424,0.11616161616161616,0.093340665,26.481317729560615
BrenCo00,colt-brennan-1,00-0026326,Colt Brennan,QB,2008,6,186,WAS,hawaii,74.0,207.0,4.79,,,,,,,,,,,,,,,,,,,,0,0,0,False,skill_pass,True,True,False,True,8.64,0,1,True,78.64267681614764,,,26.574324324324323,-0.0280743877369711,-0.5061965706074296,0.9077803829808228,,,,,,-1.5274216631675523,,,-0.7359843773633546,1,0,0,,,,True,,,,True,train,7.286085,0.71634626,0.6060606060606061,0.1630516,0.25656565656565655,0.11384509,34.91167141625075
WoodAn00,andre-woodson-1,00-0026338,Andre Woodson,QB,2008,6,198,NYG,kentucky,76.0,229.0,4.85,,,,,,,,,,,,,,,,,,,,0,0,0,False,skill_pass,True,True,False,True,6.15,0,1,True,82.77487309537736,,,27.87171052631579,0.7677734733284143,0.363231497819923,1.2159419396839533,,,,,,-1.1933464136799927,,,-0.1043857907658485,1,0,0,,,,True,,,,True,train,7.736162,1.1664233,0.663973063973064,0.16614592,0.3138047138047138,0.12087753,38.57548578409635
SlatMa00,matt-slater-1,00-0026293,Matthew Slater,WR,2008,5,153,NWE,ucla,,,,,,,,,,,,,,,,,,,,0.0,0.0,239.0,10,2,0,False,skill_pass,False,True,True,True,17.63,0,1,True,,,,,,,,,,,,,,,,,0,1,0,,,,True,,,,True,train,7.603708,-0.8402314,0.3053872053872054,0.16523042,0.2962962962962963,0.118807934,23.82218140190599
HixoDo00,domenik-hixon-1,00-0024345,Domenik Hixon,WR,2006,4,130,DEN,akron,,,,,,,,,,,,,,,,,,,,17.0,0.0,76.0,0,0,0,False,skill_pass,False,True,True,True,25.77,0,0,True,,,,,,,,,,,,,,,,,0,1,0,,,,True,,,,True,train,7.912141,-1.9423151,0.1925925925925926,0.16736853,0.32794612794612793,0.1236272,20.082541125139805
BrouJo00,john-broussard-1,00-0025616,John Broussard,WR,2007,7,229,JAX,san jose st.,,,,,,,,,,,,,,,,,,,,2.0,2.0,8.0,0,0,0,False,skill_pass,False,True,True,True,1.68,0,1,True,,,,,,,,,,,,,,,,,0,1,0,,,,True,,,,True,train,5.9738026,0.0,0.48013468013468014,0.15429424,0.11616161616161616,0.093340665,26.481317729560615
KilmEt00,ethan-kilmer-1,00-0024423,Ethan Kilmer,WR,2006,7,209,CIN,penn st.,,,,,,,,,,,,,,,,,,,,0.0,0.0,16.0,0,0,0,False,skill_pass,False,True,True,True,4.25,0,1,True,,,,,,,,,,,,,,,,,0,1,0,,,,True,,,,True,train,5.9738026,0.0,0.48013468013468014,0.15429424,0.11616161616161616,0.093340665,26.481317729560615
CeleBr00,brent-celek-1,00-0025549,Brent Celek,TE,2007,5,162,PHI,cincinnati,,,,,,,,,,,,,,,,,,,,35.0,35.0,175.0,0,0,9,False,skill_pass,False,True,True,True,14.86,0,1,True,,,,,,,,,,,,,,,,,0,0,1,,,,True,,,,True,train,7.603708,-0.8402314,0.3053872053872054,0.16523042,0.2962962962962963,0.118807934,23.82218140190599
DaviCr00,craig-davis-1,00-0025417,Craig Davis,WR,2007,1,30,SDG,louisiana state,,,,,,,,,,,,,,,,,,,,7.0,7.0,25.0,0,0,0,False,skill_pass,False,True,True,True,79.09,1,0,True,,,,,,,,,,,,,,,,,0,1,0,,,,True,,,,True,train,32.04908,-4.274414,0.10235690235690235,0.40190208,0.8855218855218855,0.5007669,39.858093459598145
HallDa00,dante-hall-1,00-0019539,Dante Hall,WR,2000,5,153,KAN,texas a&m,,,,,,,,,,,,,,,,,,,,29.0,28.0,112.0,2,1,0,False,skill_pass,False,True,True,True,17.63,0,1,True,,,,,,,,,,,,,,,,,0,1,0,,,,True,,,,True,train,7.603708,-0.8402314,0.3053872053872054,0.16523042,0.2962962962962963,0.118807934,23.82218140190599
HallRo02,roy-hall-1,00-0025556,Roy Hall,WR,2007,5,169,IND,ohio st.,,,,,,,,,,,,,,,,,,,,0.0,0.0,7.0,0,0,0,False,skill_pass,False,True,True,True,12.87,0,1,True,,,,,,,,,,,,,,,,,0,1,0,,,,True,,,,True,train,7.4826565,-0.96128273,0.28215488215488216,0.16439731,0.2750841750841751,0.116916515,22.414155482116975
DixoRo00,,00-0019662,Ron Dixon,WR,2000,3,73,NYG,lambuth,,,,,,,,,,,,,,,,,,,,6.0,6.0,37.0,0,0,0,False,skill_pass,False,True,True,True,52.59,0,0,True,,,,,,,,,,,,,,,,,0,1,0,,,,True,,,,True,train,15.577425,-2.0871487,0.18451178451178452,0.22773787,0.6417508417508417,0.24339727,29.63819093028905
MurpFr00,frank-murphy-2,00-0019487,Frank Murphy,WR,2000,6,170,CHI,kansas st.,,,,,,,,,,,,,,,,,,,,1.0,,20.0,0,0,0,False,skill_pass,False,True,True,True,12.6,0,1,True,,,,,,,,,,,,,,,,,0,1,0,,,,True,,,,True,train,7.4826565,0.9129176,0.632996632996633,0.16439731,0.2750841750841751,0.116916515,36.44782551578701
WatsJu01,,00-0034386,Justin Watson,WR,2018,5,144,TAM,pennsylvania,,,,,,,,,,,,,,,,,,,,11.0,2.0,93.0,0,0,0,False,skill_pass,False,True,True,True,20.63,0,1,True,,,,,,,,,,,,,,,,,0,1,0,,,,True,,,,True,train,7.912141,-0.53179836,0.36936026936026933,0.16736853,0.32794612794612793,0.1236272,27.153248195846874
StLoBr00,,00-0019681,Brad St. Louis,TE,2000,7,210,CIN,missouri state,,,,,,,,,,,,,,,,,,,,6.0,6.0,144.0,0,0,0,False,skill_pass,False,True,True,True,4.09,0,1,True,,,,,,,,,,,,,,,,,0,0,1,,,,True,,,,True,train,5.9738026,0.0,0.48013468013468014,0.15429424,0.11616161616161616,0.093340665,26.481317729560615
MoorDa03,,00-0033589,David Moore,WR,2017,7,226,SEA,east central (ok),,,,,,,,,,,,,,,,,,,,15.0,12.0,78.0,0,0,2,False,skill_pass,False,True,True,True,1.99,0,1,True,,,,,,,,,,,,,,,,,0,1,0,,,,True,,,,True,train,5.9738026,0.0,0.48013468013468014,0.15429424,0.11616161616161616,0.093340665,26.481317729560615
WynnMi00,milton-wynn-1,00-0020387,Milton Wynn,WR,2001,4,116,STL,washington st.,,,,,,,,,,,,,,,,,,,,1.0,,4.0,0,0,0,False,skill_pass,False,True,True,True,31.48,0,0,True,,,,,,,,,,,,,,,,,0,1,0,,,,True,,,,True,train,8.759648,-1.0948076,0.26464646464646463,0.17335732,0.39595959595959596,0.1368695,24.709587248512594
GathRi00,,00-0033054,Rico Gathers,TE,2016,6,217,DAL,baylor,,,,,,,,,,,,,,,,,,,,0.0,0.0,15.0,0,0,0,False,skill_pass,False,True,True,True,3.08,0,1,True,,,,,,,,,,,,,,,,,0,0,1,,,,True,,,,True,train,5.9738026,-0.5959363,0.3478114478114478,0.15429424,0.11616161616161616,0.093340665,21.18838843663132
DevaSe00,,00-0033080,Seth Devalve,TE,2016,4,138,CLE,princeton,,,,,,,,,,,,,,,,,,,,6.0,5.0,57.0,0,0,0,False,skill_pass,False,True,True,True,22.76,0,0,True,,,,,,,,,,,,,,,,,0,0,1,,,,True,,,,True,train,7.912141,-1.9423151,0.1925925925925926,0.16736853,0.32794612794612793,0.1236272,20.082541125139805
CartJo01,,00-0020343,Jonathan Carter,WR,2001,5,162,NYG,troy,,,,,,,,,,,,,,,,,,,,4.0,0.0,25.0,0,0,0,False,skill_pass,False,True,True,True,14.86,0,1,True,,,,,,,,,,,,,,,,,0,1,0,,,,True,,,,True,train,7.603708,-0.8402314,0.3053872053872054,0.16523042,0.2962962962962963,0.118807934,23.82218140190599
McCaDa00,,00-0020464,Darnerien McCants,WR,2001,5,154,WAS,delaware st.,,,,,,,,,,,,,,,,,,,,7.0,6.0,41.0,0,0,0,False,skill_pass,False,True,True,True,17.31,0,1,True,,,,,,,,,,,,,,,,,0,1,0,,,,True,,,,True,train,7.603708,-0.8402314,0.3053872053872054,0.16523042,0.2962962962962963,0.118807934,23.82218140190599
StanDe00,,00-0025636,Derek Stanley,WR,2007,7,249,STL,wisconsin–whitewater,,,,,,,,,,,,,,,,,,,,1.0,1.0,15.0,0,0,0,False,skill_pass,False,True,True,True,0.29,0,1,True,,,,,,,,,,,,,,,,,0,1,0,,,,True,,,,True,train,5.9738026,0.0,0.48013468013468014,0.15429424,0.11616161616161616,0.093340665,26.481317729560615
SterNe00,,00-0032120,Neal Sterling,WR,2015,7,220,JAX,monmouth,,,,,,,,,,,,,,,,,,,,2.0,1.0,35.0,0,0,0,False,skill_pass,False,True,True,True,2.69,0,1,True,,,,,,,,,,,,,,,,,0,1,0,,,,True,,,,True,train,5.9738026,0.0,0.48013468013468014,0.15429424,0.11616161616161616,0.093340665,26.481317729560615
WillHa20,,00-0023672,Harry Williams,WR,2005,7,240,NYJ,tuskegee,,,,,,,,,,,,,,,,,,,,0.0,0.0,3.0,0,0,0,False,skill_pass,False,True,True,True,0.77,0,1,True,,,,,,,,,,,,,,,,,0,1,0,,,,True,,,,True,train,5.9738026,0.0,0.48013468013468014,0.15429424,0.11616161616161616,0.093340665,26.481317729560615
RidgDa00,dante-ridgeway-1,00-0023625,Dante Ridgeway,WR,2005,6,192,STL,ball st.,,,,,,,,,,,,,,,,,,,,0.0,,8.0,0,0,0,False,skill_pass,False,True,True,True,7.34,0,1,True,,,,,,,,,,,,,,,,,0,1,0,,,,True,,,,True,train,5.9738026,-0.5959363,0.3478114478114478,0.15429424,0.11616161616161616,0.093340665,21.18838843663132
NalbJo00,,00-0026923,John Nalbone,TE,2009,5,161,MIA,monmouth,,,,,,,,,,,,,,,,,,,,0.0,0.0,2.0,0,0,0,False,skill_pass,False,True,True,True,15.16,0,1,True,,,,,,,,,,,,,,,,,0,0,1,,,,True,,,,True,train,7.603708,-0.8402314,0.3053872053872054,0.16523042,0.2962962962962963,0.118807934,23.82218140190599
MillZa02,,00-0027125,Zach Miller,TE,2009,6,180,JAX,nebraska-omaha,,,,,,,,,,,,,,,,,,,,12.0,4.0,66.0,0,0,2,False,skill_pass,False,True,True,True,10.04,0,1,True,,,,,,,,,,,,,,,,,0,0,1,,,,True,,,,True,train,7.4826565,0.9129176,0.632996632996633,0.16439731,0.2750841750841751,0.116916515,36.44782551578701
ElliJa00,,00-0021310,Jamin Elliott,WR,2002,6,203,CHI,delaware,,,,,,,,,,,,,,,,,,,,0.0,0.0,3.0,0,0,0,False,skill_pass,False,True,True,True,5.24,0,1,True,,,,,,,,,,,,,,,,,0,1,0,,,,True,,,,True,train,5.9738026,-0.5959363,0.3478114478114478,0.15429424,0.11616161616161616,0.093340665,21.18838843663132
FletBr00,bryan-fletcher-1,00-0021317,Bryan Fletcher,TE,2002,6,210,CHI,ucla,,,,,,,,,,,,,,,,,,,,8.0,,46.0,0,0,1,False,skill_pass,False,True,True,True,4.09,0,1,True,,,,,,,,,,,,,,,,,0,0,1,,,,True,,,,True,train,5.9738026,-0.5959363,0.3478114478114478,0.15429424,0.11616161616161616,0.093340665,21.18838843663132
NullKe00,,00-0027131,Keith Null,QB,2009,6,196,STL,west texas a&m,,,,,,,,,,,,,,,,,,,,1.0,1.0,4.0,0,0,0,False,skill_pass,False,True,True,True,6.54,0,1,True,,,,,,,,,,,,,,,,,1,0,0,,,,True,,,,True,train,5.9738026,-0.5959363,0.3478114478114478,0.15429424,0.11616161616161616,0.093340665,21.18838843663132
CrayPa00,,00-0022766,Patrick Crayton,WR,2004,7,216,DAL,nw oklahoma st.,,,,,,,,,,,,,,,,,,,,33.0,26.0,105.0,0,0,3,False,skill_pass,False,True,True,True,3.22,0,1,True,,,,,,,,,,,,,,,,,0,1,0,,,,True,,,,True,train,5.9738026,0.0,0.48013468013468014,0.15429424,0.11616161616161616,0.093340665,26.481317729560615
KircDa00,,00-0021973,David Kircus,WR,2003,6,175,DET,grand valley st.,,,,,,,,,,,,,,,,,,,,3.0,1.0,28.0,0,0,0,False,skill_pass,False,True,True,True,11.28,0,1,True,,,,,,,,,,,,,,,,,0,1,0,,,,True,,,,True,train,7.4826565,0.9129176,0.632996632996633,0.16439731,0.2750841750841751,0.116916515,36.44782551578701
MariMa00,,00-0027816,Marc Mariani,WR,2010,7,222,TEN,montana,,,,,,,,,,,,,,,,,,,,5.0,3.0,70.0,1,0,0,False,skill_pass,False,True,True,True,2.45,0,1,True,,,,,,,,,,,,,,,,,0,1,0,,,,True,,,,True,train,5.9738026,0.0,0.48013468013468014,0.15429424,0.11616161616161616,0.093340665,26.481317729560615
HensDr00,drew-henson-1,00-0022181,Drew Henson,QB,2003,6,192,HOU,michigan,,,,,,,,,,,,,,,,,,,,0.0,,9.0,0,0,0,False,skill_pass,False,True,True,True,7.34,0,1,True,,,,,,,,,,,,,,,,,1,0,0,,,,True,,,,True,train,5.9738026,-0.5959363,0.3478114478114478,0.15429424,0.11616161616161616,0.093340665,21.18838843663132
SmitZu00,,00-0022024,Zuriel Smith,WR,2003,6,186,DAL,hampton,,,,,,,,,,,,,,,,,,,,0.0,0.0,9.0,0,0,0,False,skill_pass,False,True,True,True,8.64,0,1,True,,,,,,,,,,,,,,,,,0,1,0,,,,True,,,,True,train,5.9738026,-0.5959363,0.3478114478114478,0.15429424,0.11616161616161616,0.093340665,21.18838843663132
LawrNa00,,00-0022907,Nate Lawrie,TE,2004,6,181,TAM,yale,,,,,,,,,,,,,,,,,,,,0.0,0.0,26.0,0,0,0,False,skill_pass,False,True,True,True,9.8,0,1,True,,,,,,,,,,,,,,,,,0,0,1,,,,True,,,,True,train,5.9738026,-0.5959363,0.3478114478114478,0.15429424,0.11616161616161616,0.093340665,21.18838843663132
ShulMi01,mickey-shuler-1,00-0027809,Mickey Shuler,TE,2010,7,214,MIN,penn st.,,,,,,,,,,,,,,,,,,,,0.0,,10.0,0,0,0,False,skill_pass,False,True,True,True,3.5,0,1,True,,,,,,,,,,,,,,,,,0,0,1,,,,True,,,,True,train,5.9738026,0.0,0.48013468013468014,0.15429424,0.11616161616161616,0.093340665,26.481317729560615
FordCa00,carl-ford-1,00-0021968,Carl Ford,WR,2003,7,256,GNB,toledo,,,,,,,,,,,,,,,,,,,,0.0,,10.0,0,0,0,False,skill_pass,False,True,True,True,0.07,0,1,True,,,,,,,,,,,,,,,,,0,1,0,,,,True,,,,True,train,5.9738026,0.0,0.48013468013468014,0.15429424,0.11616161616161616,0.093340665,26.481317729560615
WaltKe00,kevin-walter-1,00-0021931,Kevin Walter,WR,2003,7,255,NYG,eastern michigan,,,,,,,,,,,,,,,,,,,,37.0,,152.0,0,0,6,False,skill_pass,False,True,True,True,0.09,0,1,True,,,,,,,,,,,,,,,,,0,1,0,,,,True,,,,True,train,5.9738026,0.0,0.48013468013468014,0.15429424,0.11616161616161616,0.093340665,26.481317729560615
AnguRi00,,00-0022041,Richard Angulo,TE,2003,7,254,STL,western new mexico,,,,,,,,,,,,,,,,,,,,2.0,0.0,27.0,0,0,0,False,skill_pass,False,True,True,True,0.12,0,1,True,,,,,,,,,,,,,,,,,0,0,1,,,,True,,,,True,train,5.9738026,0.0,0.48013468013468014,0.15429424,0.11616161616161616,0.093340665,26.481317729560615
BlacAv00,,00-0019547,Avion Black,WR,2000,4,121,BUF,tennessee st.,,,,,,,,,,,,,,,,,,,,2.0,1.0,27.0,0,0,0,False,skill_pass,False,True,True,True,29.37,0,0,True,,,,,,,,,,,,,,,,,0,1,0,,,,True,,,,True,train,7.912141,-1.9423151,0.1925925925925926,0.16736853,0.32794612794612793,0.1236272,20.082541125139805
ThigTy00,,00-0025604,Tyler Thigpen,QB,2007,7,217,MIN,coastal carolina,,,,,,,,,,,,,,,,,,,,10.0,,29.0,0,0,1,False,skill_pass,False,True,True,True,3.08,0,1,True,,,,,,,,,,,,,,,,,1,0,0,,,,True,,,,True,train,5.9738026,0.0,0.48013468013468014,0.15429424,0.11616161616161616,0.093340665,26.481317729560615
HallAn00,andy-hall-1,00-0022761,Andy Hall,QB,2004,6,185,PHI,delaware,,,,,,,,,,,,,,,,,,,,,,,0,0,0,False,skill_pass,True,True,True,True,8.86,0,1,True,,,,,,,,,,,,,,,,,1,0,0,,,,True,,,,True,train,5.9738026,-0.5959363,0.3478114478114478,0.15429424,0.11616161616161616,0.093340665,21.18838843663132
KellJe21,jeff-kelly-1,00-0021334,Jeff Kelly,QB,2002,7,232,SEA,southern miss,,,,,,,,,,,,,,,,,,,,,,,0,0,0,False,skill_pass,True,True,True,True,1.4,0,1,True,,,,,,,,,,,,,,,,,1,0,0,,,,True,,,,True,train,5.9738026,0.0,0.48013468013468014,0.15429424,0.11616161616161616,0.093340665,26.481317729560615
TeelMi00,mike-teel-1,00-0026927,Mike Teel,QB,2009,6,178,SEA,rutgers,,,,,,,,,,,,,,,,,,,,,,,0,0,0,False,skill_pass,True,True,True,True,10.53,0,1,True,,,,,,,,,,,,,,,,,1,0,0,,,,True,,,,True,train,7.4826565,0.9129176,0.632996632996633,0.16439731,0.2750841750841751,0.116916515,36.44782551578701
MerrMi01,mike-merritt-1,00-0026379,Mike Merritt,TE,2008,7,239,KAN,central florida,,,,,,,,,,,,,,,,,,,,,,,0,0,0,False,skill_pass,True,True,True,True,0.84,0,1,True,,,,,,,,,,,,,,,,,0,0,1,,,,True,,,,True,train,5.9738026,0.0,0.48013468013468014,0.15429424,0.11616161616161616,0.093340665,26.481317729560615
FullDe00,devin-fuller-1,00-0032451,Devin Fuller,WR,2016,7,238,ATL,ucla,,,,,,,,,,,,,,,,,,,,,,,0,0,0,False,skill_pass,True,True,True,True,0.91,0,1,True,,,,,,,,,,,,,,,,,0,1,0,,,,True,,,,True,train,5.9738026,0.0,0.48013468013468014,0.15429424,0.11616161616161616,0.093340665,26.481317729560615
BoehMo00,,00-0032341,Moritz Boehringer,WR,2016,6,180,MIN,,,,,,,,,,,,,,,,,,,,,,,,0,0,0,False,skill_pass,True,True,True,True,10.04,0,1,True,,,,,,,,,,,,,,,,,0,1,0,,,,True,,,,True,train,7.4826565,0.9129176,0.632996632996633,0.16439731,0.2750841750841751,0.116916515,36.44782551578701
ToonTi00,,00-0027846,Tim Toone,WR,2010,7,255,DET,weber st.,,,,,,,,,,,,,,,,,,,,,,,0,0,0,False,skill_pass,True,True,True,True,0.09,0,1,True,,,,,,,,,,,,,,,,,0,1,0,,,,True,,,,True,train,5.9738026,0.0,0.48013468013468014,0.15429424,0.11616161616161616,0.093340665,26.481317729560615
SherMa00,,00-0026347,Matt Sherry,TE,2008,6,207,CIN,villanova,,,,,,,,,,,,,,,,,,,,,,,0,0,0,False,skill_pass,True,True,True,True,4.57,0,1,True,,,,,,,,,,,,,,,,,0,0,1,,,,True,,,,True,train,5.9738026,-0.5959363,0.3478114478114478,0.15429424,0.11616161616161616,0.093340665,21.18838843663132
,dj-shockley-1,,D.J. Shockley,QB,2006,7,223,ATL,georgia,,,,,,,,,,,,,,,,,,,,,,,0,0,0,False,skill_pass,True,True,True,True,2.33,0,1,True,,,,,,,,,,,,,,,,,1,0,0,,,,True,,,,True,train,5.9738026,0.0,0.48013468013468014,0.15429424,0.11616161616161616,0.093340665,26.481317729560615
,sherrod-gideon-1,,Sherrod Gideon,WR,2000,6,200,NOR,southern miss,,,,,,,,,,,,,,,,,,,,,,,0,0,0,False,skill_pass,True,True,True,True,5.78,0,1,True,,,,,,,,,,,,,,,,,0,1,0,,,,True,,,,True,train,5.9738026,-0.5959363,0.3478114478114478,0.15429424,0.11616161616161616,0.093340665,21.18838843663132
,josh-harris-2,,Josh Harris,QB,2004,6,187,BAL,bowling green,,,,,,,,,,,,,,,,,,,,,,,0,0,0,False,skill_pass,True,True,True,True,8.41,0,1,True,,,,,,,,,,,,,,,,,1,0,0,,,,True,,,,True,train,5.9738026,-0.5959363,0.3478114478114478,0.15429424,0.11616161616161616,0.093340665,21.18838843663132
,jason-gavadza-1,,Jason Gavadza,TE,2000,6,204,PIT,kent st.,,,,,,,,,,,,,,,,,,,,,,,0,0,0,False,skill_pass,True,True,True,True,5.07,0,1,True,,,,,,,,,,,,,,,,,0,0,1,,,,True,,,,True,train,5.9738026,-0.5959363,0.3478114478114478,0.15429424,0.11616161616161616,0.093340665,21.18838843663132
,rodney-wright-1,,Rodney Wright,WR,2002,7,249,BUF,fresno st.,,,,,,,,,,,,,,,,,,,,,,,0,0,0,False,skill_pass,True,True,True,True,0.29,0,1,True,,,,,,,,,,,,,,,,,0,1,0,,,,True,,,,True,train,5.9738026,0.0,0.48013468013468014,0.15429424,0.11616161616161616,0.093340665,26.481317729560615
,tracey-wistrom-1,,Tracey Wistrom,TE,2002,7,250,TAM,nebraska,,,,,,,,,,,,,,,,,,,,,,,0,0,0,False,skill_pass,True,True,True,True,0.25,0,1,True,,,,,,,,,,,,,,,,,0,0,1,,,,True,,,,True,train,5.9738026,0.0,0.48013468013468014,0.15429424,0.11616161616161616,0.093340665,26.481317729560615
,bj-symons-1,,B.J. Symons,QB,2004,7,248,HOU,texas tech,,,,,,,,,,,,,,,,,,,,,,,0,0,0,False,skill_pass,True,True,True,True,0.33,0,1,True,,,,,,,,,,,,,,,,,1,0,0,,,,True,,,,True,train,5.9738026,0.0,0.48013468013468014,0.15429424,0.11616161616161616,0.093340665,26.481317729560615
,demetrius-byrd-1,,Demetrius Byrd,WR,2009,7,224,SDG,louisiana state,,,,,,,,,,,,,,,,,,,,,,,0,0,0,False,skill_pass,True,True,True,True,2.22,0,1,True,,,,,,,,,,,,,,,,,0,1,0,,,,True,,,,True,train,5.9738026,0.0,0.48013468013468014,0.15429424,0.11616161616161616,0.093340665,26.481317729560615
,derek-abney-1,,Derek Abney,WR,2004,7,244,BAL,kentucky,,,,,,,,,,,,,,,,,,,,,,,0,0,0,False,skill_pass,True,True,True,True,0.53,0,1,True,,,,,,,,,,,,,,,,,0,1,0,,,,True,,,,True,train,5.9738026,0.0,0.48013468013468014,0.15429424,0.11616161616161616,0.093340665,26.481317729560615
,ethan-howell-1,,Ethan Howell,WR,2000,7,250,WAS,oklahoma st.,,,,,,,,,,,,,,,,,,,,,,,0,0,0,False,skill_pass,True,True,True,True,0.25,0,1,True,,,,,,,,,,,,,,,,,0,1,0,,,,True,,,,True,train,5.9738026,0.0,0.48013468013468014,0.15429424,0.11616161616161616,0.093340665,26.481317729560615
,tyler-ecker-1,,Tyler Ecker,TE,2007,7,216,WAS,michigan,,,,,,,,,,,,,,,,,,,,,,,0,0,0,False,skill_pass,True,True,True,True,3.22,0,1,True,,,,,,,,,,,,,,,,,0,0,1,,,,True,,,,True,train,5.9738026,0.0,0.48013468013468014,0.15429424,0.11616161616161616,0.093340665,26.481317729560615
,kareem-kelly-1,,Kareem Kelly,WR,2003,6,203,NOR,southern california,,,,,,,,,,,,,,,,,,,,,,,0,0,0,False,skill_pass,True,True,True,True,5.24,0,1,True,,,,,,,,,,,,,,,,,0,1,0,,,,True,,,,True,train,5.9738026,-0.5959363,0.3478114478114478,0.15429424,0.11616161616161616,0.093340665,21.18838843663132
,erik-jensen-1,,Erik Jensen,TE,2004,7,237,STL,iowa,,,,,,,,,,,,,,,,,,,,,,,0,0,0,False,skill_pass,True,True,True,True,0.98,0,1,True,,,,,,,,,,,,,,,,,0,0,1,,,,True,,,,True,train,5.9738026,0.0,0.48013468013468014,0.15429424,0.11616161616161616,0.093340665,26.481317729560615
,deandrew-rubin-1,,DeAndrew Rubin,WR,2003,7,253,GNB,south florida,,,,,,,,,,,,,,,,,,,,,,,0,0,0,False,skill_pass,True,True,True,True,0.15,0,1,True,,,,,,,,,,,,,,,,,0,1,0,,,,True,,,,True,train,5.9738026,0.0,0.48013468013468014,0.15429424,0.11616161616161616,0.093340665,26.481317729560615
,jeff-smoker-1,,Jeff Smoker,QB,2004,6,201,STL,michigan st.,,,,,,,,,,,,,,,,,,,,,,,0,0,0,False,skill_pass,True,True,True,True,5.6,0,1,True,,,,,,,,,,,,,,,,,1,0,0,,,,True,,,,True,train,5.9738026,-0.5959363,0.3478114478114478,0.15429424,0.11616161616161616,0.093340665,21.18838843663132
,jeris-mcintyre-1,,Jeris McIntyre,WR,2004,6,195,KAN,auburn,,,,,,,,,,,,,,,,,,,,,,,0,0,0,False,skill_pass,True,True,True,True,6.74,0,1,True,,,,,,,,,,,,,,,,,0,1,0,,,,True,,,,True,train,5.9738026,-0.5959363,0.3478114478114478,0.15429424,0.11616161616161616,0.093340665,21.18838843663132
,jon-olinger-1,,Jon Olinger,WR,2003,5,159,ATL,cincinnati,,,,,,,,,,,,,,,,,,,,,,,0,0,0,False,skill_pass,True,True,True,True,15.76,0,1,True,,,,,,,,,,,,,,,,,0,1,0,,,,True,,,,True,train,7.603708,-0.8402314,0.3053872053872054,0.16523042,0.2962962962962963,0.118807934,23.82218140190599
,jr-tolver-1,,J.R. Tolver,WR,2003,5,169,MIA,san diego st.,,,,,,,,,,,,,,,,,,,,,,,0,0,0,False,skill_pass,True,True,True,True,12.87,0,1,True,,,,,,,,,,,,,,,,,0,1,0,,,,True,,,,True,train,7.4826565,-0.96128273,0.28215488215488216,0.16439731,0.2750841750841751,0.116916515,22.414155482116975
,derek-kinder-1,,Derek Kinder,WR,2009,7,251,CHI,pittsburgh,,,,,,,,,,,,,,,,,,,,,,,0,0,0,False,skill_pass,True,True,True,True,0.21,0,1,True,,,,,,,,,,,,,,,,,0,1,0,,,,True,,,,True,train,5.9738026,0.0,0.48013468013468014,0.15429424,0.11616161616161616,0.093340665,26.481317729560615
,freddie-brown-2,,Freddie Brown,WR,2009,7,252,CIN,utah,,,,,,,,,,,,,,,,,,,,,,,0,0,0,False,skill_pass,True,True,True,True,0.18,0,1,True,,,,,,,,,,,,,,,,,0,1,0,,,,True,,,,True,train,5.9738026,0.0,0.48013468013468014,0.15429424,0.11616161616161616,0.093340665,26.481317729560615
,bennie-brazell-1,,Bennie Brazell,WR,2006,7,231,CIN,louisiana state,,,,,,,,,,,,,,,,,,,,,,,0,0,0,False,skill_pass,True,True,True,True,1.49,0,1,True,,,,,,,,,,,,,,,,,0,1,0,,,,True,,,,True,train,5.9738026,0.0,0.48013468013468014,0.15429424,0.11616161616161616,0.093340665,26.481317729560615
,joel-filani-1,,Joel Filani,WR,2007,6,188,TEN,texas tech,,,,,,,,,,,,,,,,,,,,,,,0,0,0,False,skill_pass,True,True,True,True,8.19,0,1,True,,,,,,,,,,,,,,,,,0,1,0,,,,True,,,,True,train,5.9738026,-0.5959363,0.3478114478114478,0.15429424,0.11616161616161616,0.093340665,21.18838843663132
,david-greene-1,,David Greene,QB,2005,3,85,SEA,georgia,,,,,,,,,,,,,,,,,,,,,,,0,0,0,False,skill_pass,True,True,True,True,46.16,0,0,True,,,,,,,,,,,,,,,,,1,0,0,,,,True,,,,True,train,10.884118,-6.7804556,0.056902356902356906,0.18911143,0.5336700336700336,0.17006435,20.13301060250913
,fred-gibson-1,,Fred Gibson,WR,2005,4,131,PIT,georgia,,,,,,,,,,,,,,,,,,,,,,,0,0,0,False,skill_pass,True,True,True,True,25.38,0,0,True,,,,,,,,,,,,,,,,,0,1,0,,,,True,,,,True,train,7.912141,-1.9423151,0.1925925925925926,0.16736853,0.32794612794612793,0.1236272,20.082541125139805
,stefan-lefors-1,,Stefan Lefors,QB,2005,4,121,CAR,louisville,,,,,,,,,,,,,,,,,,,,,,,0,0,0,False,skill_pass,True,True,True,True,29.37,0,0,True,,,,,,,,,,,,,,,,,1,0,0,,,,True,,,,True,train,7.912141,-1.9423151,0.1925925925925926,0.16736853,0.32794612794612793,0.1236272,20.082541125139805
,chase-lyman-1,,Chase Lyman,WR,2005,4,118,NOR,california,,,,,,,,,,,,,,,,,,,,,,,0,0,0,False,skill_pass,True,True,True,True,30.63,0,0,True,,,,,,,,,,,,,,,,,0,1,0,,,,True,,,,True,train,8.759648,-1.0948076,0.26464646464646463,0.17335732,0.39595959595959596,0.1368695,24.709587248512594
,steve-bellisari-1,,Steve Bellisari,QB,2002,6,205,STL,ohio st.,,,,,,,,,,,,,,,,,,,,,,,0,0,0,False,skill_pass,True,True,True,True,4.9,0,1,True,,,,,,,,,,,,,,,,,1,0,0,,,,True,,,,True,train,5.9738026,-0.5959363,0.3478114478114478,0.15429424,0.11616161616161616,0.093340665,21.18838843663132
,chandler-williams-1,,Chandler Williams,WR,2007,7,233,MIN,florida international,,,,,,,,,,,,,,,,,,,,,,,0,0,0,False,skill_pass,True,True,True,True,1.31,0,1,True,,,,,,,,,,,,,,,,,0,1,0,,,,True,,,,True,train,5.9738026,0.0,0.48013468013468014,0.15429424,0.11616161616161616,0.093340665,26.481317729560615
,tj-williams-2,,T.J. Williams,TE,2006,6,202,TAM,north carolina st.,,,,,,,,,,,,,,,,,,,,,,,0,0,0,False,skill_pass,True,True,True,True,5.42,0,1,True,,,,,,,,,,,,,,,,,0,0,1,,,,True,,,,True,train,5.9738026,-0.5959363,0.3478114478114478,0.15429424,0.11616161616161616,0.093340665,21.18838843663132
,aaron-lockett-1,,Aaron Lockett,WR,2002,7,254,TAM,kansas st.,,,,,,,,,,,,,,,,,,,,,,,0,0,0,False,skill_pass,True,True,True,True,0.12,0,1,True,,,,,,,,,,,,,,,,,0,1,0,,,,True,,,,True,train,5.9738026,0.0,0.48013468013468014,0.15429424,0.11616161616161616,0.093340665,26.481317729560615
,cory-rodgers-1,,Cory Rodgers,WR,2006,4,104,GNB,texas christian,,,,,,,,,,,,,,,,,,,,,,,0,0,0,False,skill_pass,True,True,True,True,36.83,0,0,True,,,,,,,,,,,,,,,,,0,1,0,,,,True,,,,True,train,8.862408,-0.99204826,0.2767676767676768,0.17409486,0.40606060606060607,0.13847512,25.44331896974884
,bobby-newcombe-1,,Bobby Newcombe,WR,2001,6,166,ARI,nebraska,,,,,,,,,,,,,,,,,,,,,,,0,0,0,False,skill_pass,True,True,True,True,13.71,0,1,True,,,,,,,,,,,,,,,,,0,1,0,,,,True,,,,True,train,7.603708,1.0339689,0.6498316498316499,0.16523042,0.2962962962962963,0.118807934,37.59995917968377
,josh-booty-1,,Josh Booty,QB,2001,6,172,SEA,louisiana state,,,,,,,,,,,,,,,,,,,,,,,0,0,0,False,skill_pass,True,True,True,True,12.06,0,1,True,,,,,,,,,,,,,,,,,1,0,0,,,,True,,,,True,train,7.4826565,0.9129176,0.632996632996633,0.16439731,0.2750841750841751,0.116916515,36.44782551578701
,josh-heupel-1,,Josh Heupel,QB,2001,6,177,MIA,oklahoma,,,,,,,,,,,,,,,,,,,,,,,0,0,0,False,skill_pass,True,True,True,True,10.77,0,1,True,,,,,,,,,,,,,,,,,1,0,0,,,,True,,,,True,train,7.4826565,0.9129176,0.632996632996633,0.16439731,0.2750841750841751,0.116916515,36.44782551578701
,craig-bragg-1,,Craig Bragg,WR,2005,6,195,GNB,ucla,,,,,,,,,,,,,,,,,,,,,,,0,0,0,False,skill_pass,True,True,True,True,6.74,0,1,True,,,,,,,,,,,,,,,,,0,1,0,,,,True,,,,True,train,5.9738026,-0.5959363,0.3478114478114478,0.15429424,0.11616161616161616,0.093340665,21.18838843663132
,charles-davis-1,,Charles Davis,TE,2006,5,167,PIT,purdue,,,,,,,,,,,,,,,,,,,,,,,0,0,0,False,skill_pass,True,True,True,True,13.43,0,1,True,,,,,,,,,,,,,,,,,0,0,1,,,,True,,,,True,train,7.5100436,-0.9338956,0.2868686868686869,0.1645855,0.2814814814814815,0.117344424,22.742975755070997
,bob-slowikowski-1,,Bob Slowikowski,TE,2002,6,211,DAL,virginia tech,,,,,,,,,,,,,,,,,,,,,,,0,0,0,False,skill_pass,True,True,True,True,3.94,0,1,True,,,,,,,,,,,,,,,,,0,0,1,,,,True,,,,True,train,5.9738026,-0.5959363,0.3478114478114478,0.15429424,0.11616161616161616,0.093340665,21.18838843663132
,omar-jacobs-1,,Omar Jacobs,QB,2006,5,164,PIT,bowling green,,,,,,,,,,,,,,,,,,,,,,,0,0,0,False,skill_pass,True,True,True,True,14.28,0,1,True,,,,,,,,,,,,,,,,,1,0,0,,,,True,,,,True,train,7.603708,-0.8402314,0.3053872053872054,0.16523042,0.2962962962962963,0.118807934,23.82218140190599
,jonathan-orr-1,,Jonathan Orr,WR,2006,6,172,TEN,wisconsin,,,,,,,,,,,,,,,,,,,,,,,0,0,0,False,skill_pass,True,True,True,True,12.06,0,1,True,,,,,,,,,,,,,,,,,0,1,0,,,,True,,,,True,train,7.4826565,0.9129176,0.632996632996633,0.16439731,0.2750841750841751,0.116916515,36.44782551578701
,travis-anglin-1,,Travis Anglin,WR,2003,7,260,DET,memphis,,,,,,,,,,,,,,,,,,,,,,,0,0,0,False,skill_pass,True,True,True,True,0.01,0,1,True,,,,,,,,,,,,,,,,,0,1,0,,,,True,,,,True,train,5.9738026,0.0,0.48013468013468014,0.15429424,0.11616161616161616,0.093340665,26.481317729560615
,brandon-doman-1,,Brandon Doman,QB,2002,5,163,SFO,byu,,,,,,,,,,,,,,,,,,,,,,,0,0,0,False,skill_pass,True,True,True,True,14.57,0,1,True,,,,,,,,,,,,,,,,,1,0,0,,,,True,,,,True,train,7.603708,-0.8402314,0.3053872053872054,0.16523042,0.2962962962962963,0.118807934,23.82218140190599
,freddie-milons-1,,Freddie Milons,WR,2002,5,162,PHI,alabama,,,,,,,,,,,,,,,,,,,,,,,0,0,0,False,skill_pass,True,True,True,True,14.86,0,1,True,,,,,,,,,,,,,,,,,0,1,0,,,,True,,,,True,train,7.603708,-0.8402314,0.3053872053872054,0.16523042,0.2962962962962963,0.118807934,23.82218140190599
,james-kilian-1,,James Kilian,QB,2005,7,229,KAN,tulsa,,,,,,,,,,,,,,,,,,,,,,,0,0,0,False,skill_pass,True,True,True,True,1.68,0,1,True,,,,,,,,,,,,,,,,,1,0,0,,,,True,,,,True,train,5.9738026,0.0,0.48013468013468014,0.15429424,0.11616161616161616,0.093340665,26.481317729560615
,dauntae-finger-1,,Dauntae' Finger,TE,2001,7,205,TAM,north carolina,,,,,,,,,,,,,,,,,,,,,,,0,0,0,False,skill_pass,True,True,True,True,4.9,0,1,True,,,,,,,,,,,,,,,,,0,0,1,,,,True,,,,True,train,5.9738026,0.0,0.48013468013468014,0.15429424,0.11616161616161616,0.093340665,26.481317729560615
,tony-jackson-2,,Tony Jackson,TE,2005,6,196,SEA,iowa,,,,,,,,,,,,,,,,,,,,,,,0,0,0,False,skill_pass,True,True,True,True,6.54,0,1,True,,,,,,,,,,,,,,,,,0,0,1,,,,True,,,,True,train,5.9738026,-0.5959363,0.3478114478114478,0.15429424,0.11616161616161616,0.093340665,21.18838843663132
,marquise-walker-1,,Marquis Walker,WR,2002,3,86,TAM,michigan,,,,,,,,,,,,,,,,,,,,,,,0,0,0,False,skill_pass,True,True,True,True,45.64,0,0,True,,,,,,,,,,,,,,,,,0,1,0,,,,True,,,,True,train,10.884118,-6.7804556,0.056902356902356906,0.18911143,0.5336700336700336,0.17006435,20.13301060250913
,eric-crouch-1,,Eric Crouch,WR,2002,3,95,STL,nebraska,,,,,,,,,,,,,,,,,,,,,,,0,0,0,False,skill_pass,True,True,True,True,41.12,0,0,True,,,,,,,,,,,,,,,,,0,1,0,,,,True,,,,True,train,9.850818,-7.813756,0.03838383838383838,0.18131566,0.48148148148148145,0.15391903,17.869677197652234
,tevita-ofahengaue-1,,Tevita Ofahengaue,TE,2001,7,246,ARI,byu,,,,,,,,,,,,,,,,,,,,,,,0,0,0,False,skill_pass,True,True,True,True,0.42,0,1,True,,,,,,,,,,,,,,,,,0,0,1,,,,True,,,,True,train,5.9738026,0.0,0.48013468013468014,0.15429424,0.11616161616161616,0.093340665,26.481317729560615
,anthony-lucas-1,,Anthony Lucas,WR,2000,4,114,GNB,arkansas,,,,,,,,,,,,,,,,,,,,,,,0,0,0,False,skill_pass,True,True,True,True,32.34,0,0,True,,,,,,,,,,,,,,,,,0,1,0,,,,True,,,,True,train,8.759648,-1.0948076,0.26464646464646463,0.17335732,0.39595959595959596,0.1368695,24.709587248512594
,,,Kevin McMahan,WR,2006,7,255,OAK,maine,,,,,,,,,,,,,,,,,,,,,,,0,0,0,False,skill_pass,True,True,True,True,0.09,0,1,True,,,,,,,,,,,,,,,,,0,1,0,,,,True,,,,True,train,5.9738026,0.0,0.48013468013468014,0.15429424,0.11616161616161616,0.093340665,26.481317729560615
,,,Muneer Moore,WR,2000,5,154,DEN,richmond,,,,,,,,,,,,,,,,,,,,,,,0,0,0,False,skill_pass,True,True,True,True,17.31,0,1,True,,,,,,,,,,,,,,,,,0,1,0,,,,True,,,,True,train,7.603708,-0.8402314,0.3053872053872054,0.16523042,0.2962962962962963,0.118807934,23.82218140190599
,,,Richmond Flowers III,WR,2001,7,235,JAX,chattanooga,,,,,,,,,,,,,,,,,,,,,,,0,0,0,False,skill_pass,True,True,True,True,1.14,0,1,True,,,,,,,,,,,,,,,,,0,1,0,,,,True,,,,True,train,5.9738026,0.0,0.48013468013468014,0.15429424,0.11616161616161616,0.093340665,26.481317729560615
,,,J.R. Russell,WR,2005,7,253,TAM,louisville,,,,,,,,,,,,,,,,,,,,,,,0,0,0,False,skill_pass,True,True,True,True,0.15,0,1,True,,,,,,,,,,,,,,,,,0,1,0,,,,True,,,,True,train,5.9738026,0.0,0.48013468013468014,0.15429424,0.11616161616161616,0.093340665,26.481317729560615
,,,Andy Stokes,TE,2005,7,255,NWE,william penn,,,,,,,,,,,,,,,,,,,,,,,0,0,0,False,skill_pass,True,True,True,True,0.09,0,1,True,,,,,,,,,,,,,,,,,0,0,1,,,,True,,,,True,train,5.9738026,0.0,0.48013468013468014,0.15429424,0.11616161616161616,0.093340665,26.481317729560615
,,,Francis St. Paul,WR,2001,6,197,STL,northern arizona,,,,,,,,,,,,,,,,,,,,,,,0,0,0,False,skill_pass,True,True,True,True,6.35,0,1,True,,,,,,,,,,,,,,,,,0,1,0,,,,True,,,,True,train,5.9738026,-0.5959363,0.3478114478114478,0.15429424,0.11616161616161616,0.093340665,21.18838843663132
,,,John Capel,WR,2001,7,208,CHI,florida,,,,,,,,,,,,,,,,,,,,,,,0,0,0,False,skill_pass,True,True,True,True,4.41,0,1,True,,,,,,,,,,,,,,,,,0,1,0,,,,True,,,,True,train,5.9738026,0.0,0.48013468013468014,0.15429424,0.11616161616161616,0.093340665,26.481317729560615
,,,Arther Love,TE,2001,6,180,NWE,south carolina st.,,,,,,,,,,,,,,,,,,,,,,,0,0,0,False,skill_pass,True,True,True,True,10.04,0,1,True,,,,,,,,,,,,,,,,,0,0,1,,,,True,,,,True,train,7.4826565,0.9129176,0.632996632996633,0.16439731,0.2750841750841751,0.116916515,36.44782551578701
,,,Ryan Hoag,WR,2003,7,262,OAK,gustavus adolphus,,,,,,,,,,,,,,,,,,,,,,,0,0,0,False,skill_pass,True,True,True,True,0.0,0,1,True,,,,,,,,,,,,,,,,,0,1,0,,,,True,,,,True,train,5.9738026,0.0,0.48013468013468014,0.15429424,0.11616161616161616,0.093340665,26.481317729560615
,,,Terry Charles,WR,2002,5,142,SDG,portland st.,,,,,,,,,,,,,,,,,,,,,,,0,0,0,False,skill_pass,True,True,True,True,21.33,0,1,True,,,,,,,,,,,,,,,,,0,1,0,,,,True,,,,True,train,7.912141,-0.53179836,0.36936026936026933,0.16736853,0.32794612794612793,0.1236272,27.153248195846874
,,,Michael Allan,TE,2007,7,231,KAN,whitworth,,,,,,,,,,,,,,,,,,,,,,,0,0,0,False,skill_pass,True,True,True,True,1.49,0,1,True,,,,,,,,,,,,,,,,,0,0,1,,,,True,,,,True,train,5.9738026,0.0,0.48013468013468014,0.15429424,0.11616161616161616,0.093340665,26.481317729560615
,,,Onomo Ojo,WR,2001,5,153,NOR,uc davis,,,,,,,,,,,,,,,,,,,,,,,0,0,0,False,skill_pass,True,True,True,True,17.63,0,1,True,,,,,,,,,,,,,,,,,0,1,0,,,,True,,,,True,train,7.603708,-0.8402314,0.3053872053872054,0.16523042,0.2962962962962963,0.118807934,23.82218140190599
,,,Larry Brackins,WR,2005,5,155,TAM,pearl river cc,,,,,,,,,,,,,,,,,,,,,,,0,0,0,False,skill_pass,True,True,True,True,16.99,0,1,True,,,,,,,,,,,,,,,,,0,1,0,,,,True,,,,True,train,7.603708,-0.8402314,0.3053872053872054,0.16523042,0.2962962962962963,0.118807934,23.82218140190599
,,,John David Booty,QB,2008,5,137,MIN,southern california,,,,,,,,,,,,,,,,,,,,,,,0,0,0,False,skill_pass,True,True,True,True,23.13,0,1,True,,,,,,,,,,,,,,,,,1,0,0,,,,True,,,,True,train,7.912141,-0.53179836,0.36936026936026933,0.16736853,0.32794612794612793,0.1236272,27.153248195846874
,,,Seth Burford,QB,2002,7,216,SDG,cal poly-san luis obispo,,,,,,,,,,,,,,,,,,,,,,,0,0,0,False,skill_pass,True,True,True,True,3.22,0,1,True,,,,,,,,,,,,,,,,,1,0,0,,,,True,,,,True,train,5.9738026,0.0,0.48013468013468014,0.15429424,0.11616161616161616,0.093340665,26.481317729560615
,,,Michael Coleman,WR,2002,7,217,ATL,widener,,,,,,,,,,,,,,,,,,,,,,,0,0,0,False,skill_pass,True,True,True,True,3.08,0,1,True,,,,,,,,,,,,,,,,,0,1,0,,,,True,,,,True,train,5.9738026,0.0,0.48013468013468014,0.15429424,0.11616161616161616,0.093340665,26.481317729560615
,,,Adrian McPherson,QB,2005,5,152,NOR,florida st.,,,,,,,,,,,,,,,,,,,,,,,0,0,0,False,skill_pass,True,True,True,True,17.95,0,1,True,,,,,,,,,,,,,,,,,1,0,0,,,,True,,,,True,train,7.603708,-0.8402314,0.3053872053872054,0.16523042,0.2962962962962963,0.118807934,23.82218140190599
,,,Wes Pate,QB,2002,7,236,BAL,s.f. austin,,,,,,,,,,,,,,,,,,,,,,,0,0,0,False,skill_pass,True,True,True,True,1.06,0,1,True,,,,,,,,,,,,,,,,,1,0,0,,,,True,,,,True,train,5.9738026,0.0,0.48013468013468014,0.15429424,0.11616161616161616,0.093340665,26.481317729560615
,,,DeVeren Johnson,WR,2002,6,208,DAL,sacred heart,,,,,,,,,,,,,,,,,,,,,,,0,0,0,False,skill_pass,True,True,True,True,4.41,0,1,True,,,,,,,,,,,,,,,,,0,1,0,,,,True,,,,True,train,5.9738026,-0.5959363,0.3478114478114478,0.15429424,0.11616161616161616,0.093340665,21.18838843663132
,,,Giles Cole,TE,2000,7,244,MIN,texas a&m-kingsville,,,,,,,,,,,,,,,,,,,,,,,0,0,0,False,skill_pass,True,True,True,True,0.53,0,1,True,,,,,,,,,,,,,,,,,0,0,1,,,,True,,,,True,train,5.9738026,0.0,0.48013468013468014,0.15429424,0.11616161616161616,0.093340665,26.481317729560615
,,,Leroy Fields,WR,2000,7,246,DEN,jackson st.,,,,,,,,,,,,,,,,,,,,,,,0,0,0,False,skill_pass,True,True,True,True,0.42,0,1,True,,,,,,,,,,,,,,,,,0,1,0,,,,True,,,,True,train,5.9738026,0.0,0.48013468013468014,0.15429424,0.11616161616161616,0.093340665,26.481317729560615
,,,Casey Bramlet,QB,2004,7,218,CIN,wyoming,,,,,,,,,,,,,,,,,,,,,,,0,0,0,False,skill_pass,True,True,True,True,2.95,0,1,True,,,,,,,,,,,,,,,,,1,0,0,,,,True,,,,True,train,5.9738026,0.0,0.48013468013468014,0.15429424,0.11616161616161616,0.093340665,26.481317729560615
,,,Joey Jamison,WR,2000,5,151,GNB,texas southern,,,,,,,,,,,,,,,,,,,,,,,0,0,0,False,skill_pass,True,True,True,True,18.27,0,1,True,,,,,,,,,,,,,,,,,0,1,0,,,,True,,,,True,train,7.603708,-0.8402314,0.3053872053872054,0.16523042,0.2962962962962963,0.118807934,23.82218140190599
,,,JaJuan Seider,QB,2000,6,205,SDG,florida a&m,,,,,,,,,,,,,,,,,,,,,,,0,0,0,False,skill_pass,True,True,True,True,4.9,0,1,True,,,,,,,,,,,,,,,,,1,0,0,,,,True,,,,True,train,5.9738026,-0.5959363,0.3478114478114478,0.15429424,0.11616161616161616,0.093340665,21.18838843663132
,,,Desmond Kitchings,WR,2000,7,208,KAN,furman,,,,,,,,,,,,,,,,,,,,,,,0,0,0,False,skill_pass,True,True,True,True,4.41,0,1,True,,,,,,,,,,,,,,,,,0,1,0,,,,True,,,,True,train,5.9738026,0.0,0.48013468013468014,0.15429424,0.11616161616161616,0.093340665,26.481317729560615
,,,Giovanni Carmazzi,QB,2000,3,65,SFO,hofstra,,,,,,,,,,,,,,,,,,,,,,,0,0,0,False,skill_pass,True,True,True,True,57.11,0,0,True,,,,,,,,,,,,,,,,,1,0,0,,,,True,,,,True,train,15.937536,-1.7270374,0.20673400673400674,0.23092008,0.6444444444444445,0.249024,30.75713090954807
BrowDy00,dyami-brown-1,00-0036626,Dyami Brown,WR,2021,3,82,WAS,north carolina,72.0,189.0,4.46,35.0,128.0,18.0,6.87,4.35,1.0,1.0,18.0,0.0,0.0,1.0,2.0,0.0,175154.0,17310341084.0,1128.0,7.0,6.0,77.0,0,0,0,False,skill_pass,False,False,False,False,47.73,0,0,True,95.53276880501686,81.5,5.609999999999999,25.63020833333333,-0.8239222488023566,-1.2175468084116272,-0.7871081788864059,0.1807323661737498,1.392341931565794,0.0554795777207801,-0.6806660029367718,0.5766702053231468,-0.1619101255352828,1.0518509150278028,-0.1786594495906498,-1.1956025886397643,0,1,0,0.999999999884462,98829.26501250328,0.0064400470443152,False,,,,False,holdout,18.441996,0.77742195,0.6141414141414141,0.25390357,0.6821548821548822,0.28815618,49.04994912154547
RodgAm00,amari-rodgers-1,00-0036991,Amari Rodgers,WR,2021,3,85,GNB,clemson,69.0,212.0,4.52,33.0,121.0,19.0,7.07,4.31,1.0,111.0,8.0,0.0,0.0,312.0,-9550.0,1.0,19553077.0,1235754261020.0,447.0,2.0,1.0,35.0,0,0,0,False,skill_pass,False,False,False,False,46.16,0,0,True,101.58091427189676,77.0,5.69,31.30350766645663,-2.0176940404004347,-0.3085992823284858,-0.4789466221832755,-0.3751456684323677,0.4280344453930183,0.2475566005874208,0.1851846466918963,0.3306492151300895,0.327063671750457,0.1651172900128861,0.2757990545834882,1.566295013358019,0,1,0,1.0,63199.98949628235,2.286085202855796e-05,False,,,,False,holdout,10.245024,-7.41955,0.04579124579124579,0.18425985,0.503030303030303,0.1600785,18.779022743204226
PearRi00,ricky-pearsall-1,00-0039916,Ricky Pearsall,WR,2024,1,31,SFO,florida,73.0,189.0,4.41,42.0,129.0,17.0,6.64,4.05,12.0,12.0,5259.0,1.0,0.0,13683.0,1334411362.0,1112.0,76483364.0,12886580661970.0,1454.0,8.0,8.0,20.0,0,0,0,False,skill_pass,False,False,False,False,78.41,1,0,True,99.93956204954831,85.5,5.345,24.93282041658848,-0.4259983182696639,-1.2175468084116272,-1.0439094761390153,2.126305487295161,1.5301001438761903,-0.1365974451458606,-1.676394250009741,-1.2684872211247809,0.1943654366897952,1.8400585817077288,-1.6840532446674787,-1.5351076811481603,0,1,0,0.9998964602610736,168488.6750270294,1.901067008506582e-05,False,,,,False,holdout,35.96025,-0.3632431,0.39865319865319865,0.44967413,0.9198653198653198,0.5618789,54.57449577221966
ToneKa00,kadarius-toney-1,00-0036913,Kadarius Toney,WR,2021,1,20,NYG,florida,71.0,193.0,4.39,39.5,136.0,9.0,6.88,4.25,1101.0,2112.0,5020012.0,100.0,0.0,14211219.0,12024059161.0,1001.0,15251070.0,152260194984.0,1110.0,7.0,3.0,35.0,0,0,0,False,skill_pass,False,False,False,False,86.02,1,0,True,103.9271992805768,87.75,5.565,26.915096211069237,-1.2218461793350492,-1.0594689777884725,-1.1466299950400618,1.4314579440375144,2.494407630048966,-1.6732136280789869,-0.6373734704553393,-0.0383822701594938,0.5167535356089596,2.283425394215187,-0.4342923581886018,-0.5700884847680161,0,1,0,0.9268094241680194,9983.574594044876,7.278177858996123e-05,False,,,,False,holdout,36.841457,0.5179634,0.5797979797979798,0.46060008,0.9292929292929293,0.5756478,62.502734469042885
BellRo01,ronnie-bell-3,00-0038647,Ronnie Bell,WR,2023,7,253,SFO,michigan,72.0,191.0,4.54,38.5,120.0,14.0,6.98,4.15,0.0,1.0,0.0,0.0,0.0,513.0,-2923.0,1.0,84726162.0,14574740176889.0,21114.0,1.0,1.0,28.0,0,0,0,False,skill_pass,False,False,False,False,0.15,0,1,True,89.91661549614079,79.25,5.565,25.901427469135804,-0.8239222488023566,-1.1385078931000496,-0.3762261032822289,1.1535189267344557,0.2902762330826218,-0.712828513745783,-0.2044481456410033,-0.6534347456421347,-0.6159586970549542,0.6084841025203445,-0.4342923581885968,-1.063566636223982,0,1,0,1.0,172021.72071583982,0.0002492028377256,False,,,,False,holdout,7.7049093,1.7311068,0.7158249158249158,0.16592956,0.31043771043771046,0.12038921,40.568126086308695
NewsDa00,dazz-newsome-1,00-0036907,Dazz Newsome,WR,2021,6,221,CHI,north carolina,70.0,190.0,4.59,34.0,121.0,12.0,7.38,4.38,1.0,1.0,43.0,0.0,0.0,8732.0,5296921.0,101.0,18447254.0,2275061018684.0,2106.0,0.0,0.0,3.0,0,0,0,False,skill_pass,False,False,False,False,2.57,0,1,True,85.61164746595347,77.5,5.88,27.259183673469387,-1.619770109867742,-1.1780273507558383,-0.1194248060296195,-0.0972066511293089,0.4280344453930183,-1.0969825594790643,1.5272531536163292,0.7611859479679413,-0.9640020066019273,0.2636432483478769,1.3551380019970671,-0.4025784907629396,0,1,0,0.9999976717509448,123327.89577700832,0.0001141633329274,False,,,,False,holdout,7.2878246,0.71808577,0.6074074074074074,0.16306347,0.2572390572390572,0.11387227,34.97979211817285
WallTy00,tylan-wallace-1,00-0036630,Tylan Wallace,WR,2021,4,131,BAL,oklahoma st.,71.0,194.0,4.48,33.0,112.0,11.0,6.97,4.25,2.0,2.0,21.0,0.0,0.0,111.0,607.0,100.0,7855359.0,1181458903917.0,1286.0,3.0,3.0,68.0,0,0,0,False,skill_pass,False,False,False,False,25.38,0,0,True,96.3207087582322,72.5,5.609999999999999,27.054552668121403,-1.2218461793350492,-1.0199495201326834,-0.6843876599853594,-0.3751456684323677,-0.8117894654005504,-1.2890595823457054,-0.2477406781224396,-0.0383822701594938,-0.0982076248155674,-0.7216163350020306,-0.1786594495906498,-0.5021977510521466,0,1,0,0.9999999994862284,150401.6435043898,0.000163709895372,False,,,,False,holdout,12.123224,2.2687683,0.7609427609427609,0.19879563,0.5777777777777777,0.18942538,49.757686279086954
GrayNo00,noah-gray-1,00-0036637,Noah Gray,TE,2021,5,162,KAN,duke,75.0,240.0,4.55,35.0,115.0,15.0,6.83,4.37,1.0,1.0,11.0,0.0,0.0,2.0,3.0,0.0,5205128.0,37234392278.0,2132.0,11.0,11.0,83.0,0,0,2,False,skill_pass,False,False,False,False,14.86,0,1,True,111.99423066387163,75.0,5.6,29.994666666666667,0.3698495427957216,0.7979455320335993,-0.3248658438317079,0.1807323661737498,-0.3985148284693608,-0.5207514908791422,-0.8538361328625055,0.6996807004196783,1.168947995863537,-0.2289865433270768,-0.2354667626124158,0.9291199576349872,0,0,1,0.9999999999194292,7153.405694922392,0.000409596075255,False,,,,False,holdout,8.50992,0.06598091,0.5151515151515151,0.17157526,0.37643097643097645,0.1329675,34.22553554686532
McCaLu00,luke-mccaffrey-1,00-0039355,Luke McCaffrey,WR,2024,3,100,WAS,rice,74.0,198.0,4.46,36.0,121.0,,6.7,4.02,946310.0,1274622.0,1424383130.0,2120.0,640.0,2462411215.0,166357132148117.0,13210.0,115871.0,125722992.0,613.0,4.0,4.0,26.0,0,0,0,False,skill_pass,False,True,False,False,38.71,0,0,True,100.08194827192244,78.5,5.359999999999999,25.41891891891892,-0.0280743877369711,-0.8618716895095284,-0.7871081788864059,0.4586713834768086,0.4280344453930183,,-1.4166390551211387,-1.4530029637695754,0.2058769210310196,0.4606951650178584,-1.59884227513483,-1.2984633214749943,0,1,0,7.557409493814103e-07,1085.0255197590425,0.0052903660104771,False,,,,False,holdout,14.404009,-3.2605648,0.13198653198653199,0.21758433,0.6222222222222222,0.22506264,26.576845404124423
StevMa00,marquez-stevenson-1,00-0036571,Marquez Stevenson,WR,2021,6,203,BUF,houston,70.0,180.0,4.48,33.0,122.0,,6.76,4.14,1.0,1.0,31.0,0.0,0.0,1493.0,1268916.0,200.0,755220.0,361019907307.0,994.0,0.0,0.0,5.0,0,0,0,False,skill_pass,False,True,False,False,5.24,0,1,True,89.36972977567937,77.5,5.449999999999999,25.824489795918367,-1.619770109867742,-1.573221927313726,-0.6843876599853594,-0.3751456684323677,0.5657926577034149,,-1.1568838602325402,-0.7149399931904031,-0.6601727109009735,0.2636432483478769,-1.0875764579389258,-1.101021732929684,0,1,0,0.9999964852034076,478032.7683416753,0.0013161727708482,False,,,,False,holdout,6.647116,0.07737732,0.5171717171717172,0.15873852,0.20875420875420875,0.10386119,30.1139474047304
TrasKy00,kyle-trask-1,00-0036928,Kyle Trask,QB,2021,2,64,TAM,florida,77.0,236.0,5.1,31.5,113.0,,7.08,4.6,14237301.0,22354437.0,16229414283.0,12543.0,78.0,56364.0,-4850.0,143.0,1.0,4.0,0.0,0.0,0.0,7.0,0,0,0,False,skill_pass,False,True,False,False,57.69,0,0,True,69.76880657352237,72.25,5.84,27.98245909934221,1.165697403861107,0.6398677014104442,2.499948425947005,-0.7920541943869559,-0.6740312530901539,,0.2284771791733288,2.1143013940297544,-2.2448465420694537,-0.7708793141695259,1.1279087499099982,-0.0504707405797051,1,0,0,,,,False,0.6368892672179577,726.0041611873294,160.80769230769232,False,holdout,23.639685,0.09649086,0.5212121212121212,0.30618504,0.7764309764309765,0.36937007,49.88820702369366
McMiJa01,jalen-mcmillan-1,00-0039855,Jalen McMillan,WR,2024,3,92,TAM,washington,73.0,197.0,4.47,37.0,127.0,,6.94,4.18,1.0,12.0,9.0,0.0,0.0,223.0,14230.0,1.0,1397945.0,164701098559.0,395.0,7.0,7.0,17.0,0,0,0,False,skill_pass,False,True,False,False,42.6,0,0,True,98.6884048469653,82.0,5.5600000000000005,25.988177894539312,-0.4259983182696639,-0.9013911471653172,-0.7357479194358849,0.7366104007798674,1.2545837192553977,,-0.377618275566737,-0.4689190029973457,0.0932132584396858,1.1503768733627937,-0.4626960146994797,-1.0213344574113168,0,1,0,0.9999999136010694,117816.5797359696,0.0002825576113509,False,,,,False,holdout,18.277542,0.61296844,0.5905723905723905,0.25234908,0.6794612794612794,0.2855866,47.97083484494325
BookIa00,ian-book-1,00-0036929,Ian Book,QB,2021,4,133,NOR,notre dame,72.0,211.0,4.65,32.5,115.0,,6.99,4.19,46214240228.0,75314399353.0,456262830342830.0,4193415.0,4763.0,3895112117.0,206280546486.0,449.0,1.0,-9.0,0.0,0.0,0.0,1.0,0,0,0,False,skill_pass,False,True,False,False,24.62,0,0,True,90.26110363636344,73.75,5.59,28.613618827160494,-0.8239222488023566,-0.3481187399842746,0.1887367506735154,-0.5141151770838972,-0.3985148284693608,,-0.1611556131595709,-0.4074137554490772,-0.5881078996548278,-0.4753014391645537,-0.2922740756341818,0.256792887933829,1,0,0,,,,False,0.6136175900625986,6058.108864472484,880.4146546294352,False,holdout,15.7407255,5.8862696,0.8848484848484849,0.2291771,0.6430976430976431,0.24594884,57.758411177982794
AustCa00,calvin-austin-iii-1,00-0037837,Calvin Austin III,WR,2022,4,138,PIT,memphis,68.0,170.0,4.32,39.0,135.0,,6.65,4.07,1.0,1.0,7.0,0.0,0.0,1421.0,8331469.0,1101.0,2176374.0,2431510531149.0,3118.0,12.0,12.0,48.0,0,0,0,False,skill_pass,False,True,False,False,22.76,0,0,True,97.62115232452896,87.0,5.36,25.84558823529412,-2.415617970933128,-1.9684165038716133,-1.506151811193713,1.292488435385985,2.356649417738569,,-1.633101717528305,-1.1454767260282497,0.0069292030352283,2.135636456712701,-1.5988422751348248,-1.090750508780174,0,1,0,0.999996573553622,1117230.095171602,0.0014326581736411,False,,,,False,holdout,11.002631,1.1481752,0.6632996632996633,0.19002181,0.5393939393939394,0.17191611,44.558624047773456
ShakKh00,khalil-shakir-1,00-0037261,Khalil Shakir,WR,2022,5,148,BUF,boise st.,72.0,196.0,4.43,34.5,124.0,,7.28,4.21,220.0,221.0,10100.0,10.0,1.0,14191721.0,7066147130.0,1300.0,16635277.0,1708727191117.0,1667.0,25.0,25.0,62.0,0,0,2,False,skill_pass,False,True,False,False,19.27,0,1,True,101.78204258119828,79.25,5.745,26.57947530864197,-0.8239222488023566,-0.940910604821106,-0.9411889572379736,0.0417628575222204,0.8413090823242079,,1.094327828801997,-0.2844032603525513,0.3433242715788461,0.6084841025203445,0.5882392762032111,-0.7334767551845301,0,1,0,0.9958817026663482,102717.08677390825,0.00010020873112,False,,,,False,holdout,9.6467085,1.2027693,0.6686868686868687,0.17980568,0.46936026936026937,0.15072982,42.745390122260915
EhliSa00,sam-ehlinger-1,00-0036879,Sam Ehlinger,QB,2021,6,218,IND,texas,73.0,220.0,4.84,36.5,114.0,,7.15,4.44,158274296194.0,275424454322.0,1915329436632566.0,11253226.0,75105.0,114164163113.0,385482663378.0,21678.0,252.0,505114.0,0.0,2.0,2.0,8.0,0,0,0,False,skill_pass,False,True,False,False,2.95,0,1,True,80.18095597354794,75.25,5.795,29.022330643647965,-0.4259983182696639,0.0075563789178241,1.1645816802334323,0.597640892128338,-0.5362730407797573,,0.5315249065433636,1.13021743325753,-1.4030565656350087,-0.1797235641595814,0.8722758413120462,0.4557635608321091,1,0,0,,,,False,0.5746559309107708,6954.100867141396,149.83324678783038,False,holdout,17.388191,10.818453,0.9353535353535354,0.24405217,0.6653198653198653,0.2716905,61.035391837408646
RiddDe00,desmond-ridder-1,00-0038122,Desmond Ridder,QB,2022,3,74,ATL,cincinnati,75.0,211.0,4.52,36.0,127.0,,7.15,4.29,194179186251.0,311325281387.0,2445216422963334.0,20181930.0,5968.0,149144101110.0,583675589355.0,55126.0,2.0,8.0,1.0,13.0,12.0,25.0,0,0,1,False,skill_pass,False,True,False,False,52.04,0,0,True,101.10175901589726,81.5,5.720000000000001,26.37031111111111,0.3698495427957216,-0.3481187399842746,-0.4789466221832755,0.4586713834768086,1.2545837192553977,,0.5315249065433636,0.2076387200335635,0.2883254558298055,1.0518509150278028,0.4462209936487962,-0.8353028816875805,1,0,0,,,,False,0.6237180141166279,7854.217338436296,3381.6906836461126,False,holdout,45.99156,28.326988,0.9811447811447811,0.5743394,0.9508417508417508,0.71861815,84.12177804323157
MillDa02,davis-mills-1,00-0036898,Davis Mills,QB,2021,3,67,HOU,stanford,75.0,217.0,4.82,32.0,110.0,,6.95,4.4,157127.0,2240193.0,19431510.0,117.0,53.0,13230.0,54437.0,3.0,1.0,8.0,1.0,17.0,17.0,44.0,0,0,2,False,skill_pass,False,True,False,False,55.96,0,0,True,80.40842890674497,71.0,5.675000000000001,27.120177777777776,0.3698495427957216,-0.111001994049542,1.0618611613323905,-0.6530846857354266,-1.0873058900213437,,-0.3343257430853045,0.8841964430644728,-1.3846660846959882,-1.0171942100070028,0.1905880850508442,-0.4702498804484291,1,0,0,,,,False,0.0701399388356271,8.67403388904438,2.207547169811321,False,holdout,19.486174,1.8216,0.7225589225589225,0.26392028,0.7016835016835017,0.30447146,54.303861667963396
HutcXa00,xavier-hutchinson-1,00-0038618,Xavier Hutchinson,WR,2023,6,205,HOU,iowa st.,74.0,203.0,4.53,36.0,116.0,,6.91,4.35,10.0,11.0,490.0,10.0,0.0,2.0,18.0,0.0,6483107.0,7719871171.0,456.0,6.0,6.0,49.0,0,0,0,False,skill_pass,False,True,False,False,4.9,0,1,True,96.41247361671678,76.0,5.63,26.06081081081081,-0.0280743877369711,-0.6642744012305847,-0.4275863627327499,0.4586713834768086,-0.2607566161589643,,-0.5074958730110382,0.5766702053231468,-0.0907887206975527,-0.0319346266570953,-0.0650448235471128,-0.98597501919075,0,1,0,0.9999999976683548,1190.767200202002,7.033664568547149e-05,False,,,,False,holdout,11.562216,4.992477,0.863973063973064,0.19436559,0.5555555555555556,0.18065962,53.17053799983428
CowiJa00,jacob-cowing-1,00-0039365,Jacob Cowing,WR,2024,4,135,SFO,arizona,68.0,168.0,4.38,36.0,119.0,,7.02,4.32,1.0,1.0,-2.0,0.0,0.0,435.0,75126.0,100.0,3141698489.0,5.506911354102684e+16,337713.0,1.0,1.0,15.0,0,0,0,False,skill_pass,False,True,False,False,23.87,0,0,True,91.29412601972751,77.5,5.67,25.54152249134948,-2.415617970933128,-2.047455419183191,-1.197990254490583,0.4586713834768086,0.1525180207722253,,-0.0312780157152735,0.3921544626783579,-0.5045912447990895,0.2636432483478769,0.1621844285399561,-1.238776974464301,0,1,0,0.9999999999986358,17528452.756952908,0.0001074937652936,False,,,,False,holdout,9.911879,0.057422638,0.5117845117845118,0.18176928,0.4841750841750842,0.1548731,36.88772988271734
SmitIh00,ihmir-smith-marsette-1,00-0036635,Ihmir Smith-Marsette,WR,2021,5,157,MIN,iowa,72.0,181.0,4.43,37.0,124.0,,7.0,4.2,0.0,1.0,0.0,0.0,0.0,79117.0,417110854.0,31.0,18234425.0,187334722345.0,2354.0,4.0,1.0,48.0,0,0,0,False,skill_pass,False,True,False,False,16.37,0,1,True,93.9926005469229,80.5,5.6,24.545331790123456,-0.8239222488023566,-1.533702469657937,-0.9411889572379736,0.7366104007798674,0.8413090823242079,,-0.1178630806781384,-0.3459085079008143,-0.2864279509981798,0.8547989983578214,-0.2354667626124158,-1.7237463983028891,0,1,0,0.9977783926426012,10273.684108218384,0.0001290964754852,False,,,,False,holdout,9.299614,0.85567474,0.6242424242424243,0.17726049,0.4430976430976431,0.14530647,40.28298892003017
RattSp00,spencer-rattler-1,00-0039376,Spencer Rattler,QB,2024,5,150,NOR,south carolina,72.0,211.0,4.95,32.0,108.0,,7.21,4.37,7214140262275.0,11317187394399.0,8.130311483301133e+17,128111819.0,75128.0,381437298.0,231607757102.0,6334.0,1.0,15.0,0.0,6.0,6.0,16.0,0,0,0,False,skill_pass,False,True,False,False,18.6,0,1,True,70.28969441586582,70.0,5.79,28.613618827160494,-0.8239222488023566,-0.3481187399842746,1.7295445341891769,-0.6530846857354266,-1.3628223146421363,,0.7912801014319621,0.6996807004196783,-2.2027343760136917,-1.2142461266769844,0.8438721848011632,0.256792887933829,1,0,0,,,,False,0.6374499255747375,71840.38931196733,1705.2472979448407,False,holdout,17.217422,8.773483,0.9239057239057239,0.24248031,0.661952861952862,0.26902223,60.42533717633096
HighJo00,john-hightower-1,00-0036398,John Hightower,WR,2020,5,168,PHI,boise st.,73.0,189.0,4.43,38.5,122.0,,7.07,4.21,1.0,2.0,4.0,0.0,0.0,815.0,163139.0,20.0,3151.0,504943.0,68.0,1.0,1.0,14.0,0,0,0,False,skill_pass,False,True,False,False,13.15,0,1,True,98.14696963186977,80.25,5.640000000000001,24.93282041658848,-0.4259983182696639,-1.2175468084116272,-0.9411889572379736,1.1535189267344557,0.5657926577034149,,0.1851846466918963,-0.2844032603525513,0.0494399010429002,0.805536019190326,-0.0082375105253417,-1.5351076811481603,0,1,0,0.7558099155492889,160.24849254205014,0.0215804506505871,False,,,,False,holdout,9.853161,1.4092216,0.6868686868686869,0.18133305,0.48215488215488217,0.15395564,43.82361892590719
TuneCl00,clayton-tune-1,00-0038582,Clayton Tune,QB,2023,5,139,ARI,houston,75.0,220.0,4.64,37.5,122.0,,6.89,4.25,59106170287334.0,117179285421497.0,7.951533204835464e+18,811153040.0,29101010.0,416672105128.0,53244253154547.0,12525.0,1.0,21.0,0.0,0.0,0.0,15.0,0,0,0,False,skill_pass,False,True,False,False,22.4,0,1,True,94.9250324482066,79.75,5.57,27.49511111111111,0.3698495427957216,0.0075563789178241,0.1373764912229899,0.8755799094313969,0.5657926577034149,,-0.5940809379739069,-0.0383822701594938,-0.2110437245476442,0.7070100608553352,-0.4058887016777138,-0.2877233798288525,1,0,0,,,,False,0.5044080109784552,67857.8400289231,27.87370747613227,False,holdout,13.767299,5.3233595,0.8740740740740741,0.21221338,0.6107744107744107,0.21511404,55.72499951519549
DuveDe00,devin-duvernay-1,00-0036331,Devin Duvernay,WR,2020,3,92,BAL,texas,70.0,200.0,4.39,35.5,123.0,,7.13,4.2,2.0,2.0,14.0,0.0,0.0,110.0,1024.0,1.0,20941106.0,4121245461386.0,3049.0,12.0,12.0,89.0,2,1,1,False,skill_pass,False,True,False,False,42.6,0,0,True,107.69657956536454,79.25,5.665,28.693877551020407,-1.619770109867742,-0.7828327741979508,-1.1466299950400618,0.3197018748252792,0.7035508700138113,,0.4449398415804949,-0.3459085079008143,0.8214962375429289,0.6084841025203445,0.1337807720290732,0.2958647514038044,0,1,0,0.9999999997515314,196801.709584298,0.0001455988045712,False,,,,False,holdout,19.119932,1.4553585,0.6909090909090909,0.2603783,0.694949494949495,0.29874894,52.717898660838
WillBr06,brayden-willis-1,00-0038643,Brayden Willis,TE,2023,7,247,SFO,oklahoma,76.0,241.0,,32.0,117.0,20.0,7.3,4.36,1.0,1.0,24.0,1.0,0.0,210.0,-126.0,0.0,11191539.0,29168110177514.0,3127.0,0.0,0.0,23.0,0,0,0,False,skill_pass,False,True,False,False,0.37,0,1,True,,74.5,5.83,29.332236842105264,0.7677734733284143,0.837464989689388,,-0.6530846857354266,-0.1229984038485677,0.4396336234540616,1.180912893764862,0.6381754528714153,,-0.3275125016620676,1.071101436888232,0.6066332992515433,0,0,1,1.0,2606264.444730434,0.0002794075059739,False,,,,False,holdout,5.211392,-0.76241064,0.3178451178451178,0.1493853,0.03838383838383838,0.081428,18.09774759798138
PickKe00,kenny-pickett-1,00-0038102,Kenny Pickett,QB,2022,1,20,PIT,pittsburgh,75.0,217.0,4.73,33.5,121.0,,,4.29,39180289204334.0,66309469333497.0,5.091969309824084e+18,112131342.0,16997.0,26117958197.0,93221110162241.0,23285.0,11.0,-123.0,1.0,14.0,13.0,36.0,0,0,2,False,skill_pass,False,True,False,False,86.02,1,0,True,86.705204435251,77.25,,27.120177777777776,0.3698495427957216,-0.111001994049542,0.5996188262776925,-0.2361761597808383,0.4280344453930183,,,0.2076387200335635,-0.8755913182754193,0.2143802691803815,,-0.4702498804484291,1,0,0,,,,False,0.5908701969439774,76790.98266062909,6597.125492734012,False,holdout,45.999428,9.675934,0.9306397306397306,0.57443553,0.9515151515151515,0.71874106,82.11942423283051
BurkTr00,treylon-burks-1,00-0037742,Treylon Burks,WR,2022,1,18,TEN,arkansas,74.0,225.0,4.55,33.0,122.0,,7.28,,0.0,142.0,0.0,0.0,20.0,91514.0,3575112.0,1.0,295166.0,4758201104.0,711.0,7.0,6.0,35.0,0,0,1,False,skill_pass,False,True,False,False,87.44,1,0,True,104.99459124737966,77.5,,28.885135135135137,-0.0280743877369711,0.2051536671967679,-0.3248658438317079,-0.3751456684323677,0.5657926577034149,,1.094327828801997,,0.6030488646578398,0.2636432483478769,,0.3889735108599279,0,1,0,0.999249206212592,16120.424113888455,0.0024088140232953,False,,,,False,holdout,36.796165,0.4726715,0.5723905723905723,0.4600375,0.927946127946128,0.5749401,62.15409790114923
JordBr00,brevin-jordan-1,00-0036556,Brevin Jordan,TE,2021,5,147,HOU,miami,74.0,247.0,4.64,31.0,116.0,17.0,,,1.0,1.0,15.0,0.0,0.0,12.0,1.0,0.0,323538.0,295495576.0,427.0,4.0,4.0,36.0,0,0,0,False,skill_pass,False,True,False,False,19.6,0,1,True,106.57492279412288,73.5,,31.70945945945946,-0.0280743877369711,1.0745817356241203,0.1373764912229899,-0.9310237030384854,-0.2607566161589643,-0.1365974451458606,,,0.7308137674058075,-0.524564418332049,,1.763922040910604,0,0,1,0.9999999966158546,913.325717535498,0.0013197831475746,False,,,,False,holdout,7.8745003,-0.56943893,0.362962962962963,0.16710642,0.3218855218855219,0.12303907,26.759138799852593
JoneMa05,mac-jones-1,00-0036972,Mac Jones,QB,2021,1,15,NWE,alabama,74.0,217.0,4.72,32.0,116.0,,7.04,4.39,597311.0,13141402.0,12315034500.0,11441.0,34.0,31635.0,-83616.0,11.0,11.0,,0.0,34.0,24.0,63.0,1,0,3,False,skill_pass,False,True,False,False,89.6,1,0,True,87.44233274060254,74.0,5.715,27.85810810810811,-0.0280743877369711,-0.111001994049542,0.5482585668271669,-0.6530846857354266,-0.2607566161589643,,0.0553070492475951,0.8226911955162043,-0.8159967816478997,-0.4260384599970583,0.4178173371379082,-0.1110077727948641,1,0,0,,,,True,0.0454526084811955,937.1172497424552,336.5,False,holdout,36.762733,0.4392395,0.564983164983165,0.4596223,0.9272727272727272,0.5744177,61.825581225080526
ReedJa03,jayden-reed-1,00-0039146,Jayden Reed,WR,2023,2,50,GNB,michigan st.,71.0,187.0,4.45,33.5,121.0,,,4.29,1.0,1.0,25.0,1.0,0.0,2674.0,-4123411.0,10.0,55335955.0,7924071026636.0,83105.0,19.0,19.0,40.0,0,0,1,False,skill_pass,False,True,False,False,66.09,0,0,True,95.37434278128508,77.25,,26.0783574687562,-1.2218461793350492,-1.2965857237232046,-0.8384684383369269,-0.2361761597808383,0.4280344453930183,,,0.2076387200335635,-0.1747183780545415,0.2143802691803815,,-0.9774328870632416,0,1,0,1.0,143199.31817632858,0.0015018264345487,False,,,,False,holdout,21.603626,-1.9395676,0.19528619528619529,0.28499484,0.736026936026936,0.33755666,34.98301684595519
LambCe00,ceedee-lamb-1,00-0036358,CeeDee Lamb,WR,2020,1,17,DAL,oklahoma,74.0,198.0,4.5,34.5,124.0,11.0,,,10.0,11.0,20.0,10.0,0.0,9.0,20.0,1.0,466462.0,80711551327.0,71114.0,65.0,65.0,95.0,5,1,5,False,skill_pass,False,True,False,False,88.16,1,0,True,96.57064471879286,79.25,,25.41891891891892,-0.0280743877369711,-0.8618716895095284,-0.5816671410843175,0.0417628575222204,0.8413090823242079,-1.2890595823457054,,,-0.0780010778032903,0.6084841025203445,,-1.2984633214749943,0,1,0,0.999999999752204,173029.2099399308,0.1524540048278316,False,,,,False,holdout,38.735783,2.4122887,0.7717171717171717,0.48420256,0.9367003367003367,0.6052466,71.39167739476018
ZappBa00,bailey-zappe-1,00-0038108,Bailey Zappe,QB,2022,4,137,NWE,western kentucky,73.0,215.0,4.88,30.0,109.0,,7.19,4.4,212727106475.0,345037169686.0,1.992263001453597e+16,221262.0,10111.0,91171651.0,,3.0,1.0,10.0,0.0,2.0,2.0,15.0,0,0,0,False,skill_pass,False,True,False,False,23.13,0,0,True,75.82094056258484,69.5,5.795,28.36273221992869,-0.4259983182696639,-0.1900409093611196,1.370022718035521,-1.208962720341544,-1.22506410233174,,0.7046950364690973,0.8841964430644728,-1.7555502851392095,-1.312772085011975,0.8722758413120462,0.1346552959965811,1,0,0,,,,False,0.6165338843597391,57740.53280307885,21.8832954208288,False,holdout,18.100307,8.2458515,0.9185185185185185,0.2506808,0.6767676767676768,0.2828173,60.94605659284576
EasoJa00,jacob-eason-1,00-0036226,Jacob Eason,QB,2020,4,122,IND,washington,78.0,231.0,4.89,27.5,110.0,,7.5,4.75,2044260.0,3707405.0,2430283132.0,16023.0,808.0,33346.0,,101.0,10.0,75.0,0.0,0.0,0.0,2.0,0,0,0,False,skill_pass,False,True,False,False,28.96,0,0,True,80.79910293070901,68.75,6.125,26.691814595660748,1.5636213343937997,0.4422704131315005,1.4213829774860418,-1.9038102635991911,-1.0873058900213437,,2.04676354339353,3.036880107253721,-1.3530813018820351,-1.4605610225144612,2.746917171030364,-0.6787873074383488,1,0,0,,,,False,0.5513991592502033,655.5213503784993,19.83044554455445,False,holdout,10.010426,0.15596962,0.5306397306397307,0.18250328,0.4909090909090909,0.1564129,37.82209506666018
DotsJa00,jahan-dotson-1,00-0037741,Jahan Dotson,WR,2022,1,16,WAS,penn st.,71.0,178.0,4.43,36.0,121.0,,7.28,,2.0,2.0,43.0,0.0,0.0,26.0,18.0,1.0,13275291.0,2034888841182.0,5812.0,12.0,8.0,63.0,0,0,2,False,skill_pass,False,True,False,False,88.88,1,0,True,92.43471214006784,78.5,,24.82324935528665,-1.2218461793350492,-1.6522608426253034,-0.9411889572379736,0.4586713834768086,0.4280344453930183,,1.094327828801997,,-0.4123783955135846,0.4606951650178584,,-1.5884494905060793,0,1,0,0.9999999999911544,153283.93488187942,0.0004378058454613,False,,,,False,holdout,35.49638,-0.8271141,0.31245791245791243,0.4439414,0.9164983164983165,0.55463094,50.799730266284456
MoorRo02,rondale-moore-1,00-0036936,Rondale Moore,WR,2021,2,49,ARI,purdue,67.0,180.0,4.28,42.5,,,6.65,4.06,0.0,1.0,0.0,0.0,0.0,2136.0,213332.0,201.0,1142935.0,1258387270.0,1220.0,12.0,12.0,39.0,0,0,0,False,skill_pass,False,True,False,False,66.72,0,0,True,107.28213919418322,,5.355,28.18890621519269,-2.81354190146582,-1.573221927313726,-1.711592848995802,2.2652749959466907,,,-1.633101717528305,-1.206981973576518,0.7879900192889575,,-1.6272459316457075,0.0500326456734749,0,1,0,0.9998305006372468,1101.01385468115,0.0010674272815164,False,,,,False,holdout,32.107708,8.564514,0.9218855218855219,0.4026069,0.8868686868686869,0.50168294,72.69859174385618
ProcJa00,james-proche-1,00-0036133,James Proche,WR,2020,6,201,BAL,southern methodist,71.0,201.0,,34.5,,20.0,7.27,4.4,100.0,212.0,200.0,0.0,0.0,424.0,151718.0,0.0,574093111.0,70981611991225.0,661215.0,4.0,3.0,71.0,0,0,0,False,skill_pass,False,True,False,False,5.6,0,1,True,,,5.835,28.03074786748661,-1.2218461793350492,-0.7433133165421622,,0.0417628575222204,,0.4396336234540616,1.0510352963205607,0.8841964430644728,,,1.099505093399115,-0.0269626150410496,0,1,0,0.9999999978625732,123641.28854914094,0.0011517556774862,False,,,,False,holdout,5.9037685,-0.6659703,0.32727272727272727,0.15383792,0.07878787878787878,0.09224638,19.588352757195633
FlowZa00,zay-flowers-1,00-0039064,Zay Flowers,WR,2023,1,22,BAL,boston col.,69.0,182.0,4.42,35.5,127.0,,,,0.0,1.0,0.0,0.0,0.0,2711712.0,195416940.0,1100.0,22564478.0,3418927461077.0,39512.0,33.0,33.0,50.0,2,0,2,False,skill_pass,False,True,False,False,84.61,1,0,True,95.37011498534976,81.25,,26.87376601554295,-2.0176940404004347,-1.4941830120021484,-0.9925492166884944,0.3197018748252792,1.2545837192553977,,,,-0.1750601822396355,1.0025879358603076,,-0.5902090109753464,0,1,0,0.9999428458856344,151518.12778815447,0.0017510708645686,False,,,,False,holdout,42.307434,5.98394,0.8861952861952862,0.528811,0.9447811447811448,0.66105366,78.14072735080816
VeleDe00,devaughn-vele-1,00-0039424,Devaughn Vele,WR,2024,7,235,DEN,utah,76.0,203.0,4.47,36.0,126.0,,,,11.0,13.0,96.0,0.0,0.0,2.0,-4.0,0.0,2235543.0,12389695593.0,153.0,6.0,4.0,26.0,0,0,0,False,skill_pass,False,True,False,False,1.14,0,1,True,101.6941430656546,81.0,,24.707236842105264,0.7677734733284143,-0.6642744012305847,-0.7357479194358849,0.4586713834768086,1.116825506945001,,,,0.3362178684457971,0.953324956692812,,-1.644927152470199,0,1,0,1.0,5542.14148106299,6.843974819540487e-05,False,,,,False,holdout,5.532526,-0.44127655,0.3878787878787879,0.15143712,0.06262626262626263,0.08644572,21.525333669751582
WortXa00,xavier-worthy-1,00-0039894,Xavier Worthy,WR,2024,1,28,KAN,texas,71.0,165.0,4.21,41.0,131.0,,,,11.0,12.0,3335.0,10.0,0.0,124.0,71435.0,0.0,626075.0,9817601014.0,1295.0,13.0,13.0,31.0,0,0,1,False,skill_pass,False,True,False,False,80.45,1,0,True,105.04746017176966,86.0,,23.01031541360841,-1.2218461793350492,-2.166013792150557,-2.071114665149458,1.8483664699921023,1.805616568496984,,,,0.6073231531747008,1.9385845400427195,,-2.4710290288124,0,1,0,0.999992723835474,15681.189975641895,0.0020684422792796,False,,,,False,holdout,37.91878,1.5952873,0.7077441077441078,0.47400817,0.9326599326599326,0.59248096,68.29274586615739
HurtJa00,jalen-hurts-1,00-0036389,Jalen Hurts,QB,2020,2,53,PHI,oklahoma,73.0,222.0,4.59,35.0,125.0,,,,24015451237.0,38225470341.0,278020817653851.0,2317832.0,9128.0,19115436233.0,9548551671298.0,138220.0,122.0,-11625.0,1.0,79.0,79.0,93.0,3,0,4,False,skill_pass,False,True,False,False,64.24,0,0,True,100.030451249693,80.0,,29.286170013135678,-0.4259983182696639,0.0865952942294017,-0.1194248060296195,0.1807323661737498,0.9790672946346044,,,,0.2017135465476639,0.7562730400228306,,0.58420686676632,1,0,0,,,,False,0.6282578349661646,7273.182387912975,253.9255039439089,False,holdout,31.885592,8.342398,0.9198653198653198,0.39993873,0.8841750841750842,0.4982124,72.44113721680962
JennJa00,jauan-jennings-1,00-0036259,Jauan Jennings,WR,2020,7,217,SFO,tennessee,75.0,215.0,4.72,29.0,119.0,,,,110.0,221.0,5840.0,110.0,0.0,7513.0,152751.0,1.0,144033059.0,14958017438969.0,7038.0,21.0,21.0,75.0,0,0,0,False,skill_pass,False,True,False,False,3.08,0,1,True,86.63641262317762,74.0,,26.87022222222222,0.3698495427957216,-0.1900409093611196,0.5482585668271669,-1.486901737644603,0.1525180207722253,,,,-0.8811529228624602,-0.4260384599970583,,-0.5919342141948128,0,1,0,0.9999999897880184,103851.27930226768,4.886378202937424e-05,False,,,,False,holdout,5.697932,-0.2758708,0.4107744107744108,0.15250294,0.06801346801346801,0.089030184,22.621908324886654
WashMa00,malik-washington-1,00-0039880,Malik Washington,WR,2024,6,184,MIA,virginia,69.0,191.0,4.47,42.5,126.0,19.0,,,10.0,11.0,60.0,0.0,0.0,1593.0,,0.0,654465110.0,42515786941426.0,219.0,7.0,7.0,31.0,0,0,0,False,skill_pass,False,True,False,False,9.09,0,1,True,95.682666628276,84.25,,28.20268851081705,-2.0176940404004347,-1.1385078931000496,-0.7357479194358849,2.2652749959466907,1.116825506945001,0.2475566005874208,,,-0.1497913515664242,1.593743685870252,,0.0567421963246632,0,1,0,1.0,64962.64856873119,3.34624408014661e-07,False,,,,False,holdout,7.632218,1.062479,0.6531986531986532,0.16542716,0.30437710437710436,0.11925341,37.909099718135614
MoorEl00,elijah-moore-1,00-0036980,Elijah Moore,WR,2021,2,34,NYJ,mississippi,,,4.35,36.0,121.0,17.0,6.63,4.07,1.0,1.0,2.0,0.0,0.0,3414.0,,0.0,366786.0,3988501193.0,268.0,15.0,7.0,70.0,0,0,3,False,skill_pass,False,False,True,False,76.4,0,0,True,,78.5,5.35,,,,-1.3520710328421504,0.4586713834768086,0.4280344453930183,-0.1365974451458606,-1.7196867824911737,-1.1454767260282497,,0.4606951650178584,-1.6556495881565958,,0,1,0,1.0,10874.191471321152,0.0007306712906163,False,,,,False,holdout,37.10569,13.562496,0.9461279461279462,0.46388415,0.9306397306397306,0.5797764,77.33112378212739
ParkCo02,colby-parkinson-1,00-0036244,Colby Parkinson,TE,2020,4,133,SEA,stanford,79.0,252.0,4.77,32.5,109.0,18.0,7.15,4.46,1.0,1.0,8.0,1.0,0.0,,,,102948.0,97485589.0,471.0,11.0,5.0,86.0,0,0,1,False,skill_pass,False,False,False,False,24.62,0,0,True,97.35472184653864,70.75,5.805,28.385835603268703,1.9615452649264924,1.2721790239030644,0.8050598640797764,-0.5141151770838972,-1.22506410233174,0.0554795777207801,0.5315249065433636,1.2532279283540562,-0.014610874538796,-1.0664571891744985,0.9290831543338122,0.1459025747488717,0,0,1,1.0,946.9400959707814,0.0045751253059797,False,,,,False,holdout,9.404155,-0.45030117,0.3865319865319865,0.1780241,0.44915824915824915,0.14693992,30.943724852469234
KmetCo00,cole-kmet-1,00-0036290,Cole Kmet,TE,2020,2,43,CHI,notre dame,78.0,262.0,4.7,37.0,123.0,,7.44,4.41,0.0,1.0,0.0,0.0,0.0,,,,21543.0,14162515.0,6.0,25.0,25.0,100.0,0,0,5,False,skill_pass,False,True,False,False,70.51,0,0,True,107.38406875367468,80.0,5.925000000000001,30.273833004602235,1.5636213343937997,1.6673736004609518,0.4455380479261249,0.7366104007798674,0.7035508700138113,,1.7870083485049315,0.9457016906127356,0.7962307079485029,0.7562730400228306,1.610770910595024,1.0650247978398977,0,0,1,1.0,657.4068142784199,0.0002785127419579,False,,,,False,holdout,25.455826,1.912632,0.7292929292929293,0.32580754,0.7973063973063973,0.39774728,59.58894166330296
HerbJu00,justin-herbert-1,00-0036355,Justin Herbert,QB,2020,1,6,LAC,oregon,78.0,236.0,4.68,35.5,123.0,,7.06,4.46,162139240286.0,255206404428.0,1936198331513471.2,19152932.0,4586.0,58447158.0,16118316650.0,2524.0,,,,74.0,74.0,95.0,2,0,5,False,skill_pass,False,True,False,False,96.22,1,0,True,98.39172764298874,79.25,5.76,27.26955950032873,1.5636213343937997,0.6398677014104442,0.3428175290250784,0.3197018748252792,0.7035508700138113,,0.14189211421046,1.2532279283540562,0.0692278269068412,0.6084841025203445,0.6734502457358602,-0.3975272904579853,1,0,0,,,,True,0.6353259066887699,7586.793661597628,4176.391626689926,False,holdout,53.57414,17.250645,0.958922558922559,0.66345006,0.9656565656565657,0.8370959,87.68095294293332
LoveJo03,jordan-love-2,00-0036264,Jordan Love,QB,2020,1,26,GNB,utah st.,76.0,224.0,4.74,35.5,118.0,,7.21,4.52,129266293.0,235416473.0,163135523402.0,83220.0,6617.0,464381.0,16563175.0,270.0,,,,42.0,42.0,57.0,0,0,2,False,skill_pass,False,True,False,False,81.83,1,0,True,88.74924094398646,76.75,5.865,27.26315789473684,0.7677734733284143,0.1656342095409792,0.6509790857282134,0.3197018748252792,0.0147598084618287,,0.7912801014319621,1.6222594136436397,-0.7103373079444358,0.1158543108453907,1.269927032464418,-0.4006437449397626,1,0,0,,,,True,0.5490962095927756,692.9656252304825,12.57669638809128,False,holdout,38.443504,2.1200104,0.7508417508417509,0.4805536,0.936026936026936,0.60067976,70.3788766967327
DuggMa00,max-duggan-1,00-0038637,Max Duggan,QB,2023,7,239,LAC,texas christian,74.0,207.0,4.52,30.5,116.0,,7.26,4.45,181145145267.0,338239227419.0,2077176420483698.0,1591632.0,9468.0,130114105137.0,555547352423.0,61039.0,11.0,1.0,0.0,,,,0,0,0,False,skill_pass,True,True,False,False,0.84,0,1,True,99.1851379918992,73.25,5.855,26.574324324324323,-0.0280743877369711,-0.5061965706074296,-0.4789466221832755,-1.0699932116900148,-0.2607566161589643,,1.0077427638391283,1.191722680805793,0.1333725921472006,-0.5738273974995445,1.2131197194426522,-0.7359843773633546,1,0,0,,,,False,0.5355533320285265,6141.145828454007,168.106463878327,False,holdout,10.705451,4.7316484,0.8585858585858586,0.18774533,0.5265993265993266,0.16727267,51.97578097092182
ThomDo02,dorian-thompson-robinson-1,00-0038583,Dorian Thompson-Robinson,QB,2023,5,140,CLE,ucla,74.0,203.0,4.56,32.5,121.0,,7.28,4.44,9521690176265.0,159362138283381.0,1.1732701112024093e+19,621122127.0,4124610.0,4511855130117.0,78198306609647.0,43912.0,,,,2.0,2.0,15.0,0,0,0,False,skill_pass,False,True,False,False,22.04,0,1,True,93.90023148917857,76.75,5.86,26.06081081081081,-0.0280743877369711,-0.6642744012305847,-0.273505584381187,-0.5141151770838972,0.4280344453930183,,1.094327828801997,1.13021743325753,-0.2938957027518856,0.1158543108453907,1.2415233759535351,-0.98597501919075,1,0,0,,,,True,0.0597487601436003,73622.88959226165,150.58929862459723,False,holdout,11.7680645,3.3241253,0.8175084175084175,0.19598232,0.5622895622895623,0.18387601,51.543294618476935
ThorTy00,tyquan-thornton-1,00-0038104,Tyquan Thornton,WR,2022,2,50,NWE,baylor,74.0,181.0,4.28,36.5,130.0,,,,1.0,1.0,6.0,1.0,0.0,21.0,,0.0,20451662.0,354782158948.0,35110.0,7.0,3.0,42.0,0,0,1,False,skill_pass,False,True,False,False,66.09,0,0,True,107.87815107859537,83.25,,23.236486486486488,-0.0280743877369711,-1.533702469657937,-1.711592848995802,0.597640892128338,1.6678583561865872,,,,0.836175731081828,1.3966917692002705,,-2.360923549241426,0,1,0,1.0,17347.35098536246,0.0017167308945356,False,,,,False,holdout,22.708393,-0.8348007,0.3117845117845118,0.29638326,0.7643097643097643,0.35481864,40.781614206505544
MiltJo00,joe-milton-2,00-0039398,Joe Milton,QB,2024,6,193,NWE,tennessee,77.0,235.0,,35.0,121.0,,,,23803253230.0,371416282355.0,4.559107737597128e+17,1421020.0,114005.0,6538281878.0,201610912977299.0,111207.0,1.0,6.0,0.0,2.0,1.0,5.0,0,0,0,False,skill_pass,False,True,False,False,7.14,0,1,True,,78.0,,27.86388935739585,1.165697403861107,0.6003482437546555,,0.1807323661737498,0.4280344453930183,,,,,0.3621692066828676,,-0.1081933225769556,1,0,0,,,,False,0.0640878021800046,1227492.6959824364,12.46454102890224,False,holdout,9.59178,3.0220408,0.8013468013468014,0.179401,0.46195286195286195,0.14987156,47.8783805084349
HaenJa00,jake-haener-1,00-0038998,Jake Haener,QB,2023,4,127,NOR,fresno st.,72.0,207.0,,35.0,114.0,,7.01,,9147329251.0,13228490349.0,107196440962888.0,1143320.0,1593.0,1577145.0,,332.0,1.0,-8.0,0.0,1.0,1.0,8.0,0,0,0,False,skill_pass,False,True,False,False,26.94,0,0,True,,74.5,,28.07118055555556,-0.8239222488023566,-0.5061965706074296,,0.1807323661737498,-0.5362730407797573,,-0.074570548196706,,,-0.3275125016620676,,-0.0072790168977324,1,0,0,,,,False,0.6914870109642924,8103.452331655626,717.715003138732,False,holdout,18.571945,8.717489,0.9232323232323232,0.2551364,0.6848484848484848,0.29018664,61.53272350749583
ThomSk00,skylar-thompson-1,00-0037327,Skylar Thompson,QB,2022,7,247,MIA,kansas st.,74.0,217.0,4.91,31.0,112.0,,7.0,4.28,5112317640162.0,8320929664233.0,6.891396230762621e+17,51012412.0,34504.0,691051141947.0,267373405384.0,351134.0,,,,3.0,3.0,10.0,0,0,0,False,skill_pass,False,True,False,False,0.37,0,1,True,74.6730277667429,71.5,5.640000000000001,27.85810810810811,-0.0280743877369711,-0.111001994049542,1.5241034963870883,-0.9310237030384854,-0.8117894654005504,,-0.1178630806781384,0.1461334724853005,-1.84835547340881,-0.918668251672012,-0.0082375105253417,-0.1110077727948641,1,0,0,,,,True,0.6143926035256589,82820.02743497353,1478.4492232784603,False,holdout,11.98432,6.010517,0.8868686868686869,0.19769175,0.5723905723905723,0.187255,54.62149382033935
HeywCo00,connor-heyward-1,00-0037304,Connor Heyward,TE,2022,6,208,PIT,michigan st.,71.0,233.0,4.72,32.5,,,,,1.0,11.0,36.0,0.0,0.0,311824651.0,10529792007.0,5000.0,43271835.0,132495271326.0,10122.0,3.0,3.0,68.0,0,0,0,False,skill_pass,False,True,False,False,4.41,0,1,True,93.8896936800018,,,32.49335449315612,-1.2218461793350492,0.521309328443078,0.5482585668271669,-0.5141151770838972,,,,,-0.2947476519314227,,,2.145540863866816,0,0,1,0.9263779944464428,3061.928650032984,0.0002339165880069,False,,,,False,holdout,8.821301,2.2515626,0.7602693602693603,0.17379951,0.4033670033670034,0.13783284,44.71076170337522
MimsDe00,denzel-mims-1,00-0036255,Denzel Mims,WR,2020,2,59,NYJ,baylor,75.0,207.0,4.38,38.5,131.0,16.0,6.66,4.43,,,,,,1.0,-6.0,0.0,4615566.0,2410877941020.0,8812.0,5.0,5.0,30.0,0,0,1,False,skill_pass,False,False,False,False,60.63,0,0,True,112.48740527430714,84.75,5.545,25.8704,0.3698495427957216,-0.5061965706074296,-1.197990254490583,1.1535189267344557,1.805616568496984,-0.3286744680125014,-1.5898091850468723,1.0687121857092616,1.2088196330968204,1.6922696442052427,-0.5479069842321338,-1.078671549180348,0,1,0,1.0,522336.3594020755,0.0019091916354353,False,,,,True,holdout,18.553865,-4.9893284,0.08754208754208755,0.25496465,0.6835016835016835,0.28990415,28.069093560028556
SwaiFr00,freddie-swain-1,00-0036247,Freddie Swain,WR,2020,6,214,SEA,florida,72.0,197.0,4.46,36.5,124.0,16.0,7.05,4.26,,,,,,4.0,27.0,0.0,881538.0,11896271517.0,2157.0,5.0,5.0,37.0,0,0,0,False,skill_pass,False,False,False,False,3.5,0,1,True,99.5764838867107,80.25,5.654999999999999,26.71508487654321,-0.8239222488023566,-0.9013911471653172,-0.7871081788864059,0.597640892128338,0.8413090823242079,-0.3286744680125014,0.0985995817290276,0.023122977388769,0.1650116936347642,0.805536019190326,0.0769734590073021,-0.6674587789766397,0,1,0,0.9999999977303812,13494.904946808872,0.0024468599198219,False,,,,True,holdout,10.078829,3.50909,0.8255892255892255,0.18301412,0.49292929292929294,0.1574817,49.69207160194916
StraBr00,brenton-strange-1,00-0038935,Brenton Strange,TE,2023,2,61,JAX,penn st.,76.0,253.0,4.7,36.0,124.0,23.0,7.25,4.46,,,,,,1.0,0.0,0.0,1172032.0,4164225362.0,1235.0,8.0,8.0,43.0,0,0,1,False,skill_pass,False,False,False,False,59.44,0,0,True,103.6953030331286,80.0,5.855,30.792763157894736,0.7677734733284143,1.311698481558853,0.4455380479261249,0.4586713834768086,0.8413090823242079,1.015864692053984,0.9644502313576958,1.2532279283540562,0.4980054434355829,0.7562730400228306,1.2131197194426522,1.317652389268935,0,0,1,1.0,3552.996302148747,0.0010537254955496,False,,,,True,holdout,17.212614,-6.3305798,0.0632996632996633,0.24243619,0.6612794612794612,0.2689471,25.985241435242422
LeviWi00,will-levis-1,00-0039152,Will Levis,QB,2023,2,33,TEN,kentucky,76.0,229.0,,34.0,124.0,,,,2833233185.0,4755353283.0,22342128262406.0,212419.0,201310.0,508210773.0,,3392.0,1.0,15.0,0.0,11.0,11.0,21.0,0,0,2,False,skill_pass,False,True,False,False,77.06,0,0,True,,79.0,,27.87171052631579,0.7677734733284143,0.363231497819923,,-0.0972066511293089,0.8413090823242079,,,,,0.5592211233528491,,-0.1043857907658485,1,0,0,,,,False,0.5957986749646083,4698.310920931424,1.0551835477621578,False,holdout,29.41689,5.8736954,0.8841750841750842,0.37071386,0.8626262626262626,0.4596389,69.22658443260273
ReagJa00,jalen-reagor-1,00-0036387,Jalen Reagor,WR,2020,1,21,PHI,texas christian,71.0,206.0,4.47,42.0,138.0,17.0,7.31,4.46,,,,,,81414.0,6517889.0,20.0,337143.0,5761052611.0,895.0,10.0,7.0,64.0,0,0,2,False,skill_pass,False,False,False,False,85.32,1,0,True,103.19701217499924,90.0,5.885,28.728030152747472,-1.2218461793350492,-0.5457160282632184,-0.7357479194358849,2.126305487295161,2.7699240546697594,-0.1365974451458606,1.2242054262462942,1.2532279283540562,0.4577201734488522,2.7267922067226453,1.38354165850795,0.3124910535383047,0,1,0,0.998869907355272,17087.86067336412,0.0026546598920932,False,,,,True,holdout,29.703793,-6.6197014,0.06127946127946128,0.37406653,0.868013468013468,0.46412176,36.5752139213912
KeenDa00,dalton-keene-1,00-0036225,Dalton Keene,TE,2020,3,101,NWE,virginia tech,76.0,253.0,4.71,34.0,125.0,21.0,7.07,4.19,,,,,,11.0,33.0,0.0,102820.0,167341236.0,35.0,0.0,0.0,7.0,0,0,0,False,skill_pass,False,False,False,False,38.23,0,0,True,102.81746413378944,79.5,5.630000000000001,30.792763157894736,0.7677734733284143,1.311698481558853,0.4968983073766459,-0.0972066511293089,0.9790672946346044,0.6317106463207024,0.1851846466918963,-0.4074137554490772,0.4270348918234304,0.6577470816878399,-0.0650448235471077,1.317652389268935,0,0,1,0.9999998027981968,1627.516397588018,0.0003404007002528,False,,,,True,holdout,11.915159,-5.7494144,0.07205387205387205,0.19714384,0.5676767676767677,0.18617436,21.90205417533314
DeguJo00,josiah-deguara-1,00-0036332,Josiah Deguara,TE,2020,3,94,GNB,cincinnati,74.0,242.0,4.72,35.5,115.0,25.0,7.15,4.35,,,,,,10.0,-22.0,1.0,4113839.0,4798468504.0,57.0,4.0,4.0,77.0,0,0,0,False,skill_pass,False,False,False,False,41.61,0,0,True,97.51633420841388,75.25,5.75,31.06756756756757,-0.0280743877369711,0.8769844473451768,0.5482585668271669,0.3197018748252792,-0.3985148284693608,1.4000187377872657,0.5315249065433636,0.5766702053231468,-0.0015450164659046,-0.1797235641595814,0.6166429327140942,1.4514337386263596,0,0,1,1.0,1166.4210738436775,1.385567106539658e-05,False,,,,True,holdout,9.104337,-8.560237,0.026936026936026935,0.17584102,0.42693602693602695,0.14225526,15.978087404385361
DarbFr00,frank-darby-1,00-0036951,Frank Darby,WR,2021,6,187,ATL,arizona st.,72.0,201.0,4.56,34.5,117.0,19.0,7.05,4.25,,,,,,1.0,21.0,1.0,921316.0,23442161646.0,2281.0,0.0,0.0,16.0,0,0,0,False,skill_pass,False,False,False,False,8.41,0,1,True,92.97510605578763,75.75,5.65,27.25752314814815,-0.8239222488023566,-0.7433133165421622,-0.273505584381187,0.0417628575222204,-0.1229984038485677,0.2475566005874208,0.0985995817290276,-0.0383822701594938,-0.3686892239408088,-0.0811976058245907,0.0485698024964242,-0.4033868741450764,0,1,0,0.999999999104178,25444.214195780816,0.0024758063465738,False,,,,True,holdout,6.503832,-0.065907,0.4444444444444444,0.15778413,0.19528619528619529,0.101622365,26.871631712047538
FehoSi00,simi-fehoko-1,00-0036646,Simi Fehoko,WR,2021,5,179,DAL,stanford,75.0,222.0,4.44,34.5,120.0,16.0,6.78,4.26,,,,,,1.0,-1.0,0.0,12437.0,6566584.0,63.0,1.0,0.0,32.0,0,0,0,False,skill_pass,False,False,False,False,10.28,0,1,True,114.24865332827346,77.25,5.52,27.745066666666663,0.3698495427957216,0.0865952942294017,-0.8898286977874479,0.0417628575222204,0.2902762330826218,-0.3286744680125014,-1.0702987952696714,0.023122977388769,1.35121107418005,0.2143802691803815,-0.6899252667865539,-0.1660390460824687,0,1,0,1.0,527.9877784031519,0.0050655302725737,False,,,,True,holdout,8.092759,-0.35118008,0.402020202020202,0.16863082,0.3447811447811448,0.12644936,28.87803493593177
PurdBr00,brock-purdy-1,00-0037834,Brock Purdy,QB,2022,7,262,SFO,iowa st.,73.0,212.0,4.84,27.0,,,7.21,4.45,146312243292.0,220475364407.0,2250398227503188.0,16271919.0,7998.0,100938785.0,308249382238.0,5851.0,,,,44.0,44.0,49.0,1,0,2,False,skill_pass,False,True,False,False,0.0,0,1,True,77.2652848472371,,5.83,27.96697316569713,-0.4259983182696639,-0.3085992823284858,1.1645816802334323,-2.0427797722507206,,,0.7912801014319621,1.191722680805793,-1.63877953064565,,1.071101436888232,-0.0580096629047343,1,0,0,,,,True,0.6636217324576271,10207.028043953826,2034.498499624906,False,holdout,10.23452,4.2607174,0.8464646464646465,0.18418095,0.5023569023569023,0.15991437,50.78763037041985
OsboKJ00,kj-osborn-1,00-0036345,K.J. Osborn,WR,2020,5,176,MIN,miami,71.0,203.0,4.48,37.5,123.0,18.0,7.0,4.35,,,,,,455.0,221615.0,100.0,8355350.0,105493892547.0,1475.0,13.0,13.0,67.0,0,0,2,False,skill_pass,False,False,False,False,11.03,0,1,True,100.78919524701618,80.25,5.675,28.309660781590956,-1.2218461793350492,-0.6642744012305847,-0.6843876599853594,0.8755799094313969,0.7035508700138113,0.0554795777207801,-0.1178630806781384,0.5766702053231468,0.2630556448107649,0.805536019190326,0.1905880850508391,0.108818852390691,0,1,0,0.9999978992666864,12625.90945286553,0.0001765335982334,False,,,,True,holdout,9.469637,1.0256977,0.6491582491582492,0.17850369,0.4558922558922559,0.14796308,41.61351057553432
BryaHa00,harrison-bryant-1,00-0036232,Harrison Bryant,TE,2020,4,115,CLE,florida atlantic,77.0,243.0,4.73,32.5,110.0,13.0,7.41,4.37,,,,,,1.0,2.0,0.0,6324565.0,634086621004.0,547.0,7.0,7.0,90.0,0,0,3,False,skill_pass,False,False,False,False,31.91,0,0,True,97.09384644131794,71.25,5.890000000000001,28.812447292966773,1.165697403861107,0.9165039050009656,0.5996188262776925,-0.5141151770838972,-1.0873058900213437,-0.9049055366124238,1.6571307510606303,0.6996807004196783,-0.0357018417134047,-0.9679312308395074,1.411945315018838,0.3535873334010567,0,0,1,0.999999999996846,100257.74436724107,8.648816163641294e-05,False,,,,True,holdout,9.192131,-0.6623249,0.32794612794612793,0.17647809,0.435016835016835,0.14362705,28.220284489745445
CephQu00,quintez-cephus-1,00-0036277,Quintez Cephus,WR,2020,5,166,DET,wisconsin,73.0,202.0,4.73,38.5,124.0,23.0,7.2,4.33,,,,,,54.0,415.0,0.0,43059.0,94501901.0,67.0,5.0,5.0,22.0,0,0,0,False,skill_pass,False,False,False,False,13.71,0,1,True,80.71175712405854,81.25,5.765000000000001,26.647776318258583,-0.4259983182696639,-0.7037938588863734,0.5996188262776925,1.1535189267344557,0.8413090823242079,1.015864692053984,0.7479875689505298,0.4536597102266209,-1.3601429393688895,1.0025879358603076,0.7018539022467483,-0.7002261925757888,0,1,0,0.9999956085732332,2194.707285352656,0.0015560045518939,False,,,,True,holdout,8.630227,0.18628788,0.5333333333333333,0.17243195,0.3865319865319865,0.1348473,35.20955820604908
FielJu00,justin-fields-2,00-0036945,Justin Fields,QB,2021,1,11,CHI,ohio st.,74.0,227.0,4.45,,,,,,27238158.0,39354225.0,32832732100.0,44122.0,36.0,4213781.0,266484383.0,4105.0,1.0,-10.0,0.0,44.0,34.0,59.0,0,0,3,False,skill_pass,False,True,False,False,92.51,1,0,True,115.77527171845836,,,29.14189189189189,-0.0280743877369711,0.2841925825083454,-0.8384684383369269,,,,,,1.4746334348594865,,,0.5139688317736246,1,0,0,,,,False,0.6921279227325655,834.2873503416723,1225.611111111111,False,holdout,50.77438,14.450886,0.9508417508417508,0.6315144,0.960942760942761,0.7933497,85.74980692309563
BellDa00,daniel-bellinger-1,00-0038115,Daniel Bellinger,TE,2022,4,112,NYG,san diego st.,77.0,253.0,4.63,34.5,125.0,22.0,7.05,4.47,,,,,,11.0,-62.0,0.0,1152131.0,10201203357.0,302.0,9.0,9.0,62.0,0,0,2,False,skill_pass,False,False,False,False,33.22,0,0,True,110.10994679017968,79.75,5.76,29.998144712430427,1.165697403861107,1.311698481558853,0.0860162317724689,0.0417628575222204,0.9790672946346044,0.8237876691873433,0.0985995817290276,1.314733175902319,1.0166094904606986,0.7070100608553352,0.6734502457358602,0.9308131533735732,0,0,1,1.0,8854.204389084227,0.0002621229703913,False,,,,True,holdout,10.4781685,0.62371254,0.591919191919192,0.1860185,0.5151515151515151,0.16372138,40.9745956416985
StxxAm00,amon-ra-st-brown-1,00-0036963,Amon-Ra St. Brown,WR,2021,4,112,DET,southern california,71.0,197.0,4.51,38.5,127.0,20.0,6.88,4.17,,,,,,27.0,960.0,1.0,607741.0,7501042478.0,367.0,57.0,57.0,83.0,4,2,3,False,skill_pass,False,False,False,False,33.22,0,0,True,95.23356767038612,82.75,5.525,27.47292203927792,-1.2218461793350492,-0.9013911471653172,-0.5303068816337965,1.1535189267344557,1.2545837192553977,0.4396336234540616,-0.6373734704553393,-0.5304242505456087,-0.1860996090312994,1.2981658108652798,-0.6615216102756658,-0.2985255499045328,0,1,0,0.9999998720178056,12342.49865979093,0.0006038756641398,False,,,,True,holdout,14.129873,4.2754173,0.8484848484848485,0.21525991,0.6175084175084176,0.22077927,55.01034617885596
PittMi01,michael-pittman-jr-1,00-0036252,Michael Pittman Jr.,WR,2020,2,34,IND,southern california,76.0,223.0,4.52,36.5,121.0,13.0,6.96,4.14,,,,,,2.0,20.0,0.0,62340101.0,824047431275.0,2611.0,44.0,44.0,95.0,0,0,5,False,skill_pass,False,False,False,False,76.4,0,0,True,106.8516220878914,78.75,5.55,27.14144736842105,0.7677734733284143,0.1261147518851904,-0.4789466221832755,0.597640892128338,0.4280344453930183,-0.9049055366124238,-0.2910332106038721,-0.7149399931904031,0.7531840468776213,0.5099581441853538,-0.5195033277212509,-0.4598953357745461,0,1,0,0.9999999999757296,13218.57709654657,4.1883153188988254e-05,False,,,,True,holdout,26.59431,3.051117,0.8053872053872054,0.33843312,0.8195286195286196,0.4155361,63.68544564825116
WilsMi02,michael-wilson-3,00-0038559,Michael Wilson,WR,2023,3,94,ARI,stanford,74.0,213.0,4.58,37.5,125.0,23.0,,4.27,,,,,,24.0,847.0,0.0,1456181926.0,126672243185418.0,15104.0,18.0,18.0,46.0,0,0,2,False,skill_pass,False,True,False,False,41.61,0,0,True,96.8161229441142,81.25,,27.344594594594597,-0.0280743877369711,-0.2690798246726971,-0.1707850654801405,0.8755799094313969,0.9790672946346044,1.015864692053984,,0.084628224937032,-0.0581549248554734,1.0025879358603076,,-0.360998414622261,0,1,0,0.9999999999933136,86989.29778188856,1.0372330359496578e-05,False,,,,True,holdout,12.945334,-4.719239,0.09562289562289562,0.20542386,0.5946127946127946,0.20227084,23.871065888290456
KrafTu00,,00-0038996,Tucker Kraft,TE,2023,3,78,GNB,south dakota st.,77.0,254.0,4.69,34.0,122.0,23.0,7.08,4.29,,,,,,2.0,6.0,0.0,522.0,53289.0,2.0,15.0,15.0,42.0,0,0,1,False,skill_pass,False,False,False,False,49.86,0,0,True,104.99590020555291,78.0,5.6850000000000005,30.11671445437679,1.165697403861107,1.3512179392146415,0.394177788475604,-0.0972066511293089,0.5657926577034149,1.015864692053984,0.2284771791733288,0.2076387200335635,0.6031546898652475,0.3621692066828676,0.2473953980726102,0.9885357353708236,0,0,1,0.9998874190824656,102.08620689655172,0.003831417624521,False,,,,True,holdout,17.612705,-0.05186844,0.4484848484848485,0.24612911,0.6666666666666666,0.27519852,41.69927986643531
HookHe00,hendon-hooker-1,00-0038550,Hendon Hooker,QB,2023,3,68,DET,tennessee,75.0,217.0,,,,,,,9897206229.0,161149302329.0,1552134429453135.0,1393127.0,2532.0,4123120167104.0,57356620620430.0,15955.0,1.0,20.0,0.0,0.0,0.0,3.0,0,0,0,False,skill_pass,False,True,False,False,55.39,0,0,True,,,,27.120177777777776,0.3698495427957216,-0.111001994049542,,,,,,,,,,-0.4702498804484291,1,0,0,,,,False,0.0614163765276129,9631.654664469605,550.2081358609795,False,holdout,27.522526,9.857952,0.9326599326599326,0.34890097,0.8383838383838383,0.43003947,69.65288270954733
WillCa03,caleb-williams-3,00-0039918,Caleb Williams,QB,2024,1,1,CHI,southern california,73.0,214.0,,,,,,,136332266.0,211499388.0,191245353633.0,214230.0,455.0,7911399.0,442382115.0,61011.0,1.0,15.0,0.0,26.0,26.0,34.0,0,0,1,False,skill_pass,False,True,False,False,100.0,1,0,True,,,,28.23081253518484,-0.4259983182696639,-0.2295603670169083,,,,,,,,,,0.0704336430294765,1,0,0,,,,False,0.6445988675863213,904.2359670232236,470.8351648351649,False,holdout,72.61616,36.292664,0.9885521885521885,0.8362803,0.98989898989899,1.0,96.06567336433264
DaniJa02,jayden-daniels-1,00-0039910,Jayden Daniels,QB,2024,1,2,WAS,louisiana state,76.0,210.0,,,,,,,20549197266236.0,33884301388327.0,2.943701238029134e+18,175101740.0,211034.0,12533138186135.0,3552237108851134.0,3461110.0,1.0,5.0,1.0,26.0,26.0,24.0,1,0,1,False,skill_pass,False,True,False,False,99.24,1,0,True,,,,25.55921052631579,0.7677734733284143,-0.3876381976400633,,,,,,,,,,-1.2301660166267196,1,0,0,,,,False,0.6064518500982025,86875.0754012366,829.7323654008359,False,holdout,73.54737,37.223877,0.9892255892255892,0.84255576,0.9905723905723905,1.0,96.2315869052402
NabeMa00,malik-nabers-1,00-0039337,Malik Nabers,WR,2024,1,6,NYG,louisiana state,72.0,200.0,,,,,,,2.0,2.0,50.0,1.0,0.0,411.0,2351.0,0.0,287289.0,41710171569.0,4314.0,12.0,12.0,19.0,1,0,1,False,skill_pass,False,True,False,False,96.22,1,0,True,,,,27.121913580246915,-0.8239222488023566,-0.7828327741979508,,,,,,,,,,-0.4694048503529668,0,1,0,0.999999943634855,145185.41109823209,0.0150162380042396,False,,,,False,holdout,43.87871,7.5552177,0.9063973063973064,0.5483325,0.9474747474747475,0.6856049,79.88413530638323
OdunRo00,rome-odunze-1,00-0039919,Rome Odunze,WR,2024,1,9,CHI,washington,75.0,212.0,4.45,39.0,124.0,,6.88,4.03,,,,,,3232.0,-1613637.0,11.0,6417592.0,7241511451640.0,4713.0,12.0,12.0,29.0,0,0,1,False,skill_pass,False,True,False,False,93.99,1,0,True,108.12492336701838,81.5,5.455,26.49528888888889,0.3698495427957216,-0.3085992823284858,-0.8384684383369269,1.292488435385985,0.8413090823242079,,-0.6373734704553393,-1.391497716221307,0.8561265050167263,1.0518509150278028,-1.0591728014280375,-0.7744607148143877,0,1,0,1.0,1128384.517376611,0.0007343876020787,False,,,,True,holdout,26.799423,-9.524071,0.013468013468013467,0.3407331,0.8235690235690236,0.418741,32.199583281772306
NixxBo00,bo-nix-1,00-0039732,Bo Nix,QB,2024,1,12,DEN,oregon,74.0,214.0,,,,,,,294364.0,408470.0,35944508.0,2945.0,73.0,8854.0,514234.0,146.0,2.0,36.0,1.0,25.0,25.0,34.0,0,0,1,False,skill_pass,False,True,False,False,91.78,1,0,True,,,,27.47297297297297,-0.0280743877369711,-0.2295603670169083,,,,,,,,,,-0.2985007541654118,1,0,0,,,,False,0.7206502313511396,87.99791416750313,40.342465753424655,False,holdout,42.885326,6.5618324,0.8942760942760942,0.5360042,0.9454545454545454,0.6700832,78.80188333616915
RichAn03,anthony-richardson-2,00-0039164,Anthony Richardson,QB,2023,1,4,IND,florida,76.0,244.0,4.43,40.5,129.0,,,,138176.0,264327.0,275292549.0,1617.0,159.0,751103.0,61401654.0,39.0,,,,9.0,9.0,17.0,0,0,1,False,skill_pass,False,True,False,False,97.72,1,0,True,126.7082570908795,84.75,,29.69736842105263,0.7677734733284143,0.9560233626567542,-0.9411889572379736,1.7093969613405733,1.5301001438761903,,,,2.358531383825329,1.6922696442052427,,0.7843880717558903,1,0,0,,,,True,0.5227464466361741,1041.4847858902042,10.169811320754716,False,holdout,59.752216,23.428722,0.9696969696969697,0.72861576,0.9737373737373738,0.9336284,91.50750878663979
EskrDW00,dwayne-eskridge-1,00-0036620,D'Wayne Eskridge,WR,2021,2,56,SEA,western michigan,68.0,190.0,4.38,35.0,124.0,,6.93,4.22,,,,,,642.0,501343.0,0.0,173038333.0,12150677673768.0,13308.0,3.0,2.0,43.0,0,0,0,False,skill_pass,False,True,False,False,62.42,0,0,True,103.24930918897756,79.5,5.574999999999999,28.886245674740483,-2.415617970933128,-1.1780273507558383,-1.197990254490583,0.1807323661737498,0.8413090823242079,,-0.4209108080481732,-0.2228980128042883,0.4619482247832185,0.6577470816878399,-0.3774850451668358,0.3895141480611101,0,1,0,0.9999999587395046,70219.57194749443,7.690781440896105e-05,False,,,,True,holdout,21.812502,-1.7306919,0.20606060606060606,0.28712776,0.7427609427609427,0.34082034,35.65660587490006
WillMa12,malik-willis-1,00-0038128,Malik Willis,QB,2022,3,86,TEN,liberty,73.0,219.0,,,,,,,65169207.0,77264339.0,452422522857.0,102027.0,612.0,1612141197.0,22188944878.0,111413.0,1.0,13.0,0.0,6.0,1.0,22.0,0,0,0,False,skill_pass,False,True,False,False,45.64,0,0,True,,,,28.89041095890411,-0.4259983182696639,-0.0319630787379645,,,,,,,,,,0.3915419078650028,1,0,0,,,,False,0.8434577690491858,5855.515347863133,166.7107843137255,False,holdout,28.070095,10.405521,0.934006734006734,0.35514593,0.8437710437710437,0.43859524,70.11051341851152
MoorSk01,skyy-moore-1,00-0038090,Skyy Moore,WR,2022,2,54,KAN,western michigan,70.0,195.0,4.41,34.5,125.0,,7.13,4.32,,,,,,111.0,2010.0,100.0,512495.0,8023891292.0,3310.0,5.0,4.0,53.0,0,0,0,False,skill_pass,False,True,False,False,63.63,0,0,True,103.1122465590578,79.75,5.725,27.976530612244897,-1.619770109867742,-0.9804300624768948,-1.0439094761390153,0.0417628575222204,0.9790672946346044,,0.4449398415804949,0.3921544626783579,0.450867136376062,0.7070100608553352,0.4746246501596741,-0.0533568696795676,0,1,0,0.9999997494981644,15656.52599927804,0.0064585995960936,False,,,,True,holdout,28.86255,5.319357,0.8734006734006734,0.36427143,0.8572390572390572,0.45097739,68.38578457392828
BellDa02,david-bell-6,00-0037257,David Bell,WR,2022,3,99,CLE,purdue,73.0,212.0,4.65,33.0,118.0,,7.14,4.57,,,,,,33.0,1239.0,10.0,865393.0,10356251286.0,786.0,3.0,3.0,32.0,0,0,0,False,skill_pass,False,True,False,False,39.18,0,0,True,90.68888137871588,75.5,5.855,27.96697316569713,-0.4259983182696639,-0.3085992823284858,0.1887367506735154,-0.3751456684323677,0.0147598084618287,,0.4882323740619274,1.9297856513849652,-0.5535233963194106,-0.1304605849920861,1.2131197194426522,-0.0580096629047343,0,1,0,0.9999998803621294,11967.107760289256,0.0009082578666571,False,,,,True,holdout,13.696325,-3.9682484,0.11178451178451178,0.21162072,0.6087542087542087,0.21400508,25.158980966216383
SinnBe00,ben-sinnott-1,00-0039912,Ben Sinnott,TE,2024,2,53,WAS,kansas st.,76.0,250.0,4.68,40.0,126.0,,6.82,4.23,,,,,,3.0,12.0,1.0,23149.0,15447676.0,46.0,1.0,1.0,33.0,0,0,0,False,skill_pass,False,True,False,False,64.24,0,0,True,104.22852504553892,83.0,5.525,30.42763157894737,0.7677734733284143,1.1931401085914868,0.3428175290250784,1.5704274526890438,1.116825506945001,,-0.8971286653439379,-0.1613927652560198,0.5411147888758345,1.347428790032775,-0.6615216102756658,1.139897616764588,0,0,1,0.9999992231847252,667.3150460063069,0.001987126873731,False,,,,True,holdout,21.95594,-1.5872536,0.21683501683501682,0.28859797,0.7474747474747475,0.34306157,36.256086671994595
FromJa00,jake-fromm-1,00-0036197,Jake Fromm,QB,2020,5,167,BUF,georgia,74.0,219.0,5.01,30.0,111.0,,7.27,4.51,181206234.0,291305385.0,261527492860.0,243024.0,765.0,554138.0,,300.0,,,,1.0,,3.0,0,0,0,False,skill_pass,False,True,False,False,13.43,0,1,True,69.5221520263196,70.5,5.89,28.114864864864863,-0.0280743877369711,-0.0319630787379645,2.037706090892307,-1.208962720341544,-0.949547677710947,,1.0510352963205607,1.5607541660953763,-2.264787796991973,-1.1157201683419935,1.4119453150188332,0.0139875481188325,1,0,0,,,,True,0.6220490362716776,897.777749148029,317.678431372549,False,holdout,12.058436,3.6144972,0.8323232323232324,0.19828019,0.5750841750841751,0.18841307,52.52847824940577
LawrTr00,trevor-lawrence-1,00-0036971,Trevor Lawrence,QB,2021,1,1,JAX,clemson,77.0,213.0,,,,,,,259268231.0,398407334.0,328036653153.0,303624.0,485.0,6010368.0,177563203.0,198.0,111.0,-1208.0,0.0,52.0,52.0,77.0,1,0,4,False,skill_pass,False,True,False,False,100.0,1,0,True,,,,25.25535503457581,1.165697403861107,-0.2690798246726971,,,,,,,,,,-1.3780901265164915,1,0,0,,,,False,0.6507616925545854,823.3700164590846,626.0288659793814,False,holdout,76.582115,40.25862,0.9905723905723905,0.8616552,0.9925925925925926,1.0,96.70785128648835
WilsZa00,zach-wilson-3,00-0037013,Zach Wilson,QB,2021,1,2,NYJ,byu,74.0,214.0,,,,,,,120199244.0,182319333.0,157823813651.0,121132.0,393.0,736769.0,212167265.0,2310.0,12.0,1932.0,0.0,13.0,13.0,38.0,0,0,3,False,skill_pass,False,True,False,False,99.24,1,0,True,,,,27.47297297297297,-0.0280743877369711,-0.2295603670169083,,,,,,,,,,-0.2985007541654118,1,0,0,,,,False,0.6592786514856326,865.644970580273,308.22391857506364,False,holdout,63.95118,27.627686,0.9777777777777777,0.76809025,0.9811447811447811,0.9992372,94.08055648338113
ChasJa00,jamarr-chase-1,00-0036900,Ja'Marr Chase,WR,2021,1,5,CIN,louisiana state,72.0,201.0,4.34,41.0,132.0,,6.96,3.99,,,,,,1.0,5.0,0.0,2384.0,3131780.0,320.0,58.0,58.0,78.0,5,2,4,False,skill_pass,False,True,False,False,96.97,1,0,True,113.30971182645204,86.5,5.475,27.25752314814815,-0.8239222488023566,-0.7433133165421622,-1.4034312922926713,1.8483664699921023,1.94337478080738,,-0.2910332106038721,-1.6375187064143644,1.275300566721366,2.0371104983777104,-0.9455581753845058,-0.4033868741450764,0,1,0,0.9999984034663938,1313.6661073825503,0.1342281879194631,False,,,,True,holdout,38.223217,1.899723,0.7279461279461279,0.4778048,0.934006734006734,0.59723777,69.29883101191183
SullSt00,stephen-sullivan-1,00-0036438,Stephen Sullivan,TE,2020,7,251,SEA,louisiana state,77.0,248.0,4.66,36.5,123.0,,7.51,4.62,,,,,,22.0,520.0,10.0,112312.0,219363130.0,120.0,1.0,0.0,30.0,0,0,0,False,skill_pass,False,True,False,False,0.21,0,1,True,105.18117297406906,79.75,6.065,29.4052960026986,1.165697403861107,1.1141011932799092,0.2400970101240364,0.597640892128338,0.7035508700138113,,2.0900560758749624,2.237311889126285,0.6181334184112252,0.7070100608553352,2.406073292899758,0.6422002433873142,0,0,1,0.9999976295069852,1953.1584336491203,0.0010684521689579,False,,,,True,holdout,6.8791966,0.9053941,0.6296296296296297,0.16029426,0.22356902356902356,0.107487455,35.012200196885104
HoweSa00,sam-howell-1,00-0037077,Sam Howell,QB,2022,5,144,WAS,north carolina,73.0,218.0,,,,,,,259237217.0,422348347.0,364135863056.0,383024.0,779.0,9492183.0,35146828.0,1511.0,31.0,231.0,11.0,12.0,12.0,20.0,0,0,1,False,skill_pass,False,True,False,False,20.63,0,1,True,,,,28.758491274160257,-0.4259983182696639,-0.0714825363937533,,,,,,,,,,0.3273202548978983,1,0,0,,,,False,0.6137995302725785,862.16949975656,491.6867779204108,False,holdout,22.409456,13.965517,0.9481481481481482,0.29327574,0.7562289562289563,0.35014775,65.91897500404204
WickDo00,dontayvion-wicks-1,00-0038393,Dontayvion Wicks,WR,2023,5,159,GNB,virginia,73.0,206.0,4.62,39.0,130.0,,,,1.0,3.0,18.0,0.0,0.0,,,,35730.0,611203430.0,192.0,13.0,13.0,46.0,0,0,0,False,skill_pass,False,True,False,False,15.76,0,1,True,90.43349466349191,84.5,,27.175455057234004,-0.4259983182696639,-0.5457160282632184,0.0346559723219479,1.292488435385985,1.6678583561865872,,,,-0.574170619935845,1.6430066650377473,,-0.443339580707367,0,1,0,1.0,17106.169325496783,0.0053736356003358,False,,,,False,holdout,10.246792,1.8028526,0.7218855218855219,0.18427314,0.5037037037037037,0.16010612,45.837080246721854
WatkQu00,quez-watkins-1,00-0036271,Quez Watkins,WR,2020,6,200,PHI,southern miss,72.0,185.0,4.35,36.5,125.0,,7.28,4.36,,,,,,41.0,111.0,0.0,237364.0,3378961178.0,296.0,13.0,13.0,49.0,0,0,1,False,skill_pass,False,True,False,False,5.78,0,1,True,103.33434625429842,80.75,5.82,25.0877700617284,-0.8239222488023566,-1.3756246390347822,-1.3520710328421504,0.597640892128338,0.9790672946346044,,1.094327828801997,0.6381754528714153,0.468823207696192,0.9040619775253168,1.0142941238664662,-1.459674493471326,0,1,0,0.999999967149668,14235.356574712256,0.0012470298781618,False,,,,True,holdout,5.46701,-1.1027288,0.2632996632996633,0.15101664,0.05925925925925926,0.08542203,16.44594513971095
HallJa00,jaren-hall-1,00-0038598,Jaren Hall,QB,2023,5,164,MIN,byu,72.0,207.0,,,,,,,31189248.0,46296376.0,42025833171.0,12031.0,56.0,4296286.0,4139307346.0,333.0,23.0,1336.0,1.0,1.0,1.0,3.0,0,0,0,False,skill_pass,False,True,False,False,14.28,0,1,True,,,,28.07118055555556,-0.8239222488023566,-0.5061965706074296,,,,,,,,,,-0.0072790168977324,1,0,0,,,,False,0.6736865969811546,907.7564337001236,214.8392857142857,False,holdout,22.741964,14.298025,0.9494949494949495,0.29673344,0.7656565656565657,0.3553432,66.33446170510065
AlleDa02,davis-allen-1,00-0039074,Davis Allen,TE,2023,5,175,LAR,clemson,78.0,245.0,4.84,38.5,125.0,,,,0.0,1.0,0.0,0.0,0.0,,,,5162839.0,53247208443.0,435.0,3.0,3.0,47.0,0,0,0,False,skill_pass,False,True,False,False,11.28,0,1,True,89.2924282432693,81.75,,28.309500328731097,1.5636213343937997,0.995542820312543,1.1645816802334323,1.1535189267344557,0.9790672946346044,,,,-0.6664222999767568,1.1011138941952985,,0.1087407401066659,0,0,1,1.0,10313.55199009692,8.425596847006075e-05,False,,,,False,holdout,9.20354,0.75960064,0.6121212121212121,0.17656101,0.43703703703703706,0.14380531,39.632915685473876
McKeTa01,tanner-mckee-1,00-0038400,Tanner McKee,QB,2023,6,188,PHI,stanford,78.0,231.0,,33.0,114.0,,7.22,4.41,3206264.0,7315426.0,6223272947.0,1513.0,78.0,6074.0,,42.0,,,,2.0,2.0,6.0,0,0,0,False,skill_pass,False,True,False,False,8.19,0,1,True,,73.5,5.815,26.691814595660748,1.5636213343937997,0.4422704131315005,,-0.3751456684323677,-0.5362730407797573,,0.8345726339133946,0.9457016906127356,,-0.524564418332049,0.9858904673555782,-0.6787873074383488,1,0,0,,,,True,0.4382880778234924,850.7054745683984,19.397435897435894,False,holdout,5.5515776,-1.0181613,0.2727272727272727,0.15155958,0.06397306397306397,0.0867434,16.95461185542421
JeffVa00,van-jefferson-1,00-0036415,Van Jefferson,WR,2020,2,57,LAR,florida,73.0,200.0,,,,,,,1.0,1.0,-3.0,0.0,0.0,51.0,407.0,0.0,49423549.0,543456503657.0,3166.0,19.0,13.0,94.0,0,0,3,False,skill_pass,False,True,False,False,61.82,0,0,True,,,,26.38393694877088,-0.4259983182696639,-0.7828327741979508,,,,,,,,,,-0.8286694985099996,0,1,0,0.99999999925109,10995.902047766744,6.405853209772531e-05,False,,,,False,holdout,21.85231,-1.6908836,0.20875420875420875,0.28753534,0.7447811447811448,0.34144235,35.8253448201149
BrooJa03,jalen-brooks-2,00-0038640,Jalen Brooks,WR,2023,7,244,DAL,south carolina,73.0,201.0,4.69,35.0,130.0,,7.15,4.31,,,,,,4.0,51.0,1.0,111433.0,100181504.0,11.0,2.0,2.0,27.0,0,0,0,False,skill_pass,False,True,False,False,0.53,0,1,True,83.08730685557533,82.5,5.73,26.51585663351473,-0.4259983182696639,-0.7433133165421622,0.394177788475604,0.1807323661737498,1.6678583561865872,,0.5315249065433636,0.3306492151300895,-1.1680871134596431,1.2489028316977844,0.5030283066705622,-0.764447845542895,0,1,0,0.9999994909242524,899.0290488454946,9.871402546821858e-05,False,,,,True,holdout,7.016024,1.0422215,0.6505050505050505,0.16121727,0.232996632996633,0.10962538,36.09698784725132
LaPoSa01,sam-laporta-1,00-0039065,Sam LaPorta,TE,2023,2,34,DET,iowa,75.0,245.0,4.59,35.0,123.0,,6.91,4.25,,,,,,2.0,6.0,0.0,15275358.0,188271670656.0,131.0,21.0,21.0,42.0,1,0,2,False,skill_pass,False,True,False,False,76.4,0,0,True,110.3939664692558,79.0,5.58,30.61955555555556,0.3698495427957216,0.995542820312543,-0.1194248060296195,0.1807323661737498,0.7035508700138113,,-0.5074958730110382,-0.0383822701594938,1.039571600373932,0.5592211233528491,-0.3490813886559478,1.2333307920009475,0,0,1,0.9999999999681312,12325.188755379742,8.575903752959505e-06,False,,,,True,holdout,22.017921,-1.5252724,0.2202020202020202,0.28923467,0.7481481481481481,0.34403002,36.43633788181877
BowdLy00,lynn-bowden-jr-1,00-0036364,Lynn Bowden Jr.,WR,2020,3,80,LVR,kentucky,71.0,204.0,,,,13.0,,,3035.0,4174.0,920403.0,3.0,113.0,129185.0,37251468.0,13.0,176730.0,210745348.0,51.0,3.0,,26.0,0,0,0,False,skill_pass,False,True,False,False,48.79,0,0,True,,,,28.44911723864313,-1.2218461793350492,-0.6247549435747959,,,,-0.9049055366124238,,,,,,0.1767095861065623,0,1,0,0.8497905392462781,1192.4707067277768,0.0002885757935834,False,,,,False,holdout,20.578888,2.9143143,0.7966329966329966,0.27467015,0.7198653198653199,0.32154512,58.186931820830914
JeudJe00,jerry-jeudy-1,00-0036407,Jerry Jeudy,WR,2020,1,15,DEN,alabama,73.0,193.0,4.45,35.0,120.0,,,4.53,,,,,,1.0,1.0,0.0,146877.0,26413151163.0,21410.0,31.0,22.0,91.0,1,0,4,False,skill_pass,False,True,False,False,89.6,1,0,True,98.43448212186108,77.5,,25.46049915556389,-0.4259983182696639,-1.0594689777884725,-0.8384684383369269,0.1807323661737498,0.2902762330826218,,,1.683764661191908,0.0726843938825622,0.2636432483478769,,-1.2782210692797389,0,1,0,0.99999999996214,179831.771911191,0.1457682278368975,False,,,,True,holdout,28.254585,-8.068909,0.03367003367003367,0.35726133,0.8491582491582491,0.44147786,34.304750227366235
AiyuBr00,brandon-aiyuk-1,00-0036261,Brandon Aiyuk,WR,2020,1,25,SFO,arizona st.,72.0,205.0,4.5,40.0,128.0,11.0,,,,,,,,1.0,6.0,0.0,3365.0,4741192.0,38.0,39.0,39.0,69.0,0,0,5,False,skill_pass,False,True,False,False,82.52,1,0,True,99.9847584209724,84.0,,27.799961419753085,-0.8239222488023566,-0.5852354859190071,-0.5816671410843175,1.5704274526890438,1.392341931565794,-1.2890595823457054,,,0.1980194231026206,1.5444807067027566,,-0.1393149693135149,0,1,0,0.9999987344970616,1408.9723625557206,0.0112927191679049,False,,,,True,holdout,24.918234,-11.40526,0.00404040404040404,0.31993115,0.7919191919191919,0.3893474,30.18557167053223
NailJa00,jalen-nailor-1,00-0037291,Jalen Nailor,WR,2022,6,191,MIN,michigan st.,71.0,186.0,4.5,38.0,128.0,,7.03,4.28,,,,,,10521.0,,1000.0,8152637.0,138106515695.0,2046.0,9.0,9.0,55.0,0,0,0,False,skill_pass,False,True,False,False,7.55,0,1,True,90.71787837219937,83.0,5.655,25.938901011704026,-1.2218461793350492,-1.3361051813789937,-0.5816671410843175,1.0145494180829262,1.392341931565794,,0.0120145167661627,0.1461334724853005,-0.5511790793562795,1.347428790032775,0.0769734590073072,-1.045323620779113,0,1,0,1.0,16940.103637019532,0.0002509617440344,False,,,,True,holdout,6.6743703,0.104631424,0.5218855218855218,0.15892057,0.21077441077441078,0.10428704,30.355061304840174
BurrJo01,joe-burrow-1,00-0036442,Joe Burrow,QB,2020,1,1,CIN,louisiana state,75.0,221.0,,,,,,,227219402.0,2811379527.0,2266128935671.0,201660.0,56.0,123128115.0,,1075.0,1.0,16.0,0.0,63.0,63.0,77.0,3,0,5,False,skill_pass,False,True,False,False,100.0,1,0,True,,,,27.62008888888889,0.3698495427957216,0.0470758365736129,,,,,,,,,,-0.2268812129556597,1,0,0,,,,False,0.0808213191487753,806.0558575985533,3601.0714285714284,False,holdout,66.07827,29.754776,0.9824915824915825,0.7864929,0.9838383838383838,1.0,94.70628925565919
PeniMi00,michael-penix-jr-1,00-0039917,Michael Penix,QB,2024,1,8,ATL,washington,74.0,216.0,,,,,,,1311012387362363.0,2.416021916255456e+16,1.2313941649939463e+21,101443136.0,447811.0,52218173535.0,,22243.0,0.0,-26.0,0.0,8.0,8.0,14.0,0,0,0,False,skill_pass,False,True,False,False,94.73,1,0,True,,,,27.72972972972973,-0.0280743877369711,-0.1505214517053308,,,,,,,,,,-0.1735054332517134,1,0,0,,,,False,0.0542632655168242,50967.83918675951,226.53113925294377,False,holdout,58.09803,21.774536,0.9663299663299664,0.7119557,0.971043771043771,0.9077817,90.4688230002368
McCaJJ00,jj-mccarthy-1,00-0039923,J.J. McCarthy,QB,2024,1,10,MIN,michigan,75.0,219.0,,,,,6.82,4.23,34208240.0,59322332.0,51627192991.0,52222.0,254.0,277064.0,124306202.0,253.0,,,,4.0,4.0,10.0,0,0,0,False,skill_pass,False,True,False,False,93.25,1,0,True,,,5.525,27.37013333333333,0.3698495427957216,-0.0319630787379645,,,,,-0.8971286653439379,-0.1613927652560198,,,-0.6615216102756658,-0.3485655467020452,1,0,0,,,,True,0.5766502908213386,870.2825942682091,205.5984251968504,False,holdout,50.93142,14.607925,0.9521885521885521,0.63333964,0.9616161616161616,0.7958034,85.9027273394042
TremTo00,tommy-tremble-1,00-0037005,Tommy Tremble,TE,2021,3,83,CAR,notre dame,75.0,241.0,4.6,36.5,122.0,20.0,,,,,,,,1.0,4.0,0.0,1619.0,183217.0,40.0,7.0,7.0,78.0,0,0,1,False,skill_pass,False,True,False,False,47.2,0,0,True,107.65041577181331,79.25,,30.119644444444443,0.3698495427957216,0.837464989689388,-0.0680645465790985,0.597640892128338,0.5657926577034149,0.4396336234540616,,,0.8177640380524452,0.6084841025203445,,0.9899621245081782,0,0,1,0.9999781684413904,113.1667696108709,0.0247066090179122,False,,,,True,holdout,20.097956,2.433382,0.773063973063973,0.26990548,0.7138047138047138,0.31403056,56.87737420933816
SchwAn00,anthony-schwartz-1,00-0036999,Anthony Schwartz,WR,2021,3,91,CLE,auburn,72.0,186.0,4.27,32.0,123.0,,7.13,4.25,,,,,,27114.0,,520.0,234154.0,392440652.0,213.0,2.0,2.0,25.0,0,0,0,False,skill_pass,False,True,False,False,43.1,0,0,True,111.90034867884242,77.5,5.69,25.22337962962963,-0.8239222488023566,-1.3361051813789937,-1.7629531084463272,-0.6530846857354266,0.7035508700138113,,0.4449398415804949,-0.0383822701594938,1.1613579286325415,0.2636432483478769,0.2757990545834882,-1.3936565172634356,0,1,0,1.0,1675.993798952826,0.0009096577466112,False,,,,True,holdout,17.31551,-0.34906387,0.4026936026936027,0.24338232,0.663973063973064,0.27055484,39.665948892683296
ReedJo03,joe-reed-4,00-0036377,Joe Reed,WR,2020,5,151,LAC,virginia,72.0,224.0,4.47,38.0,123.0,21.0,,,,,,,,22138.0,31121542.0,100.0,4232577.0,77244465679.0,277.0,0.0,0.0,11.0,0,0,0,False,skill_pass,False,True,False,False,18.27,0,1,True,112.21422683106717,80.5,,30.376543209876544,-0.8239222488023566,0.1656342095409792,-0.7357479194358849,1.0145494180829262,0.7035508700138113,0.6317106463207024,,,1.1867340034671858,0.8547989983578214,,1.1150265786364075,0,1,0,0.9995972655385847,18249.984744282265,6.54447633203129e-05,False,,,,True,holdout,10.714319,2.27038,0.7616161616161616,0.18781298,0.5279461279461279,0.16741124,48.128053760488434
WilsGa00,garrett-wilson-2,00-0037740,Garrett Wilson,WR,2022,1,10,NYJ,ohio st.,72.0,183.0,4.38,36.0,123.0,,,4.36,,,,,,24.0,6776.0,1.0,304370.0,4327231058.0,5612.0,27.0,27.0,58.0,0,0,3,False,skill_pass,False,True,False,False,93.25,1,0,True,99.44538727148893,79.5,,24.816550925925927,-0.8239222488023566,-1.4546635543463595,-1.197990254490583,0.4586713834768086,0.7035508700138113,,,0.6381754528714153,0.1544129390070293,0.6577470816878399,,-1.5917104458871068,0,1,0,0.9999984341050204,14217.009094194564,0.0184380852252193,False,,,,True,holdout,31.31625,-5.007244,0.08686868686868687,0.39312685,0.8774410774410775,0.4893164,38.67243430610458
JackJh00,jhaquan-jackson-1,00-0039392,Jha'Quan Jackson,WR,2024,6,182,TEN,tulane,69.0,188.0,4.42,32.0,118.0,12.0,,,,,,,,2415.0,3126851.0,1000.0,231173326.0,31425294554439.0,18134.0,0.0,0.0,12.0,0,0,0,False,skill_pass,False,True,False,False,9.56,0,1,True,98.51418471014152,75.0,,27.759714345725687,-2.0176940404004347,-1.257066266067416,-0.9925492166884944,-0.6530846857354266,0.0147598084618287,-1.0969825594790643,,,0.0791281008764518,-0.2289865433270768,,-0.1589082061086733,0,1,0,0.9999999004989218,135938.23776381105,7.844330621431644e-05,False,,,,True,holdout,6.2211866,-0.34855223,0.4033670033670034,0.1559152,0.1696969696969697,0.09720604,24.59104429265666
WilsJo03,johnny-wilson-3,00-0039236,Johnny Wilson,WR,2024,6,185,PHI,florida st.,78.0,231.0,4.52,37.0,128.0,,,4.11,,,,,,1.0,0.0,0.0,6124341.0,89154897617.0,152.0,0.0,0.0,16.0,0,0,0,False,skill_pass,False,True,False,False,8.86,0,1,True,110.68486413588752,82.5,,26.691814595660748,1.5636213343937997,0.4422704131315005,-0.4789466221832755,0.7366104007798674,1.392341931565794,,,-0.8994557358351921,1.0630897742428322,1.2489028316977844,,-0.6787873074383488,0,1,0,1.0,14557.46791646644,2.4818996852069476e-05,False,,,,True,holdout,6.9801297,0.41039085,0.5616161616161616,0.1609747,0.23030303030303031,0.109064534,32.47149157065033
ThraJa01,jamari-thrash-1,00-0039379,Jamari Thrash,WR,2024,5,156,CLE,louisville,72.0,188.0,4.46,34.0,120.0,,7.16,,,,,,,131.0,51712.0,1.0,29326063.0,171614521110858.0,2376.0,1.0,1.0,18.0,0,0,0,False,skill_pass,False,True,False,False,16.68,0,1,True,95.02730441980512,77.0,,25.494598765432094,-0.8239222488023566,-1.257066266067416,-0.7871081788864059,-0.0972066511293089,0.2902762330826218,,0.5748174390247961,,-0.2027753529315381,0.1651172900128861,,-1.2616205648476548,0,1,0,0.9999999996986736,5851945.455851268,8.102008101121517e-05,False,,,,True,holdout,7.030412,-1.413527,0.22424242424242424,0.16131456,0.2356902356902357,0.10985019,19.106796995131457
JoneCh11,charlie-jones-7,00-0038576,Charlie Jones,WR,2023,4,131,CIN,purdue,71.0,175.0,4.43,36.5,124.0,13.0,,,,,,,,272.0,3883.0,0.0,1821110.0,3953231361.0,3312.0,4.0,4.0,33.0,0,0,0,False,skill_pass,False,True,False,False,25.38,0,0,True,90.87682373321276,80.25,,24.404879984130133,-1.2218461793350492,-1.7708192155926696,-0.9411889572379736,0.597640892128338,0.8413090823242079,-0.9049055366124238,,,-0.5383288400289905,0.805536019190326,,-1.7921216916536913,0,1,0,0.9999990177665228,2170.7812054186734,0.0018186710303056,False,,,,True,holdout,10.648175,0.7937193,0.6161616161616161,0.187309,0.5252525252525253,0.16637774,42.225249852194935
GoulAn00,anthony-gould-1,00-0039816,Anthony Gould,WR,2024,5,142,IND,oregon st.,68.0,174.0,4.39,39.5,129.0,,,4.16,,,,,,524.0,501122.0,100.0,132744.0,185457718.0,132.0,0.0,0.0,19.0,0,0,0,False,skill_pass,False,True,False,False,21.33,0,1,True,93.69602422186716,84.25,,26.45371972318339,-2.415617970933128,-1.8103386732484583,-1.1466299950400618,1.4314579440375144,1.5301001438761903,,,-0.5919294980938716,-0.3104052267832433,1.593743685870252,,-0.7946975774119166,0,1,0,0.997305199365623,1397.10810281444,0.0009943952269029,False,,,,True,holdout,10.995025,2.5510855,0.7771043771043771,0.1899633,0.538047138047138,0.17179726,49.08032897907476
MoonDa00,darnell-mooney-1,00-0036309,Darnell Mooney,WR,2020,5,173,CHI,tulane,70.0,176.0,4.38,37.0,124.0,9.0,,,,,,,,41.0,226.0,0.0,24344848.0,267599993713.0,2485.0,33.0,23.0,91.0,0,0,4,False,skill_pass,False,True,False,False,11.8,0,1,True,95.64146535400026,80.5,,25.25061224489796,-1.619770109867742,-1.731299757936881,-1.197990254490583,0.7366104007798674,0.8413090823242079,-1.6732136280789869,,,-0.1531223467691599,0.8547989983578214,,-1.3803990297963822,0,1,0,0.999999999155456,10992.058513283797,0.0001020749852289,False,,,,True,holdout,7.9670057,-0.47693348,0.3824915824915825,0.16775118,0.33535353535353535,0.124484465,27.85144700917732
DardJa00,jaelon-darden-1,00-0036877,Jaelon Darden,WR,2021,4,129,TAM,north texas,67.0,174.0,4.47,35.5,122.0,,6.66,3.98,,,,,,1321.0,,0.0,32487674.0,2815757361190.0,341219.0,0.0,0.0,36.0,0,0,0,False,skill_pass,False,True,False,False,26.16,0,0,True,87.16640834198965,78.75,5.32,27.249276008019603,-2.81354190146582,-1.8103386732484583,-0.7357479194358849,0.3197018748252792,0.5657926577034149,,-1.5898091850468723,-1.69902395396263,-0.8383044132504063,0.5099581441853538,-1.8260715272218937,-0.4074017789133449,0,1,0,1.0,86671.55922550811,0.0105030295489914,False,,,,True,holdout,9.967959,0.113503456,0.5239057239057239,0.1821867,0.4882154882154882,0.15574937,37.479260079612835
McCoLa00,ladd-mcconkey-1,00-0039915,Ladd McConkey,WR,2024,2,34,LAC,georgia,72.0,186.0,4.39,36.0,124.0,13.0,,,,,,,,472.0,4413438.0,121.0,315830.0,447762478.0,572.0,18.0,18.0,32.0,0,0,1,False,skill_pass,False,True,False,False,76.4,0,0,True,100.15781899578904,80.0,,25.22337962962963,-0.8239222488023566,-1.3361051813789937,-1.1466299950400618,0.4586713834768086,0.8413090823242079,-0.9049055366124238,,,0.2120108336749904,0.7562730400228306,,-1.3936565172634356,0,1,0,0.9902395553504004,1417.732571320014,0.0018111009087167,False,,,,True,holdout,25.331345,1.7881508,0.7178451178451178,0.32444188,0.795959595959596,0.39580226,59.037879868689615
BoutKa00,kayshon-boutte-1,00-0038608,Kayshon Boutte,WR,2023,6,187,NWE,louisiana state,71.0,195.0,4.5,29.0,118.0,,,4.25,,,,,,1.0,41.0,0.0,423848.0,688509538.0,592.0,10.0,10.0,34.0,0,0,1,False,skill_pass,False,True,False,False,8.41,0,1,True,95.10745313214449,73.5,,27.194009125173576,-1.2218461793350492,-0.9804300624768948,-0.5816671410843175,-1.486901737644603,0.0147598084618287,,,-0.0383822701594938,-0.1962955781915379,-0.524564418332049,,-0.4343070173362753,0,1,0,0.9999999404510826,1624.4255912496933,0.0013967271285932,False,,,,True,holdout,6.976561,0.4068222,0.5589225589225589,0.16095062,0.22895622895622897,0.10900877,32.33521477654827
ClevTy00,tyrie-cleveland-1,00-0036439,Tyrie Cleveland,WR,2020,7,252,DEN,florida,74.0,209.0,4.46,39.5,126.0,13.0,,,,,,,,2.0,6.0,0.0,14221825.0,298410212351.0,2231.0,0.0,0.0,23.0,0,0,0,False,skill_pass,False,True,False,False,0.18,0,1,True,105.64205650925145,82.75,,26.83108108108108,-0.0280743877369711,-0.4271576552958521,-0.7871081788864059,1.4314579440375144,1.116825506945001,-0.9049055366124238,,,0.6553944223898326,1.2981658108652798,,-0.6109890564496563,0,1,0,0.9999999999798934,20982.554092108432,0.0001568715688738,False,,,,True,holdout,5.481562,-0.49224043,0.37912457912457914,0.15110996,0.06060606060606061,0.08564941,21.11229181821499
MingJo00,jonathan-mingo-1,00-0039062,Jonathan Mingo,WR,2023,2,39,CAR,mississippi,74.0,220.0,4.46,39.5,129.0,22.0,,,,,,,,4.0,-7.0,1.0,12272251.0,172379346862.0,1335.0,4.0,4.0,38.0,0,0,1,False,skill_pass,False,True,False,False,73.1,0,0,True,111.20216474658048,84.25,,28.24324324324324,-0.0280743877369711,0.0075563789178241,-0.7871081788864059,1.4314579440375144,1.5301001438761903,0.8237876691873433,,,1.1049119237486469,1.593743685870252,,0.0764852085756817,0,1,0,1.0,14046.269658435114,0.0001087819993251,False,,,,True,holdout,18.63028,-4.9129143,0.09023569023569024,0.2556911,0.6861952861952862,0.29109812,28.269117837150894
MimsMa00,marvin-mims-1,00-0038976,Marvin Mims,WR,2023,2,63,DEN,oklahoma,71.0,183.0,4.38,39.5,129.0,,6.9,,,,,,,212.0,17153.0,0.0,373254.0,6107051083.0,956.0,13.0,13.0,48.0,2,1,0,False,skill_pass,False,True,False,False,58.27,0,0,True,99.44538727148893,84.25,,25.52053164054751,-1.2218461793350492,-1.4546635543463595,-1.197990254490583,1.4314579440375144,1.5301001438761903,,-0.5507884054924707,,0.1544129390070293,1.593743685870252,,-1.248995821926725,0,1,0,0.9999971912873188,16361.649394246277,0.0025612585531568,False,,,,True,holdout,25.224941,1.6817474,0.7138047138047138,0.3232769,0.7946127946127947,0.3941397,58.79277702834871
RiceBr00,brenden-rice-1,00-0039415,Brenden Rice,WR,2024,7,225,LAC,southern california,74.0,208.0,4.5,36.5,119.0,13.0,,,,,,,,6.0,54.0,0.0,6213945.0,120299611791.0,23412.0,0.0,0.0,3.0,0,0,0,False,skill_pass,False,True,False,False,2.1,0,1,True,101.4479500076208,77.75,,26.7027027027027,-0.0280743877369711,-0.4666771129516409,-0.5816671410843175,0.597640892128338,0.1525180207722253,-0.9049055366124238,,,0.3163139234908682,0.3129062275153723,,-0.6734867169065054,0,1,0,0.9999999995511208,19359.619660457247,0.003767654847283,False,,,,True,holdout,6.122817,0.14901447,0.5292929292929293,0.15526901,0.16094276094276094,0.095669016,29.40933302702125
RuggHe00,henry-ruggs-iii-1,00-0036357,Henry Ruggs III,WR,2020,1,12,LVR,alabama,71.0,188.0,4.27,42.0,131.0,,,,,,,,,2.0,75.0,1.0,124640.0,229741746.0,6117.0,8.0,8.0,20.0,0,0,1,False,skill_pass,False,True,False,False,91.78,1,0,True,113.1035782345289,86.5,,26.21781392580837,-1.2218461793350492,-1.257066266067416,-1.7629531084463272,2.126305487295161,1.805616568496984,,,,1.2586353053213606,2.0371104983777104,,-0.9095421533473704,0,1,0,0.9999996735465938,1843.2425064184847,0.0490773427471116,False,,,,True,holdout,30.549067,-5.7744274,0.07138047138047138,0.38401365,0.8747474747474747,0.47732916,37.577024552055484
TurnCo00,cole-turner-2,00-0037078,Cole Turner,TE,2022,5,149,WAS,nevada,78.0,246.0,4.76,27.0,120.0,17.0,7.06,4.41,,,,,,,,,244962.0,3751605677.0,10910.0,1.0,1.0,23.0,0,0,0,False,skill_pass,False,False,False,False,18.93,0,1,True,95.83790066120535,73.5,5.734999999999999,28.425049309664693,1.5636213343937997,1.0350622779683318,0.7536996046292553,-2.0427797722507206,0.2902762330826218,-0.1365974451458606,0.14189211421046,0.9457016906127356,-0.137241161600739,-0.524564418332049,0.5314319631814401,0.1649927435027382,0,0,1,1.0,15315.051628415837,0.0445375201051591,False,,,,True,holdout,8.317992,-0.125947,0.43367003367003365,0.17021556,0.3575757575757576,0.12996863,30.50200049004671
PhilKy01,kyle-philips-4,00-0037273,Kyle Philips,WR,2022,5,163,TEN,ucla,71.0,189.0,4.58,33.5,124.0,,,,,,,,,14.0,740.0,0.0,6603859.0,31681370739.0,5210.0,3.0,3.0,13.0,0,0,0,False,skill_pass,False,True,False,False,14.57,0,1,True,85.90726402083374,78.75,,26.357270382860545,-1.2218461793350492,-1.2175468084116272,-0.1707850654801405,-0.2361761597808383,0.8413090823242079,,,,-0.9401023252579692,0.5099581441853538,,-0.8416514196314993,0,1,0,0.9999999766424252,4797.402660929011,0.0007889326528625,False,,,,True,holdout,8.27553,-0.16840935,0.42424242424242425,0.16991588,0.35555555555555557,0.12930515,30.065228968933976
AddiJo00,jordan-addison-1,00-0038994,Jordan Addison,WR,2023,1,23,MIN,southern california,71.0,173.0,4.49,34.0,122.0,,,,,,,,,974.0,585633.0,10.0,6010059.0,6661593875.0,4178.0,20.0,20.0,46.0,0,0,2,False,skill_pass,False,True,False,False,83.91,1,0,True,85.13158804117087,78.0,,24.125967070025787,-1.2218461793350492,-1.8498581309042472,-0.6330274005348384,-0.0972066511293089,0.5657926577034149,,,,-1.0028133217636055,0.3621692066828676,,-1.9279031590854336,0,1,0,0.9999120958840426,1108.4074008258488,0.0006951678843751,False,,,,True,holdout,29.450363,-6.873131,0.05387205387205387,0.37110445,0.8632996632996633,0.46016192,36.04620303780543
MusgLu00,luke-musgrave-1,00-0039144,Luke Musgrave,TE,2023,2,42,GNB,oregon st.,78.0,253.0,4.61,36.0,125.0,,,,,,,,,1.0,-1.0,0.0,2112211.0,18126304169.0,11.0,6.0,6.0,35.0,0,0,1,False,skill_pass,False,True,False,False,71.15,0,0,True,112.03321919140906,80.5,,29.23389217619987,1.5636213343937997,1.311698481558853,-0.0167042871285729,0.4586713834768086,0.9790672946346044,,,,1.1721000973572846,0.8547989983578214,,0.5587567672752465,0,0,1,1.0,8581.673028404834,5.207813045192928e-06,False,,,,True,holdout,20.173458,-3.3697357,0.12727272727272726,0.27065003,0.7151515151515152,0.31521028,31.111146006168745
PittKy00,kyle-pitts-1,00-0036970,Kyle Pitts,TE,2021,1,4,ATL,florida,77.0,245.0,4.44,33.5,129.0,22.0,7.12,4.3,,,,,,,,,35443.0,73649770.0,1512.0,28.0,28.0,78.0,1,0,4,False,skill_pass,False,False,False,False,97.72,1,0,True,126.08522551994145,81.25,5.71,29.049586776859503,1.165697403861107,0.995542820312543,-0.8898286977874479,-0.2361761597808383,1.5301001438761903,0.8237876691873433,0.4016473090990625,0.2691439675818265,2.3081612142024666,1.0025879358603076,0.3894136806270252,0.4690324973955593,0,0,1,1.0,2077.9778799763,0.0426600457071918,False,,,,True,holdout,69.57863,33.255135,0.9858585858585859,0.8144111,0.9878787878787879,1.0,95.48014186247433
MitcAd00,adonai-mitchell-1,00-0039890,Adonai Mitchell,WR,2024,2,52,IND,texas,74.0,205.0,4.34,39.5,136.0,,,,,,,,,2.0,1.0,0.0,29955.0,426134845.0,4311.0,8.0,5.0,33.0,0,0,1,False,skill_pass,False,True,False,False,64.86,0,0,True,115.5646314647894,87.75,,26.31756756756757,-0.0280743877369711,-0.5852354859190071,-1.4034312922926713,1.4314579440375144,2.494407630048966,,,,1.457603823838759,2.283425394215187,,-0.8609796982770515,0,1,0,0.9999999976533248,14225.833583708896,0.143915873810716,False,,,,True,holdout,24.875547,1.3323536,0.6794612794612794,0.31946692,0.7912457912457912,0.38868043,57.166314240858604
HiggEl00,elijah-higgins-1,00-0039041,Elijah Higgins,WR,2023,6,197,MIA,stanford,75.0,235.0,4.54,35.0,126.0,,7.01,,,,,,,4.0,48.0,0.0,154459.0,176502704.0,42.0,6.0,,45.0,0,0,0,False,skill_pass,False,True,False,False,6.35,0,1,True,110.63039079368107,80.5,,29.369777777777777,0.3698495427957216,0.6003482437546555,-0.3762261032822289,0.1807323661737498,1.116825506945001,,-0.074570548196706,,1.0586857735230422,0.8547989983578214,,0.6249091232690268,0,1,0,0.999999728049566,1142.7155685327498,0.0002719168193501,False,,,,True,holdout,8.640636,2.0708976,0.7454545454545455,0.17250621,0.38855218855218854,0.13500994,43.73954892803222
FarrLu00,luke-farrell-1,00-0036887,Luke Farrell,TE,2021,5,145,JAX,ohio st.,77.0,251.0,4.79,36.5,118.0,22.0,7.14,4.36,,,,,,,,,22075.0,1920511937.0,121.0,3.0,2.0,83.0,0,0,0,False,skill_pass,False,False,False,False,20.28,0,1,True,95.35899459349304,77.25,5.75,29.76100522853769,1.165697403861107,1.2326595662472757,0.9077803829808228,0.597640892128338,0.0147598084618287,0.8237876691873433,0.4882323740619274,0.6381754528714153,-0.1759592314214499,0.2143802691803815,0.6166429327140942,0.815367989379069,0,0,1,1.0,86999.40824462062,0.0054813137032842,False,,,,True,holdout,8.323062,-0.120877266,0.4356902356902357,0.17025134,0.3589225589225589,0.13004784,30.612044219492063
ColeKe02,keon-coleman-1,00-0039901,Keon Coleman,WR,2024,2,33,BUF,florida st.,75.0,213.0,4.61,38.0,127.0,,,,,,,,,1.0,2.0,0.0,75850.0,50798658.0,1711.0,11.0,11.0,26.0,0,0,1,False,skill_pass,False,True,False,False,77.06,0,0,True,94.32045726391355,82.5,,26.620266666666662,0.3698495427957216,-0.2690798246726971,-0.0167042871285729,1.0145494180829262,1.2545837192553977,,,,-0.2599217525691832,1.2489028316977844,,-0.7136185479411966,0,1,0,0.9999999606288827,669.7252208305866,0.0225576796308503,False,,,,True,holdout,25.210953,1.667759,0.7124579124579125,0.3231239,0.793939393939394,0.39392114,58.718005006863216
BurtJe01,jermaine-burton-1,00-0039810,Jermaine Burton,WR,2024,3,80,CIN,alabama,72.0,196.0,4.45,38.5,133.0,,,,,,,,,4.0,50.0,0.0,27264039.0,404497677798.0,3578.0,1.0,1.0,14.0,0,0,0,False,skill_pass,False,True,False,False,48.79,0,0,True,99.96455179214908,85.75,,26.57947530864197,-0.8239222488023566,-0.940910604821106,-0.8384684383369269,1.1535189267344557,2.0811329931177767,,,,0.1963857798511147,1.8893215608752243,,-0.7334767551845301,0,1,0,0.99999999987639,14836.307921874672,0.0001312351409121,False,,,,True,holdout,19.678328,2.013754,0.7414141414141414,0.26579097,0.7057239057239058,0.30747387,55.23634066535568
ReimTi00,tip-reiman-1,00-0039737,Tip Reiman,TE,2024,3,82,ARI,illinois,77.0,271.0,4.64,33.5,121.0,28.0,7.02,4.26,,,,,,,,,31919.0,43173203.0,113.0,0.0,0.0,21.0,0,0,1,False,skill_pass,False,False,False,False,47.73,0,0,True,116.93038087938176,77.25,5.64,32.132400067465,1.165697403861107,2.02304871936305,0.1373764912229899,-0.2361761597808383,0.4280344453930183,1.976249806387188,-0.0312780157152735,0.023122977388769,1.5680204269199869,0.2143802691803815,-0.0082375105253468,1.9698196293241008,0,0,1,1.0,1352.5863278924778,0.0035402111594974,False,,,,True,holdout,19.28593,1.621357,0.7084175084175084,0.26197985,0.6976430976430976,0.30134267,53.556012500968045
HodgIs00,isaiah-hodgins-1,00-0036165,Isaiah Hodgins,WR,2020,6,207,BUF,oregon st.,76.0,210.0,4.61,36.5,124.0,9.0,7.01,4.12,,,,,,,,,315986.0,2758761171.0,2513.0,6.0,0.0,38.0,0,0,1,False,skill_pass,False,False,False,False,4.57,0,1,True,92.9920001193514,80.25,5.565,25.55921052631579,0.7677734733284143,-0.3876381976400633,-0.0167042871285729,0.597640892128338,0.8413090823242079,-1.6732136280789869,-0.074570548196706,-0.8379504882869291,-0.3673233913136673,0.805536019190326,-0.4342923581886018,-1.2301660166267196,0,1,0,1.0,8730.643670922129,0.0079528839885311,False,,,,True,holdout,8.0229845,1.4532456,0.6902356902356902,0.16814227,0.3393939393939394,0.12535913,40.26733479623743
HillKJ00,kj-hill-1,00-0036382,K.J. Hill,WR,2020,7,220,LAC,ohio st.,72.0,196.0,4.6,32.5,114.0,17.0,,,,,,,,211.0,,0.0,18567057.0,262549885636.0,13610.0,1.0,1.0,21.0,0,0,0,False,skill_pass,False,True,False,False,2.69,0,1,True,87.54971573143324,73.25,,26.57947530864197,-0.8239222488023566,-0.940910604821106,-0.0680645465790985,-0.5141151770838972,-0.5362730407797573,-0.1365974451458606,,,-0.8073151999832519,-0.5738273974995445,,-0.7334767551845301,0,1,0,1.0,14140.630129804633,0.0007330187008097,False,,,,True,holdout,5.099287,-0.87451553,0.2962962962962963,0.14867446,0.03434343434343434,0.07967636,17.10573701362317
McDoCo00,cole-mcdonald-1,,Cole McDonald,QB,2020,7,224,TEN,hawaii,75.0,215.0,4.58,36.0,121.0,,7.13,4.52,5285326.0,9484511.0,2238754138.0,13633.0,1014.0,16134103.0,138346377.0,147.0,,,,,,,0,0,0,False,skill_pass,True,True,False,False,2.22,0,1,True,97.72519452105423,78.5,5.824999999999999,26.87022222222222,0.3698495427957216,-0.1900409093611196,-0.1707850654801405,0.4586713834768086,0.4280344453930183,,0.4449398415804949,1.6222594136436397,0.0153406918447342,0.4606951650178584,1.042697780377344,-0.5919342141948128,1,0,0,,,,True,0.5572586715329868,236.04318008593168,13.444773175542409,False,holdout,2.2640533,-3.7097492,0.11717171717171718,0.13161007,0.0026936026936026937,0.035375834,8.080458697000587
PoweCo00,cornell-powell-1,00-0036647,Cornell Powell,WR,2021,5,181,KAN,clemson,72.0,204.0,4.53,36.5,128.0,16.0,7.03,4.21,,,,,,,,,12851553.0,875763122882.0,1027.0,0.0,0.0,3.0,0,0,0,False,skill_pass,False,False,False,False,9.8,0,1,True,96.8874119103952,82.25,5.62,27.66435185185185,-0.8239222488023566,-0.6247549435747959,-0.4275863627327499,0.597640892128338,1.392341931565794,-0.3286744680125014,0.0120145167661627,-0.2844032603525513,-0.0523914330978974,1.199639852530289,-0.1218521365688787,-0.2053329455214053,0,1,0,1.0,68144.53653048779,7.991252107819187e-05,False,,,,True,holdout,7.667587,-0.7763524,0.3164983164983165,0.16567145,0.30774410774410776,0.11980604,24.524364785739667
PolkJa00,jalynn-polk-1,00-0039907,Ja'Lynn Polk,WR,2024,2,37,NWE,washington,73.0,203.0,4.52,37.5,129.0,,,,,,,,,14.0,1532.0,1.0,2854169.0,2641146941159.0,2169.0,1.0,1.0,15.0,0,0,1,False,skill_pass,False,True,False,False,74.41,0,0,True,97.26851696790116,83.25,,26.77969600300244,-0.4259983182696639,-0.6642744012305847,-0.4789466221832755,0.8755799094313969,1.5301001438761903,,,,-0.0215802715354053,1.3966917692002705,,-0.6360045396086842,0,1,0,0.999999999419949,925364.5951445062,0.0007599409845737,False,,,,True,holdout,27.01699,3.4737968,0.8235690235690236,0.343181,0.8282828282828283,0.4221405,64.81484781842842
WalkDe01,devontez-walker-1,00-0039792,Devontez Walker,WR,2024,4,113,BAL,north carolina,74.0,193.0,4.36,40.5,134.0,,,,,,,,,33.0,2923.0,10.0,55841.0,124921699.0,1117.0,1.0,1.0,21.0,0,0,0,False,skill_pass,False,True,False,False,32.78,0,0,True,106.81723885592412,87.25,,24.777027027027028,-0.0280743877369711,-1.0594689777884725,-1.3007107733916248,1.7093969613405733,2.2188912054281733,,,,0.7504042692432926,2.1848994358801965,,-1.6109516237592387,0,1,0,0.9999766018903784,2237.0963807954727,0.0200032234379756,False,,,,True,holdout,9.91248,0.058024406,0.5124579124579125,0.18177375,0.48484848484848486,0.1548825,36.928411457248615
DurhPa00,payne-durham-1,00-0039050,Payne Durham,TE,2023,5,171,TAM,purdue,78.0,253.0,4.87,34.5,117.0,,,,,,,,,1.0,4.0,0.0,9164556.0,82166467560.0,4368.0,2.0,2.0,46.0,0,0,0,False,skill_pass,False,True,False,False,12.33,0,1,True,89.95693959544616,75.75,,29.23389217619987,1.5636213343937997,1.311698481558853,1.3186624585849998,0.0417628575222204,-0.1229984038485677,,,,-0.6126986187272344,-0.0811976058245907,,0.5587567672752465,0,0,1,0.9999999999513184,8965.679031259126,0.0004766188345621,False,,,,True,holdout,7.1433306,-1.3006086,0.23367003367003367,0.16207987,0.24444444444444444,0.11161454,19.709578528598907
SmitSh03,shi-smith-1,00-0036572,Shi Smith,WR,2021,6,204,CAR,south carolina,,,,,,,,,0.0,12.0,0.0,0.0,0.0,36.0,86.0,0.0,29454355.0,409673489621.0,3424.0,4.0,4.0,23.0,0,0,0,False,skill_pass,False,True,True,False,5.07,0,1,True,,,,,,,,,,,,,,,,,0,1,0,0.9999999997900768,13908.757792217822,0.0001162476652433,False,,,,False,holdout,5.4211264,-1.1486125,0.2542087542087542,0.15072274,0.05016835016835017,0.0847051,15.880274002600201
WillSe00,seth-williams-1,00-0036657,Seth Williams,WR,2021,6,219,DEN,auburn,75.0,211.0,4.49,37.0,124.0,12.0,7.2,4.43,,,,,,,,,265947.0,534830744.0,584.0,0.0,0.0,2.0,0,0,0,False,skill_pass,False,False,False,False,2.82,0,1,True,103.8310120039714,80.5,5.815,26.37031111111111,0.3698495427957216,-0.3481187399842746,-0.6330274005348384,0.7366104007798674,0.8413090823242079,-1.0969825594790643,0.7479875689505298,1.0687121857092616,0.5089770927059472,0.8547989983578214,0.9858904673555782,-0.8353028816875805,0,1,0,1.0,2011.0425911929824,0.0021959262559833,False,,,,True,holdout,6.471284,-0.09845495,0.4383838383838384,0.157568,0.19124579124579125,0.10111381,26.533905401850994
WoerCh00,charlie-woerner-1,00-0036429,Charlie Woerner,TE,2020,6,190,SFO,georgia,77.0,244.0,4.78,34.5,120.0,21.0,7.18,4.46,,,,,,,,,59119.0,5010014878.0,1.0,0.0,0.0,98.0,0,0,0,False,skill_pass,False,False,False,False,7.76,0,1,True,93.47774679992332,77.25,5.82,28.93101703491314,1.165697403861107,0.9560233626567542,0.856420123530302,0.0417628575222204,0.2902762330826218,0.6317106463207024,0.661402503987661,1.2532279283540562,-0.3280522791655125,0.2143802691803815,1.0142941238664662,0.4113099153983088,0,0,1,1.0,84744.5808961586,1.6915035775300663e-05,False,,,,True,holdout,6.5605702,-0.009168625,0.45521885521885525,0.15816149,0.19932659932659932,0.10250892,27.408694553681297
PatmDe00,dezmon-patmon-1,00-0036228,Dezmon Patmon,WR,2020,6,212,IND,washington st.,76.0,225.0,4.48,36.0,132.0,15.0,7.28,4.38,,,,,,,,,2356158.0,19379816762.0,58.0,0.0,0.0,10.0,0,0,0,False,skill_pass,False,False,False,False,3.79,0,1,True,111.7121622195992,84.0,5.83,27.38486842105263,0.7677734733284143,0.2051536671967679,-0.6843876599853594,0.4586713834768086,1.94337478080738,-0.5207514908791422,1.094327828801997,0.7611859479679413,1.146143637230688,1.5444807067027566,1.071101436888232,-0.3413921541049808,0,1,0,1.0,8225.177073014627,2.4616345762890263e-05,False,,,,True,holdout,8.231089,1.6613498,0.7117845117845117,0.1696027,0.3548821548821549,0.12861076,41.53329287180896
ScotTy00,tyler-scott-3,00-0038941,Tyler Scott,WR,2023,4,133,CHI,cincinnati,70.0,177.0,4.44,39.5,133.0,,,,,,,,,1.0,20.0,0.0,33055.0,20520899.0,59.0,2.0,2.0,28.0,0,0,0,False,skill_pass,False,True,False,False,24.62,0,0,True,91.09014251848828,86.25,,25.394081632653062,-1.619770109867742,-1.6917803002810925,-0.8898286977874479,1.4314579440375144,2.0811329931177767,,,,-0.5210826780377222,1.987847519210215,,-1.3105547055797069,0,1,0,0.9999990253847794,620.8107396762971,0.0017849039479655,False,,,,True,holdout,9.477081,-0.37737465,0.39595959595959596,0.17855828,0.45656565656565656,0.1480794,31.502450601169564
ShorJu00,justin-shorter-1,00-0038590,Justin Shorter,WR,2023,5,150,BUF,florida,76.0,229.0,4.55,35.5,126.0,18.0,,,,,,,,1.0,9.0,0.0,312254129.0,20137268550577.0,332.0,0.0,,17.0,0,0,0,False,skill_pass,False,True,False,False,18.6,0,1,True,106.86116175844418,80.75,,27.87171052631579,0.7677734733284143,0.363231497819923,-0.3248658438317079,0.3197018748252792,1.116825506945001,0.0554795777207801,,,0.7539552996460255,0.9040619775253168,,-0.1043857907658485,0,1,0,0.999999999999553,64489.99926779831,1.0632365409009532e-06,False,,,,True,holdout,7.235023,-1.2089162,0.24579124579124578,0.16270348,0.2531986531986532,0.11304723,20.410637275839495
GandAn00,antonio-gandy-golden-1,00-0036340,Antonio Gandy-Golden,WR,2020,4,142,WAS,liberty,76.0,223.0,4.6,36.0,127.0,22.0,7.33,4.55,,,,,,,,,1137179.0,4719210371396.0,21010.0,0.0,0.0,10.0,0,0,0,False,skill_pass,False,False,False,False,21.33,0,0,True,99.61013575566128,81.5,5.94,27.14144736842105,0.7677734733284143,0.1261147518851904,-0.0680645465790985,0.4586713834768086,1.2545837192553977,0.8237876691873433,1.310790491209163,1.806775156288434,0.1677323428381668,1.0518509150278028,1.695981880127668,-0.4598953357745461,0,1,0,1.0,4149927.4708695817,0.0184755434280794,False,,,,True,holdout,9.221854,-0.63260174,0.331986531986532,0.17669418,0.4383838383838384,0.14409147,28.46285125307162
ClifSe00,sean-clifford-1,00-0038391,Sean Clifford,QB,2023,5,149,GNB,penn st.,,,,,,,,,5189151261226.0,7319250428351.0,2.1926541877310725e+18,223162124.0,7987.0,5116999970.0,-3402335163185.0,5325.0,2.0,24.0,0.0,0.0,0.0,2.0,0,0,0,False,skill_pass,False,True,True,False,18.93,0,1,True,,,,,,,,,,,,,,,,,1,0,0,,,,False,0.7089730447158776,299573.598306988,27940.669087266808,False,holdout,11.524432,3.080493,0.8087542087542088,0.19406992,0.5548821548821549,0.18006925,50.93059531672033
MilnDa00,dax-milne-1,00-0036671,Dax Milne,WR,2021,7,258,WAS,byu,,,4.54,31.0,114.0,14.0,,4.19,,,,,,9411.0,231667.0,0.0,112170.0,752851189.0,128.0,1.0,1.0,28.0,0,0,0,False,skill_pass,False,True,True,False,0.04,0,1,True,,72.5,,,,,-0.3762261032822289,-0.9310237030384854,-0.5362730407797573,-0.712828513745783,,-0.4074137554490772,,-0.7216163350020306,,,0,1,0,0.999692375150816,6711.698216992066,0.0011411250780065,False,,,,True,holdout,7.1552205,1.181418,0.6666666666666666,0.16216063,0.24511784511784512,0.11180033,37.04824293861385
OlavCh00,chris-olave-1,00-0037239,Chris Olave,WR,2022,1,11,NOR,ohio st.,72.0,187.0,4.39,32.0,124.0,,,,,,,,,21.0,50.0,0.0,12495065.0,197849729936.0,312713.0,27.0,27.0,55.0,0,0,3,False,skill_pass,False,True,False,False,92.51,1,0,True,100.69630189361584,78.0,,25.358989197530864,-0.8239222488023566,-1.2965857237232046,-1.1466299950400618,-0.6530846857354266,0.8413090823242079,,,,0.2555455053798433,0.3621692066828676,,-1.3276385410555451,0,1,0,0.9999999997472828,15834.22974878482,0.025026920628264,False,,,,True,holdout,30.248215,-6.075279,0.06734006734006734,0.38046166,0.8707070707070707,0.47262836,37.16954461743535
WashCa01,casey-washington-1,00-0039394,Casey Washington,WR,2024,6,187,ATL,illinois,,,,,,,,,0.0,12.0,0.0,0.0,0.0,0.0,30.0,1.0,1110213149.0,132106294295670.0,4.0,1.0,1.0,15.0,0,0,0,False,skill_pass,False,True,True,False,8.41,0,1,True,,,,,,,,,,,,,,,,,0,1,0,0.999999999999773,118991.83000549204,3.6029117504173966e-09,False,,,,False,holdout,6.1697607,-0.39997816,0.39326599326599326,0.15557711,0.16363636363636364,0.09640251,24.042959463164866
KuntZa00,zack-kuntz-1,00-0038406,Zack Kuntz,TE,2023,7,220,NYJ,old dominion,79.0,255.0,4.55,40.0,128.0,23.0,6.87,4.12,,,,,,,,,227312.0,4118692144.0,52.0,0.0,0.0,2.0,0,0,0,False,skill_pass,False,False,False,False,2.69,0,1,True,118.99387008036362,84.0,5.495,28.723762217593336,1.9615452649264924,1.3907373968704306,-0.3248658438317079,1.5704274526890438,1.392341931565794,1.015864692053984,-0.6806660029367718,-0.8379504882869291,1.7348471270692354,1.5444807067027566,-0.8319435493409688,0.3104133207807771,0,0,1,1.0,18119.11445062293,0.0002287604701907,False,,,,True,holdout,10.018485,4.0446825,0.8417508417508418,0.18256341,0.49158249158249157,0.15653883,50.28372871705178
CollNi00,nico-collins-1,00-0036554,Nico Collins,WR,2021,3,89,HOU,michigan,76.0,215.0,4.43,37.5,125.0,14.0,6.78,4.29,,,,,,,,,33837.0,27632729.0,67.0,33.0,33.0,66.0,2,0,1,False,skill_pass,False,False,False,False,44.11,0,0,True,111.6486691579471,81.25,5.535,26.167763157894736,0.7677734733284143,-0.1900409093611196,-0.9411889572379736,0.8755799094313969,0.9790672946346044,-0.712828513745783,-1.0702987952696714,0.2076387200335635,1.1410104201764122,1.0025879358603076,-0.6047142972538998,-0.9339080624528072,0,1,0,1.0,816.6424032863433,0.0019800809764459,False,,,,True,holdout,18.126217,0.46164322,0.569023569023569,0.25092423,0.6774410774410774,0.28322214,46.99269175434153
ThomBr06,brian-thomas-jr-1,00-0039893,Brian Thomas,WR,2024,1,23,JAX,louisiana state,75.0,209.0,4.33,38.5,126.0,11.0,,,,,,,,21.0,,0.0,283268.0,3593721177.0,2517.0,18.0,18.0,31.0,1,0,1,False,skill_pass,False,True,False,False,83.91,1,0,True,118.9117296781256,82.25,,26.120355555555555,0.3698495427957216,-0.4271576552958521,-1.4547915517431924,1.1535189267344557,1.116825506945001,-1.2890595823457054,,,1.728206330379928,1.199639852530289,,-0.9569872154339644,0,1,0,1.0,12686.647192764449,0.0088855783215894,False,,,,True,holdout,26.016615,-10.306879,0.007407407407407408,0.3319964,0.8067340067340067,0.40650958,31.20109681328539
RobiWa01,wandale-robinson-1,00-0038117,Wan'Dale Robinson,WR,2022,2,43,NYG,kentucky,68.0,178.0,4.44,34.5,118.0,,,,,,,,,88467.0,340240111.0,310.0,4051104.0,4534611334.0,217.0,20.0,20.0,54.0,0,0,0,False,skill_pass,False,True,False,False,70.51,0,0,True,91.60477609203907,76.25,,27.061851211072664,-2.415617970933128,-1.6522608426253034,-0.8898286977874479,0.0417628575222204,0.0147598084618287,,,,-0.4794761502106606,0.0173283525104,,-0.4986446460436595,0,1,0,0.9302050298683512,1119.3519924445286,5.356564531544981e-05,False,,,,True,holdout,30.345366,6.8021717,0.8976430976430977,0.3816073,0.8720538720538721,0.4741463,70.4618735077606
McBrTr01,trey-mcbride-1,00-0037744,Trey McBride,TE,2022,2,55,ARI,colorado st.,76.0,246.0,,33.0,117.0,18.0,,,,,,,,21.0,369.0,1.0,8452190.0,995603181121.0,1441.0,29.0,29.0,66.0,2,1,3,False,skill_pass,False,True,False,False,63.03,0,0,True,,75.0,,29.94078947368421,0.7677734733284143,1.0350622779683318,,-0.3751456684323677,-0.1229984038485677,0.0554795777207801,,,,-0.2289865433270768,,0.9028912534254556,0,0,1,0.9999999996293704,117792.3332439285,0.0001704883586384,False,,,,True,holdout,17.399767,-6.143427,0.06666666666666667,0.24415895,0.665993265993266,0.27187136,26.307138441738857
JoneVe00,velus-jones-jr-1,00-0037745,Velus Jones Jr.,WR,2022,3,71,CHI,tennessee,72.0,204.0,4.31,33.0,121.0,,,,,,,,,5631.0,15131615.0,100.0,62462262.0,4626635280807.0,1037.0,3.0,3.0,37.0,0,0,0,False,skill_pass,False,True,False,False,53.7,0,0,True,118.23636851869162,77.0,,27.66435185185185,-0.8239222488023566,-0.6247549435747959,-1.557512070644239,-0.3751456684323677,0.4280344453930183,,,,1.673605475874011,0.1651172900128861,,-0.2053329455214053,0,1,0,0.999996729466536,74070.88908831064,1.660202443517015e-05,False,,,,True,holdout,22.583355,4.9187813,0.8606060606060606,0.29508114,0.7616161616161616,0.35286492,62.615487148665416
DaviGa01,gabriel-davis-1,00-0036196,Gabriel Davis,WR,2020,4,128,BUF,central florida,74.0,216.0,4.54,35.0,124.0,14.0,7.08,4.59,,,,,,,,,275372.0,3918151241.0,4712.0,28.0,26.0,80.0,0,0,4,False,skill_pass,False,False,False,False,26.55,0,0,True,101.68580600610686,79.5,5.835,27.72972972972973,-0.0280743877369711,-0.1505214517053308,-0.3762261032822289,0.1807323661737498,0.8413090823242079,-0.712828513745783,0.2284771791733288,2.0527961464814912,0.3355438430461799,0.6577470816878399,1.099505093399115,-0.1735054332517134,0,1,0,1.0,14228.575312667954,0.0171113983992562,False,,,,True,holdout,10.200355,0.34589863,0.5501683501683502,0.1839244,0.49966329966329964,0.15938054,38.8660993129015
DulcGr00,greg-dulcich-1,00-0037252,Greg Dulcich,TE,2022,3,80,DEN,ucla,76.0,243.0,4.69,34.0,122.0,16.0,7.05,4.37,,,,,,,,,182642.0,6105517725.0,155.0,6.0,3.0,31.0,0,0,0,False,skill_pass,False,False,False,False,48.79,0,0,True,100.44883366121796,78.0,5.71,29.57565789473684,0.7677734733284143,0.9165039050009656,0.394177788475604,-0.0972066511293089,0.5657926577034149,-0.3286744680125014,0.0985995817290276,0.6996807004196783,0.2355384665336665,0.3621692066828676,0.3894136806270252,0.7251364809211086,0,0,1,1.0,33428.88122666199,0.0008486547453488,False,,,,True,holdout,20.823177,3.1586037,0.8127946127946128,0.27711028,0.7252525252525253,0.32536215,59.06628387950688
HopkBr01,brycen-hopkins-1,00-0036424,Brycen Hopkins,TE,2020,4,136,LAR,purdue,76.0,245.0,4.66,33.5,116.0,21.0,7.25,4.28,,,,,,,,,10253461.0,183349583830.0,4327.0,2.0,2.0,39.0,0,0,0,False,skill_pass,False,False,False,False,23.5,0,0,True,103.90882007518918,74.75,5.765000000000001,29.81907894736842,0.7677734733284143,0.995542820312543,0.2400970101240364,-0.2361761597808383,-0.2607566161589643,0.6317106463207024,0.9644502313576958,0.1461334724853005,0.5152676338728516,-0.2782495224945722,0.7018539022467483,0.8436396625906738,0,0,1,1.0,17881.726358543714,0.0004220038482615,False,,,,True,holdout,8.075923,-1.778533,0.20336700336700336,0.16851285,0.3434343434343434,0.1261863,20.89735013650423
BennSt00,stetson-bennett-1,00-0039107,Stetson Bennett,QB,2023,4,128,LAR,georgia,71.0,192.0,4.67,33.5,118.0,,,4.2,2086185310.0,27155287455.0,260117628624127.0,282927.0,1677.0,4245657.0,1254259205.0,12110.0,,,,,,,0,0,0,False,skill_pass,True,True,False,False,26.55,0,0,True,80.73534437741176,75.75,,26.77563975401706,-1.2218461793350492,-1.098988435444261,0.2914572695745574,-0.2361761597808383,0.0147598084618287,,,-0.3459085079008143,-1.3582359831121618,-0.0811976058245907,,-0.6379792184838873,1,0,0,,,,True,0.0768242764307721,9578.89431497189,168.71019677996424,False,holdout,12.517775,2.6633186,0.7858585858585858,0.20195642,0.5845117845117845,0.19559023,51.075512402186085
GrayDa02,danny-gray-1,00-0037828,Danny Gray,WR,2022,3,105,SFO,southern methodist,72.0,186.0,4.33,34.0,126.0,,,,,,,,,33.0,3040.0,20.0,3349.0,448803.0,49.0,0.0,0.0,13.0,0,0,0,False,skill_pass,False,True,False,False,36.37,0,0,True,105.82574985708786,80.0,,25.22337962962963,-0.8239222488023566,-1.3361051813789937,-1.4547915517431924,-0.0972066511293089,1.116825506945001,,,,0.6702454596738344,0.7562730400228306,,-1.3936565172634356,0,1,0,0.9932719993449052,134.01104807405196,0.0146312332039414,False,,,,True,holdout,12.23787,-5.4267035,0.08148148148148149,0.1997102,0.5818181818181818,0.19121672,22.714161591196703
EzukEr00,erik-ezukanma-1,00-0038092,Erik Ezukanma,WR,2022,4,125,MIA,texas tech,74.0,209.0,,36.5,126.0,,,4.38,,,,,,10.0,138.0,2.0,2424548.0,48664739705.0,1464.0,0.0,0.0,5.0,0,0,0,False,skill_pass,False,True,False,False,27.74,0,0,True,,81.25,,26.83108108108108,-0.0280743877369711,-0.4271576552958521,,0.597640892128338,1.116825506945001,,,0.7611859479679413,,1.0025879358603076,,-0.6109890564496563,0,1,0,0.9999999971642712,20071.675093666945,0.0006038238879989,False,,,,True,holdout,9.198192,-0.6562643,0.3292929292929293,0.17652214,0.43636363636363634,0.14372174,28.30386753929685
FergJa00,jake-ferguson-1,00-0038041,Jake Ferguson,TE,2022,4,129,DAL,wisconsin,77.0,250.0,4.81,31.5,118.0,15.0,7.03,4.48,,,,,,,,,35333046.0,452407305450.0,4243.0,19.0,19.0,64.0,2,0,2,False,skill_pass,False,False,False,False,26.16,0,0,True,93.40920994668436,74.75,5.755000000000001,29.64243548659133,1.165697403861107,1.1931401085914868,1.010500901881865,-0.7920541943869559,0.0147598084618287,-0.5207514908791422,0.0120145167661627,1.3762384234505876,-0.3335932711217727,-0.2782495224945722,0.6450465892249823,0.7576454073818185,0,0,1,1.0,12804.084466705755,0.0001200858822078,False,,,,True,holdout,7.5606947,-2.2937613,0.1723905723905724,0.16493401,0.2868686868686869,0.118135855,18.2943938740526
MorgJa00,james-morgan-1,00-0036301,James Morgan,QB,2020,4,125,NYJ,florida international,76.0,229.0,4.89,29.0,112.0,,7.51,4.64,18396213207.0,326212326357.0,2082126027272560.0,1692614.0,15775.0,45262931.0,,12.0,,,,,,,0,0,0,False,skill_pass,True,True,False,False,27.74,0,0,True,80.0995435979756,70.5,6.074999999999999,27.87171052631579,0.7677734733284143,0.363231497819923,1.4213829774860418,-1.486901737644603,-0.8117894654005504,,2.0900560758749624,2.360322384222812,-1.409638503627019,-1.1157201683419935,2.462880605921524,-0.1043857907658485,1,0,0,,,,True,0.0563933724161838,6382.73253044989,107.29724247226623,False,holdout,8.9137945,-0.94066143,0.28484848484848485,0.17446463,0.41279461279461277,0.13927804,25.92468529658687
JeffJu00,justin-jefferson-1,00-0036322,Justin Jefferson,WR,2020,1,22,MIN,louisiana state,73.0,202.0,4.43,37.5,126.0,,,,,,,,,15.0,426.0,0.0,54111.0,8741540.0,618.0,65.0,65.0,94.0,4,2,5,False,skill_pass,False,True,False,False,84.61,1,0,True,104.89781939490844,81.75,,26.647776318258583,-0.4259983182696639,-0.7037938588863734,-0.9411889572379736,0.8755799094313969,1.116825506945001,,,,0.5952251606096567,1.1011138941952985,,-0.7002261925757888,0,1,0,0.9999512695428008,161.54829886714347,0.0114209680102012,False,,,,True,holdout,26.27677,-10.046724,0.009427609427609427,0.3348875,0.8148148148148148,0.41057453,31.582641276847635
WoodMi00,mike-woods-3,00-0037300,Michael Woods II,WR,2022,6,202,CLE,oklahoma,73.0,204.0,4.55,34.5,125.0,,,,,,,,,11.0,22.0,0.0,18333135.0,206423602400.0,1452.0,0.0,0.0,15.0,0,0,0,False,skill_pass,False,True,False,False,5.42,0,1,True,95.1950960642909,79.75,,26.91161568774629,-0.4259983182696639,-0.6247549435747959,-0.3248658438317079,0.0417628575222204,0.9790672946346044,,,,-0.1892099190301365,0.7070100608553352,,-0.5717828866415778,0,1,0,0.999999999893423,11259.591030121144,7.920085680926912e-05,False,,,,True,holdout,6.170855,-0.39888382,0.3939393939393939,0.1555843,0.16430976430976432,0.09641961,24.08384946768834
MeltBo00,bo-melton-1,00-0037091,Bo Melton,WR,2022,7,229,SEA,rutgers,71.0,189.0,4.34,38.0,121.0,,6.98,,,,,,,6469.0,23226951.0,20.0,428304655.0,83245427639618.0,263.0,5.0,,38.0,0,0,0,False,skill_pass,False,True,False,False,1.68,0,1,True,106.54495291143998,79.5,,26.357270382860545,-1.2218461793350492,-1.2175468084116272,-1.4034312922926713,1.0145494180829262,0.4280344453930183,,-0.2044481456410033,,0.7283907953691872,0.6577470816878399,,-0.8416514196314993,0,1,0,0.9999997209823388,194360.3149482884,6.140488947055689e-07,False,,,,True,holdout,5.5411677,-0.43263483,0.39057239057239057,0.15149266,0.0632996632996633,0.086580746,21.650356949203545
RiceRa01,rashee-rice-1,00-0039067,Rashee Rice,WR,2023,2,55,KAN,southern methodist,73.0,204.0,4.51,41.0,128.0,,,,,,,,,1.0,0.0,0.0,25486496.0,4036836701355.0,15910.0,16.0,16.0,28.0,0,0,0,False,skill_pass,False,True,False,False,63.03,0,0,True,98.6175015469988,84.5,,26.91161568774629,-0.4259983182696639,-0.6247549435747959,-0.5303068816337965,1.8483664699921023,1.392341931565794,,,,0.0874809466071483,1.6430066650377473,,-0.5717828866415778,0,1,0,1.0,158391.20063248396,0.0006242521529832,False,,,,True,holdout,18.665762,-4.877432,0.09158249158249158,0.2560289,0.6882154882154882,0.29165253,28.381238071956616
BellJa00,jaheim-bell-1,00-0039420,Jaheim Bell,TE,2024,7,231,NWE,florida st.,74.0,241.0,4.61,35.0,124.0,,,,,,,,,7734.0,402612.0,31.0,1302539.0,29497231503.0,522.0,0.0,0.0,15.0,0,0,0,False,skill_pass,False,True,False,False,1.49,0,1,True,106.7193906131604,79.5,,30.93918918918919,-0.0280743877369711,0.837464989689388,-0.0167042871285729,0.1807323661737498,0.8413090823242079,,,,0.7424935423793447,0.6577470816878399,,1.3889360781695104,0,0,1,0.9999863510409536,22645.948799229813,0.0004007557547221,False,,,,True,holdout,5.799973,-0.17382956,0.4228956228956229,0.15316354,0.0734006734006734,0.09062458,23.259600771948545
ClayCh01,chase-claypool-1,00-0036326,Chase Claypool,WR,2020,2,49,PIT,notre dame,76.0,238.0,4.42,40.5,126.0,19.0,,,,,,,,12.0,,0.0,5295066.0,814026391037.0,2413.0,19.0,17.0,58.0,0,0,1,False,skill_pass,False,True,False,False,66.72,0,0,True,124.71476575007276,83.25,,28.96710526315789,0.7677734733284143,0.7189066167220217,-0.9925492166884944,1.7093969613405733,1.116825506945001,0.2475566005874208,,,2.197363793510514,1.3966917692002705,,0.4288785267471944,0,1,0,1.0,153733.001824151,0.000455707256529,False,,,,True,holdout,25.501436,1.9582424,0.7353535353535353,0.3263087,0.7986531986531986,0.39845994,59.88257890448024
HyatJa00,jalin-hyatt-1,00-0038938,Jalin Hyatt,WR,2023,3,73,NYG,tennessee,72.0,176.0,4.4,40.0,135.0,,,,,,,,,111.0,3100.0,0.0,202167.0,2762261267.0,2215.0,3.0,3.0,41.0,0,0,0,False,skill_pass,False,True,False,False,52.59,0,0,True,93.9143501126972,87.5,,23.867283950617285,-0.8239222488023566,-1.731299757936881,-1.0952697355895364,1.5704274526890438,2.356649417738569,,,,-0.2927542558418927,2.234162415047692,,-2.0538362793423413,0,1,0,0.9999988777323282,13663.264860239307,0.0109562886128794,False,,,,True,holdout,26.78127,9.116695,0.9252525252525252,0.3405293,0.8222222222222222,0.41845733,68.63427864150567
DownJo00,josh-downs-2,00-0038997,Josh Downs,WR,2023,3,79,IND,north carolina,69.0,171.0,4.48,38.5,131.0,,,,,,,,,1.0,-3.0,0.0,710194.0,11913351029.0,3811.0,19.0,19.0,47.0,0,0,1,False,skill_pass,False,True,False,False,49.32,0,0,True,84.90124328689541,84.75,,25.24952741020794,-2.0176940404004347,-1.9288970462158248,-0.6843876599853594,1.1535189267344557,1.805616568496984,,,,-1.021435980527306,1.6922696442052427,,-1.3809271532309124,0,1,0,1.0,16774.78411391817,0.0053661393928982,False,,,,True,holdout,17.788212,0.12363815,0.5252525252525253,0.24776104,0.67003367003367,0.2779408,44.92481172185153
TuckTr00,tre-tucker-1,00-0038563,Tre Tucker,WR,2023,3,100,LVR,cincinnati,69.0,182.0,4.4,37.5,124.0,,,,,,,,,8421.0,9325128.0,0.0,7183452.0,92236426672.0,323.0,13.0,13.0,50.0,0,0,1,False,skill_pass,False,True,False,False,38.71,0,0,True,97.11597568472096,80.75,,26.87376601554295,-2.0176940404004347,-1.4941830120021484,-1.0952697355895364,0.8755799094313969,0.8413090823242079,,,,-0.0339127610378334,0.9040619775253168,,-0.5902090109753464,0,1,0,0.9998989099463332,12840.12570446632,4.4964454415509424e-05,False,,,,True,holdout,11.983174,-5.6813993,0.07407407407407407,0.19768263,0.5717171717171717,0.1872371,22.09570112799354
PratMi00,michael-pratt-1,00-0039238,Michael Pratt,QB,2024,7,245,GNB,tulane,75.0,217.0,,36.0,114.0,,7.2,4.23,139189215185.0,253328338283.0,1806238130102406.0,20212722.0,8855.0,11610512998.0,237154478286.0,85105.0,,,,,,,0,0,0,False,skill_pass,True,True,False,False,0.47,0,1,True,,75.0,5.715,27.120177777777776,0.3698495427957216,-0.111001994049542,,0.4586713834768086,-0.5362730407797573,,0.7479875689505298,-0.1613927652560198,,-0.2289865433270768,0.4178173371379082,-0.4702498804484291,1,0,0,,,,True,0.5494419460862209,7130.02794059545,2282.6337662337664,False,holdout,11.610675,5.6368723,0.8787878787878788,0.19474527,0.5575757575757576,0.1814168,53.82627156963855
MayeDr00,drake-maye-1,00-0039851,Drake Maye,QB,2024,1,3,NWE,north carolina,76.0,223.0,,,,,,,7342269.0,10516425.0,8943213608.0,13824.0,79.0,6184112.0,62699449.0,79.0,,,,26.0,26.0,30.0,2,0,1,False,skill_pass,False,True,False,False,98.48,1,0,True,,,,27.14144736842105,0.7677734733284143,0.1261147518851904,,,,,,,,,,-0.4598953357745461,1,0,0,,,,True,0.6981715744656573,850.4043539510812,174.9873417721519,False,holdout,60.429348,24.105854,0.971043771043771,0.73525834,0.9750841750841751,0.9442085,91.93277210960484
WilsRo02,roman-wilson-1,00-0039739,Roman Wilson,WR,2024,3,84,PIT,michigan,71.0,185.0,4.39,,,12.0,,,,,,,,1321.0,9593910.0,20.0,9252548.0,122420376789.0,13412.0,2.0,2.0,14.0,0,0,0,False,skill_pass,False,True,False,False,46.68,0,0,True,99.6193360979622,,,25.799444554651856,-1.2218461793350492,-1.3756246390347822,-1.1466299950400618,,,-1.0969825594790643,,,0.1684761619701375,,,-1.1132143544949824,0,1,0,0.999921637570072,13230.99072698677,0.001449546654608,False,,,,True,holdout,18.938587,1.2740135,0.674074074074074,0.2586359,0.6922558922558922,0.29591542,51.899107844390045
DuboGr00,grant-dubose-1,00-0038507,Grant Dubose,WR,2023,7,256,GNB,charlotte,,,,,,,,,0.0,1.0,0.0,0.0,0.0,3.0,18.0,0.0,6264.0,892792.0,69.0,0.0,,3.0,0,0,0,False,skill_pass,False,True,True,False,0.07,0,1,True,,,,,,,,,,,,,,,,,0,1,0,0.9999798389354958,142.52745849297574,0.011015325670498,False,,,,False,holdout,7.0257783,1.0519757,0.6518518518518519,0.16128324,0.23434343434343435,0.109777786,36.18216327214081
ShenLa00,laviska-shenault-jr-1,00-0036268,Laviska Shenault Jr.,WR,2020,2,42,JAX,colorado,73.0,227.0,4.58,,,17.0,,,,,,,,21723.0,4115161.0,52.0,78656.0,1681011764.0,64.0,13.0,9.0,63.0,0,0,1,False,skill_pass,False,True,False,False,71.15,0,0,True,103.17962398269448,,,29.945768436854944,-0.4259983182696639,0.2841925825083454,-0.1707850654801405,,,-0.1365974451458606,,,0.4563143920459817,,,0.9053151316018464,0,1,0,0.9975579519032372,21371.691466639542,0.000813669650122,False,,,,True,holdout,26.195969,2.6527748,0.7851851851851852,0.33398825,0.8127946127946128,0.409312,62.529305292600746
StevTo01,tommy-stevens-1,00-0036433,Tommy Stevens,QB,2020,7,240,NOR,mississippi st.,,,,,,,,,214897.0,32711161.0,361581101155.0,3111.0,15.0,21272883.0,198190118381.0,2424.0,122.0,602.0,20.0,0.0,,1.0,0,0,0,False,skill_pass,False,True,True,False,0.77,0,1,True,,,,,,,,,,,,,,,,,1,0,0,,,,False,0.0065695314207893,11053.753217594449,207.4,False,holdout,6.9460263,0.97222376,0.641077441077441,0.16074453,0.22693602693602694,0.10853167,35.56734240258281
WashDa03,darnell-washington-1,00-0038558,Darnell Washington,TE,2023,3,93,PIT,georgia,79.0,264.0,4.64,31.0,122.0,21.0,,4.08,,,,,,,,,71028.0,166154454.0,12.0,7.0,7.0,50.0,0,0,1,False,skill_pass,False,True,False,False,42.1,0,0,True,113.91003893784792,76.5,,29.73754206056722,1.9615452649264924,1.7464125157725294,0.1373764912229899,-0.9310237030384854,0.5657926577034149,0.6317106463207024,,-1.0839714784799863,1.3238351512283515,0.0665913316778954,,0.8039455588764898,0,0,1,1.0,2339.2810440952862,0.0001689474573407,False,,,,True,holdout,17.167452,-0.4971218,0.3784511784511784,0.24202171,0.6599326599326599,0.26824144,38.54196360862817
FranTr00,troy-franklin-2,00-0039868,Troy Franklin,WR,2024,4,102,DEN,oregon,74.0,176.0,4.41,39.0,124.0,,6.9,4.31,,,,,,,,,186181.0,2098911383.0,2914.0,8.0,8.0,33.0,0,0,0,False,skill_pass,False,True,False,False,37.76,0,0,True,93.06541227894448,81.5,5.605,22.594594594594597,-0.0280743877369711,-1.731299757936881,-1.0439094761390153,1.292488435385985,0.8413090823242079,,-0.5507884054924707,0.3306492151300895,-0.3613882459637835,1.0518509150278028,-0.2070631061015277,-2.673411851525672,0,1,0,1.0,11273.499352780358,0.0156514359682244,False,,,,True,holdout,11.238639,1.3841829,0.6828282828282828,0.19184472,0.5481481481481482,0.17560373,45.62506348230823
SandJa01,jatavion-sanders-1,00-0039356,Ja'Tavion Sanders,TE,2024,4,101,CAR,texas,76.0,245.0,4.69,,,,,4.32,,,,,,1.0,12.0,0.0,5445.0,613682.0,52.0,5.0,5.0,29.0,0,0,0,False,skill_pass,False,True,False,False,38.23,0,0,True,101.27557303291522,,,29.81907894736842,0.7677734733284143,0.995542820312543,0.394177788475604,,,,,0.3921544626783579,0.3023777798666817,,,0.8436396625906738,0,0,1,0.9999804462810457,112.70560146923783,0.0095500459136822,False,,,,True,holdout,8.6647835,-1.1896725,0.24848484848484848,0.17267865,0.39124579124579123,0.13538724,23.925627924903274
McMaRa00,racey-mcmath-1,00-0036652,Racey McMath,WR,2021,6,205,TEN,louisiana state,74.0,217.0,4.36,34.0,124.0,,7.38,4.38,,,,,,,,,21714.0,42285195.0,31.0,0.0,0.0,14.0,0,0,0,False,skill_pass,False,True,False,False,4.9,0,1,True,120.10021156339656,79.0,5.88,27.85810810810811,-0.0280743877369711,-0.111001994049542,-1.3007107733916248,-0.0972066511293089,0.8413090823242079,,1.5272531536163292,0.7611859479679413,1.824291403668692,0.5592211233528491,1.3551380019970671,-0.1110077727948641,0,1,0,1.0,1947.3701298701296,0.0014276503638205,False,,,,True,holdout,9.106154,2.5364156,0.7764309764309765,0.17585418,0.42828282828282827,0.14228366,45.98565233712044
PierAl00,alec-pierce-2,00-0037664,Alec Pierce,WR,2022,2,53,IND,cincinnati,75.0,211.0,4.41,40.5,129.0,,7.13,4.28,,,,,,,,,371752.0,652315884.0,238.0,26.0,26.0,64.0,0,0,3,False,skill_pass,False,True,False,False,64.24,0,0,True,111.57273858441638,84.75,5.705,26.37031111111111,0.3698495427957216,-0.3481187399842746,-1.0439094761390153,1.7093969613405733,1.5301001438761903,,0.4449398415804949,0.1461334724853005,1.134871668872775,1.6922696442052427,0.3610100241161422,-0.8353028816875805,0,1,0,1.0,1754.7071273322,0.0006402117540726,False,,,,True,holdout,23.709146,0.16595268,0.531986531986532,0.30692333,0.7791245791245791,0.3704554,50.409527963209236
WoodJe01,jelani-woods-1,00-0037755,Jelani Woods,TE,2022,3,73,IND,virginia,79.0,259.0,4.61,,,24.0,,,,,,,,11.0,51.0,0.0,816844.0,135112129598.0,2118.0,2.0,2.0,19.0,0,0,0,False,skill_pass,False,True,False,False,52.59,0,0,True,114.6901334805334,,,29.17433103669284,1.9615452649264924,1.5488152274935856,-0.0167042871285729,,,1.2079417149206249,,,1.3869033748462551,,,0.5297609821566487,0,0,1,0.9999999996225356,165407.50693890144,0.0025929063566605,False,,,,True,holdout,24.668558,7.0039845,0.9003367003367003,0.3172211,0.7892255892255893,0.38544622,65.85132601465841
TagoTu00,tua-tagovailoa-1,00-0036212,Tua Tagovailoa,QB,2020,1,5,MIA,alabama,72.0,217.0,,,,,,,49245180.0,77355252.0,63639662840.0,114333.0,263.0,275723.0,13319017.0,252.0,,,,52.0,52.0,78.0,1,0,5,False,skill_pass,False,True,False,False,96.97,1,0,True,,,,29.427276234567906,-0.8239222488023566,-0.111001994049542,,,,,,,,,,0.652900745181173,1,0,0,,,,True,0.6366106854645112,822.6934977860327,434.7262357414448,False,holdout,52.641373,16.317879,0.9555555555555556,0.6529584,0.9643097643097643,0.8225214,87.01801254492416
CorrMa00,matt-corral-1,00-0038132,Matt Corral,QB,2022,3,94,CAR,mississippi,74.0,212.0,,,,,,,16105232262.0,22178327386.0,239136233523349.0,262920.0,13145.0,1357111152.0,83135516614.0,21411.0,1.0,19.0,0.0,,,,0,0,0,False,skill_pass,True,True,False,False,41.61,0,0,True,,,,27.216216216216218,-0.0280743877369711,-0.3085992823284858,,,,,,,,,,-0.4234960750791086,1,0,0,,,,False,0.7261698315521475,10782.428690916657,20.00152149106124,False,holdout,25.392626,7.728052,0.9084175084175085,0.3251138,0.7966329966329966,0.39675978,66.70683159952613
DaviDe02,derius-davis-1,00-0038573,Derius Davis,WR,2023,4,125,LAC,texas christian,68.0,165.0,4.36,,,,,4.38,,,,,,537103.0,2818654230.0,11.0,811153642.0,104151209518531.0,20115.0,3.0,3.0,43.0,0,0,0,False,skill_pass,False,True,False,False,27.74,0,0,True,91.32043736387295,,,25.085423875432525,-2.415617970933128,-2.166013792150557,-1.3007107733916248,,,,,0.7611859479679413,-0.5024640542530054,,,-1.4608166729904943,0,1,0,0.9999729376359278,128398.86813764808,2.4798014776095897e-05,False,,,,True,holdout,7.6151032,-2.2393527,0.17777777777777778,0.16530906,0.30303030303030304,0.11898599,18.85761825476933
PeopDo00,donovan-peoples-jones-1,00-0036233,Donovan Peoples-Jones,WR,2020,6,187,CLE,michigan,74.0,212.0,4.48,44.5,139.0,,,,,,,,,432.0,,0.0,224534.0,277581438.0,86.0,18.0,17.0,58.0,0,0,1,False,skill_pass,False,True,False,False,8.41,0,1,True,105.25768173580016,91.75,,27.216216216216218,-0.0280743877369711,-0.3085992823284858,-0.6843876599853594,2.8211530305528085,2.907682266980156,,,,0.6243189144370972,3.071633060895113,,-0.4234960750791086,0,1,0,1.0,1236.2557029224972,0.0003830154898589,False,,,,True,holdout,8.116752,1.5470128,0.701010101010101,0.16879909,0.34814814814814815,0.12682424,40.91583372311359
LikeIs00,isaiah-likely-1,00-0037838,Isaiah Likely,TE,2022,4,139,BAL,coastal carolina,77.0,245.0,,36.0,,,,4.57,,,,,,3.0,10.0,0.0,12323059.0,106431601912.0,55512.0,15.0,15.0,63.0,0,0,1,False,skill_pass,False,True,False,False,22.4,0,0,True,,,,29.049586776859503,1.165697403861107,0.995542820312543,,0.4586713834768086,,,,1.9297856513849652,,,,0.4690324973955593,0,0,1,0.9999999999060428,8636.784252351628,0.0045047256529405,False,,,,True,holdout,6.4376583,-3.4167976,0.12525252525252525,0.15734497,0.1872053872053872,0.10058842,13.912876579371163
OkonCh00,chigoziem-okonkwo-1,00-0037809,Chigoziem Okonkwo,TE,2022,4,143,TEN,maryland,75.0,238.0,4.52,35.5,,,,,,,,,,3.0,72.0,2.0,61952.0,69201447.0,125.0,16.0,16.0,68.0,0,0,1,False,skill_pass,False,True,False,False,20.98,0,0,True,114.03895092788412,,,29.744711111111112,0.3698495427957216,0.7189066167220217,-0.4789466221832755,0.3197018748252792,,,,,1.3342572856873915,,,0.8074356238886035,0,0,1,0.9999989595604108,1117.017158445248,0.0020176911157024,False,,,,True,holdout,10.712059,0.8576031,0.6255892255892256,0.18779573,0.5272727272727272,0.16737592,42.67245702902075
WashMo00,,00-0037272,Montrell Washington,WR,2022,5,162,DEN,samford,,,,,,,,,1.0,1.0,16.0,0.0,0.0,133.0,5219.0,1.0,10.0,124.0,1.0,0.0,0.0,22.0,0,0,0,False,skill_pass,False,True,True,False,14.86,0,1,True,,,,,,,,,,,,,,,,,0,1,0,0.0232079356166947,12.4,0.1,False,,,,False,holdout,14.546084,6.102145,0.8882154882154882,0.21879612,0.6262626262626263,0.22728257,56.97544573749156
LegeXa00,xavier-legette-1,00-0039342,Xavier Legette,WR,2024,1,32,CAR,south carolina,73.0,221.0,4.39,40.0,126.0,,,,,,,,,79.0,,0.0,9781871.0,80113631671255.0,10137.0,8.0,8.0,31.0,0,0,1,False,skill_pass,False,True,False,False,77.74,1,0,True,119.00472041972782,83.0,,29.154250328391814,-0.4259983182696639,0.0470758365736129,-1.1466299950400618,1.5704274526890438,1.116825506945001,,,,1.7357243433448364,1.347428790032775,,0.5199852137992137,0,1,0,1.0,8190011.059362263,0.0010363048132611,False,,,,True,holdout,27.026255,-9.297239,0.015488215488215488,0.3432854,0.828956228956229,0.42228523,32.51006645696734
YounBr01,bryce-young-1,00-0039150,Bryce Young,QB,2023,1,1,CAR,alabama,70.0,204.0,,,,,,,13366245.0,22547380.0,15648723328.0,14732.0,75.0,98149.0,-230185.0,34.0,,,,23.0,23.0,46.0,0,0,1,False,skill_pass,False,True,False,False,100.0,1,0,True,,,,29.267755102040816,-1.619770109867742,-0.6247549435747959,,,,,,,,,,0.5752420482705028,1,0,0,,,,True,0.5928070134977989,694.037326199319,196.42666666666668,False,holdout,60.45528,24.131786,0.9717171717171718,0.73551065,0.9757575757575757,0.94461375,91.98632642476247
GreeAn00,antoine-green-1,00-0038627,Antoine Green,WR,2023,7,219,DET,north carolina,74.0,199.0,4.47,33.5,123.0,,6.99,4.27,,,,,,,,,4843143.0,4521738612798.0,2157.0,0.0,0.0,9.0,0,0,0,False,skill_pass,False,True,False,False,2.82,0,1,True,99.6903175865284,78.25,5.63,25.5472972972973,-0.0280743877369711,-0.8223522318537396,-0.7357479194358849,-0.2361761597808383,0.7035508700138113,,-0.1611556131595709,0.084628224937032,0.1742147951083904,0.411432185850363,-0.0650448235471128,-1.235965661018145,0,1,0,1.0,933637.2295424686,0.0004453719413199,False,,,,True,holdout,7.112873,1.1390705,0.6592592592592592,0.16187316,0.24175084175084174,0.11113864,36.66562324067459
WhitJo04,jordan-whittington-2,00-0039751,Jordan Whittington,WR,2024,6,213,LAR,texas,73.0,205.0,,,,18.0,,,,,,,,313.0,50818.0,100.0,221265042.0,17206377652505.0,311.0,5.0,5.0,32.0,0,0,0,False,skill_pass,False,True,False,False,3.64,0,1,True,,,,27.043535372490147,-0.4259983182696639,-0.5852354859190071,,,,0.0554795777207801,,,,,,-0.5075612336744733,0,1,0,0.9999999970465604,77763.65166850442,1.4055541588896814e-06,False,,,,True,holdout,5.4601836,-1.1095552,0.25993265993265996,0.15097287,0.0531986531986532,0.08531537,16.18704433937366
LearDe00,devin-leary-1,00-0039801,Devin Leary,QB,2024,6,218,BAL,kentucky,73.0,215.0,,,,,,,10165283118209.0,210109431193371.0,1.2198793433126528e+18,88351125.0,525412.0,4019542342.0,,231.0,1.0,-4.0,0.0,,,,0,0,0,False,skill_pass,True,True,False,False,2.95,0,1,True,,,,28.36273221992869,-0.4259983182696639,-0.1900409093611196,,,,,,,,,,0.1346552959965811,1,0,0,,,,False,0.048380898755818,5805.923781640985,168.15589480255494,False,holdout,8.394227,1.8244882,0.7232323232323232,0.17075458,0.36498316498316496,0.1311598,42.26724388347532
OConAi00,aidan-oconnell-1,00-0038579,Aidan O'Connell,QB,2023,4,135,LVR,purdue,75.0,213.0,,,,,,,10288315319.0,163136440497.0,109991637123481.0,872822.0,421113.0,15122543.0,,11.0,,,,10.0,10.0,21.0,0,0,1,False,skill_pass,False,True,False,False,23.87,0,0,True,,,,26.620266666666662,0.3698495427957216,-0.2690798246726971,,,,,,,,,,-0.7136185479411966,1,0,0,,,,True,0.0630657092165082,674.2309491882269,2.072655083077464,False,holdout,8.475282,-1.3791742,0.22760942760942762,0.17132922,0.37104377104377106,0.13242628,22.60036225293321
AsiaDe00,devin-asiasi-1,00-0036194,Devin Asiasi,TE,2020,3,91,NWE,ucla,75.0,257.0,4.73,30.5,115.0,16.0,,,,,,,,,,,2644.0,18130641.0,114.0,0.0,0.0,22.0,0,0,0,False,skill_pass,False,True,False,False,43.1,0,0,True,102.6877305984309,72.75,,32.11928888888889,0.3698495427957216,1.469776312182008,0.5996188262776925,-1.0699932116900148,-0.3985148284693608,-0.3286744680125014,,,0.4165463379738341,-0.6723533558345351,,1.9634367944792503,0,0,1,1.0,6857.277231467474,0.0431164901664145,False,,,,True,holdout,11.8863945,-5.778179,0.0707070707070707,0.19691627,0.5663299663299664,0.18572491,21.807706154406272
MallWi00,will-mallory-1,00-0038394,Will Mallory,TE,2023,5,162,IND,miami,77.0,239.0,4.54,36.5,121.0,20.0,,,,,,,,,,,516223042.0,37293329347538.0,12443.0,2.0,2.0,24.0,0,0,0,False,skill_pass,False,True,False,False,14.86,0,1,True,112.51346127527565,78.75,,28.33816832518131,1.165697403861107,0.7584260743778105,-0.3762261032822289,0.597640892128338,0.4280344453930183,0.4396336234540616,,,1.210926179939224,0.5099581441853538,,0.1226970054120496,0,0,1,1.0,72242.66705153778,2.4103922118222687e-05,False,,,,True,holdout,10.337571,1.8936319,0.7272727272727273,0.1849564,0.5084175084175084,0.16152455,46.18887812451081
PalmTr00,trey-palmer-1,00-0039052,Trey Palmer,WR,2023,6,191,TAM,nebraska,72.0,192.0,4.33,,,,,,,,,,,25.0,75.0,0.0,1103071.0,61083441043.0,39.0,6.0,6.0,32.0,0,0,0,False,skill_pass,False,True,False,False,7.55,0,1,True,109.23948372344552,,,26.03703703703704,-0.8239222488023566,-1.098988435444261,-1.4547915517431924,,,,,,0.9462352520319448,,,-0.9975486600160915,0,1,0,0.9999999987721714,55375.80177794539,3.535583838211684e-05,False,,,,True,holdout,6.420217,-0.14952183,0.4255892255892256,0.15722933,0.1797979797979798,0.10031589,25.770433312238065
WashPa01,parker-washington-1,00-0038606,Parker Washington,WR,2023,6,185,JAX,penn st.,70.0,204.0,,,,16.0,,,,,,,,22.0,128.0,0.0,366446.0,489820611.0,642.0,15.0,15.0,42.0,0,0,0,False,skill_pass,False,True,False,False,8.86,0,1,True,,,,29.267755102040816,-1.619770109867742,-0.6247549435747959,,,,-0.3286744680125014,,,,,,0.5752420482705028,0,1,0,0.9999997386799092,1336.6788312602675,0.0017519634543698,False,,,,True,holdout,7.413308,0.8435693,0.6235690235690236,0.16392152,0.265993265993266,0.11583294,35.857715571543785
TolbJa00,jalen-tolbert-1,00-0037666,Jalen Tolbert,WR,2022,3,88,DAL,south alabama,73.0,194.0,4.49,36.0,123.0,,7.08,,,,,,,,,,5276482.0,6052110861474.0,688.0,9.0,9.0,55.0,0,0,1,False,skill_pass,False,True,False,False,44.61,0,0,True,95.46548023113958,79.5,,25.59241884030775,-0.4259983182696639,-1.0199495201326834,-0.6330274005348384,0.4586713834768086,0.7035508700138113,,0.2284771791733288,,-0.1673501979778009,0.6577470816878399,,-1.2139994163126322,0,1,0,1.0,1146997.3481334725,0.0001303899075179,False,,,,True,holdout,16.5605,-1.1040745,0.26262626262626265,0.23649816,0.6518518518518519,0.2587578,33.44720715490054
StovCa00,cade-stover-1,00-0039359,Cade Stover,TE,2024,4,123,HOU,ohio st.,76.0,247.0,4.65,34.5,117.0,,,4.45,,,,,,,,,53641.0,76406576.0,55.0,2.0,2.0,24.0,0,0,1,False,skill_pass,False,True,False,False,28.55,0,0,True,105.66110236105104,75.75,,30.0625,0.7677734733284143,1.0745817356241203,0.1887367506735154,0.0417628575222204,-0.1229984038485677,,,1.191722680805793,0.656934220420152,-0.0811976058245907,,0.9621428442602392,0,0,1,1.0,1424.4062564083445,0.0010253350981525,False,,,,True,holdout,9.2412195,-0.6132364,0.33400673400673403,0.17683508,0.43905723905723903,0.14439406,28.565996891019317
SchoLu00,luke-schoonmaker-1,00-0038547,Luke Schoonmaker,TE,2023,2,58,DAL,michigan,77.0,251.0,4.63,33.5,127.0,,,4.27,,,,,,,,,21735.0,54165418.0,133.0,4.0,4.0,51.0,0,0,0,False,skill_pass,False,True,False,False,61.22,0,0,True,109.23951242820198,80.25,,29.76100522853769,1.165697403861107,1.2326595662472757,0.0860162317724689,-0.2361761597808383,1.2545837192553977,,,0.084628224937032,0.9462375727224512,0.805536019190326,,0.815367989379069,0,0,1,1.0,2492.0827237175063,0.0061191626409017,False,,,,True,holdout,26.82754,3.2843456,0.8161616161616162,0.34104902,0.8242424242424242,0.4191803,64.33589996502857
LutoJa00,jake-luton-1,00-0036312,Jake Luton,QB,2020,6,189,JAX,oregon st.,78.0,224.0,,,,,,,4983140222.0,78135223358.0,38385316602714.0,141028.0,4443.0,27172844.0,,5001.0,,,,2.0,2.0,3.0,0,0,0,False,skill_pass,False,True,False,False,7.98,0,1,True,,,,25.882971729125572,1.5636213343937997,0.1656342095409792,,,,,,,,,,-1.0725513312108554,1,0,0,,,,True,0.0637758491988721,491.2677657148319,31.74161602520819,False,holdout,1.5519994,-5.0177393,0.0861952861952862,0.12759417,0.00202020202020202,0.024249991,6.525098775347275
CoulIs00,,00-0036308,Isaiah Coulter,WR,2020,5,171,HOU,rhode island,74.0,198.0,4.45,36.0,121.0,,7.28,4.62,,,,,,,,,11011.0,56156205.0,111.0,0.0,0.0,4.0,0,0,0,False,skill_pass,False,True,False,False,12.33,0,1,True,100.98459823900774,78.5,5.95,25.41891891891892,-0.0280743877369711,-0.8618716895095284,-0.8384684383369269,0.4586713834768086,0.4280344453930183,,1.094327828801997,2.237311889126285,0.2788533704968167,0.4606951650178584,1.7527891931494393,-1.2984633214749943,0,1,0,1.0,5100.009535918627,0.0100808282626464,False,,,,True,holdout,7.812377,-0.63156223,0.33265993265993266,0.16667455,0.3191919191919192,0.12206839,25.465094656705457
WileJa00,jared-wiley-1,00-0039824,Jared Wiley,TE,2024,4,131,KAN,texas christian,78.0,249.0,4.62,37.0,118.0,,7.19,,,,,,,,,,1992447.0,1516667245520.0,1248.0,0.0,0.0,12.0,0,0,0,False,skill_pass,False,True,False,False,25.38,0,0,True,109.31038918062856,77.5,,28.77169625246548,1.5636213343937997,1.153620650935698,0.0346559723219479,0.7366104007798674,0.0147598084618287,,0.7046950364690973,,0.9519677382687484,0.2636432483478769,,0.3337487536909553,0,0,1,1.0,761208.3260031509,0.0006263654691944,False,,,,True,holdout,9.318593,-0.5358629,0.36767676767676766,0.17739892,0.44511784511784513,0.14560302,30.069466368241947
SmitAi00,ainias-smith-1,00-0039747,Ainias Smith,WR,2024,5,152,PHI,texas a&m,69.0,190.0,,,,21.0,,,,,,,,749835.0,54293261121.0,4000.0,2242471553.0,248490509291795.0,36622.0,1.0,1.0,7.0,0,0,0,False,skill_pass,False,True,False,False,17.95,0,1,True,,,,28.0550304557866,-2.0176940404004347,-1.1780273507558383,,,,0.6317106463207024,,,,,,-0.015141271153115,0,1,0,0.9997815554356264,110810.99733878988,1.6331087879802417e-05,False,,,,True,holdout,9.454062,1.0101233,0.6451178451178451,0.17838952,0.45387205387205387,0.14771973,41.404340051315245
JohnCo01,collin-johnson-2,00-0036254,Collin Johnson,WR,2020,5,165,JAX,texas,78.0,222.0,,,,17.0,,,,,,,,0.0,-7.0,0.0,28546838.0,315765988559.0,3273.0,3.0,2.0,38.0,0,0,0,False,skill_pass,False,True,False,False,13.99,0,1,True,,,,25.651873767258383,1.5636213343937997,0.0865952942294017,,,,-0.1365974451458606,,,,,,-1.185055338003,0,1,0,1.0,11061.329754244583,0.0001146536789818,False,,,,True,holdout,5.30462,-3.1393194,0.1367003367003367,0.14997858,0.0430976430976431,0.082884684,10.987231501374985
TravJo00,jordan-travis-1,00-0039797,Jordan Travis,QB,2024,5,171,NYJ,florida st.,73.0,200.0,,,,,,,4672122226207.0,1411131194353324.0,7.179105615393215e+19,106152420.0,106652.0,823971348273.0,4.0228562530417176e+16,37777.0,1101.0,,1.0,,,,0,0,0,False,skill_pass,True,True,False,False,12.33,0,1,True,,,,26.38393694877088,-0.4259983182696639,-0.7828327741979508,,,,,,,,,,-0.8286694985099996,1,0,0,,,,True,0.0033109056371956,50874.82754346713,995.3157934215956,False,holdout,13.171974,4.728035,0.857912457912458,0.20727971,0.5973063973063973,0.2058121,54.52446258278809
FitzDe00,dez-fitzpatrick-1,00-0036627,Dez Fitzpatrick,WR,2021,4,109,TEN,louisville,73.0,208.0,4.43,35.0,,,7.09,4.26,,,,,,,,,45313543.0,699422635833.0,9363.0,0.0,0.0,7.0,0,0,0,False,skill_pass,False,True,False,False,34.55,0,0,True,108.01359620861858,,5.675,27.439294426721712,-0.4259983182696639,-0.4666771129516409,-0.9411889572379736,0.1807323661737498,,,0.2717697116547612,0.023122977388769,0.8471260496404662,,0.1905880850508391,-0.3148962747731561,0,1,0,1.0,15435.178746296664,0.0002066269680126,False,,,,True,holdout,11.071588,1.2171316,0.67003367003367,0.19055304,0.5420875420875421,0.17299356,44.91402984066844
StroCJ00,cj-stroud-1,00-0039163,C.J. Stroud,QB,2023,1,2,HOU,ohio st.,75.0,214.0,,,,,,,317258.0,441389.0,44353688.0,4441.0,66.0,13247.0,,100.0,,,,33.0,33.0,46.0,1,0,2,False,skill_pass,False,True,False,False,99.24,1,0,True,,,,26.745244444444445,0.3698495427957216,-0.2295603670169083,,,,,,,,,,-0.652776381068004,1,0,0,,,,True,0.7187718769611385,100.48661837970587,67.28787878787878,False,holdout,48.500153,12.176659,0.94006734006734,0.60468096,0.9555555555555556,0.7578149,83.963721356709
SmitJa06,jaxon-smith-njigba-1,00-0038543,Jaxon Smith-Njigba,WR,2023,1,20,SEA,ohio st.,73.0,196.0,,35.0,125.0,,6.57,3.93,,,,,,,,,10955.0,49160643.0,190.0,30.0,30.0,51.0,2,1,1,False,skill_pass,False,True,False,False,86.02,1,0,True,,80.0,5.25,25.85625820979546,-0.4259983182696639,-0.940910604821106,,0.1807323661737498,0.9790672946346044,,-1.979441977379772,-2.0065501917039503,,0.7562730400228306,-2.223722718374266,-1.0855561103784217,0,1,0,1.0,4487.507348242812,0.0173436786855317,False,,,,True,holdout,27.08904,-9.234453,0.016835016835016835,0.34399346,0.8303030303030303,0.42326626,32.624655470201866
JohnQu02,quentin-johnston-1,00-0038544,Quentin Johnston,WR,2023,1,21,LAC,texas christian,75.0,208.0,,40.5,134.0,,,,,,,,,323.0,,200.0,223360.0,4876121069.0,266.0,16.0,16.0,46.0,0,0,2,False,skill_pass,False,True,False,False,85.32,1,0,True,,87.25,,25.99537777777778,0.3698495427957216,-0.4666771129516409,,1.7093969613405733,2.2188912054281733,,,,,2.1848994358801965,,-1.0178293823071554,0,1,0,1.0,21830.7712616404,0.0011909025787965,False,,,,True,holdout,27.183346,-9.140148,0.020875420875420877,0.34505832,0.835016835016835,0.42473978,32.93131598228156
HamlKJ00,kj-hamler-1,00-0036412,KJ Hamler,WR,2020,2,46,DEN,penn st.,69.0,178.0,,,,15.0,,,,,,,,413.0,4443.0,10.0,4356.0,755904.0,58.0,5.0,5.0,23.0,0,0,0,False,skill_pass,False,True,False,False,68.6,0,0,True,,,,26.28313379542113,-2.0176940404004347,-1.6522608426253034,,,,-0.5207514908791422,,,,,,-0.8777428808864611,0,1,0,0.9941566153348406,173.53168044077134,0.0133149678604224,False,,,,True,holdout,18.90813,-4.635063,0.09764309764309764,0.25834402,0.6909090909090909,0.29543954,28.79957711360471
CulpDe00,devin-culp-1,00-0039754,Devin Culp,TE,2024,7,246,TAM,washington,75.0,231.0,4.47,,,,,,,,,,,1.0,2.0,0.0,1202916.0,15222266208.0,112.0,1.0,1.0,18.0,0,0,0,False,skill_pass,False,True,False,False,0.42,0,1,True,115.720921419538,,,28.869866666666667,0.3698495427957216,0.4422704131315005,-0.7357479194358849,,,,,,1.4702393818076478,,,0.3815404557762592,0,0,1,0.9999999998686137,12654.471474317408,9.310708312134846e-05,False,,,,True,holdout,5.7963214,-0.17748117,0.4222222222222222,0.15313986,0.07272727272727272,0.09056752,23.21758200446464
EdwaBr01,bryan-edwards-1,00-0036365,Bryan Edwards,WR,2020,3,81,LVR,south carolina,75.0,212.0,,,,,,,,,,,,42.0,1922.0,0.0,44645571.0,590793846816.0,4576.0,6.0,6.0,35.0,0,0,1,False,skill_pass,False,True,False,False,48.25,0,0,True,,,,26.49528888888889,0.3698495427957216,-0.3085992823284858,,,,,,,,,,-0.7744607148143877,0,1,0,0.99999999674675,13232.97773066896,0.0001024961692168,False,,,,True,holdout,14.965065,-2.6995087,0.15622895622895622,0.22239794,0.632996632996633,0.23382914,28.03363293680278
JohnCo02,cornelius-johnson-1,00-0039437,Cornelius Johnson,WR,2024,7,253,LAC,michigan,75.0,212.0,4.44,37.5,127.0,,,,,,,,,33.0,3040.0,0.0,416403247.0,61254627499604.0,13361.0,,,,0,0,0,False,skill_pass,True,True,False,False,0.15,0,1,True,109.10231759276564,82.25,,26.49528888888889,0.3698495427957216,-0.3085992823284858,-0.8898286977874479,0.8755799094313969,1.2545837192553977,,,,0.9351457959094336,1.199639852530289,,-0.7744607148143877,0,1,0,0.9999999999503713,147104.1062741857,3.208668543355523e-05,False,,,,True,holdout,6.5514092,0.5776067,0.5865319865319866,0.15810053,0.19797979797979798,0.10236577,32.63020160616147
KincDa00,dalton-kincaid-1,00-0038933,Dalton Kincaid,TE,2023,1,25,BUF,utah,76.0,246.0,,,,,,,,,,,,1.0,4.0,0.0,13670.0,14510890.0,88.0,17.0,17.0,41.0,1,0,2,False,skill_pass,False,True,False,False,82.52,1,0,True,,,,29.94078947368421,0.7677734733284143,1.0350622779683318,,,,,,,,,,0.9028912534254556,0,0,1,0.9999997243450336,1061.5135332845648,0.006437454279444,False,,,,True,holdout,30.276712,-6.0467815,0.06868686868686869,0.38079756,0.8713804713804714,0.47307363,37.25250855228716
McLaTa00,tanner-mclachlan-2,00-0039399,Tanner McLachlan,TE,2024,6,194,CIN,arizona,77.0,244.0,4.61,35.0,117.0,,,,,,,,,,,,33445.0,48456528.0,24.0,0.0,0.0,2.0,0,0,0,False,skill_pass,False,True,False,False,6.94,0,1,True,108.04784775772258,76.0,,28.93101703491314,1.165697403861107,0.9560233626567542,-0.0167042871285729,0.1807323661737498,-0.1229984038485677,,,,0.84989518112383,-0.0319346266570953,,0.4113099153983088,0,0,1,1.0,1448.8422185677978,0.0007175960532217,False,,,,True,holdout,7.1800795,0.6103406,0.5898989898989899,0.16232957,0.24781144781144782,0.11218874,34.042555107938924
MondKe00,kellen-mond-1,00-0036946,Kellen Mond,QB,2021,3,66,MIN,texas a&m,,,,,,,,,117237258187.0,227412419296.0,1375309828972208.0,8242019.0,6993.0,8914812674.0,340481501294.0,3784.0,,,,0.0,0.0,1.0,0,0,0,False,skill_pass,False,True,True,False,56.54,0,0,True,,,,,,,,,,,,,,,,,1,0,0,,,,True,0.5155270699372139,6047.6460926353575,1178.6098956098956,False,holdout,15.980429,-1.684145,0.20942760942760943,0.23130114,0.6457912457912458,0.2496942,30.91283621014369
JohnTy00,tyler-johnson-6,00-0036427,Tyler Johnson,WR,2020,5,161,TAM,minnesota,73.0,206.0,,,,,,,,,,,,1.0,-1.0,0.0,14357886.0,14167711691318.0,171213.0,9.0,5.0,61.0,0,0,0,False,skill_pass,False,True,False,False,15.16,0,1,True,,,,27.175455057234004,-0.4259983182696639,-0.5457160282632184,,,,,,,,,,-0.443339580707367,0,1,0,1.0,986754.7138428318,0.011924666347121,False,,,,True,holdout,6.226291,-2.217648,0.17912457912457913,0.1559488,0.17037037037037037,0.0972858,15.637082548103349
MitcJa00,james-mitchell-2,00-0037282,James Mitchell,TE,2022,5,177,DET,virginia tech,76.0,249.0,,,,,,,,,,,,511.0,711.0,410.0,21265.0,36343542.0,241.0,1.0,1.0,35.0,0,0,0,False,skill_pass,False,True,False,False,10.77,0,1,True,,,,30.30592105263158,0.7677734733284143,1.153620650935698,,,,,,,,,,1.0806460259298043,0,0,1,0.999980437072128,1709.0779214671995,0.0113331765812367,False,,,,True,holdout,9.159486,0.7155466,0.6053872053872054,0.17624098,0.432996632996633,0.14311697,39.26257991748125
PerrAT00,at-perry-1,00-0038612,A.T. Perry,WR,2023,6,195,NOR,wake forest,76.0,198.0,4.47,35.0,133.0,,,,,,,,,,,,4157181.0,6221112931096.0,111511.0,2.0,2.0,10.0,0,0,0,False,skill_pass,False,True,False,False,6.74,0,1,True,99.18936121674685,84.0,,24.098684210526315,0.7677734733284143,-0.8618716895095284,-0.7357479194358849,0.1807323661737498,2.0811329931177767,,,,0.1337140267740375,1.5444807067027566,,-1.941185106644113,0,1,0,1.0,1496473.9161215257,0.0268237057756205,False,,,,True,holdout,6.582888,0.0131492615,0.5063973063973064,0.15831015,0.20134680134680136,0.10285763,29.50618372511382
DaviTy02,tyler-davis-2,00-0036250,Tyler Davis,TE,2020,6,206,JAX,georgia tech,,,,,,,,,21.0,31.0,4216.0,0.0,0.0,,,,11142217.0,107156226148.0,1061.0,0.0,0.0,39.0,0,0,0,False,skill_pass,False,True,True,False,4.73,0,1,True,,,,,,,,,,,,,,,,,0,0,1,1.0,9617.136890082107,9.522341918129938e-05,False,,,,False,holdout,6.0263247,-0.5434141,0.365993265993266,0.15463725,0.15252525252525254,0.094161324,22.66620708352287
MayeMi00,michael-mayer-1,00-0039066,Michael Mayer,TE,2023,2,35,LVR,notre dame,77.0,249.0,4.7,32.5,118.0,,,,,,,,,,,,427167.0,450840809.0,279.0,7.0,7.0,38.0,0,0,1,False,skill_pass,False,True,False,False,75.73,0,0,True,102.05585160177478,75.25,,29.523865744644965,1.165697403861107,1.153620650935698,0.4455380479261249,-0.5141151770838972,0.0147598084618287,,,,0.3654608814298398,-0.1797235641595814,,0.6999228253845663,0,0,1,1.0,1055.4205006472878,0.0006531403408971,False,,,,True,holdout,26.782322,3.239128,0.8154882154882155,0.34054106,0.8228956228956229,0.41847378,64.25773827335249
NacuPu00,puka-nacua-1,00-0039075,Puka Nacua,WR,2023,5,177,LAR,byu,74.0,201.0,,,,,,,,,,,,1425.0,148209.0,5.0,794348.0,168151805625.0,2165.0,39.0,39.0,44.0,2,1,1,False,skill_pass,False,True,False,False,10.77,0,1,True,,,,25.804054054054053,-0.0280743877369711,-0.7433133165421622,,,,,,,,,,-1.1109703401044484,0,1,0,0.9999991186007856,211685.31377305664,0.0027255056977546,False,,,,True,holdout,7.0567,-1.387239,0.2255892255892256,0.16149248,0.2383838383838384,0.11026094,19.226314510334824
PickGe00,george-pickens-1,00-0037247,George Pickens,WR,2022,2,52,PIT,georgia,75.0,195.0,4.47,33.0,125.0,,,,,,,,,,,,49365.0,727513107.0,860.0,36.0,23.0,65.0,1,0,3,False,skill_pass,False,True,False,False,64.86,0,0,True,97.6864921074022,79.0,,24.370666666666665,0.3698495427957216,-0.9804300624768948,-0.7357479194358849,-0.3751456684323677,0.9790672946346044,,,,0.0122117217709825,0.5592211233528491,,-1.8087775516586528,0,1,0,1.0,14737.427468854452,0.017421249873392,False,,,,True,holdout,26.606014,3.0628204,0.806060606060606,0.3385642,0.8202020202020202,0.41571897,63.73212754786617
MetcJo00,john-metchie-1,00-0037614,John Metchie,WR,2022,2,44,HOU,alabama,71.0,187.0,,,,,,,,,,,,1.0,8.0,0.0,45596.0,239161142.0,68.0,5.0,3.0,45.0,0,0,0,False,skill_pass,False,True,False,False,69.87,0,0,True,,,,26.0783574687562,-1.2218461793350492,-1.2965857237232046,,,,,,,,,,-0.9774328870632416,0,1,0,0.9999999665497512,5245.221993157295,0.0014913588911308,False,,,,True,holdout,14.378243,-9.16495,0.020202020202020204,0.2173651,0.6215488215488215,0.22466007,22.07956078267258
TillCe01,cedric-tillman-1,00-0038979,Cedric Tillman,WR,2023,3,74,CLE,tennessee,75.0,213.0,4.54,37.0,128.0,,,,,,,,,,,,1436437.0,-360671081417.0,11123.0,6.0,6.0,38.0,0,0,0,False,skill_pass,False,True,False,False,52.04,0,0,True,100.27350314491092,82.5,,26.620266666666662,0.3698495427957216,-0.2690798246726971,-0.3762261032822289,0.7366104007798674,1.392341931565794,,,,0.221363538234044,1.2489028316977844,,-0.7136185479411966,0,1,0,1.0,-251087.29545187156,0.0077434652546543,False,,,,True,holdout,25.857828,8.193254,0.9164983164983165,0.33023804,0.8026936026936027,0.40402856,67.39913674386261
BateRa00,rashod-bateman-1,00-0036550,Rashod Bateman,WR,2021,1,27,BAL,minnesota,72.0,190.0,4.39,36.0,123.0,,,,,,,,,,,,516036.0,7041219472.0,6112.0,20.0,20.0,64.0,0,0,2,False,skill_pass,False,True,False,False,81.14,1,0,True,102.31175058709633,79.5,,25.765817901234566,-0.8239222488023566,-1.1780273507558383,-1.1466299950400618,0.4586713834768086,0.7035508700138113,,,,0.3861495204944009,0.6577470816878399,,-1.129584612431874,0,1,0,1.0,13644.822206202669,0.0118441349053166,False,,,,True,holdout,28.370907,-7.952587,0.03569023569023569,0.35859796,0.8498316498316498,0.44329542,34.462110387556486
DiNuBe00,ben-dinucci-1,00-0036384,Ben DiNucci,QB,2020,7,231,DAL,james madison,,,,,,,,,3882313.0,91582720.0,161091197156.0,1510.0,2501.0,2551414.0,181267936.0,100.0,,,,1.0,1.0,3.0,0,0,0,False,skill_pass,False,True,True,False,1.49,0,1,True,,,,,,,,,,,,,,,,,1,0,0,,,,True,0.0423913266607499,1758.9693465754235,0.6037584966013595,False,holdout,5.8290606,-0.14474201,0.428956228956229,0.15335228,0.07542087542087542,0.09107907,23.55529359976451
BakeJa00,javon-baker-1,00-0039853,Javon Baker,WR,2024,4,110,NWE,central florida,73.0,202.0,4.54,37.0,121.0,,,,,,,,,,,,275652.0,151017961139.0,157.0,0.0,0.0,11.0,0,0,0,False,skill_pass,False,True,False,False,34.1,0,0,True,95.09505932052586,79.0,,26.647776318258583,-0.4259983182696639,-0.7037938588863734,-0.3762261032822289,0.7366104007798674,0.4280344453930183,,,,-0.1972975794104551,0.5592211233528491,,-0.7002261925757888,0,1,0,1.0,547857.3024647018,0.0005695587189644,False,,,,True,holdout,10.571798,0.7173424,0.6067340067340067,0.18672837,0.5212121212121212,0.16518435,41.73185698442186
WillJa11,jameson-williams-1,00-0037240,Jameson Williams,WR,2022,1,12,DET,alabama,74.0,179.0,,,,,,,,,,,,3.0,23.0,0.0,6979.0,1121541572.0,1215.0,26.0,26.0,50.0,0,0,1,False,skill_pass,False,True,False,False,91.78,1,0,True,,,,22.97972972972973,-0.0280743877369711,-1.6127413849695147,,,,,,,,,,-2.485918870155124,0,1,0,0.9999999794925128,160702.33156612696,0.1740937097005301,False,,,,True,holdout,33.98126,-2.3422356,0.1696969696969697,0.42532843,0.901010101010101,0.53095716,43.93379272595801
BoweBr01,brock-bowers-1,00-0039338,Brock Bowers,TE,2024,1,13,LVR,georgia,75.0,243.0,,,,,,,,,,,,496.0,5610928.0,131.0,566356.0,882942714.0,1376.0,14.0,14.0,29.0,2,1,1,False,skill_pass,False,True,False,False,91.05,1,0,True,,,,30.3696,0.3698495427957216,0.9165039050009656,,,,,,,,,,1.111646458254562,0,0,1,0.9936853244027332,1558.9888939112502,0.0024295672686437,False,,,,True,holdout,36.524487,0.20099258,0.5353535353535354,0.4566651,0.9259259259259259,0.5706951,60.47986439733394
WhylJo01,josh-whyle-1,00-0038589,Josh Whyle,TE,2023,5,147,TEN,cincinnati,79.0,248.0,4.69,33.5,115.0,,,,,,,,,,,,2282632.0,51353332326.0,663.0,3.0,3.0,36.0,0,0,0,False,skill_pass,False,True,False,False,19.6,0,1,True,102.51568209046113,74.25,,27.935266784169205,1.9615452649264924,1.1141011932799092,0.394177788475604,-0.2361761597808383,-0.3985148284693608,,,,0.4026367498662032,-0.3767754808295629,,-0.0734450866269998,0,0,1,1.0,22497.42066439093,0.0002904541774583,False,,,,True,holdout,7.8705945,-0.5733447,0.3622895622895623,0.16707924,0.3212121212121212,0.12297805,26.716970834492233
LondDr00,drake-london-1,00-0037238,Drake London,WR,2022,1,8,ATL,southern california,76.0,219.0,,,,,,,,,,,,1.0,2.0,0.0,393388.0,5675021084.0,537.0,32.0,32.0,62.0,0,0,3,False,skill_pass,False,True,False,False,94.73,1,0,True,,,,26.65460526315789,0.7677734733284143,-0.0319630787379645,,,,,,,,,,-0.6969016991136767,0,1,0,0.9999999996475784,14426.014733545508,0.001365064516457,False,,,,True,holdout,32.818356,-3.5051384,0.12188552188552189,0.41118178,0.8915824915824916,0.5127868,41.18644252299058
NixoTr01,tre-nixon-1,00-0036536,Tre Nixon,WR,2021,7,242,NWE,central florida,72.0,187.0,4.44,35.5,125.0,18.0,6.81,4.27,,,,,,,,,1404918.0,19562830258.0,472.0,,,,0,0,0,False,skill_pass,True,False,False,False,0.64,0,1,True,96.23647825399613,80.25,5.539999999999999,25.358989197530864,-0.8239222488023566,-1.2965857237232046,-0.8898286977874479,0.3197018748252792,0.9790672946346044,0.0554795777207801,-0.940421197825374,0.084628224937032,-0.1050173997671059,0.805536019190326,-0.5763106407430219,-1.3276385410555451,0,1,0,1.0,13924.535281062666,0.0003359626682838,False,,,,True,holdout,6.803444,0.82964134,0.6188552188552189,0.1597851,0.2175084175084175,0.10630381,34.42615564767058
CorlMa00,malachi-corley-1,00-0039920,Malachi Corley,WR,2024,3,65,NYJ,western kentucky,71.0,215.0,,,,,,,,,,,,1114.0,-68711.0,0.0,67310179.0,656911293984.0,71111.0,1.0,0.0,22.0,0,0,0,False,skill_pass,False,True,False,False,57.11,0,0,True,,,,29.983138266217026,-1.2218461793350492,-0.1900409093611196,,,,,,,,,,0.9235076569811425,0,1,0,1.0,9759.464374385336,0.0010564672543806,False,,,,True,holdout,13.896297,-3.7682762,0.1164983164983165,0.21329364,0.6114478114478115,0.21712966,25.497354903154907
HarrMa09,marvin-harrison-jr-1,00-0039849,Marvin Harrison Jr.,WR,2024,1,4,ARI,ohio st.,75.0,209.0,,,,,,,,,,,,22.0,3226.0,1.0,117767.0,13912631211.0,31414.0,13.0,13.0,29.0,0,0,1,False,skill_pass,False,True,False,False,97.72,1,0,True,,,,26.120355555555555,0.3698495427957216,-0.4271576552958521,,,,,,,,,,-0.9569872154339644,0,1,0,0.9999997681244328,118136.9246987696,0.2667470513811169,False,,,,True,holdout,56.20565,19.882156,0.9636363636363636,0.69216967,0.969023569023569,0.8782133,89.3335846817052
HiggTe00,tee-higgins-1,00-0036410,Tee Higgins,WR,2020,2,33,CIN,clemson,76.0,216.0,,,,,,,,,,,,1.0,36.0,1.0,175959.0,3459361167.0,21213.0,43.0,43.0,85.0,1,0,4,False,skill_pass,False,True,False,False,77.06,0,0,True,,,,26.289473684210527,0.7677734733284143,-0.1505214517053308,,,,,,,,,,-0.8746564716180237,0,1,0,0.9999999895934544,19660.041072067925,0.1205564932740013,False,,,,True,holdout,30.37661,6.833416,0.8983164983164983,0.38197598,0.8727272727272727,0.47463456,70.51941686376979
WatsCh00,,00-0038124,Christian Watson,WR,2022,2,34,GNB,north dakota st.,76.0,208.0,4.36,38.5,136.0,,,,,,,,,,,,25510.0,193032107.0,10.0,22.0,22.0,48.0,0,0,3,False,skill_pass,False,True,False,False,76.4,0,0,True,115.1190967980944,87.25,,25.31578947368421,0.7677734733284143,-0.4666771129516409,-1.3007107733916248,1.1535189267344557,2.494407630048966,,,,1.4215837282591672,2.1848994358801965,,-1.3486691982962866,0,1,0,1.0,7566.919129753038,0.000392003136025,False,,,,True,holdout,26.028816,2.4856224,0.7744107744107744,0.33213174,0.8074074074074075,0.40670022,61.901218764910396
DoubRo00,romeo-doubs-1,00-0037816,Romeo Doubs,WR,2022,4,132,GNB,nevada,74.0,201.0,,,,,,,,,,,,111.0,,0.0,43445680.0,5626499851109.0,24811.0,23.0,23.0,59.0,0,0,2,False,skill_pass,False,True,False,False,25.0,0,0,True,,,,25.804054054054053,-0.0280743877369711,-0.7433133165421622,,,,,,,,,,-1.1109703401044484,0,1,0,1.0,129506.54359901836,0.0005710809452171,False,,,,True,holdout,6.9847627,-2.8696933,0.1494949494949495,0.16100602,0.23097643097643097,0.10913692,16.00218534090804
CalcGr00,grant-calcaterra-1,00-0037086,Grant Calcaterra,TE,2022,6,198,PHI,southern methodist,76.0,241.0,4.62,,,20.0,,,,,,,,,,,1026538.0,16239679465.0,3604.0,5.0,5.0,62.0,0,0,1,False,skill_pass,False,True,False,False,6.15,0,1,True,105.79840880534734,,,29.332236842105264,0.7677734733284143,0.837464989689388,0.0346559723219479,,,0.4396336234540616,,,0.6680350204632436,,,0.6066332992515433,0,0,1,1.0,15819.852226610215,0.0035108296039698,False,,,,True,holdout,6.2504287,-0.3193102,0.4067340067340067,0.15610771,0.17104377104377105,0.09766295,24.765648865162927
AtweTu00,chatarius-atwell-1,00-0036849,Tutu Atwell,WR,2021,2,57,LAR,louisville,68.0,155.0,4.42,33.0,117.0,,6.89,4.14,,,,,,,,,,,,14.0,14.0,64.0,0,0,1,False,skill_pass,False,True,False,True,61.82,0,0,True,81.22180122378688,75.0,5.515,23.565095155709344,-2.415617970933128,-2.561208368708445,-0.9925492166884944,-0.3751456684323677,-0.1229984038485677,,-0.5940809379739069,-0.7149399931904031,-1.3189074562620302,-0.2289865433270768,-0.7183289232974368,-2.2009490014111357,0,1,0,,,,True,,,,True,holdout,22.382288,-1.1609058,0.25252525252525254,0.2929943,0.7555555555555555,0.34972325,38.066471942898
TrauAd00,,00-0036422,Adam Trautman,TE,2020,3,105,NOR,dayton,77.0,255.0,4.8,34.5,114.0,18.0,6.78,4.27,,,,,,,,,,,,11.0,6.0,94.0,0,0,3,False,skill_pass,False,False,False,True,36.37,0,0,True,96.0738570601852,74.25,5.525,30.23528419632316,1.165697403861107,1.3907373968704306,0.959140642431344,0.0417628575222204,-0.5362730407797573,0.0554795777207801,-1.0702987952696714,0.084628224937032,-0.1181648187722058,-0.3767754808295629,-0.6615216102756658,1.046258317368076,0,0,1,,,,True,,,,True,holdout,9.8130455,-7.851528,0.037037037037037035,0.18103547,0.4794612794612795,0.15332884,17.757993380604972
PalmJo00,josh-palmer-1,00-0036988,Josh Palmer,WR,2021,3,77,LAC,tennessee,,,,,,,,,,,,,,152.0,6274.0,10.0,9233433.0,98484457475.0,214.0,21.0,19.0,70.0,0,0,1,False,skill_pass,False,True,True,False,50.4,0,0,True,,,,,,,,,,,,,,,,,0,1,0,0.9999999362945204,10666.071598180222,2.317664513296409e-05,False,,,,True,holdout,14.583152,-3.0814219,0.1393939393939394,0.2191131,0.6269360269360269,0.22786173,27.053974914781577
OkwuAl00,albert-okwuegbunam-1,00-0036423,Albert Okwuegbunam,TE,2020,4,118,DEN,missouri,77.0,258.0,4.49,,,,,,,,,,,,,,294326.0,415466306.0,1166.0,5.0,5.0,31.0,0,0,0,False,skill_pass,False,True,False,False,30.63,0,0,True,126.95924690532996,,,30.590993422162253,1.165697403861107,1.509295769837797,-0.6330274005348384,,,,,,2.3788231316551305,,,1.2194260633598308,0,0,1,1.0,1411.5854732507491,0.0039615936070887,False,,,,True,holdout,17.339207,7.4847507,0.9050505050505051,0.24360058,0.6646464646464646,0.2709251,59.78546342765443
TourSa00,samori-toure-1,00-0037098,Samori Toure,WR,2022,7,258,GNB,nebraska,,,,,,,,,,,,,,18.0,-463.0,1.0,3346.0,226898.0,5.0,2.0,2.0,23.0,0,0,0,False,skill_pass,False,True,True,False,0.04,0,1,True,,,,,,,,,,,,,,,,,0,1,0,1.0,67.81171548117155,0.0014943215780035,False,,,,True,holdout,4.611227,-1.3625755,0.22895622895622897,0.14561217,0.018855218855218854,0.07205042,13.888605309217567
OladCh00,,00-0037324,Chris Oladokun,QB,2022,7,241,PIT,south dakota st.,,,,,,,,,12218.0,14428.0,12285224.0,32.0,10.0,1252.0,11919.0,1.0,,,,1.0,,4.0,0,0,0,False,skill_pass,False,True,True,False,0.71,0,1,True,,,,,,,,,,,,,,,,,1,0,0,,,,True,0.8468256168561131,851.4848904907125,3.2,False,holdout,13.505078,7.5312757,0.9057239057239057,0.21002974,0.6047138047138048,0.21101685,56.74416424364153
MeanBu00,bub-means-1,00-0039386,Bub Means,WR,2024,5,170,NOR,pittsburgh,73.0,212.0,4.43,39.5,122.0,19.0,,,,,,,,,,,,,,1.0,1.0,7.0,0,0,0,False,skill_pass,False,True,False,True,12.6,0,1,True,110.09078075109204,80.75,,27.96697316569713,-0.4259983182696639,-0.3085992823284858,-0.9411889572379736,1.4314579440375144,0.5657926577034149,0.2475566005874208,,,1.0150599756610073,0.9040619775253168,,-0.0580096629047343,0,1,0,,,,True,,,,True,holdout,10.429489,1.9855499,0.7393939393939394,0.18565023,0.5124579124579125,0.16296077,46.79713599243349
KiefKo00,ko-kieft-1,00-0037311,Ko Kieft,TE,2022,6,218,TAM,minnesota,,,,,,,,,,,,,,1.0,-2.0,0.0,2127.0,171929101.0,11.0,1.0,1.0,53.0,0,0,1,False,skill_pass,False,True,True,False,2.95,0,1,True,,,,,,,,,,,,,,,,,0,0,1,1.0,80831.73530794546,0.005171603196991,False,,,,True,holdout,4.443585,-2.126154,0.18383838383838383,0.14457242,0.014141414141414142,0.069431014,11.916432454843413
QuitTe00,teagan-quitoriano-1,00-0037277,Teagan Quitoriano,TE,2022,5,170,HOU,oregon st.,78.0,258.0,,,,22.0,,,,,,,,,,,251419.0,13100185214.0,213.0,1.0,1.0,40.0,0,0,0,False,skill_pass,False,True,False,False,12.6,0,1,True,,,,29.81163708086785,1.5636213343937997,1.509295769837797,,,,0.8237876691873433,,,,,,0.8400167842556082,0,0,1,1.0,52104.99291620761,0.0008471913419431,False,,,,True,holdout,8.84109,0.397151,0.5575757575757576,0.17394164,0.40404040404040403,0.13814203,36.625511987492295
GranKy00,kylen-granson-1,00-0036876,Kylen Granson,TE,2021,4,127,IND,southern methodist,,,,,,,,,,,,,,4621.0,4151110.0,0.0,33184335.0,381241721536.0,2095.0,8.0,8.0,79.0,0,0,0,False,skill_pass,False,True,True,False,26.94,0,0,True,,,,,,,,,,,,,,,,,0,0,1,0.999989111724748,11488.605136610391,6.313219776741043e-05,False,,,,True,holdout,7.661229,-2.1932268,0.1797979797979798,0.16562751,0.3063973063973064,0.119706705,19.026549611228084
FreiPa00,pat-freiermuth-1,00-0036894,Pat Freiermuth,TE,2021,2,55,PIT,penn st.,77.0,251.0,,,,26.0,,,,,,,,,,,264323.0,368507310.0,871.0,22.0,22.0,78.0,0,0,2,False,skill_pass,False,True,False,False,63.03,0,0,True,,,,29.76100522853769,1.165697403861107,1.2326595662472757,,,,1.5920957606539063,,,,,,0.815367989379069,0,0,1,1.0,1394.1552948475917,0.0032952107837759,False,,,,True,holdout,19.038277,-4.504917,0.09831649831649832,0.2595928,0.692929292929293,0.29747307,28.93256350152621
RuckJe00,jeremy-ruckert-1,00-0037805,Jeremy Ruckert,TE,2022,3,101,NYJ,ohio st.,77.0,250.0,,,,19.0,,,,,,,,,,,1141326.0,13142151309.0,453.0,4.0,4.0,58.0,0,0,1,False,skill_pass,False,True,False,False,38.23,0,0,True,,,,29.64243548659133,1.165697403861107,1.1931401085914868,,,,0.2475566005874208,,,,,,0.7576454073818185,0,0,1,1.0,11514.80936121669,0.0003969067558261,False,,,,True,holdout,12.118241,-5.5463324,0.07811447811447811,0.19875593,0.5771043771043771,0.18934752,22.42873592178027
DougDe00,demario-douglas-1,00-0038621,DeMario Douglas,WR,2023,6,210,NWE,liberty,,,,,,,,,,,,,,115.0,22105.0,1.0,9325278.0,136363701993.0,1366.0,12.0,12.0,48.0,0,0,0,False,skill_pass,False,True,True,False,4.09,0,1,True,,,,,,,,,,,,,,,,,0,1,0,0.9999998378967708,14623.017350581937,0.0001464835686399,False,,,,True,holdout,4.8273993,-1.7423396,0.2053872053872054,0.146962,0.026262626262626262,0.07542811,13.188543083215205
BakeKa00,kawaan-baker-1,00-0036939,Kawaan Baker,WR,2021,7,255,NOR,south alabama,,,,,,,,,,,,,,602013.0,2588342.0,920.0,7333550.0,102494574656.0,1438.0,0.0,0.0,2.0,0,0,0,False,skill_pass,False,True,True,False,0.09,0,1,True,,,,,,,,,,,,,,,,,0,1,0,0.9999747471839776,13976.119976818867,0.000196085115667,False,,,,True,holdout,5.0415845,-0.9322181,0.28754208754208754,0.14830963,0.03232323232323232,0.07877476,16.689836001782503
SkowBe00,ben-skowronek-1,00-0036862,Ben Skowronek,WR,2021,7,249,LAR,notre dame,,,,,,,,,,,,,,2.0,17.0,1.0,845451229.0,70644562141439.0,5305.0,8.0,6.0,72.0,1,0,1,False,skill_pass,False,True,True,False,0.29,0,1,True,,,,,,,,,,,,,,,,,0,1,0,0.9999999999997592,83558.41202690949,6.274755796706045e-06,False,,,,True,holdout,4.8273993,-1.1464033,0.25622895622895625,0.146962,0.026262626262626262,0.07542811,15.22221311688524
WaddJa00,jaylen-waddle-1,00-0036613,Jaylen Waddle,WR,2021,1,6,MIA,alabama,,,,,,,,,,,,,,13.0,512.0,0.0,453328.0,848560591.0,764.0,41.0,41.0,78.0,0,0,4,False,skill_pass,False,True,True,False,96.22,1,0,True,,,,,,,,,,,,,,,,,0,1,0,0.9999993966256546,1871.846854815939,0.0016853139448699,False,,,,True,holdout,39.702927,3.3794327,0.8195286195286196,0.49628663,0.94006734006734,0.6203582,73.91538936481733
SmitDe07,devonta-smith-1,00-0036912,DeVonta Smith,WR,2021,1,10,PHI,alabama,,,,,,,,,,,,,,4.0,6.0,1.0,84268117.0,16069312561856.0,361423.0,47.0,47.0,80.0,0,0,4,False,skill_pass,False,True,True,False,93.25,1,0,True,,,,,,,,,,,,,,,,,0,1,0,0.9999999999996266,190692.6739784158,0.0042889649474426,False,,,,True,holdout,33.216793,-3.106701,0.13804713804713806,0.41601342,0.8942760942760942,0.5190124,42.10792363131488
WashTa00,tahj-washington-1,00-0039884,Tahj Washington,WR,2024,7,241,MIA,southern california,,,,,,,,,,,,,,41.0,1110.0,10.0,343545059.0,327436027851062.0,6168.0,0.0,0.0,6.0,0,0,0,False,skill_pass,False,True,True,False,0.71,0,1,True,,,,,,,,,,,,,,,,,0,1,0,0.99999999999661,953109.4081346168,1.795397674457603e-05,False,,,,True,holdout,4.8273993,-1.1464033,0.25622895622895625,0.146962,0.026262626262626262,0.07542811,15.22221311688524
CampJa03,jalen-camp-1,00-0036858,Jalen Camp,WR,2021,6,209,JAX,georgia tech,,,,,,,,,,,,,,1.0,3.0,0.0,112725.0,49165134392.0,14.0,0.0,,5.0,0,0,0,False,skill_pass,False,True,True,False,4.25,0,1,True,,,,,,,,,,,,,,,,,0,1,0,0.9999999999389813,436151.1145886006,0.0001241960523397,False,,,,True,holdout,4.0106134,-2.5591254,0.16296296296296298,0.14191568,0.010437710437710438,0.062665835,10.818903044543484
KolaCh00,charlie-kolar-1,00-0038046,Charlie Kolar,TE,2022,4,128,BAL,iowa st.,79.0,252.0,,,,,,,,,,,,,,,11514462.0,137697591756.0,3776.0,4.0,4.0,47.0,0,0,0,False,skill_pass,False,True,False,False,26.55,0,0,True,,,,28.385835603268703,1.9615452649264924,1.2721790239030644,,,,,,,,,,0.1459025747488717,0,0,1,1.0,11958.664830019849,0.0003279354259017,False,,,,True,holdout,7.706901,-2.1475549,0.18316498316498317,0.16594334,0.3111111111111111,0.12042032,19.276094774605852
OttoCa00,cade-otton-1,00-0038129,Cade Otton,TE,2022,4,106,TAM,washington,77.0,247.0,,,,,,,,,,,,,,,13321828.0,174344258250.0,3231.0,17.0,17.0,63.0,0,0,3,False,skill_pass,False,True,False,False,35.91,0,0,True,,,,29.28672626075224,1.165697403861107,1.0745817356241203,,,,,,,,,,0.5844776613900636,0,0,1,1.0,13087.112237900084,0.0002425342828326,False,,,,True,holdout,10.005077,0.15062141,0.52996632996633,0.18246338,0.49023569023569025,0.15632933,37.77922115878826
FlouRy00,,00-0039410,Ryan Flournoy,WR,2024,6,216,DAL,se missouri st.,,,,,,,,,,,,,,36.0,3949.0,11.0,6157.0,984839.0,76.0,5.0,5.0,27.0,0,0,0,False,skill_pass,False,True,True,False,3.22,0,1,True,,,,,,,,,,,,,,,,,0,1,0,0.9960062217583546,159.95436089004386,0.012343673867143,False,,,,True,holdout,8.053123,1.4833846,0.6942760942760943,0.16835319,0.3414141414141414,0.12583005,40.48299142339515
McKiTr00,tre-mckitty-1,00-0037011,Tre' McKitty,TE,2021,3,97,LAC,georgia,76.0,247.0,,,,,,,,,,,,,,,126236.0,23256241108.0,201.0,1.0,1.0,34.0,0,0,0,False,skill_pass,False,True,False,False,40.14,0,0,True,,,,30.0625,0.7677734733284143,1.0745817356241203,,,,,,,,,,0.9621428442602392,0,0,1,1.0,184228.27963496945,0.0015922557748978,False,,,,True,holdout,10.139048,-7.525526,0.0430976430976431,0.18346474,0.49696969696969695,0.15842262,18.501046909326657
IosiAn00,,00-0038619,Andrei Iosivas,WR,2023,6,206,CIN,princeton,,,,,,,,,,,,,,4.0,10.0,0.0,66.0,943.0,7.0,9.0,9.0,50.0,0,0,1,False,skill_pass,False,True,True,False,4.73,0,1,True,,,,,,,,,,,,,,,,,0,1,0,0.9895068205666316,14.287878787878787,0.106060606060606,False,,,,True,holdout,6.1363244,-0.43341446,0.38922558922558925,0.1553576,0.16161616161616163,0.09588007,23.826100126034287
DoweCo00,,00-0038632,Colton Dowell,WR,2023,7,228,TEN,ut martin,,,,,,,,,,,,,,11.0,36.0,0.0,14667.0,8531021032.0,16.0,0.0,0.0,10.0,0,0,0,False,skill_pass,False,True,True,False,1.78,0,1,True,,,,,,,,,,,,,,,,,0,1,0,0.9999999957801066,581647.3056521442,0.0010908842980841,False,,,,True,holdout,6.8106427,0.83684015,0.6215488215488215,0.15983343,0.21885521885521886,0.1064163,34.564051825465384
AllxEr00,erick-all-1,00-0039814,Erick All,TE,2024,4,115,CIN,iowa,76.0,252.0,,,,,,,,,,,,,,,11238321.0,108243736299.0,203.0,1.0,1.0,9.0,0,0,1,False,skill_pass,False,True,False,False,31.91,0,0,True,,,,30.67105263157895,0.7677734733284143,1.2721790239030644,,,,,,,,,,1.2584007984341532,0,0,1,1.0,9631.664400669815,1.8063196450786556e-05,False,,,,True,holdout,9.210712,-0.6437435,0.32996632996632996,0.17661317,0.4377104377104377,0.14391738,28.363472814938234
BarnAJ00,aj-barner-1,00-0039793,AJ Barner,TE,2024,4,121,SEA,michigan,78.0,251.0,,,,,,,,,,,,,,,142722.0,162193249.0,131.0,7.0,7.0,34.0,0,0,0,False,skill_pass,False,True,False,False,29.37,0,0,True,,,,29.00279421433268,1.5636213343937997,1.2326595662472757,,,,,,,,,,0.4462527604831017,0,0,1,1.0,1136.4278037023023,0.000917868303415,False,,,,True,holdout,8.49735,-1.3571062,0.22962962962962963,0.17148592,0.3744107744107744,0.13277109,22.758540745209967
StanNa00,nathan-stanley-2,00-0036279,Nate Stanley,QB,2020,7,244,MIN,iowa,76.0,235.0,4.81,28.5,108.0,,7.26,4.48,,,,,,,,,,,,,,,0,0,0,False,skill_pass,True,True,False,True,0.53,0,1,True,87.8046573498833,68.25,5.87,28.601973684210527,0.7677734733284143,0.6003482437546555,1.010500901881865,-1.6258712462961322,-1.3628223146421363,,1.0077427638391283,1.3762384234505876,-0.7867039610601233,-1.559086980849452,1.2983306889753012,0.2511237542428474,1,0,0,,,,True,,,,True,holdout,5.69837,-0.2754326,0.41144781144781145,0.1525058,0.06868686868686869,0.08903703,22.66250663917976
DellNa00,nathaniel-dell-1,00-0038977,Tank Dell,WR,2023,3,69,HOU,houston,68.0,165.0,4.49,,121.0,,,,,,,,,,,,,,,12.0,12.0,25.0,0,0,1,False,skill_pass,False,True,False,True,54.83,0,0,True,81.19486720689707,,,25.085423875432525,-2.415617970933128,-2.166013792150557,-0.6330274005348384,,0.4280344453930183,,,,-1.3210849879677222,,,-1.4608166729904943,0,1,0,,,,True,,,,True,holdout,22.081373,4.4167995,0.8525252525252526,0.2898873,0.7501683501683502,0.34502146,61.802552489971475
LatuCa01,cameron-latu-1,00-0038564,Cameron Latu,TE,2023,3,101,SFO,alabama,76.0,242.0,,,,,,,,,,,,,,,2630.0,410377.0,84.0,0.0,,15.0,0,0,0,False,skill_pass,False,True,False,False,38.23,0,0,True,,,,29.45394736842105,0.7677734733284143,0.8769844473451768,,,,,,,,,,0.665884890086325,0,0,1,1.0,156.03688212927756,0.0319391634980988,False,,,,True,holdout,10.979941,-6.6846323,0.059932659932659935,0.18984725,0.5373737373737374,0.17156158,20.372958185596502
BateJo00,john-bates-1,00-0036628,John Bates,TE,2021,4,124,WAS,boise st.,,,,,,,,,,,,,,,,,3102212.0,34155273117.0,110.0,6.0,6.0,82.0,0,0,0,False,skill_pass,False,True,True,False,28.15,0,0,True,,,,,,,,,,,,,,,,,0,0,1,1.0,11009.973888631725,3.545856956262177e-05,False,,,,True,holdout,7.489129,-2.365327,0.16835016835016836,0.16444176,0.2801346801346801,0.11701764,17.965888531571288
MarsTe00,terrace-marshall-jr-1,00-0036955,Terrace Marshall Jr.,WR,2021,2,59,CAR,louisiana state,,,,,,,,,,,,,,,,,124648.0,192671731.0,1310.0,6.0,6.0,43.0,0,0,1,False,skill_pass,False,True,True,False,60.63,0,0,True,,,,,,,,,,,,,,,,,0,1,0,1.0,1545.7266141454336,0.0105095950195751,False,,,,True,holdout,17.845766,-5.6974277,0.0734006734006734,0.24829774,0.6713804713804714,0.2788401,26.90639305521142
FitzJo00,john-fitzpatrick-2,00-0037306,John FitzPatrick,TE,2022,6,213,ATL,georgia,,,,,,,,,,,,,,,,,1106.0,229583.0,10.0,1.0,0.0,33.0,0,0,0,False,skill_pass,False,True,True,False,3.64,0,1,True,,,,,,,,,,,,,,,,,0,0,1,1.0,207.57956600361663,0.0090415913200723,False,,,,True,holdout,6.631559,0.06182003,0.5138047138047138,0.15863468,0.20673400673400674,0.10361811,29.93192469020083
MuseNi00,nick-muse-1,00-0037317,Nick Muse,TE,2022,7,227,MIN,south carolina,,,,,,,,,,,,,,,,,4173020.0,92158425222.0,12.0,0.0,0.0,16.0,0,0,0,False,skill_pass,False,True,True,False,1.89,0,1,True,,,,,,,,,,,,,,,,,0,0,1,1.0,22084.347839694037,2.875615261848733e-06,False,,,,True,holdout,5.4606595,-0.51314306,0.3734006734006734,0.15097594,0.05589225589225589,0.085322805,20.7798472246036
HarrJa03,jacob-harris-2,00-0036918,Jacob Harris,WR,2021,4,141,LAR,central florida,,,,,,,,,,,,,,,,,1930.0,448539.0,18.0,0.0,0.0,18.0,0,0,0,False,skill_pass,False,True,True,False,21.68,0,0,True,,,,,,,,,,,,,,,,,0,1,0,1.0,232.4036269430052,0.0093264248704663,False,,,,True,holdout,8.569901,-1.2845545,0.23636363636363636,0.17200196,0.38181818181818183,0.13390471,23.20904256877574
DaviZa00,,00-0036640,Zach Davidson,TE,2021,5,168,MIN,central missouri st.,,,,,,,,,0.0,1.0,0.0,0.0,0.0,,,,,,,0.0,,3.0,0,0,0,False,skill_pass,False,True,True,True,13.15,0,1,True,,,,,,,,,,,,,,,,,0,0,1,,,,True,,,,False,holdout,7.8840747,-0.5598645,0.36363636363636365,0.16717306,0.32323232323232326,0.12318866,26.817335356967618
PalmTe00,tejhaun-palmer-1,00-0039397,Tejhaun Palmer,WR,2024,6,191,ARI,ala-birmingham,,,,,,,,,,,,,,,,,63047.0,72479858.0,27.0,0.0,0.0,1.0,0,0,0,False,skill_pass,False,True,True,False,7.55,0,1,True,,,,,,,,,,,,,,,,,0,1,0,1.0,1149.6162862626295,0.0004282519390296,False,,,,True,holdout,6.4238276,-0.14591122,0.42727272727272725,0.1572533,0.18215488215488215,0.1003723,25.88651870321545
JohnTh00,theo-johnson-1,00-0039847,Theo Johnson,TE,2024,4,107,NYG,penn st.,,,,,,,,,,,,,,,,,4192034.0,56213328341.0,147.0,7.0,7.0,27.0,0,0,1,False,skill_pass,False,True,True,False,35.45,0,0,True,,,,,,,,,,,,,,,,,0,0,1,1.0,13409.559259538448,3.50665094796464e-05,False,,,,True,holdout,8.906249,-0.9482069,0.28383838383838383,0.17441027,0.41043771043771043,0.13916014,25.83369787431225
LongHu00,hunter-long-3,00-0037004,Hunter Long,TE,2021,3,81,MIA,boston col.,,,,,,,,,,,,,,,,,42857.0,103509685.0,225.0,2.0,0.0,46.0,0,0,0,False,skill_pass,False,True,True,False,48.25,0,0,True,,,,,,,,,,,,,,,,,0,0,1,1.0,2415.2340341134477,0.0052500175000583,False,,,,True,holdout,15.385188,-2.2793856,0.1744107744107744,0.22605184,0.6404040404040404,0.24039356,29.11341988523601
LancTr00,trey-lance-1,00-0037012,Trey Lance,QB,2021,1,3,SFO,north dakota st.,75.0,224.0,,,,,,,,,,,,,,,,,,6.0,4.0,16.0,0,0,0,False,skill_pass,False,True,False,True,98.48,1,0,True,,,,27.99502222222222,0.3698495427957216,0.1656342095409792,,,,,,,,,,-0.0443547123360849,1,0,0,,,,True,,,,True,holdout,68.04513,31.721634,0.9845117845117846,0.8025417,0.9865319865319865,1.0,95.16194487280316
OgleAn00,,00-0037292,Andrew Ogletree,TE,2022,6,192,IND,youngstown st.,,,,,,,,,,,,,,,,,,,,2.0,2.0,44.0,0,0,1,False,skill_pass,False,True,True,True,7.34,0,1,True,,,,,,,,,,,,,,,,,0,0,1,,,,True,,,,True,holdout,5.9738026,-0.5959363,0.3478114478114478,0.15429424,0.11616161616161616,0.093340665,21.18838843663132
YounDa02,,00-0037093,Dareke Young,WR,2022,7,233,SEA,lenoir-rhyne,,,,,,,,,,,,,,,,,,,,0.0,0.0,42.0,0,0,0,False,skill_pass,False,True,True,True,1.31,0,1,True,,,,,,,,,,,,,,,,,0,1,0,,,,True,,,,True,holdout,5.9738026,0.0,0.48013468013468014,0.15429424,0.11616161616161616,0.093340665,26.481317729560615
StraMi03,,00-0036482,Mike Strachan,WR,2021,7,229,IND,charleston (wv),,,,,,,,,,,,,,,,,,,,0.0,0.0,23.0,0,0,0,False,skill_pass,False,True,True,True,1.68,0,1,True,,,,,,,,,,,,,,,,,0,1,0,,,,True,,,,True,holdout,5.9738026,0.0,0.48013468013468014,0.15429424,0.11616161616161616,0.093340665,26.481317729560615
