pfr_id,cfb_id,gsis_id,player_name,position,draft_year,draft_round,draft_pick,draft_team,college,height_in,weight_lbs,forty_yard,vertical_jump,broad_jump,bench_reps,cone_drill,shuttle,col_pass_completions,col_pass_attempts,col_pass_yards,col_pass_tds,col_pass_ints,col_rush_attempts,col_rush_yards,col_rush_tds,col_receptions,col_rec_yards,col_rec_tds,weighted_av,draft_team_av,nfl_games,pro_bowls,all_pro,seasons_started,hof,position_group,missing_outcome,missing_combine,missing_height_weight,missing_college_stats,pick_value,is_early_pick,is_day_3_pick,missing_age,speed_score,burst_score,agility_score,bmi,height_in_z,weight_lbs_z,forty_yard_z,vertical_jump_z,broad_jump_z,bench_reps_z,cone_drill_z,shuttle_z,speed_score_z,burst_score_z,agility_score_z,bmi_z,yards_per_carry,rush_td_rate,reception_rate,yards_from_scrimmage,rush_yards_flag,rec_yards_flag
MathRy00,ryan-mathews-1,00-0027864,Ryan Mathews,RB,2010,1,12,SDG,fresno st.,72.0,218.0,4.37,36.0,121.0,19.0,7.0,4.33,0.0,1.0,0.0,0.0,0.0,534.0,3280.0,39.0,19.0,268.0,2.0,44.0,37.0,86.0,1,0,5,False,skill_run,False,False,False,False,91.78,1,0,True,119.5530723552624,78.5,5.665,29.562885802469136,0.601181341934206,-0.10858515914558418,-1.3773286795808175,0.46493005935345266,0.41286779082533265,-0.2902702310474341,-0.3459575489851471,0.3906954970810258,1.7583834685835313,0.4798759806377695,-0.06068071393381172,-0.6215047865612893,6.142322097378277,0.07303370786516854,0.035580524344569285,3548.0,False,False
AbduAm00,ameer-abdullah-1,00-0032104,Ameer Abdullah,RB,2015,2,54,DET,nebraska,69.0,205.0,4.6,42.5,130.0,24.0,6.79,3.95,0.0,1.0,0.0,0.0,0.0,813.0,4588.0,39.0,73.0,690.0,7.0,22.0,10.0,154.0,0,0,2,False,skill_run,False,False,False,False,63.63,0,0,True,91.56985573950925,86.25,5.37,30.269901281243435,-1.0457168412517501,-0.8446644484206813,0.32245283122635104,2.473350668813847,1.8925733464932215,0.7163120217783461,-1.1885510219489692,-1.9555794114149971,-1.1016618351408964,2.311509952511689,-1.6331440773637875,-0.2457022612797905,5.64329643296433,0.04797047970479705,0.0897908979089791,5278.0,False,False
WhitJa02,james-white-2,00-0031062,James White,RB,2014,4,130,NWE,wisconsin,69.0,204.0,4.57,32.0,114.0,23.0,7.05,4.2,1.0,2.0,3.0,1.0,0.0,643.0,4015.0,45.0,73.0,670.0,3.0,37.0,37.0,95.0,0,0,0,False,skill_run,False,False,False,False,25.77,0,0,True,93.53956863848397,73.0,5.625,30.12224322621298,-1.0457168412517501,-0.9012859322110734,0.10074219938194207,-0.7710210849298668,-0.7380143080274698,0.5149955712131901,-0.145340055422333,-0.4119774979307711,-0.9003458748010578,-0.819993289724367,-0.27389608524635106,-0.3241874877345194,6.244167962674961,0.06998444790046657,0.11353032659409021,4685.0,False,False
HardMo00,montario-hardesty-1,00-0027666,Montario Hardesty,RB,2010,2,59,CLE,tennessee,72.0,225.0,4.49,41.0,124.0,21.0,6.87,4.14,0.0,1.0,0.0,0.0,0.0,560.0,2391.0,26.0,38.0,405.0,1.0,4.0,4.0,23.0,0,0,0,False,skill_run,False,False,False,False,60.63,0,0,True,110.72027346395055,82.5,5.505,30.51215277777778,0.601181341934206,0.2877652273871604,-0.4904861522031618,2.009868989707602,0.9061029760479623,0.11236267008287798,-0.8675630322484652,-0.7824419571669884,0.8556207399550634,1.4252354499920505,-0.9135421991839691,-0.11693743662749875,4.269642857142857,0.04642857142857143,0.06785714285714285,2796.0,False,False
GerhTo00,toby-gerhart-1,00-0027888,Toby Gerhart,RB,2010,2,51,MIN,stanford,72.0,231.0,4.5,38.0,118.0,22.0,6.94,4.25,1.0,1.0,18.0,1.0,0.0,671.0,3522.0,43.0,39.0,395.0,0.0,16.0,13.0,82.0,0,0,0,False,skill_run,False,False,False,False,65.47,0,0,True,112.665752171925,78.0,5.595000000000001,31.325810185185187,0.601181341934206,0.6274941301295129,-0.4165826082550254,1.0829056314951124,-0.08036739439729697,0.313679120648034,-0.5866985412605233,-0.10325711523392699,1.0544598269207082,0.36170604696848435,-0.433807613730752,0.31554886331575055,5.248882265275708,0.06408345752608048,0.05812220566318927,3917.0,False,False
VereSh00,shane-vereen-1,00-0027994,Shane Vereen,RB,2011,2,56,NWE,california,70.0,210.0,4.49,34.0,115.0,31.0,6.95,4.28,0.0,3.0,0.0,0.0,0.0,556.0,2834.0,29.0,74.0,674.0,6.0,25.0,16.0,79.0,0,0,1,False,skill_run,False,False,False,False,62.42,0,0,True,103.33892189968718,74.5,5.615,30.12857142857143,-0.49675078018976476,-0.5615570294687209,-0.4904861522031618,-0.15304551278820702,-0.5736025796199266,2.1255271757344385,-0.5465750425479612,0.08197511438418166,0.10120425644666028,-0.4654834887165116,-0.32719992807448467,-0.3208238351721729,5.097122302158273,0.052158273381294966,0.13309352517985612,3508.0,False,False
BallMo00,montee-ball-1,00-0030522,Montee Ball,RB,2013,2,58,DEN,wisconsin,70.0,214.0,4.66,32.0,118.0,15.0,6.88,4.4,2.0,2.0,57.0,1.0,0.0,924.0,5140.0,77.0,59.0,598.0,6.0,7.0,7.0,21.0,0,0,0,False,skill_run,False,False,False,False,61.22,0,0,True,90.76117345343056,75.0,5.640000000000001,30.702448979591836,-0.49675078018976476,-0.33507109430715254,0.7658740949151822,-0.7710210849298668,-0.08036739439729697,-1.0955360333080582,-0.827439533535903,0.8229040328566108,-1.1843138049363369,-0.34731355504722644,-0.19394032100414585,-0.01578859994689505,5.562770562770563,0.08333333333333333,0.06385281385281386,5738.0,False,False
SimsCh00,charles-sims-1,00-0031390,Charles Sims,RB,2014,3,69,TAM,west virginia,72.0,214.0,4.48,37.5,126.0,17.0,7.16,4.3,0.0,1.0,0.0,0.0,0.0,592.0,3465.0,40.0,203.0,2108.0,11.0,13.0,13.0,47.0,0,0,0,False,skill_run,False,False,False,False,54.83,0,0,True,106.2506787333077,81.75,5.73,29.020447530864196,0.601181341934206,-0.33507109430715254,-0.5643896961512981,0.9284117384596975,1.2349264328630487,-0.6929031321777461,0.2960184304158609,0.20546326746291713,0.39880251228461694,1.2479805494881229,0.28579426444906647,-0.9098289865234561,5.85304054054054,0.06756756756756757,0.34290540540540543,5573.0,False,False
FreeRo00,royce-freeman-1,00-0034838,Royce Freeman,RB,2018,3,71,DEN,oregon,71.0,229.0,4.54,34.0,118.0,17.0,6.9,4.16,1.0,1.0,26.0,1.0,0.0,947.0,5621.0,60.0,79.0,814.0,4.0,13.0,9.0,79.0,0,0,0,False,skill_run,False,False,False,False,53.7,0,0,True,107.80578507128922,76.0,5.53,31.93552866494743,0.05221528087222063,0.5142511625487288,-0.12096843246247352,-0.15304551278820702,-0.08036739439729697,-0.6929031321777461,-0.7471925361107753,-0.6589538040882474,0.5577433031096554,-0.11097368770865619,-0.7802825921136302,0.6396347585816928,5.93558606124604,0.06335797254487856,0.08342133051742344,6435.0,False,False
BellLe00,leveon-bell-1,00-0030496,Le'Veon Bell,RB,2013,2,48,PIT,michigan st.,73.0,230.0,4.6,31.5,118.0,24.0,6.75,4.24,1.0,1.0,29.0,0.0,0.0,671.0,3346.0,33.0,78.0,531.0,1.0,61.0,55.0,96.0,3,2,5,False,skill_run,False,False,False,False,67.34,0,0,True,102.73691131749818,74.75,5.495,30.34152749108651,1.1501474029961913,0.5708726463391209,0.32245283122635104,-0.9255149779652817,-0.08036739439729697,0.7163120217783461,-1.3490450167992212,-0.16500119177329473,0.039675320655455676,-0.40639852188186903,-0.9668460420121027,-0.20763051979255379,4.986587183308495,0.04918032786885246,0.11624441132637854,3877.0,False,False
McGuEl00,elijah-mcguire-1,00-0033295,Elijah McGuire,RB,2017,6,188,NYJ,louisiana,70.0,214.0,4.53,36.0,120.0,15.0,7.26,4.56,0.0,3.0,0.0,0.0,0.0,711.0,4312.0,42.0,129.0,1383.0,10.0,6.0,6.0,24.0,0,0,0,False,skill_run,False,False,False,False,8.19,0,1,True,101.63679484717926,78.0,5.91,30.702448979591836,-0.49675078018976476,-0.33507109430715254,-0.19487197641060985,0.46493005935345266,0.24845606241778945,-1.0955360333080582,0.6972534175414892,1.810809257486511,-0.07276289499678903,0.36170604696848435,1.245263435355491,-0.01578859994689505,6.064697609001406,0.05907172995780591,0.18143459915611815,5695.0,False,False
McCaCh01,christian-mccaffrey-1,00-0033280,Christian McCaffrey,RB,2017,1,8,CAR,stanford,71.0,202.0,4.48,37.5,121.0,10.0,6.57,4.22,2.0,3.0,39.0,2.0,0.0,632.0,3922.0,21.0,99.0,1206.0,10.0,86.0,43.0,112.0,4,3,5,False,skill_run,False,False,False,False,94.73,1,0,True,100.2926967482624,79.25,5.395,28.170204324538783,0.05221528087222063,-1.0145288997918576,-0.5643896961512981,0.9284117384596975,0.41286779082533265,-2.1021182861338383,-2.0712679936253533,-0.28848934485203565,-0.21013743303999646,0.6571308811416972,-1.4998844702934533,-1.3617618700785137,6.205696202531645,0.03322784810126582,0.15664556962025317,5128.0,False,False
SingDe00,devin-singletary-1,00-0035250,Devin Singletary,RB,2019,3,74,BUF,florida atlantic,67.0,203.0,4.66,35.0,117.0,15.0,7.32,4.4,2.0,2.0,15.0,0.0,0.0,714.0,4289.0,66.0,51.0,397.0,1.0,39.0,28.0,110.0,0,0,5,False,skill_run,False,False,False,False,52.04,0,0,True,86.09587949087104,76.0,5.86,31.790822009356205,-2.1436489633757208,-0.9579074160014656,0.7658740949151822,0.1559422732826228,-0.24477912280484018,-1.0955360333080582,0.9379944098168689,0.8229040328566108,-1.6611336170161555,-0.11097368770865619,0.9787442212148181,0.5627183002737374,6.007002801120448,0.09243697478991597,0.07142857142857142,4686.0,False,False
HarpJa01,jamie-harper-1,00-0028068,Jamie Harper,RB,2011,4,130,TEN,clemson,71.0,233.0,4.53,36.5,120.0,24.0,7.16,4.39,0.0,1.0,0.0,0.0,0.0,311.0,1311.0,12.0,52.0,390.0,3.0,1.0,1.0,23.0,0,0,0,False,skill_run,False,False,False,False,25.77,0,0,True,110.660622427069,78.25,5.775,32.49335449315612,0.05221528087222063,0.7407370977102972,-0.19487197641060985,0.6194239523888676,0.24845606241778945,0.7163120217783461,0.2960184304158609,0.7611599563172377,0.8495240617126014,0.4207910138031269,0.5256615571756726,0.9361379628276495,4.215434083601286,0.03858520900321544,0.16720257234726688,1701.0,False,False
SnelBe00,benjamin-snell-jr-1,00-0035217,Benny Snell Jr.,RB,2019,4,122,PIT,kentucky,70.0,224.0,4.66,29.5,119.0,16.0,7.07,4.33,3.0,7.0,59.0,1.0,0.0,736.0,3858.0,48.0,29.0,216.0,0.0,8.0,8.0,63.0,0,0,0,False,skill_run,False,False,False,False,28.96,0,0,True,95.00234978303011,74.25,5.7,32.137142857142855,-0.49675078018976476,0.23114374359676834,0.7658740949151822,-1.5434905501069414,0.08404433401024623,-0.8942195827429021,-0.0650930579972052,0.3906954970810258,-0.750841248500139,-0.5245684555511542,0.1258827359646608,0.7467994881163024,5.241847826086956,0.06521739130434782,0.03940217391304348,4074.0,False,False
JoneAa00,aaron-jones-6,00-0033293,Aaron Jones,RB,2017,5,182,GNB,texas-el paso,69.0,208.0,4.56,37.5,127.0,16.0,6.82,4.2,1.0,2.0,3.0,1.0,0.0,658.0,4114.0,33.0,71.0,646.0,7.0,67.0,55.0,126.0,1,0,7,False,skill_run,False,False,False,False,9.56,0,1,True,96.21304507265586,82.25,5.51,30.712875446334802,-1.0457168412517501,-0.6747999970495051,0.02683865543379916,0.9284117384596975,1.399338161270592,-0.8942195827429021,-1.0681805258112793,-0.4119774979307711,-0.6271012430217799,1.366150483157408,-0.8868902777699023,-0.010246581915601967,6.2522796352583585,0.05015197568389058,0.10790273556231003,4760.0,False,False
OlliQa00,oadree-ollison-1,00-0035273,Qadree Ollison,RB,2019,5,152,ATL,pittsburgh,73.0,228.0,4.58,29.5,114.0,19.0,7.53,4.31,0.0,1.0,0.0,0.0,0.0,529.0,2859.0,29.0,50.0,375.0,3.0,1.0,1.0,24.0,0,0,0,False,skill_run,False,False,False,False,17.95,0,1,True,103.6341597711645,71.75,5.92,30.0776881215988,1.1501474029961913,0.4576296787583367,0.1746457433300784,-1.5434905501069414,-0.7380143080274698,-0.2902702310474341,1.780587882780691,0.26720734400228485,0.1313792609643672,-1.1154181238975798,1.2985672781836248,-0.3478700255726127,5.404536862003781,0.054820415879017016,0.0945179584120983,3234.0,False,False
BurtMi00,michael-burton-1,00-0031595,Michael Burton,RB,2015,5,168,DET,rutgers,71.0,242.0,4.65,33.0,115.0,25.0,7.2,4.34,1.0,1.0,-2.0,0.0,0.0,22.0,116.0,0.0,47.0,401.0,3.0,1.0,0.0,147.0,0,0,1,False,skill_run,False,False,False,False,13.15,0,1,True,103.52221364928887,74.0,5.77,33.74846260662567,0.05221528087222063,1.2503304518238259,0.6919705509670458,-0.4620332988590369,-0.5736025796199266,0.9176284723435021,0.4565124252661129,0.4524395736203935,0.11993772497024115,-0.5836534223857968,0.49900963576160107,1.6032701723810543,5.2727272727272725,0.0,2.1363636363636362,517.0,False,False
ScotDa01,darel-scott-1,00-0028159,Da'Rel Scott,RB,2011,7,221,NYG,maryland,71.0,211.0,4.4,34.0,117.0,19.0,7.15,4.2,2.0,3.0,13.0,2.0,0.0,430.0,2401.0,17.0,48.0,509.0,4.0,1.0,1.0,20.0,0,0,0,False,skill_run,False,False,False,False,2.57,0,1,True,112.59049928283584,75.5,5.675000000000001,29.42531243800833,0.05221528087222063,-0.5049355456783288,-1.155618047736402,-0.15304551278820702,-0.24477912280484018,-0.2902702310474341,0.2558949317032988,-0.4119774979307711,1.0467685498603714,-0.22914362137794134,-0.007376871105673335,-0.6946296605251128,5.583720930232558,0.03953488372093023,0.11162790697674418,2910.0,False,False
BurkRe00,rex-burkhead-1,00-0030288,Rex Burkhead,RB,2013,6,190,CIN,nebraska,70.0,214.0,4.73,39.0,125.0,21.0,6.85,4.09,4.0,7.0,46.0,3.0,0.0,635.0,3332.0,30.0,60.0,507.0,5.0,21.0,4.0,115.0,0,0,0,False,skill_run,False,False,False,False,7.76,0,1,True,85.50651497301251,82.0,5.47,30.702448979591836,-0.49675078018976476,-0.33507109430715254,1.2831989025521497,1.3918934175659423,1.0705147044555055,0.11236267008287798,-0.947810029673593,-1.0911623398638326,-1.7213700524706192,1.3070655163227654,-1.1001056490824415,-0.01578859994689505,5.247244094488189,0.047244094488188976,0.09448818897637795,3839.0,False,False
StacZa00,zac-stacy-1,00-0030536,Zac Stacy,RB,2013,5,160,STL,vanderbilt,68.0,216.0,4.55,33.0,122.0,27.0,6.7,4.17,3.0,10.0,67.0,1.0,2.0,581.0,3143.0,30.0,46.0,415.0,0.0,11.0,10.0,35.0,0,0,1,False,skill_run,False,False,False,False,15.46,0,1,True,100.79480759748448,77.5,5.4350000000000005,32.839100346020764,-1.5946829023137354,-0.22182812672636837,-0.047064888514337176,-0.4620332988590369,0.5772795192328759,1.3202613734738142,-1.5496625103620354,-0.5972097275488798,-0.1588188231751728,0.2435361132991992,-1.2866690989809093,1.1199135215147,5.409638554216867,0.05163511187607573,0.07917383820998279,3558.0,False,False
BallKa00,kalen-ballage-1,00-0034799,Kalen Ballage,RB,2018,4,131,MIA,arizona st.,73.0,228.0,4.46,33.5,122.0,15.0,6.91,4.35,3.0,4.0,30.0,1.0,0.0,450.0,1984.0,27.0,82.0,684.0,2.0,6.0,3.0,52.0,0,0,1,False,skill_run,False,False,False,False,25.38,0,0,True,115.24587982827431,77.75,5.63,30.0776881215988,1.1501474029961913,0.4576296787583367,-0.7121967840475774,-0.30753940582362194,0.5772795192328759,-1.0955360333080582,-0.7070690373982133,0.5141836501597612,1.3181636779782446,0.30262108013384176,-0.24724416383228423,-0.3478700255726127,4.408888888888889,0.06,0.18222222222222223,2668.0,False,False
IngrMa01,mark-ingram-1,00-0027966,Mark Ingram,RB,2011,1,28,NOR,alabama,69.0,215.0,4.62,31.5,118.0,21.0,7.13,4.62,0.0,1.0,0.0,0.0,0.0,572.0,3261.0,42.0,60.0,670.0,4.0,66.0,51.0,156.0,3,0,5,False,skill_run,False,False,False,False,80.45,1,0,True,94.3844725856833,74.75,5.875,31.746481831547992,-1.0457168412517501,-0.2784496105167604,0.4702599191226303,-0.9255149779652817,-0.08036739439729697,0.11236267008287798,0.17564793427817102,2.1812737167227283,-0.8139918434019183,-0.40639852188186903,1.0586999854570185,0.5391500032675041,5.701048951048951,0.07342657342657342,0.1048951048951049,3931.0,False,False
JackJu01,justin-jackson-5,00-0034440,Justin Jackson,RB,2018,7,251,LAC,northwestern,72.0,199.0,4.52,38.5,122.0,13.0,6.81,4.07,1.0,1.0,12.0,1.0,0.0,1142.0,5440.0,41.0,122.0,858.0,1.0,12.0,10.0,59.0,0,0,0,False,skill_run,False,False,False,False,0.21,0,1,True,95.3518959439031,80.25,5.4399999999999995,26.98630401234568,0.601181341934206,-1.1843933511630338,-0.26877552035875274,1.2373995245305274,0.5772795192328759,-1.4981689344383702,-1.108304024523845,-1.2146504929425679,-0.715115625189311,0.8934707484802674,-1.2600171775668472,-1.9910447363815764,4.7635726795096325,0.03590192644483362,0.10683012259194395,6298.0,False,False
WillKe05,kerwynn-williams-1,00-0030117,Kerwynn Williams,RB,2013,7,230,IND,utah st.,68.0,195.0,4.48,35.0,118.0,17.0,7.15,4.15,0.0,1.0,0.0,0.0,0.0,380.0,2505.0,22.0,64.0,870.0,5.0,6.0,0.0,40.0,0,0,0,False,skill_run,False,False,False,False,1.59,0,1,True,96.81720725698598,76.5,5.65,29.646410034602077,-1.5946829023137354,-1.4108792863246022,-0.5643896961512981,0.1559422732826228,-0.08036739439729697,-0.6929031321777461,0.2558949317032988,-0.7206978806276152,-0.5653524011460208,0.0071962459606289405,-0.1406364781760122,-0.5771088457366648,6.592105263157895,0.05789473684210526,0.16842105263157894,3375.0,False,False
GaskMy00,myles-gaskin-1,00-0035311,Myles Gaskin,RB,2019,7,234,MIA,washington,69.0,205.0,4.58,35.5,118.0,24.0,7.19,4.27,1.0,1.0,2.0,1.0,0.0,943.0,5324.0,57.0,65.0,465.0,5.0,13.0,13.0,47.0,0,0,1,False,skill_run,False,False,False,False,1.23,0,1,True,93.17983663635405,76.75,5.73,30.269901281243435,-1.0457168412517501,-0.8446644484206813,0.1746457433300784,0.3104361663180377,-0.08036739439729697,0.7163120217783461,0.4163889265535508,0.02023103784480846,-0.9371125495339355,0.06628121279527151,0.28579426444906647,-0.2457022612797905,5.645811240721103,0.060445387062566275,0.0689289501590668,5789.0,False,False
StarJa00,james-starks-1,00-0027791,James Starks,RB,2010,6,193,GNB,buffalo,74.0,218.0,4.5,36.0,119.0,15.0,6.89,4.23,1.0,1.0,5.0,0.0,0.0,698.0,3140.0,34.0,127.0,898.0,3.0,26.0,26.0,76.0,0,0,0,False,skill_run,False,False,False,False,7.14,0,1,True,106.32525529644872,77.5,5.5600000000000005,27.986486486486488,1.6991134640581766,-0.10858515914558418,-0.4165826082550254,0.46493005935345266,0.08404433401024623,-1.0955360333080582,-0.787316034823341,-0.22674526831266245,0.40642466495234547,0.2435361132991992,-0.6203710636292245,-1.4594140849904174,4.498567335243553,0.04871060171919771,0.1819484240687679,4038.0,False,False
KellJo00,john-kelly-6,00-0034808,John Kelly,RB,2018,6,176,LAR,tennessee,70.0,216.0,,35.0,120.0,15.0,7.13,4.51,1.0,1.0,10.0,0.0,0.0,327.0,1573.0,15.0,43.0,350.0,0.0,1.0,1.0,15.0,0,0,0,False,skill_run,False,True,False,False,11.03,0,1,True,,77.5,5.82,30.98938775510204,-0.49675078018976476,-0.22182812672636837,,0.1559422732826228,0.24845606241778945,-1.0955360333080582,0.17564793427817102,1.5020888747896668,,0.2435361132991992,0.7655288499022788,0.13672901766574483,4.81039755351682,0.045871559633027525,0.13149847094801223,1923.0,False,False
GrayCy00,cyrus-gray-1,00-0029298,Cyrus Gray,RB,2012,6,182,KAN,texas a&m,70.0,206.0,4.4,32.5,114.0,21.0,7.17,,1.0,2.0,14.0,1.0,0.0,632.0,3298.0,30.0,103.0,776.0,6.0,1.0,1.0,35.0,0,0,0,False,skill_run,False,True,False,False,9.56,0,1,True,109.92247797281604,73.25,,29.55469387755102,-0.49675078018976476,-0.7880429646302892,-1.155618047736402,-0.6165271918944518,-0.7380143080274698,0.11236267008287798,0.336141929128423,,0.7740814630705299,-0.7609083228897244,,-0.6258590703974527,5.218354430379747,0.04746835443037975,0.1629746835443038,4074.0,False,False
IoseJo00,joey-iosefa-1,00-0032122,Joey Iosefa,RB,2015,7,231,TAM,hawaii,72.0,247.0,5.02,31.5,110.0,30.0,7.24,4.33,4.0,7.0,71.0,2.0,0.0,512.0,2218.0,21.0,60.0,438.0,3.0,0.0,,2.0,0,0,0,False,skill_run,False,False,False,False,1.49,0,1,True,77.787905932493,70.75,5.785,33.49556327160494,0.601181341934206,1.5334378707757863,3.4264016770481427,-0.9255149779652817,-1.3956612216576427,1.9242107251692824,0.6170064201163649,0.3906954970810258,-2.5102561852104595,-1.3517579912361501,0.5789654000038063,1.4688456631644122,4.33203125,0.041015625,0.1171875,2656.0,False,False
TodmJo00,jordan-todman-1,00-0028121,Jordan Todman,RB,2011,6,183,SDG,connecticut,69.0,203.0,4.4,38.0,126.0,25.0,7.24,4.18,0.0,1.0,0.0,0.0,0.0,616.0,3179.0,31.0,42.0,283.0,0.0,5.0,,74.0,0,0,0,False,skill_run,False,False,False,False,9.32,0,1,True,108.32166518680415,82.0,5.71,29.974585171182525,-1.0457168412517501,-0.9579074160014656,-1.155618047736402,1.0829056314951124,1.2349264328630487,0.9176284723435021,0.6170064201163649,-0.535465651009512,0.6104692109966242,1.3070655163227654,0.17918657879279443,-0.40267271418924827,5.160714285714286,0.05032467532467533,0.06818181818181818,3462.0,False,False
RodgJa00,jacquizz-rodgers-1,00-0028083,Jacquizz Rodgers,RB,2011,5,145,ATL,oregon st.,66.0,196.0,4.59,33.0,113.0,,7.31,4.26,2.0,2.0,25.0,2.0,0.0,788.0,3877.0,46.0,151.0,1056.0,5.0,24.0,17.0,110.0,0,0,0,False,skill_run,False,True,False,False,20.28,0,1,True,88.31517317540464,73.0,5.785,31.631772268135904,-2.692615024437706,-1.3542578025342102,0.24854928727821474,-0.4620332988590369,-0.9024260364350131,,0.8978709111043033,-0.041513038694559266,-1.4343090683164041,-0.819993289724367,0.5789654000038063,0.47817800916217784,4.92005076142132,0.0583756345177665,0.1916243654822335,4933.0,False,False
JohnKe06,kerryon-johnson-1,00-0034349,Kerryon Johnson,RB,2018,2,43,DET,auburn,71.0,213.0,,40.0,126.0,11.0,7.07,4.29,4.0,4.0,14.0,2.0,0.0,519.0,2494.0,32.0,55.0,478.0,2.0,11.0,11.0,35.0,0,0,1,False,skill_run,False,True,False,False,70.51,0,0,True,,83.0,5.68,29.704225352112676,0.05221528087222063,-0.3916925780975446,,1.700881203636772,1.2349264328630487,-1.9008018355686824,-0.0650930579972052,0.1437191909235494,,1.5434053836613357,0.019275050308388754,-0.5463780584021336,4.805394990366088,0.06165703275529865,0.10597302504816955,2972.0,False,False
HineNy00,nyheim-hines-1,00-0034367,Nyheim Hines,RB,2018,4,104,IND,north carolina st.,68.0,198.0,4.38,35.5,119.0,,7.18,4.35,0.0,1.0,0.0,0.0,0.0,258.0,1399.0,13.0,89.0,933.0,1.0,25.0,22.0,85.0,0,0,0,False,skill_run,False,True,False,False,36.83,0,0,True,107.5966485232503,77.25,5.765,30.10250865051903,-1.5946829023137354,-1.241014834953426,-1.3034251356326811,0.3104361663180377,0.08404433401024623,,0.3762654278409851,0.5141836501597612,0.5363683478902775,0.18445114646455663,0.47235771434753426,-0.3346770789864706,5.422480620155039,0.050387596899224806,0.3449612403100775,2332.0,False,False
MontDa01,david-montgomery-1,00-0035685,David Montgomery,RB,2019,3,73,CHI,iowa st.,70.0,222.0,4.63,28.5,121.0,15.0,,,0.0,2.0,0.0,0.0,0.0,622.0,2894.0,26.0,71.0,582.0,0.0,49.0,26.0,105.0,0,0,5,False,skill_run,False,True,False,False,52.59,0,0,True,96.61821417952525,74.75,,31.850204081632654,-0.49675078018976476,0.11790077601598417,0.5441634630707667,-1.8524783361777712,0.41286779082533265,-1.0955360333080582,,,-0.5856906354698345,-0.40639852188186903,,0.5942818705036644,4.652733118971061,0.04180064308681672,0.11414790996784566,3476.0,False,False
HowaJo00,jordan-howard-1,00-0032780,Jordan Howard,RB,2016,5,150,CHI,indiana,72.0,230.0,4.57,34.0,122.0,16.0,,,1.0,1.0,0.0,0.0,0.0,647.0,3681.0,24.0,24.0,261.0,3.0,27.0,22.0,73.0,1,0,3,False,skill_run,False,True,False,False,18.6,0,1,True,105.46127836691821,78.0,,31.19020061728395,0.601181341934206,0.5708726463391209,0.10074219938194207,-0.15304551278820702,0.5772795192328759,-0.8942195827429021,,,0.3181212653196197,0.36170604696848435,,0.24346781332520742,5.689335394126739,0.03709428129829984,0.03709428129829984,3942.0,False,False
CarsCh00,chris-carson-1,00-0033594,Chris Carson,RB,2017,7,249,SEA,oklahoma st.,72.0,218.0,4.58,37.0,130.0,23.0,,,2.0,3.0,31.0,0.0,0.0,213.0,1076.0,13.0,30.0,298.0,1.0,29.0,29.0,49.0,0,0,3,False,skill_run,False,True,False,False,0.29,0,1,True,99.08880188646431,83.5,,29.562885802469136,0.601181341934206,-0.10858515914558418,0.1746457433300784,0.7739178454242825,1.8925733464932215,0.5149955712131901,,,-0.33318239577402514,1.6615753173306207,,-0.6215047865612893,5.051643192488263,0.06103286384976526,0.14084507042253522,1374.0,False,False
CobbDa00,david-cobb-1,00-0032133,David Cobb,RB,2015,5,138,TEN,minnesota,71.0,229.0,4.81,38.5,121.0,17.0,,,1.0,1.0,9.0,0.0,0.0,563.0,2896.0,20.0,34.0,339.0,0.0,1.0,1.0,7.0,0,0,0,False,skill_run,False,True,False,False,22.76,0,1,True,85.56283631116287,79.75,,31.93552866494743,0.05221528087222063,0.5142511625487288,1.8744272541372469,1.2373995245305274,0.41286779082533265,-0.6929031321777461,,,-1.7156136885440463,0.7753008148109823,,0.6396347585816928,5.143872113676732,0.035523978685612786,0.06039076376554174,3235.0,False,False
KamaAl00,alvin-kamara-1,00-0033906,Alvin Kamara,RB,2017,3,67,NOR,tennessee,70.0,214.0,4.56,39.5,131.0,15.0,,,1.0,1.0,24.0,0.0,0.0,210.0,1294.0,16.0,74.0,683.0,7.0,79.0,79.0,126.0,5,0,6,False,skill_run,False,True,False,False,55.96,0,0,True,98.98842137282863,85.25,,30.702448979591836,-0.49675078018976476,-0.33507109430715254,0.02683865543379916,1.546387310601357,2.0569850749007648,-1.0955360333080582,,,-0.34344186024343737,2.0751700851731187,,-0.01578859994689505,6.161904761904762,0.0761904761904762,0.3523809523809524,1977.0,False,False
HuntKa00,kareem-hunt-1,00-0033923,Kareem Hunt,RB,2017,3,86,KAN,toledo,70.0,216.0,4.62,36.5,119.0,18.0,,,0.0,1.0,0.0,0.0,1.0,782.0,4945.0,44.0,73.0,555.0,1.0,52.0,33.0,121.0,1,0,3,False,skill_run,False,True,False,False,45.64,0,0,True,94.82347013259346,77.75,,30.98938775510204,-0.49675078018976476,-0.22182812672636837,0.4702599191226303,0.6194239523888676,0.08404433401024623,-0.4915866816125901,,,-0.7691237751727595,0.30262108013384176,,0.13672901766574483,6.323529411764706,0.056265984654731455,0.09335038363171355,5500.0,False,False
WilkJo01,jordan-wilkins-1,00-0034400,Jordan Wilkins,RB,2018,5,169,IND,mississippi,73.0,216.0,,36.0,117.0,16.0,,4.27,1.0,2.0,31.0,1.0,0.0,279.0,1751.0,14.0,32.0,322.0,1.0,8.0,8.0,54.0,0,0,0,False,skill_run,False,True,False,False,12.87,0,1,True,,76.5,,28.494651904672548,1.1501474029961913,-0.22182812672636837,,0.46493005935345266,-0.24477912280484018,-0.8942195827429021,,0.02023103784480846,,0.0071962459606289405,,-1.1893070602529663,6.275985663082437,0.05017921146953405,0.11469534050179211,2073.0,False,False
HendDa00,darrell-henderson-1,00-0035664,Darrell Henderson,RB,2019,3,70,LAR,memphis,68.0,208.0,4.49,33.5,121.0,22.0,,,1.0,2.0,4.0,1.0,0.0,431.0,3545.0,36.0,63.0,758.0,8.0,15.0,15.0,54.0,0,0,1,False,skill_run,False,True,False,False,54.26,0,0,True,102.35474169111873,77.25,,31.622837370242216,-1.5946829023137354,-0.6747999970495051,-0.4904861522031618,-0.30753940582362194,0.41286779082533265,0.313679120648034,,,0.0006153919788735033,0.18445114646455663,,0.4734288101808465,8.22505800464037,0.08352668213457076,0.14617169373549885,4303.0,False,False
BarkSa00,saquon-barkley-1,00-0034844,Saquon Barkley,RB,2018,1,2,NYG,penn st.,72.0,233.0,4.4,41.0,,29.0,,4.24,2.0,2.0,36.0,1.0,0.0,671.0,3843.0,43.0,102.0,1195.0,8.0,65.0,40.0,106.0,3,1,6,False,skill_run,False,True,False,False,99.24,1,0,True,124.32979304692299,,,31.597029320987655,0.601181341934206,0.7407370977102972,-1.155618047736402,2.009868989707602,,1.7228942746041263,,-0.16500119177329473,2.2465917317356787,,,0.45971096329683303,5.7272727272727275,0.06408345752608048,0.15201192250372578,5038.0,False,False
JohnDu00,duke-johnson-1,00-0032257,Duke Johnson,RB,2015,3,77,CLE,miami,69.0,207.0,4.54,33.5,121.0,,,,1.0,1.0,18.0,0.0,0.0,62.0,370.0,4.0,1.0,11.0,0.0,28.0,18.0,97.0,0,0,0,False,skill_run,False,True,False,False,50.4,0,0,True,97.44889742251907,77.25,,30.565217391304348,-1.0457168412517501,-0.7314214808398971,-0.12096843246247352,-0.30753940582362194,0.41286779082533265,,,,-0.5007900416378308,0.18445114646455663,,-0.08873180837033086,5.967741935483871,0.06451612903225806,0.016129032258064516,381.0,False,False
RandJo01,joseph-randle-1,00-0030388,Joseph Randle,RB,2013,5,151,DAL,oklahoma st.,72.0,204.0,4.63,35.0,123.0,,,,2.0,2.0,37.0,0.0,0.0,564.0,3085.0,40.0,108.0,917.0,3.0,7.0,7.0,35.0,0,0,0,False,skill_run,False,True,False,False,18.27,0,1,True,88.7843049217259,79.0,,27.66435185185185,0.601181341934206,-0.9012859322110734,0.5441634630707667,0.1559422732826228,0.741691247640419,,,,-1.3863611119996577,0.5980459143070546,,-1.6306394864288702,5.469858156028369,0.07092198581560284,0.19148936170212766,4002.0,False,False
RogeSa00,sam-rogers-1,00-0033967,Sam Rogers,RB,2017,6,206,LAR,virginia tech,70.0,231.0,4.93,32.0,114.0,19.0,7.27,4.34,3.0,4.0,35.0,1.0,0.0,165.0,692.0,4.0,72.0,802.0,7.0,,,,0,0,0,False,skill_run,True,False,False,False,4.73,0,1,True,78.20856159351482,73.0,5.805,33.14142857142857,-0.49675078018976476,0.6274941301295129,2.7612697815149025,-0.7710210849298668,-0.7380143080274698,-0.2902702310474341,0.7373769162540512,0.4524395736203935,-2.4672627629634527,-0.819993289724367,0.6855730856600736,1.280611149760541,4.193939393939394,0.024242424242424242,0.43636363636363634,1494.0,False,False
ElliAn00,andre-ellington-1,00-0030287,Andre Ellington,RB,2013,6,187,ARI,clemson,69.0,199.0,4.61,34.0,122.0,,,,0.0,1.0,0.0,0.0,0.0,621.0,3436.0,33.0,59.0,505.0,2.0,18.0,17.0,65.0,0,0,1,False,skill_run,False,True,False,False,8.41,0,1,True,88.12099058929013,78.0,,29.383952951060703,-1.0457168412517501,-1.1843933511630338,0.39635637517449396,-0.15304551278820702,0.5772795192328759,,,,-1.4541556428223963,0.36170604696848435,,-0.7166136200081658,5.533011272141707,0.05314009661835749,0.09500805152979067,3941.0,False,False
WillJo07,jonathan-williams-2,00-0032975,Jonathan Williams,RB,2016,5,156,BUF,arkansas,71.0,220.0,4.56,,,16.0,,,1.0,4.0,21.0,1.0,0.0,406.0,2321.0,16.0,26.0,345.0,6.0,5.0,1.0,47.0,0,0,0,False,skill_run,False,True,False,False,16.68,0,1,True,101.76379767300139,,,30.68042055147788,0.05221528087222063,0.004657808435199999,0.02683865543379916,,,-0.8942195827429021,,,-0.059782477465094824,,,-0.027497450971709976,5.716748768472907,0.03940886699507389,0.06403940886699508,2666.0,False,False
FourLe00,leonard-fournette-1,00-0033856,Leonard Fournette,RB,2017,1,4,JAX,louisiana state,72.0,240.0,4.51,28.5,,,,,0.0,1.0,0.0,0.0,0.0,616.0,3830.0,40.0,41.0,526.0,1.0,38.0,19.0,81.0,0,0,5,False,skill_run,False,True,False,False,97.72,1,0,True,116.02059005529271,,,32.5462962962963,0.601181341934206,1.1370874842430418,-0.3426790643068891,-1.8524783361777712,,,,,1.397343508408601,,,0.9642783132306235,6.217532467532467,0.06493506493506493,0.06655844155844155,4356.0,False,False
SpilC.00,cj-spiller-1,00-0027861,C.J. Spiller,RB,2010,1,9,BUF,clemson,71.0,196.0,4.37,,,18.0,,,2.0,3.0,32.0,2.0,0.0,594.0,3474.0,30.0,122.0,1416.0,11.0,34.0,32.0,90.0,1,0,3,False,skill_run,False,True,False,False,93.99,1,0,True,107.48808340197904,,,27.33346558222575,0.05221528087222063,-1.3542578025342102,-1.3773286795808175,,,-0.4915866816125901,,,0.5252723695578464,,,-1.8065166764474496,5.848484848484849,0.050505050505050504,0.2053872053872054,4890.0,False,False
ThomDa03,daniel-thomas-1,00-0028000,Daniel Thomas,RB,2011,2,62,MIA,kansas st.,72.0,230.0,4.62,,,21.0,,,7.0,12.0,155.0,2.0,1.0,545.0,2850.0,30.0,52.0,428.0,0.0,11.0,11.0,52.0,0,0,0,False,skill_run,False,True,False,False,58.86,0,0,True,100.96943578933562,,,31.19020061728395,0.601181341934206,0.5708726463391209,0.4702599191226303,,,0.11236267008287798,,,-0.14097081996454178,,,0.24346781332520742,5.229357798165138,0.05504587155963303,0.09541284403669725,3278.0,False,False
BookDe00,devontae-booker-1,00-0032972,Devontae Booker,RB,2016,4,136,DEN,utah,71.0,219.0,4.56,,,22.0,,,1.0,1.0,25.0,1.0,0.0,560.0,2773.0,21.0,80.0,624.0,2.0,19.0,11.0,93.0,0,0,0,False,skill_run,False,True,False,False,23.5,0,0,True,101.30123495630593,,,30.54096409442571,0.05221528087222063,-0.05196367535519209,0.02683865543379916,,,0.313679120648034,,,-0.10705904126148501,,,-0.1016232520331977,4.951785714285714,0.0375,0.14285714285714285,3397.0,False,False
McKiJe00,,00-0031376,Jerick McKinnon,RB,2014,3,96,MIN,georgia southern,69.0,209.0,4.41,40.5,132.0,32.0,6.83,4.12,1.0,4.0,16.0,0.0,0.0,33.0,282.0,3.0,,,,32.0,20.0,116.0,0,0,1,False,skill_run,False,False,False,False,40.63,0,0,True,110.51517708124656,86.25,5.475,30.86053350136526,-1.0457168412517501,-0.618178513259113,-1.0817145037882656,1.855375096672187,2.221396803308308,2.326843626299594,-1.0280570270987173,-0.9059301102457239,0.8346587128150819,2.311509952511689,-1.0734537276683747,0.06823864453912881,8.545454545454545,0.09090909090909091,,282.0,False,True
DixoKe00,kenneth-dixon-1,00-0032411,Kenneth Dixon,RB,2016,4,134,BAL,louisiana tech,70.0,215.0,4.56,37.5,121.0,18.0,6.97,4.28,,,,,,801.0,4480.0,72.0,88.0,972.0,15.0,5.0,5.0,18.0,0,0,0,False,skill_run,False,False,False,False,24.24,0,0,True,99.45098408952408,79.25,5.625,30.84591836734694,-0.49675078018976476,-0.2784496105167604,0.02683865543379916,0.9284117384596975,0.41286779082533265,-0.4915866816125901,-0.466328045122837,0.08197511438418166,-0.2961652964470472,0.6571308811416972,-0.27389608524635106,0.060470208859425834,5.593008739076155,0.0898876404494382,0.10986267166042447,5452.0,False,False
SherAn00,anthony-sherman-1,00-0028074,Anthony Sherman,RB,2011,5,136,ARI,connecticut,70.0,242.0,4.74,32.5,111.0,32.0,7.23,4.41,,,,,,17.0,61.0,0.0,48.0,477.0,1.0,5.0,1.0,153.0,1,0,3,False,skill_run,False,False,False,False,23.5,0,1,True,95.88087637698538,71.75,5.82,34.71959183673469,-0.49675078018976476,1.2503304518238259,1.357102446500286,-0.6165271918944518,-1.2312494932500995,2.326843626299594,0.5768829214038028,0.8846481093959785,-0.6610507896783211,-1.1154181238975798,0.7655288499022788,2.119458046630059,3.588235294117647,0.0,2.823529411764706,538.0,False,False
MorrAl00,alfred-morris-1,00-0029141,Alfred Morris,RB,2012,6,173,WAS,florida atlantic,70.0,219.0,4.63,35.5,117.0,16.0,7.01,4.19,,,,,,711.0,3457.0,27.0,29.0,294.0,4.0,36.0,28.0,114.0,2,0,4,False,skill_run,False,False,False,False,11.8,0,1,True,95.3125626365587,76.25,5.6,31.419795918367345,-0.49675078018976476,-0.05196367535519209,0.5441634630707667,0.3104361663180377,-0.24477912280484018,-0.8942195827429021,-0.305834050272585,-0.47372157447013885,-0.7191357148914718,-0.051888720874013625,-0.4071556923166899,0.3655054440847037,4.862165963431786,0.0379746835443038,0.040787623066104076,3751.0,False,False
LewiDi00,dion-lewis-1,00-0028087,Dion Lewis,RB,2011,5,149,PHI,pittsburgh,67.0,193.0,4.56,34.5,112.0,17.0,6.9,4.18,,,,,,544.0,2860.0,30.0,52.0,405.0,1.0,31.0,1.0,102.0,0,0,2,False,skill_run,False,False,False,False,18.93,0,1,True,89.27460432222395,73.25,5.54,30.22477166406772,-2.1436489633757208,-1.5241222539053865,0.02683865543379916,0.001448380247207893,-1.0668377648425562,-0.6929031321777461,-0.7471925361107753,-0.535465651009512,-1.3362496999676357,-0.7609083228897244,-0.7269787492854966,-0.26969017188257216,5.257352941176471,0.05514705882352941,0.09558823529411764,3265.0,False,False
HenrDe00,derrick-henry-2,00-0032764,Derrick Henry,RB,2016,2,45,TEN,alabama,75.0,247.0,4.54,37.0,130.0,22.0,7.2,4.38,,,,,,603.0,3591.0,42.0,17.0,285.0,3.0,85.0,59.0,153.0,5,1,6,False,skill_run,False,False,False,False,69.23,0,0,True,116.27960223846479,83.5,5.79,30.869511111111112,2.248079525120162,1.5334378707757863,-0.12096843246247352,0.7739178454242825,1.8925733464932215,0.313679120648034,0.4565124252661129,0.6994158797778699,1.4238160397212336,1.6615753173306207,0.6056173214178731,0.07301054630757642,5.955223880597015,0.06965174129353234,0.028192371475953566,3876.0,False,False
TateBe00,ben-tate-1,00-0027890,Ben Tate,RB,2010,2,58,HOU,auburn,71.0,220.0,4.34,40.5,124.0,26.0,6.91,4.12,,,,,,678.0,3321.0,24.0,53.0,336.0,0.0,14.0,13.0,51.0,0,0,0,False,skill_run,False,False,False,False,61.22,0,0,True,124.02058010855447,82.25,5.515000000000001,30.68042055147788,0.05221528087222063,0.004657808435199999,-1.599039311425233,1.855375096672187,0.9061029760479623,1.118944922908658,-0.7070690373982133,-0.9059301102457239,2.2149883951938083,1.366150483157408,-0.8602383563558307,-0.027497450971709976,4.898230088495575,0.035398230088495575,0.07817109144542773,3657.0,False,False
RainCh00,chris-rainey-1,00-0029140,Chris Rainey,RB,2012,5,159,PIT,florida,68.0,180.0,4.36,36.5,120.0,16.0,6.5,3.93,,,,,,396.0,2464.0,13.0,69.0,795.0,6.0,1.0,1.0,18.0,0,0,0,False,skill_run,False,False,False,False,15.76,0,1,True,99.62229530604323,78.25,5.215,27.3659169550173,-1.5946829023137354,-2.2602015431804836,-1.4512322235289539,0.6194239523888676,0.24845606241778945,-0.8942195827429021,-2.3521324846132954,-2.0790675644937355,-0.2786563071479016,0.4207910138031269,-2.459353641199878,-1.7892676794876394,6.222222222222222,0.03282828282828283,0.17424242424242425,3259.0,False,False
JanoAn00,andy-janovich-1,00-0032956,Andy Janovich,RB,2016,6,176,DEN,nebraska,73.0,238.0,4.81,34.0,119.0,30.0,7.28,4.32,,,,,,45.0,271.0,3.0,5.0,87.0,0.0,2.0,2.0,77.0,0,0,1,False,skill_run,False,False,False,False,11.03,0,1,True,88.92556786924351,76.5,5.800000000000001,31.396884969037345,1.1501474029961913,1.0238445166622576,1.8744272541372469,-0.15304551278820702,0.08404433401024623,1.9242107251692824,0.7775004149666169,0.32895142054165805,-1.3719232282071796,0.0071962459606289405,0.6589211642460114,0.3533275033276819,6.022222222222222,0.06666666666666667,0.1111111111111111,358.0,False,False
DaviKn00,knile-davis-1,00-0030280,Knile Davis,RB,2013,3,96,KAN,arkansas,71.0,227.0,4.37,33.5,121.0,31.0,6.96,4.38,,,,,,349.0,1862.0,19.0,32.0,297.0,2.0,10.0,10.0,57.0,0,0,0,False,skill_run,False,False,False,False,40.63,0,0,True,124.48874965433288,77.25,5.67,31.656615750843088,0.05221528087222063,0.4010081949679446,-1.3773286795808175,-0.30753940582362194,0.41286779082533265,2.1255271757344385,-0.5064515438353991,0.6994158797778699,2.26283800909404,0.18445114646455663,-0.034028792519744895,0.4913831564587155,5.335243553008596,0.054441260744985676,0.09169054441260745,2159.0,False,False
DrakKe00,kenyan-drake-1,00-0033118,Kenyan Drake,RB,2016,3,73,MIA,alabama,73.0,210.0,4.45,34.5,123.0,10.0,7.04,4.21,,,,,,233.0,1495.0,18.0,46.0,570.0,4.0,33.0,15.0,104.0,0,0,2,False,skill_run,False,False,False,False,52.59,0,0,True,107.10487692015971,78.75,5.625,27.70313379620942,1.1501474029961913,-0.5615570294687209,-0.7861003279957137,0.001448380247207893,0.741691247640419,-2.1021182861338383,-0.1854635541348951,-0.3502334213914034,0.48610646830591003,0.5389609474724121,-0.27389608524635106,-1.6100255775931431,6.416309012875536,0.07725321888412018,0.19742489270386265,2065.0,False,False
WashDe00,deandre-washington-1,00-0032940,DeAndre Washington,RB,2016,5,143,OAK,texas tech,68.0,204.0,4.49,34.5,116.0,24.0,7.03,4.2,,,,,,605.0,3411.0,23.0,124.0,1091.0,4.0,12.0,11.0,59.0,0,0,0,False,skill_run,False,False,False,False,20.98,0,1,True,100.38638127398183,75.25,5.615,31.014705882352942,-1.5946829023137354,-0.9012859322110734,-0.4904861522031618,0.001448380247207893,-0.4091908512123834,0.7163120217783461,-0.2255870528474572,-0.4119774979307711,-0.20056233695670153,-0.2882285882125839,-0.32719992807448467,0.15018645451391965,5.63801652892562,0.03801652892561983,0.2049586776859504,4502.0,False,False
SmalWe00,wendell-smallwood-1,00-0032782,Wendell Smallwood,RB,2016,5,153,PHI,west virginia,70.0,208.0,4.47,33.5,120.0,14.0,6.83,4.28,,,,,,425.0,2462.0,12.0,68.0,618.0,0.0,10.0,9.0,56.0,0,0,1,False,skill_run,False,False,False,False,17.63,0,1,True,104.19892491456235,76.75,5.555,29.841632653061225,-0.49675078018976476,-0.6747999970495051,-0.638293240099441,-0.30753940582362194,0.24845606241778945,-1.2968524838732143,-1.0280570270987173,0.08197511438418166,0.1891014991995873,0.06628121279527151,-0.647022985043296,-0.47334145278481277,5.792941176470588,0.02823529411764706,0.16,3080.0,False,False
MattAl01,alexander-mattison-1,00-0034972,Alexander Mattison,RB,2019,3,102,MIN,boise st.,71.0,221.0,4.67,35.0,127.0,22.0,7.13,4.29,,,,,,581.0,2826.0,33.0,60.0,511.0,1.0,21.0,18.0,89.0,0,0,1,False,skill_run,False,False,False,False,37.76,0,0,True,92.92974535108333,81.0,5.71,30.819877008530053,0.05221528087222063,0.061279292225592086,0.8397776388633186,0.1559422732826228,1.399338161270592,0.313679120648034,0.17564793427817102,0.1437191909235494,-0.9626733138936083,1.0707256489841952,0.17918657879279443,0.04662835008977965,4.864027538726334,0.05679862306368331,0.10327022375215146,3337.0,False,False
BallVi00,vick-ballard-1,00-0029547,Vick Ballard,RB,2012,5,170,IND,mississippi st.,70.0,219.0,4.59,33.0,115.0,23.0,7.03,4.19,,,,,,379.0,2157.0,29.0,30.0,293.0,2.0,5.0,5.0,17.0,0,0,1,False,skill_run,False,False,False,False,12.6,0,1,True,98.67868839496742,74.0,5.61,31.419795918367345,-0.49675078018976476,-0.05196367535519209,0.24854928727821474,-0.4620332988590369,-0.5736025796199266,0.5149955712131901,-0.2255870528474572,-0.47372157447013885,-0.3750983478054078,-0.5836534223857968,-0.35385184948855153,0.3655054440847037,5.691292875989446,0.07651715039577836,0.079155672823219,2450.0,False,False
GordMe00,melvin-gordon-1,00-0032144,Melvin Gordon,RB,2015,1,15,SDG,wisconsin,73.0,215.0,4.52,35.0,126.0,19.0,7.04,4.07,,,,,,631.0,4915.0,45.0,22.0,228.0,4.0,51.0,38.0,112.0,2,0,7,False,skill_run,False,False,False,False,89.6,1,0,True,103.01838003989532,80.5,5.555,28.36273221992869,1.1501474029961913,-0.2784496105167604,-0.26877552035875274,0.1559422732826228,1.2349264328630487,-0.2902702310474341,-0.1854635541348951,-1.2146504929425679,0.06844303913082429,0.95255571531491,-0.647022985043296,-1.2594268131429966,7.789223454833597,0.07131537242472266,0.03486529318541997,5143.0,False,False
AlleAn01,anthony-allen-1,00-0028163,Anthony Allen,RB,2011,7,225,BAL,georgia tech,73.0,228.0,4.56,41.5,120.0,24.0,6.79,4.06,,,,,,546.0,3036.0,33.0,33.0,401.0,5.0,1.0,1.0,21.0,0,0,0,False,skill_run,False,False,False,False,2.1,0,1,True,105.46429940656508,80.75,5.425,30.0776881215988,1.1501474029961913,0.4576296787583367,0.02683865543379916,2.164362882743017,0.24845606241778945,0.7163120217783461,-1.1885510219489692,-1.2763945694819412,0.31843003290602806,1.0116406821495525,-1.3399729418090478,-0.3478700255726127,5.56043956043956,0.06043956043956044,0.06043956043956044,3437.0,False,False
YeldT.00,tj-yeldon-1,00-0032209,T.J. Yeldon,RB,2015,2,36,JAX,alabama,73.0,226.0,4.61,36.0,117.0,22.0,7.19,4.22,,,,,,576.0,3322.0,37.0,46.0,494.0,2.0,20.0,19.0,60.0,0,0,2,False,skill_run,False,False,False,False,75.07,0,0,True,100.0771048903496,76.5,5.705,29.81384875211109,1.1501474029961913,0.34438671117755254,0.39635637517449396,0.46493005935345266,-0.24477912280484018,0.313679120648034,0.4163889265535508,-0.28848934485203565,-0.23217215796856694,0.0071962459606289405,0.15253465737872762,-0.48810953135267166,5.767361111111111,0.0642361111111111,0.0798611111111111,3816.0,False,False
ChapSh00,shaun-chapas-1,00-0028158,Shaun Chapas,RB,2011,7,220,DAL,georgia,74.0,247.0,4.87,35.5,116.0,23.0,7.13,4.4,,,,,,40.0,155.0,3.0,26.0,221.0,4.0,0.0,0.0,6.0,0,0,0,False,skill_run,False,False,False,False,2.69,0,1,True,87.82357343903242,75.75,5.765000000000001,31.70945945945946,1.6991134640581766,1.5334378707757863,2.317848517826078,0.3104361663180377,-0.4091908512123834,0.5149955712131901,0.17564793427817102,0.8229040328566108,-1.4845533821359969,-0.17005865454329877,0.472357714347539,0.5194713663204007,3.875,0.075,0.65,376.0,False,False
GillMi00,mike-gillislee-1,00-0030433,Mike Gillislee,RB,2013,5,164,MIA,florida,71.0,208.0,4.55,30.5,119.0,15.0,7.12,4.4,,,,,,389.0,2072.0,20.0,23.0,182.0,2.0,11.0,0.0,36.0,0,0,0,False,skill_run,False,False,False,False,14.28,0,1,True,97.06166657535542,74.75,5.76,29.006943066851814,0.05221528087222063,-0.6747999970495051,-0.047064888514337176,-1.2345027640361115,0.08404433401024623,-1.0955360333080582,0.13552443556560892,0.8229040328566108,-0.5403672561194628,-0.40639852188186903,0.4457057929334674,-0.9170070637095799,5.326478149100257,0.05141388174807198,0.05912596401028278,2254.0,False,False
BestJa00,jahvid-best-1,00-0027880,Jahvid Best,RB,2010,1,30,DET,california,70.0,199.0,4.34,32.5,113.0,18.0,6.75,4.17,,,,,,364.0,2668.0,29.0,62.0,533.0,6.0,13.0,13.0,22.0,0,0,2,False,skill_run,False,False,False,False,79.09,1,0,True,112.18225200728337,72.75,5.46,28.550408163265306,-0.49675078018976476,-1.1843933511630338,-1.599039311425233,-0.6165271918944518,-0.9024260364350131,-0.4915866816125901,-1.3490450167992212,-0.5972097275488798,1.005043335806715,-0.8790782565590095,-1.1534094919105753,-1.1596707320416912,7.329670329670329,0.07967032967032966,0.17032967032967034,3201.0,False,False
CareKa00,kadeem-carey-1,00-0031057,Ka'Deem Carey,RB,2014,4,117,CHI,arizona,69.0,207.0,4.69,32.5,115.0,19.0,7.08,4.38,,,,,,743.0,4239.0,48.0,77.0,679.0,4.0,3.0,3.0,37.0,0,0,0,False,skill_run,False,False,False,False,31.05,0,0,True,85.56752497066714,73.75,5.73,30.565217391304348,-1.0457168412517501,-0.7314214808398971,0.9875847267595977,-0.6165271918944518,-0.5736025796199266,-0.2902702310474341,-0.024969559284643093,0.6994158797778699,-1.7151344806395343,-0.6427383892204392,0.28579426444906647,-0.08873180837033086,5.705248990578735,0.06460296096904442,0.10363391655450875,4918.0,False,False
BlueAl00,alfred-blue-1,00-0031075,Alfred Blue,RB,2014,6,181,HOU,louisiana state,74.0,223.0,4.63,32.0,121.0,13.0,7.15,4.5,,,,,,209.0,1253.0,11.0,16.0,105.0,0.0,18.0,18.0,73.0,0,0,1,False,skill_run,False,False,False,False,9.8,0,1,True,97.05343136051411,76.5,5.825,28.62837837837838,1.6991134640581766,0.17452225980637626,0.5441634630707667,-0.7710210849298668,0.41286779082533265,-1.4981689344383702,0.2558949317032988,1.440344798250299,-0.5412089423292883,0.0071962459606289405,0.7921807713163456,-1.1182269382126904,5.9952153110047846,0.05263157894736842,0.07655502392344497,1358.0,False,False
HomeTr00,travis-homer-1,00-0035594,Travis Homer,RB,2019,6,204,SEA,miami,70.0,201.0,4.48,39.5,130.0,17.0,7.07,4.31,,,,,,334.0,2000.0,12.0,37.0,405.0,1.0,8.0,8.0,85.0,0,0,0,False,skill_run,False,False,False,False,5.07,0,1,True,99.79619824950863,84.75,5.6899999999999995,28.83734693877551,-0.49675078018976476,-1.0711503835822498,-0.5643896961512981,1.546387310601357,1.8925733464932215,-0.6929031321777461,-0.0650930579972052,0.26720734400228485,-0.2608824284837134,1.9570001515038336,0.07257889313652241,-1.0071531144290513,5.9880239520958085,0.03592814371257485,0.11077844311377245,2405.0,False,False
BernGi00,giovani-bernard-1,00-0030456,Giovani Bernard,RB,2013,2,37,CIN,north carolina,68.0,202.0,4.53,33.5,122.0,19.0,6.91,4.12,,,,,,423.0,2481.0,25.0,92.0,852.0,6.0,42.0,41.0,135.0,0,0,2,False,skill_run,False,False,False,False,74.41,0,0,True,95.93753532303836,77.75,5.515000000000001,30.710640138408305,-1.5946829023137354,-1.0145288997918576,-0.19487197641060985,-0.30753940582362194,0.5772795192328759,-0.2902702310474341,-0.7070690373982133,-0.9059301102457239,-0.6552599202869315,0.30262108013384176,-0.8602383563558307,-0.011434723319543759,5.865248226950355,0.0591016548463357,0.21749408983451538,3333.0,False,False
WillDe07,dexter-williams-1,00-0034995,Dexter Williams,RB,2019,6,194,GNB,notre dame,71.0,212.0,4.57,36.0,130.0,17.0,7.0,4.16,,,,,,257.0,1636.0,20.0,22.0,162.0,2.0,0.0,0.0,7.0,0,0,0,False,skill_run,False,False,False,False,6.94,0,1,True,97.20778701646374,83.0,5.58,29.564768895060503,0.05221528087222063,-0.4483140618879367,0.10074219938194207,0.46493005935345266,1.8925733464932215,-0.6929031321777461,-0.3459575489851471,-0.6589538040882474,-0.5254329086100796,1.5434053836613357,-0.5137633779729572,-0.6205038594636232,6.365758754863813,0.07782101167315175,0.08560311284046693,1798.0,False,False
WillTr06,trayveon-williams-1,00-0035291,Trayveon Williams,RB,2019,6,182,CIN,texas a&m,68.0,206.0,4.51,33.0,121.0,19.0,7.44,4.44,,,,,,600.0,3615.0,34.0,66.0,560.0,1.0,4.0,3.0,75.0,0,0,0,False,skill_run,False,False,False,False,9.56,0,1,True,99.58433979745958,77.0,5.94,31.31877162629758,-1.5946829023137354,-0.7880429646302892,-0.3426790643068891,-0.4620332988590369,0.41286779082533265,-0.2902702310474341,1.419476394367625,1.0698803390140872,-0.28253557791100714,0.12536617962991406,1.4051749638398967,0.31180763234738307,6.025,0.056666666666666664,0.11,4175.0,False,False
BarnKe00,kenjon-barner-1,00-0030465,Kenjon Barner,RB,2013,6,182,CAR,oregon,69.0,196.0,4.52,35.5,122.0,20.0,6.87,4.2,,,,,,582.0,3623.0,41.0,54.0,591.0,7.0,4.0,0.0,76.0,0,0,0,False,skill_run,False,False,False,False,9.56,0,1,True,93.91443017590457,78.75,5.535,28.940978785969335,-1.0457168412517501,-1.3542578025342102,-0.26877552035875274,0.3104361663180377,0.5772795192328759,-0.08895378048227805,-0.8675630322484652,-0.4119774979307711,-0.8620328747493355,0.5389609474724121,-0.7536306706995634,-0.9520692993723543,6.225085910652921,0.070446735395189,0.09278350515463918,4214.0,False,False
BohaTo00,tommy-bohanon-1,00-0030112,Tommy Bohanon,RB,2013,7,215,NYJ,wake forest,73.0,246.0,4.88,35.0,119.0,36.0,7.27,4.42,,,,,,50.0,160.0,3.0,51.0,405.0,7.0,1.0,1.0,68.0,0,0,1,False,skill_run,False,False,False,False,3.36,0,1,True,86.75326222509706,77.0,5.845,32.45224244698818,1.1501474029961913,1.4768163869853943,2.3917520617742145,0.1559422732826228,0.08404433401024623,3.1321094285602187,0.7373769162540512,0.9463921859353462,-1.593945329565519,0.12536617962991406,0.8987884569726129,0.9142855264479177,3.2,0.06,1.02,565.0,False,False
HerrDa00,dan-herron-1,00-0029588,Dan Herron,RB,2012,6,191,CIN,ohio st.,70.0,213.0,4.57,35.0,117.0,22.0,6.97,4.04,,,,,,593.0,2872.0,32.0,44.0,309.0,1.0,5.0,0.0,35.0,0,0,0,False,skill_run,False,False,False,False,7.55,0,1,True,97.66631431371121,76.0,5.505,30.558979591836735,-0.49675078018976476,-0.3916925780975446,0.10074219938194207,0.1559422732826228,-0.24477912280484018,0.313679120648034,-0.466328045122837,-1.3998827225606767,-0.4785687878362074,-0.11097368770865619,-0.9135421991839691,-0.09204740875321404,4.843170320404722,0.05396290050590219,0.07419898819561552,3181.0,False,False
ConnJo00,john-conner-1,00-0027739,John Conner,RB,2010,5,139,NYJ,kentucky,71.0,246.0,4.64,35.0,111.0,24.0,7.15,4.32,,,,,,54.0,247.0,4.0,25.0,193.0,4.0,0.0,0.0,62.0,0,0,1,False,skill_run,False,False,False,False,22.4,0,1,True,106.14344537390376,73.0,5.735,34.30628843483436,0.05221528087222063,1.4768163869853943,0.6180670070189029,0.1559422732826228,-1.2312494932500995,0.7163120217783461,0.2558949317032988,0.32895142054165805,0.38784264765657533,-0.819993289724367,0.3124461858631333,1.8997733766270088,4.574074074074074,0.07407407407407407,0.46296296296296297,440.0,False,False
MichCh00,christine-michael-1,00-0030432,Christine Michael,RB,2013,2,62,SEA,texas a&m,70.0,220.0,4.54,43.0,125.0,27.0,6.69,4.02,,,,,,529.0,2791.0,34.0,44.0,323.0,1.0,9.0,8.0,38.0,0,0,1,False,skill_run,False,False,False,False,58.86,0,0,True,103.56887648770143,84.0,5.355,31.56326530612245,-0.49675078018976476,0.004657808435199999,-0.12096843246247352,2.6278445618492614,1.0705147044555055,1.3202613734738142,-1.5897860090745974,-1.5233708756394175,0.12470693480386548,1.7797452509999059,-1.713099841605988,0.44176425289102456,5.2759924385633274,0.06427221172022685,0.0831758034026465,3114.0,False,False
BradAl00,allen-bradford-1,00-0028125,Allen Bradford,RB,2011,6,187,TAM,southern california,71.0,242.0,4.53,29.0,113.0,28.0,6.97,4.39,,,,,,267.0,1585.0,16.0,14.0,176.0,4.0,1.0,0.0,19.0,0,0,0,False,skill_run,False,False,False,False,8.41,0,1,True,114.93506707017468,71.0,5.68,33.74846260662567,0.05221528087222063,1.2503304518238259,-0.19487197641060985,-1.6979844431423563,-0.9024260364350131,1.5215778240389701,-0.466328045122837,0.7611599563172377,1.286396830680209,-1.2926730244015074,0.019275050308388754,1.6032701723810543,5.936329588014981,0.0599250936329588,0.052434456928838954,1761.0,False,False
FranJo01,johnathan-franklin-1,00-0030078,Johnathan Franklin,RB,2013,4,125,GNB,ucla,70.0,205.0,4.49,31.5,115.0,18.0,6.89,4.31,,,,,,788.0,4403.0,31.0,58.0,517.0,3.0,1.0,1.0,11.0,0,0,0,False,skill_run,False,False,False,False,27.74,0,0,True,100.87847137826606,73.25,5.6,29.41122448979592,-0.49675078018976476,-0.8446644484206813,-0.4904861522031618,-0.9255149779652817,-0.5736025796199266,-0.4915866816125901,-0.787316034823341,0.26720734400228485,-0.1502679047228074,-0.7609083228897244,-0.4071556923166899,-0.7021178792037717,5.58756345177665,0.03934010152284264,0.07360406091370558,4920.0,False,False
SankBi00,bishop-sankey-1,00-0031413,Bishop Sankey,RB,2014,2,54,TEN,washington,69.0,209.0,4.49,35.5,126.0,26.0,6.75,4.0,,,,,,644.0,3496.0,37.0,67.0,567.0,1.0,6.0,6.0,29.0,0,0,1,False,skill_run,False,False,False,False,63.63,0,0,True,102.84683179540295,80.75,5.375,30.86053350136526,-1.0457168412517501,-0.618178513259113,-0.4904861522031618,0.3104361663180377,1.2349264328630487,1.118944922908658,-1.3490450167992212,-1.646859028718153,0.05090982421276617,1.0116406821495525,-1.6064921559497207,0.06823864453912881,5.428571428571429,0.05745341614906832,0.10403726708074534,4063.0,False,False
RoysEv00,evan-royster-1,00-0028115,Evan Royster,RB,2011,6,177,WAS,penn st.,72.0,212.0,4.65,34.0,113.0,20.0,7.07,4.18,,,,,,686.0,3932.0,29.0,61.0,562.0,3.0,4.0,4.0,32.0,0,0,0,False,skill_run,False,False,False,False,10.77,0,1,True,90.68888137871588,73.5,5.625,28.749228395061728,0.601181341934206,-0.4483140618879367,0.6919705509670458,-0.15304551278820702,-0.9024260364350131,-0.08895378048227805,-0.0650930579972052,-0.535465651009512,-1.1917024697786707,-0.7018233560550818,-0.27389608524635106,-1.0539910865045385,5.7317784256559765,0.04227405247813411,0.08892128279883382,4494.0,False,False
JamiJa00,jawan-jamison-1,00-0030415,Jawan Jamison,RB,2013,7,228,WAS,rutgers,67.0,203.0,4.68,29.0,110.0,20.0,,,1.0,1.0,16.0,1.0,0.0,486.0,1972.0,13.0,36.0,385.0,2.0,,,,0,0,0,False,skill_run,True,True,False,False,1.78,0,1,True,84.6335623369776,69.5,,31.790822009356205,-2.1436489633757208,-0.9579074160014656,0.9136811828114549,-1.6979844431423563,-1.3956612216576427,-0.08895378048227805,,,-1.8105908208100243,-1.647182825409363,,0.5627183002737374,4.05761316872428,0.026748971193415638,0.07407407407407407,2357.0,False,False
FowlJa00,jalston-fowler-1,00-0032130,Jalston Fowler,RB,2015,4,108,TEN,alabama,71.0,254.0,4.94,33.5,114.0,23.0,7.56,4.4,,,,,,112.0,738.0,5.0,19.0,150.0,7.0,0.0,0.0,42.0,0,0,1,False,skill_run,False,False,False,False,35.0,0,0,True,85.30135237991863,73.75,5.98,35.421940091251734,0.05221528087222063,1.929788257308531,2.8351733254630456,-0.30753940582362194,-0.7380143080274698,0.5149955712131901,1.9009583789183773,0.8229040328566108,-1.7423388466923593,-0.6427383892204392,1.618390335152436,2.492779785118922,6.589285714285714,0.044642857142857144,0.16964285714285715,888.0,False,False
AlleJa01,javorius-allen-1,00-0031577,Javorius Allen,RB,2015,4,125,BAL,southern california,72.0,221.0,4.53,35.5,121.0,11.0,6.96,4.28,,,,,,417.0,2306.0,25.0,63.0,710.0,2.0,14.0,14.0,64.0,0,0,0,False,skill_run,False,False,False,False,27.74,0,0,True,104.96136290292812,78.25,5.62,29.96971450617284,0.601181341934206,0.061279292225592086,-0.19487197641060985,0.3104361663180377,0.41286779082533265,-1.9008018355686824,-0.5064515438353991,0.08197511438418166,0.26702703642246045,0.4207910138031269,-0.30054800666041787,-0.4052616365896656,5.5299760191846525,0.05995203836930456,0.1510791366906475,3016.0,False,False
DaviMi01,mike-davis-9,00-0032063,Mike Davis,RB,2015,4,126,SFO,south carolina,69.0,217.0,4.61,34.0,116.0,17.0,7.0,4.18,,,,,,454.0,2440.0,22.0,70.0,755.0,2.0,20.0,1.0,87.0,0,0,2,False,skill_run,False,False,False,False,27.34,0,0,True,96.0917334566631,75.0,5.59,32.041797941608905,-1.0457168412517501,-0.16520664293597626,0.39635637517449396,-0.15304551278820702,-0.4091908512123834,-0.6929031321777461,-0.3459575489851471,-0.535465651009512,-0.6394999862531772,-0.34731355504722644,-0.4604595351448236,0.6961204561769637,5.3744493392070485,0.048458149779735685,0.15418502202643172,3195.0,False,False
AjayJa00,jay-ajayi-1,00-0031590,Jay Ajayi,RB,2015,5,149,MIA,boise st.,72.0,221.0,4.57,39.0,121.0,19.0,7.1,4.1,,,,,,678.0,3796.0,50.0,73.0,771.0,5.0,19.0,14.0,45.0,1,0,2,False,skill_run,False,False,False,False,18.93,0,1,True,101.33453269169097,80.0,5.6,29.96971450617284,0.601181341934206,0.061279292225592086,0.10074219938194207,1.3918934175659423,0.41286779082533265,-0.2902702310474341,0.055277438140481125,-1.0294182633244648,-0.10365582164523068,0.8343857816456248,-0.4071556923166899,-0.4052616365896656,5.59882005899705,0.07374631268436578,0.10766961651917405,4567.0,False,False
ArmsRy00,ryquell-armstead-1,00-0035268,Ryquell Armstead,RB,2019,5,140,JAX,temple,71.0,220.0,4.45,30.0,114.0,22.0,7.02,4.29,,,,,,573.0,2812.0,34.0,29.0,175.0,0.0,2.0,2.0,18.0,0,0,0,False,skill_run,False,False,False,False,22.04,0,1,True,112.20510915445304,72.0,5.654999999999999,30.68042055147788,0.05221528087222063,0.004657808435199999,-0.7861003279957137,-1.3889966570715264,-0.7380143080274698,0.313679120648034,-0.2657105515600229,0.1437191909235494,1.007379467400049,-1.0563331570629373,-0.1139845567619501,-0.027497450971709976,4.907504363001745,0.059336823734729496,0.0506108202443281,2987.0,False,False
ScarJo00,jordan-scarlett-1,00-0035275,Jordan Scarlett,RB,2019,5,154,CAR,florida,71.0,208.0,4.47,30.0,116.0,21.0,7.37,4.63,,,,,,344.0,1846.0,12.0,15.0,108.0,0.0,0.0,0.0,10.0,0,0,0,False,skill_run,False,False,False,False,17.31,0,1,True,104.19892491456235,73.0,6.0,29.006943066851814,0.05221528087222063,-0.6747999970495051,-0.638293240099441,-1.3889966570715264,-0.4091908512123834,0.11236267008287798,1.138611903379683,2.243017793262096,0.1891014991995873,-0.819993289724367,1.7249980208087035,-0.9170070637095799,5.366279069767442,0.03488372093023256,0.0436046511627907,1954.0,False,False
WillKa01,karlos-williams-1,00-0032152,Karlos Williams,RB,2015,5,155,BUF,florida st.,73.0,230.0,4.48,33.5,117.0,16.0,7.16,4.46,,,,,,241.0,1419.0,22.0,37.0,328.0,1.0,4.0,4.0,11.0,0,0,0,False,skill_run,False,False,False,False,16.99,0,1,True,114.19465471336808,75.25,5.8100000000000005,30.34152749108651,1.1501474029961913,0.5708726463391209,-0.5643896961512981,-0.30753940582362194,-0.24477912280484018,-0.8942195827429021,0.2960184304158609,1.1933684920928227,1.210722439384101,-0.2882285882125839,0.7122250070741452,-0.20763051979255379,5.8879668049792535,0.0912863070539419,0.15352697095435686,1747.0,False,False
WareSp00,spencer-ware-1,00-0030414,Spencer Ware,RB,2013,6,194,SEA,louisiana state,70.0,228.0,4.62,,,,,,1.0,2.0,39.0,1.0,0.0,295.0,1249.0,10.0,39.0,404.0,2.0,17.0,0.0,43.0,0,0,1,False,skill_run,False,True,False,False,6.94,0,1,True,100.09144069551532,,,32.711020408163265,-0.49675078018976476,0.4576296787583367,0.4702599191226303,,,,,,-0.23070695642285796,,,1.0518347233415821,4.233898305084746,0.03389830508474576,0.13220338983050847,1653.0,False,False
TaylSt00,stepfan-taylor-1,00-0030282,Stepfan Taylor,RB,2013,5,140,ARI,stanford,69.0,214.0,4.76,30.0,110.0,17.0,7.13,4.5,,,,,,843.0,4300.0,40.0,97.0,778.0,5.0,3.0,3.0,61.0,0,0,0,False,skill_run,False,False,False,False,22.04,0,1,True,83.37118187600791,70.0,5.8149999999999995,31.598823776517538,-1.0457168412517501,-0.33507109430715254,1.5049095343965586,-1.3889966570715264,-1.3956612216576427,-0.6929031321777461,0.17564793427817102,1.440344798250299,-1.9396133473653647,-1.5290128917400778,0.7388769284882072,0.4606647768127751,5.100830367734282,0.04744958481613286,0.11506524317912219,5078.0,False,False
AlleBr20,brian-allen-2,00-0021311,Brian Allen,RB,2002,6,204,IND,stanford,69.0,209.0,4.46,33.0,112.0,19.0,6.9,4.08,,,,,,2.0,3.0,0.0,21.0,247.0,1.0,0.0,0.0,4.0,0,0,0,False,skill_run,False,False,False,False,5.07,0,1,True,105.64205650925145,72.5,5.49,30.86053350136526,-1.0457168412517501,-0.618178513259113,-0.7121967840475774,-0.4620332988590369,-1.0668377648425562,-0.2902702310474341,-0.7471925361107753,-1.1529064164032004,0.33659782875747485,-0.9381632233936521,-0.9934979634261695,0.06823864453912881,1.5,0.0,10.5,250.0,False,False
EwinBr00,bradie-ewing-1,00-0029420,Bradie Ewing,RB,2012,5,157,ATL,wisconsin,72.0,239.0,4.73,36.5,120.0,14.0,7.14,4.16,,,,,,7.0,33.0,2.0,28.0,328.0,2.0,0.0,0.0,2.0,0,0,0,False,skill_run,False,False,False,False,16.37,0,1,True,95.49559382499996,78.25,5.65,32.41068672839506,0.601181341934206,1.0804660004526496,1.2831989025521497,0.6194239523888676,0.24845606241778945,-1.2968524838732143,0.21577143299073312,-0.6589538040882474,-0.7004288772135673,0.4207910138031269,-0.1406364781760122,0.8921972632400823,4.714285714285714,0.2857142857142857,4.0,361.0,False,False
DwyeJo00,jonathan-dwyer-1,00-0027786,Jonathan Dwyer,RB,2010,6,188,PIT,georgia tech,71.0,229.0,4.64,33.0,107.0,15.0,7.56,4.67,,,,,,517.0,3226.0,35.0,15.0,263.0,1.0,8.0,8.0,38.0,0,0,1,False,skill_run,False,False,False,False,8.19,0,1,True,98.8083292301787,70.0,6.115,31.93552866494743,0.05221528087222063,0.5142511625487288,0.6180670070189029,-0.4620332988590369,-1.8888964068802723,-1.0955360333080582,1.9009583789183773,2.4899940994195724,-0.3618483105774433,-1.5290128917400778,2.3379922133322544,0.6396347585816928,6.2398452611218564,0.06769825918762089,0.029013539651837523,3489.0,False,False
MareOw00,owen-marecic-1,00-0028062,Owen Marecic,RB,2011,4,124,CLE,stanford,72.0,248.0,4.87,28.5,102.0,22.0,7.1,4.56,,,,,,36.0,67.0,9.0,25.0,258.0,1.0,0.0,0.0,24.0,0,0,0,False,skill_run,False,False,False,False,28.15,0,0,True,88.17913446510137,65.25,5.83,33.63117283950617,0.601181341934206,1.5900593545661785,2.317848517826078,-1.8524783361777712,-2.7109550489179886,0.313679120648034,0.055277438140481125,1.810809257486511,-1.4482130050892967,-2.6516272615982865,0.8188326927304124,1.5409267131549533,1.8611111111111112,0.25,0.6944444444444444,325.0,False,False
ChubNi00,nick-chubb-1,00-0034791,Nick Chubb,RB,2018,2,35,CLE,georgia,71.0,227.0,4.52,38.5,128.0,29.0,7.09,4.25,,,,,,758.0,4769.0,44.0,31.0,361.0,4.0,49.0,47.0,100.0,4,0,5,False,skill_run,False,False,False,False,75.73,0,0,True,108.76824311188948,83.25,5.67,31.656615750843088,0.05221528087222063,0.4010081949679446,-0.26877552035875274,1.2373995245305274,1.5637498896781352,1.7228942746041263,0.015153939427919016,-0.10325711523392699,0.656112037370925,1.6024903504959782,-0.034028792519744895,0.4913831564587155,6.29155672823219,0.05804749340369393,0.040897097625329816,5130.0,False,False
CookJa00,jameel-cook-1,00-0020391,Jameel Cook,RB,2001,6,174,TAM,illinois,70.0,226.0,4.8,29.5,108.0,17.0,7.55,4.38,,,,,,230.0,1503.0,14.0,67.0,730.0,6.0,4.0,2.0,109.0,0,0,2,False,skill_run,False,False,False,False,11.54,0,1,True,85.14781057098766,68.75,5.965,32.42408163265306,-0.49675078018976476,0.34438671117755254,1.8005237101891107,-1.5434905501069414,-1.724484678472729,-0.6929031321777461,1.8608348802058152,0.6994158797778699,-1.7580317005764674,-1.8244377259132907,1.538434570910231,0.8993171057289442,6.534782608695652,0.06086956521739131,0.29130434782608694,2233.0,False,False
LascDa00,daniel-lasco-1,00-0032804,Daniel Lasco,RB,2016,7,237,NOR,california,72.0,209.0,4.46,41.5,135.0,23.0,7.22,4.26,,,,,,348.0,1872.0,18.0,48.0,458.0,2.0,0.0,0.0,10.0,0,0,0,False,skill_run,False,False,False,False,0.98,0,1,True,105.64205650925145,88.25,5.74,28.342399691358025,0.601181341934206,-0.618178513259113,-0.7121967840475774,2.164362882743017,2.714631988530938,0.5149955712131901,0.5367594226912371,-0.041513038694559266,0.33659782875747485,2.7841896871888294,0.33909810727720013,-1.2702342364761623,5.379310344827586,0.05172413793103448,0.13793103448275862,2330.0,False,False
HillBr02,brian-hill-4,00-0033567,Brian Hill,RB,2017,5,156,ATL,wyoming,73.0,219.0,4.54,34.0,125.0,15.0,7.03,4.32,,,,,,775.0,4287.0,35.0,41.0,403.0,0.0,9.0,8.0,48.0,0,0,0,False,skill_run,False,False,False,False,16.68,0,1,True,103.09810886730278,79.5,5.675000000000001,28.89041095890411,1.1501474029961913,-0.05196367535519209,-0.12096843246247352,-0.15304551278820702,1.0705147044555055,-1.0955360333080582,-0.2255870528474572,0.32895142054165805,0.07659178276988851,0.7162158479763397,-0.007376871105673335,-0.9789478015828789,5.531612903225806,0.04516129032258064,0.05290322580645161,4690.0,False,False
SandMi01,miles-sanders-1,00-0035243,Miles Sanders,RB,2019,2,53,PHI,penn st.,71.0,211.0,4.49,36.0,124.0,20.0,6.89,4.19,,,,,,275.0,1646.0,12.0,32.0,193.0,1.0,34.0,29.0,88.0,1,0,4,False,skill_run,False,False,False,False,64.24,0,0,True,103.83101200397141,80.0,5.54,29.42531243800833,0.05221528087222063,-0.5049355456783288,-0.4904861522031618,0.46493005935345266,0.9061029760479623,-0.08895378048227805,-0.787316034823341,-0.47372157447013885,0.1514986886805544,0.8343857816456248,-0.7269787492854966,-0.6946296605251128,5.985454545454545,0.04363636363636364,0.11636363636363636,1839.0,False,False
ThomAn01,anthony-thomas-2,00-0020403,Anthony Thomas,RB,2001,2,38,CHI,michigan,74.0,229.0,4.58,32.5,115.0,20.0,7.48,4.44,,,,,,243.0,1890.0,26.0,113.0,1296.0,15.0,27.0,22.0,86.0,0,0,3,False,skill_run,False,False,False,False,73.75,0,0,True,104.08869555963453,73.75,5.960000000000001,29.39864864864865,1.6991134640581766,0.5142511625487288,0.1746457433300784,-0.6165271918944518,-0.5736025796199266,-0.08895378048227805,1.579970389217877,1.0698803390140872,0.17783542663820703,-0.6427383892204392,1.5117826494961688,-0.7088023620794176,7.777777777777778,0.10699588477366255,0.46502057613168724,3186.0,False,False
PierBe00,bernard-pierce-1,00-0029264,Bernard Pierce,RB,2012,3,84,BAL,temple,72.0,218.0,4.45,36.5,123.0,17.0,7.07,4.28,,,,,,639.0,3381.0,50.0,19.0,178.0,1.0,10.0,10.0,52.0,0,0,0,False,skill_run,False,False,False,False,46.68,0,0,True,111.18506270759437,79.75,5.675000000000001,29.562885802469136,0.601181341934206,-0.10858515914558418,-0.7861003279957137,0.6194239523888676,0.741691247640419,-0.6929031321777461,-0.0650930579972052,0.08197511438418166,0.9031248675812206,0.7753008148109823,-0.007376871105673335,-0.6215047865612893,5.291079812206573,0.0782472613458529,0.0297339593114241,3559.0,False,False
CookDa01,dalvin-cook-1,00-0033893,Dalvin Cook,RB,2017,2,41,MIN,florida st.,70.0,210.0,4.49,30.5,116.0,22.0,7.27,4.53,,,,,,687.0,4464.0,46.0,79.0,935.0,2.0,52.0,51.0,90.0,4,0,5,False,skill_run,False,False,False,False,71.8,0,0,True,103.33892189968718,73.25,5.9,30.12857142857143,-0.49675078018976476,-0.5615570294687209,-0.4904861522031618,-1.2345027640361115,-0.4091908512123834,0.313679120648034,0.7373769162540512,1.6255770278684076,0.10120425644666028,-0.7609083228897244,1.1919595925273574,-0.3208238351721729,6.497816593886463,0.06695778748180495,0.11499272197962154,5399.0,False,False
CartDe01,delone-carter-1,00-0028057,Delone Carter,RB,2011,4,119,IND,syracuse,69.0,222.0,4.54,37.0,120.0,27.0,6.92,4.07,,,,,,646.0,3104.0,24.0,28.0,208.0,1.0,3.0,3.0,27.0,0,0,0,False,skill_run,False,False,False,False,30.21,0,0,True,104.51041172849871,78.5,5.495,32.780088216761186,-1.0457168412517501,0.11790077601598417,-0.12096843246247352,0.7739178454242825,0.24845606241778945,1.3202613734738142,-0.6669455386856511,-1.2146504929425679,0.220937238871818,0.4798759806377695,-0.9668460420121027,1.0885465884506118,4.804953560371517,0.03715170278637771,0.043343653250773995,3312.0,False,False
WashCh00,chauncey-washington-1,00-0026353,Chauncey Washington,RB,2008,7,213,JAX,southern california,71.0,211.0,4.45,,,,,,0.0,3.0,0.0,0.0,0.0,0.0,30.0,1.0,122.0,1497.0,4.0,0.0,0.0,11.0,0,0,0,False,skill_run,False,True,False,False,3.64,0,1,True,107.61490014358905,,,29.42531243800833,0.05221528087222063,-0.5049355456783288,-0.7861003279957137,,,,,,0.538233768215325,,,-0.6946296605251128,,,,1527.0,False,False
HuntKe00,kendall-hunter-1,00-0028053,Kendall Hunter,RB,2011,4,115,SFO,oklahoma st.,67.0,199.0,4.46,35.0,122.0,24.0,6.74,4.21,,,,,,708.0,4181.0,37.0,63.0,519.0,2.0,12.0,12.0,45.0,0,0,0,False,skill_run,False,False,False,False,31.91,0,0,True,100.58741265713415,78.5,5.475,31.164401871240813,-2.1436489633757208,-1.1843933511630338,-0.7121967840475774,0.1559422732826228,0.5772795192328759,0.7163120217783461,-1.3891685155117832,-0.3502334213914034,-0.1800157760955615,0.4798759806377695,-1.0734537276683747,0.22975491141121435,5.905367231638418,0.052259887005649715,0.08898305084745763,4700.0,False,False
RidlSt00,stevan-ridley-1,00-0028011,Stevan Ridley,RB,2011,3,73,NWE,louisiana state,71.0,225.0,4.65,36.0,118.0,18.0,6.78,4.21,,,,,,306.0,1419.0,19.0,17.0,94.0,0.0,25.0,23.0,73.0,0,0,1,False,skill_run,False,False,False,False,52.59,0,0,True,96.2499920292975,77.0,5.495,31.37770283673874,0.05221528087222063,0.2877652273871604,0.6919705509670458,0.46493005935345266,-0.08036739439729697,-0.4915866816125901,-1.2286745206615313,-0.3502334213914034,-0.6233250520541428,0.12536617962991406,-0.9668460420121027,0.3431315543357363,4.637254901960785,0.06209150326797386,0.05555555555555555,1513.0,False,False
MurrDe00,demarco-murray-1,00-0028009,DeMarco Murray,RB,2011,3,71,DAL,oklahoma,72.0,213.0,4.37,34.5,124.0,21.0,7.28,4.18,,,,,,759.0,3685.0,50.0,157.0,1571.0,13.0,60.0,40.0,99.0,3,1,7,False,skill_run,False,False,False,False,53.7,0,0,True,116.81102941133437,79.25,5.73,28.884837962962962,0.601181341934206,-0.3916925780975446,-1.3773286795808175,0.001448380247207893,0.9061029760479623,0.11236267008287798,0.7775004149666169,-0.535465651009512,1.4781309460776948,0.6571308811416972,0.28579426444906647,-0.9819100365139973,4.855072463768116,0.06587615283267458,0.20685111989459815,5256.0,False,False
GreeAl00,alex-green-2,00-0028034,Alex Green,RB,2011,3,96,GNB,hawaii,72.0,225.0,4.45,34.0,114.0,20.0,6.91,4.15,,,,,,232.0,1652.0,20.0,38.0,461.0,2.0,5.0,5.0,29.0,0,0,0,False,skill_run,False,False,False,False,40.63,0,0,True,114.7552252715997,74.0,5.53,30.51215277777778,0.601181341934206,0.2877652273871604,-0.7861003279957137,-0.15304551278820702,-0.7380143080274698,-0.08895378048227805,-0.7070690373982133,-0.7206978806276152,1.2680159669471176,-0.5836534223857968,-0.7802825921136302,-0.11693743662749875,7.120689655172414,0.08620689655172414,0.16379310344827586,2113.0,False,False
TurbRo00,robert-turbin-1,00-0029273,Robert Turbin,RB,2012,4,106,SEA,utah st.,70.0,222.0,4.42,36.0,122.0,28.0,7.16,4.31,,,,,,565.0,3315.0,40.0,67.0,845.0,11.0,16.0,12.0,82.0,0,0,0,False,skill_run,False,False,False,False,35.91,0,0,True,116.33057981729478,79.0,5.734999999999999,31.850204081632654,-0.49675078018976476,0.11790077601598417,-1.0078109598401293,0.46493005935345266,0.5772795192328759,1.5215778240389701,0.2960184304158609,0.26720734400228485,1.4290262407831753,0.5980459143070546,0.31244618586312856,0.5942818705036644,5.867256637168142,0.07079646017699115,0.11858407079646018,4160.0,False,False
LeshMi00,mikel-leshoure-1,00-0027995,Mikel Leshoure,RB,2011,2,57,DET,illinois,72.0,227.0,4.56,38.0,122.0,21.0,6.82,4.4,,,,,,424.0,2557.0,23.0,37.0,439.0,5.0,5.0,5.0,17.0,0,0,1,False,skill_run,False,False,False,False,61.82,0,0,True,105.00173668986962,80.0,5.61,30.783371913580247,0.601181341934206,0.4010081949679446,0.02683865543379916,1.0829056314951124,0.5772795192328759,0.11236267008287798,-1.0681805258112793,0.8229040328566108,0.2711534691096379,0.8343857816456248,-0.35385184948855153,0.027224663353583718,6.03066037735849,0.054245283018867926,0.08726415094339622,2996.0,False,False
WillRy00,ryan-williams-2,00-0027976,Ryan Williams,RB,2011,2,38,ARI,virginia tech,69.0,212.0,4.59,40.0,123.0,19.0,6.96,4.18,,,,,,403.0,2132.0,30.0,26.0,289.0,2.0,1.0,1.0,5.0,0,0,0,False,skill_run,False,False,False,False,73.75,0,0,True,95.5245750672744,81.5,5.57,31.30350766645663,-1.0457168412517501,-0.4483140618879367,0.24854928727821474,1.700881203636772,0.741691247640419,-0.2902702310474341,-0.5064515438353991,-0.535465651009512,-0.6974668279609287,1.1888955826534802,-0.5670672208010908,0.30369432390331735,5.290322580645161,0.07444168734491315,0.06451612903225806,2421.0,False,False
PeriSa00,samaje-perine-1,00-0033526,Samaje Perine,RB,2017,4,114,WAS,oklahoma,71.0,233.0,4.65,33.0,116.0,30.0,7.26,4.37,,,,,,685.0,4122.0,49.0,40.0,321.0,2.0,26.0,5.0,125.0,0,0,1,False,skill_run,False,False,False,False,32.34,0,0,True,99.67221396811696,74.5,5.8149999999999995,32.49335449315612,0.05221528087222063,0.7407370977102972,0.6919705509670458,-0.4620332988590369,-0.4091908512123834,1.9242107251692824,0.6972534175414892,0.6376718032385021,-0.27355433345443336,-0.4654834887165116,0.7388769284882072,0.9361379628276495,6.0175182481751825,0.07153284671532846,0.058394160583941604,4443.0,False,False
MartDo00,doug-martin-1,00-0029613,Doug Martin,RB,2012,1,31,TAM,boise st.,69.0,223.0,4.46,36.0,120.0,28.0,6.79,4.16,,,,,,617.0,3431.0,43.0,67.0,715.0,4.0,39.0,35.0,84.0,2,1,7,False,skill_run,False,False,False,False,78.41,1,0,True,112.71855790221566,78.0,5.475,32.92774627179164,-1.0457168412517501,0.17452225980637626,-0.7121967840475774,0.46493005935345266,0.24845606241778945,1.5215778240389701,-1.1885510219489692,-0.6589538040882474,1.0598568755517264,0.36170604696848435,-1.0734537276683747,1.1670318149053407,5.560777957860616,0.06969205834683954,0.1085899513776337,4146.0,False,False
GallWa00,wayne-gallman-1,00-0033950,Wayne Gallman,RB,2017,4,140,NYG,clemson,72.0,215.0,4.6,29.5,120.0,21.0,7.17,4.28,,,,,,676.0,3429.0,34.0,65.0,473.0,2.0,12.0,11.0,61.0,0,0,1,False,skill_run,False,False,False,False,22.04,0,0,True,96.03667797070483,74.75,5.725,29.156057098765434,0.601181341934206,-0.2784496105167604,0.32245283122635104,-1.5434905501069414,0.24845606241778945,0.11236267008287798,0.336141929128423,0.08197511438418166,-0.645126972822355,-0.40639852188186903,0.2591423430349949,-0.837747936532913,5.072485207100592,0.05029585798816568,0.09615384615384616,3902.0,False,False
HeluRo00,roy-helu-jr-1,00-0028043,Roy Helu,RB,2011,4,105,WAS,nebraska,71.0,219.0,4.4,36.5,119.0,11.0,6.67,4.01,,,,,,578.0,3404.0,28.0,54.0,501.0,0.0,13.0,13.0,57.0,0,0,1,False,skill_run,False,False,False,False,36.37,0,0,True,116.85933337886753,77.75,5.34,30.54096409442571,0.05221528087222063,-0.05196367535519209,-1.155618047736402,0.6194239523888676,0.08404433401024623,-1.9008018355686824,-1.6700330064997253,-1.5851149521787853,1.48306788872412,0.30262108013384176,-1.7930556058481932,-0.1016232520331977,5.889273356401384,0.04844290657439446,0.09342560553633218,3905.0,False,False
PumpDo00,donnel-pumphrey-1,00-0033561,Donnel Pumphrey,RB,2017,4,132,PHI,san diego st.,68.0,176.0,4.48,33.5,117.0,5.0,,,1.0,5.0,16.0,1.0,0.0,1059.0,6405.0,62.0,100.0,1041.0,5.0,,,,0,0,0,False,skill_run,True,True,False,False,25.0,0,0,True,87.38373578066427,75.25,,26.757785467128027,-1.5946829023137354,-2.486687478342052,-0.5643896961512981,-0.30753940582362194,-0.24477912280484018,-3.1087005389596185,,,-1.5295073145766584,-0.2882285882125839,,-2.1125100351545663,6.048158640226629,0.05854579792256846,0.09442870632672333,7446.0,False,False
LangJe00,jeremy-langford-1,00-0031569,Jeremy Langford,RB,2015,4,106,CHI,michigan st.,72.0,208.0,4.42,34.5,118.0,,7.22,4.32,,,,,,577.0,2967.0,40.0,39.0,219.0,1.0,7.0,7.0,29.0,0,0,0,False,skill_run,False,True,False,False,35.91,0,0,True,108.99441712611402,76.25,5.77,28.20679012345679,0.601181341934206,-0.6747999970495051,-1.0078109598401293,0.001448380247207893,-0.08036739439729697,,0.5367594226912371,0.32895142054165805,0.6792283193941734,-0.051888720874013625,0.49900963576160107,-1.3423152864667034,5.1421143847487,0.06932409012131716,0.06759098786828423,3186.0,False,False
JohnDa08,,00-0032187,David Johnson,RB,2015,3,86,ARI,northern iowa,73.0,224.0,4.5,41.5,127.0,25.0,6.82,4.27,,,,,,88.0,410.0,4.0,26.0,584.0,6.0,42.0,33.0,92.0,1,1,3,False,skill_run,False,False,False,False,45.64,0,0,True,109.25163846974547,84.25,5.545,29.550009382623383,1.1501474029961913,0.23114374359676834,-0.4165826082550254,2.164362882743017,1.399338161270592,0.9176284723435021,-1.0681805258112793,0.02023103784480846,0.7055178166300521,1.8388302178345486,-0.7003268278714297,-0.6283490371327306,4.659090909090909,0.045454545454545456,0.29545454545454547,994.0,False,False
BakeEd01,edwin-baker-1,00-0029317,Edwin Baker,RB,2012,7,250,SDG,michigan st.,68.0,204.0,4.44,35.0,111.0,20.0,7.27,4.31,,,,,,462.0,2293.0,19.0,15.0,125.0,1.0,1.0,,6.0,0,0,0,False,skill_run,False,False,False,False,0.25,0,1,True,104.98524900435939,73.0,5.789999999999999,31.014705882352942,-1.5946829023137354,-0.9012859322110734,-0.86000387194385,0.1559422732826228,-1.2312494932500995,-0.08895378048227805,0.7373769162540512,0.26720734400228485,0.2694683330453919,-0.819993289724367,0.6056173214178684,0.15018645451391965,4.963203463203463,0.04112554112554113,0.032467532467532464,2418.0,False,False
WillJa06,jamaal-williams-1,00-0033948,Jamaal Williams,RB,2017,4,134,GNB,byu,72.0,212.0,4.59,30.0,123.0,,7.25,4.53,,,,,,726.0,3901.0,35.0,60.0,567.0,1.0,33.0,19.0,117.0,0,0,3,False,skill_run,False,True,False,False,24.24,0,0,True,95.5245750672744,76.5,5.890000000000001,28.749228395061728,0.601181341934206,-0.4483140618879367,0.24854928727821474,-1.3889966570715264,0.741691247640419,,0.657129918828927,1.6255770278684076,-0.6974668279609287,0.0071962459606289405,1.1386557496992238,-1.0539910865045385,5.373278236914601,0.048209366391184574,0.08264462809917356,4468.0,False,False
JoneMa04,matt-jones-3,00-0031939,Matt Jones,RB,2015,3,95,WAS,florida,74.0,231.0,4.61,31.5,112.0,20.0,,4.2,,,,,,297.0,1431.0,11.0,19.0,100.0,1.0,9.0,9.0,25.0,0,0,0,False,skill_run,False,True,False,False,41.12,0,0,True,102.29120013128653,71.75,,29.655405405405407,1.6991134640581766,0.6274941301295129,0.39635637517449396,-0.9255149779652817,-1.0668377648425562,-0.08895378048227805,,-0.4119774979307711,-0.005878920032673807,-1.1154181238975798,,-0.572327503368326,4.818181818181818,0.037037037037037035,0.06397306397306397,1531.0,False,False
WhitJo01,johnny-white-1,00-0028071,Johnny White,RB,2011,5,133,BUF,north carolina,70.0,209.0,4.5,32.5,117.0,,7.07,4.31,,,,,,246.0,1262.0,8.0,47.0,510.0,1.0,0.0,0.0,19.0,0,0,0,False,skill_run,False,True,False,False,24.62,0,1,True,101.93568053650358,74.75,5.6899999999999995,29.985102040816326,-0.49675078018976476,-0.618178513259113,-0.4165826082550254,-0.6165271918944518,-0.24477912280484018,,-0.0650930579972052,0.26720734400228485,-0.04221506256421437,-0.40639852188186903,0.07257889313652241,-0.3970826439784938,5.130081300813008,0.032520325203252036,0.1910569105691057,1772.0,False,False
PeadIs00,isaiah-pead-1,00-0029626,Isaiah Pead,RB,2012,2,50,STL,cincinnati,70.0,197.0,4.39,33.0,116.0,,6.95,4.32,,,,,,545.0,3288.0,27.0,87.0,721.0,6.0,1.0,1.0,30.0,0,0,0,False,skill_run,False,True,False,False,66.09,0,0,True,106.08113087188407,74.5,5.635,28.2634693877551,-0.49675078018976476,-1.297636318743818,-1.2295215916845448,-0.4620332988590369,-0.4091908512123834,,-0.5465750425479612,0.32895142054165805,0.3814737479942325,-0.4654834887165116,-0.2205922424182174,-1.3121883496543312,6.03302752293578,0.04954128440366973,0.1596330275229358,4009.0,False,False
JoneJu01,julius-jones-1,00-0022840,Julius Jones,RB,2004,2,43,DAL,notre dame,70.0,217.0,4.47,37.5,121.0,,6.97,4.12,,,,,,10.0,139.0,2.0,179.0,2653.0,15.0,38.0,29.0,94.0,0,0,6,False,skill_run,False,True,False,False,70.51,0,0,True,108.7075322425963,79.25,5.545,31.132857142857144,-0.49675078018976476,-0.16520664293597626,-0.638293240099441,0.9284117384596975,0.41286779082533265,,-0.466328045122837,-0.9059301102457239,0.649907038174756,0.6571308811416972,-0.7003268278714297,0.2129878264720657,13.9,0.2,17.9,2792.0,False,False
EdmoCh00,,00-0034681,Chase Edmonds,RB,2018,4,134,ARI,fordham,69.0,205.0,4.55,34.0,122.0,19.0,6.79,4.07,,,,,,66.0,291.0,4.0,13.0,197.0,0.0,21.0,17.0,86.0,0,0,1,False,skill_run,False,False,False,False,24.24,0,0,True,95.66173869205703,78.0,5.43,30.269901281243435,-1.0457168412517501,-0.8446644484206813,-0.047064888514337176,-0.15304551278820702,0.5772795192328759,-0.2902702310474341,-1.1885510219489692,-1.2146504929425679,-0.6834479184735706,0.36170604696848435,-1.3133210203949808,-0.2457022612797905,4.409090909090909,0.06060606060606061,0.19696969696969696,488.0,False,False
JameMi00,mike-james-1,00-0030391,Mike James,RB,2013,6,189,TAM,miami,70.0,223.0,4.53,35.0,115.0,28.0,,4.62,,,,,,304.0,1340.0,17.0,67.0,585.0,5.0,2.0,2.0,23.0,0,0,0,False,skill_run,False,True,False,False,7.98,0,1,True,105.91123949028493,75.0,,31.993673469387755,-0.49675078018976476,0.17452225980637626,-0.19487197641060985,0.1559422732826228,-0.5736025796199266,1.5215778240389701,,2.1812737167227283,0.36410987397081707,-0.34731355504722644,,0.6705406793099834,4.407894736842105,0.05592105263157895,0.22039473684210525,1925.0,False,False
WilsDa01,david-wilson-1,00-0029251,David Wilson,RB,2012,1,32,NYG,virginia tech,70.0,206.0,4.38,41.0,132.0,,7.09,4.12,,,,,,462.0,2662.0,18.0,37.0,363.0,5.0,5.0,5.0,21.0,0,0,0,False,skill_run,False,True,False,False,77.74,1,0,True,111.94398785752304,86.5,5.605,29.55469387755102,-0.49675078018976476,-0.7880429646302892,-1.3034251356326811,2.009868989707602,2.221396803308308,,0.015153939427919016,-0.9059301102457239,0.9806913725594202,2.3705949193463316,-0.38050377090261833,-0.6258590703974527,5.761904761904762,0.03896103896103896,0.08008658008658008,3025.0,False,False
BawdNi00,nick-bawden-1,00-0034433,Nick Bawden,RB,2018,7,237,DET,san diego st.,74.0,245.0,,,,,,,13.0,38.0,147.0,1.0,2.0,12.0,47.0,0.0,30.0,240.0,1.0,0.0,0.0,35.0,0,0,0,False,skill_run,False,True,False,False,0.98,0,1,True,,,,31.4527027027027,1.6991134640581766,1.4201949031950023,,,,,,,,,,0.3829965076093091,3.9166666666666665,0.0,2.5,287.0,False,False
TaliLo00,,00-0031066,Lorenzo Taliaferro,RB,2014,4,138,BAL,coastal carolina,72.0,229.0,4.58,33.0,118.0,18.0,6.88,4.22,,,,,,20.0,51.0,0.0,5.0,20.0,1.0,3.0,3.0,19.0,0,0,0,False,skill_run,False,False,False,False,22.76,0,0,True,104.08869555963453,75.5,5.55,31.054591049382715,0.601181341934206,0.5142511625487288,0.1746457433300784,-0.4620332988590369,-0.08036739439729697,-0.4915866816125901,-0.827439533535903,-0.28848934485203565,0.17783542663820703,-0.22914362137794134,-0.6736749064573628,0.17138676333466618,2.55,0.0,0.25,71.0,False,False
WillAn00,andre-williams-2,00-0031055,Andre Williams,RB,2014,4,113,NYG,boston col.,71.0,230.0,4.56,38.0,129.0,,7.27,4.06,,,,,,704.0,3739.0,28.0,10.0,60.0,0.0,7.0,6.0,41.0,0,0,0,False,skill_run,False,True,False,False,32.78,0,0,True,106.38942483995599,83.5,5.664999999999999,32.0749851219996,0.05221528087222063,0.5708726463391209,0.02683865543379916,1.0829056314951124,1.7281616180856783,,0.7373769162540512,-1.2763945694819412,0.41298316049880845,1.6615753173306207,-0.06068071393381645,0.7137605596431825,5.311079545454546,0.03977272727272727,0.014204545454545454,3799.0,False,False
FreeDe00,devonta-freeman-1,00-0031285,Devonta Freeman,RB,2014,4,103,ATL,florida st.,68.0,206.0,4.58,31.5,118.0,,7.11,4.26,,,,,,404.0,2255.0,30.0,47.0,475.0,1.0,49.0,45.0,98.0,2,0,4,False,skill_run,False,True,False,False,37.29,0,0,True,93.63437242482406,74.75,5.6850000000000005,31.31877162629758,-1.5946829023137354,-0.7880429646302892,0.1746457433300784,-0.9255149779652817,-0.08036739439729697,,0.09540093685304679,-0.041513038694559266,-0.8906563838600972,-0.40639852188186903,0.04592697172246031,0.31180763234738307,5.5816831683168315,0.07425742574257425,0.11633663366336634,2730.0,False,False
MurpMa03,marcus-murphy-1,00-0031959,Marcus Murphy,RB,2015,7,230,NOR,missouri,69.0,198.0,4.61,29.0,109.0,11.0,,4.4,,,,,,337.0,1957.0,16.0,50.0,318.0,2.0,2.0,1.0,28.0,0,0,0,False,skill_run,False,True,False,False,1.59,0,1,True,87.67817154110274,69.0,,29.236294896030245,-1.0457168412517501,-1.241014834953426,0.39635637517449396,-1.6979844431423563,-1.5600729500651858,-1.9008018355686824,,0.8229040328566108,-1.499414290409575,-1.765352759078648,,-0.7950988464628965,5.807121661721069,0.04747774480712166,0.14836795252225518,2275.0,False,False
McNiJe00,jeremy-mcnichols-1,00-0033955,Jeremy McNichols,RB,2017,5,162,TAM,boise st.,69.0,214.0,4.49,35.5,121.0,,6.93,4.28,,,,,,571.0,3205.0,44.0,103.0,1089.0,11.0,9.0,,71.0,0,0,0,False,skill_run,False,True,False,False,14.86,0,1,True,105.30728231682407,78.25,5.605,31.598823776517538,-1.0457168412517501,-0.33507109430715254,-0.4904861522031618,0.3104361663180377,0.41286779082533265,,-0.6268220399730889,0.08197511438418166,0.3023819853822339,0.4207910138031269,-0.38050377090261833,0.4606647768127751,5.612959719789842,0.07705779334500876,0.18038528896672504,4294.0,False,False
WaltMa00,mark-walton-1,00-0034679,Mark Walton,RB,2018,4,112,CIN,miami,70.0,202.0,4.6,31.5,118.0,18.0,,,,,,,,394.0,1995.0,26.0,56.0,624.0,2.0,3.0,1.0,21.0,0,0,0,False,skill_run,False,True,False,False,33.22,0,0,True,90.22980907015058,74.75,,28.98081632653061,-0.49675078018976476,-1.0145288997918576,0.32245283122635104,-0.9255149779652817,-0.08036739439729697,-0.4915866816125901,,,-1.2386222938364586,-0.40639852188186903,,-0.9308943056227323,5.063451776649746,0.06598984771573604,0.14213197969543148,2619.0,False,False
MackMa00,marlon-mack-1,00-0033951,Marlon Mack,RB,2017,4,143,IND,south florida,71.0,213.0,4.5,35.5,125.0,15.0,,,,,,,,586.0,3609.0,32.0,65.0,498.0,1.0,20.0,19.0,55.0,0,0,2,False,skill_run,False,True,False,False,20.98,0,0,True,103.88660265203475,80.25,,29.704225352112676,0.05221528087222063,-0.3916925780975446,-0.4165826082550254,0.3104361663180377,1.0705147044555055,-1.0955360333080582,,,0.15718037188759001,0.8934707484802674,,-0.5463780584021336,6.158703071672355,0.05460750853242321,0.11092150170648464,4107.0,False,False
DayeMa00,matt-dayes-1,00-0033596,Matthew Dayes,RB,2017,7,252,CLE,north carolina st.,69.0,205.0,4.47,28.0,109.0,18.0,,,,,,,,550.0,2856.0,34.0,98.0,933.0,6.0,0.0,0.0,23.0,0,0,0,False,skill_run,False,True,False,False,0.18,0,1,True,102.6960558052177,68.5,,30.269901281243435,-1.0457168412517501,-0.8446644484206813,-0.638293240099441,-2.006972229213186,-1.5600729500651858,-0.4915866816125901,,,0.03549965287453007,-1.8835226927479332,,-0.2457022612797905,5.192727272727272,0.06181818181818182,0.1781818181818182,3789.0,False,False
HarrDa06,damien-harris-1,00-0035657,Damien Harris,RB,2019,3,87,NWE,alabama,70.0,216.0,4.57,37.0,121.0,16.0,,,,,,,,476.0,3073.0,23.0,52.0,407.0,2.0,16.0,15.0,44.0,0,0,3,False,skill_run,False,True,False,False,45.13,0,0,True,99.04189620545363,79.0,,30.98938775510204,-0.49675078018976476,-0.22182812672636837,0.10074219938194207,0.7739178454242825,0.41286779082533265,-0.8942195827429021,,,-0.33797642551459056,0.5980459143070546,,0.13672901766574483,6.455882352941177,0.04831932773109244,0.1092436974789916,3480.0,False,False
MasoTr00,tre-mason-1,00-0031391,Tre Mason,RB,2014,3,75,STL,auburn,68.0,207.0,4.5,38.5,126.0,,,4.15,,,,,,516.0,2979.0,32.0,19.0,249.0,1.0,8.0,8.0,25.0,0,0,1,False,skill_run,False,True,False,False,51.49,0,0,True,100.960219478738,82.25,,31.470804498269896,-1.5946829023137354,-0.7314214808398971,-0.4165826082550254,1.2373995245305274,1.2349264328630487,,,-0.7206978806276152,-0.14191277979011654,1.366150483157408,,0.39261822126411383,5.773255813953488,0.06201550387596899,0.03682170542635659,3228.0,False,False
LogaT.00,tj-logan-1,00-0033789,T.J. Logan,RB,2017,5,179,ARI,north carolina,69.0,196.0,4.37,33.5,121.0,17.0,,,,,,,,398.0,2165.0,19.0,76.0,663.0,4.0,0.0,0.0,22.0,0,0,0,False,skill_run,False,True,False,False,10.28,0,1,True,107.48808340197904,77.25,,28.940978785969335,-1.0457168412517501,-1.3542578025342102,-1.3773286795808175,-0.30753940582362194,0.41286779082533265,-0.6929031321777461,,,0.5252723695578464,0.18445114646455663,,-0.9520692993723543,5.439698492462312,0.04773869346733668,0.19095477386934673,2828.0,False,False
PerkPa00,paul-perkins-1,00-0032417,Paul Perkins,RB,2016,5,149,NYG,ucla,70.0,208.0,4.54,32.0,124.0,19.0,,,,,,,,621.0,3488.0,29.0,80.0,739.0,3.0,5.0,5.0,29.0,0,0,0,False,skill_run,False,True,False,False,18.93,0,1,True,97.91966504291771,78.0,,29.841632653061225,-0.49675078018976476,-0.6747999970495051,-0.12096843246247352,-0.7710210849298668,0.9061029760479623,-0.2902702310474341,,,-0.4526748896038538,0.36170604696848435,,-0.47334145278481277,5.616747181964573,0.04669887278582931,0.1288244766505636,4227.0,False,False
ErviTy00,tyler-ervin-1,00-0032404,Tyler Ervin,RB,2016,4,119,HOU,san jose st.,70.0,192.0,4.41,39.0,130.0,17.0,,,,,,,,528.0,2803.0,19.0,87.0,783.0,4.0,2.0,0.0,43.0,0,0,0,False,skill_run,False,True,False,False,30.21,0,0,True,101.52590430430305,84.5,,27.54612244897959,-0.49675078018976476,-1.5807437376957785,-1.0817145037882656,1.3918934175659423,1.8925733464932215,-0.6929031321777461,,,-0.08409654476034066,1.897915184669191,,-1.6934823936859298,5.308712121212121,0.03598484848484849,0.16477272727272727,3586.0,False,False
HydeCa00,carlos-hyde-1,00-0031045,Carlos Hyde,RB,2014,2,57,SFO,ohio st.,72.0,230.0,4.62,34.5,114.0,19.0,,,,,,,,523.0,3198.0,37.0,34.0,271.0,4.0,32.0,18.0,102.0,0,0,4,False,skill_run,False,True,False,False,61.82,0,0,True,100.96943578933562,74.25,,31.19020061728395,0.601181341934206,0.5708726463391209,0.4702599191226303,0.001448380247207893,-0.7380143080274698,-0.2902702310474341,,,-0.14097081996454178,-0.5245684555511542,,0.24346781332520742,6.11472275334608,0.07074569789674952,0.06500956022944551,3469.0,False,False
JohnSt03,storm-johnson-1,00-0031243,Storm Johnson,RB,2014,7,222,JAX,central florida,72.0,209.0,4.6,35.5,118.0,16.0,,,,,,,,335.0,1765.0,19.0,41.0,289.0,3.0,0.0,0.0,6.0,0,0,0,False,skill_run,False,True,False,False,2.45,0,1,True,93.35658463198747,76.75,,28.342399691358025,0.601181341934206,-0.618178513259113,0.32245283122635104,0.3104361663180377,-0.08036739439729697,-0.8942195827429021,,,-0.9190478902134808,0.06628121279527151,,-1.2702342364761623,5.268656716417911,0.056716417910447764,0.12238805970149254,2054.0,False,False
HillJe01,jeremy-hill-2,00-0031301,Jeremy Hill,RB,2014,2,55,CIN,louisiana state,73.0,233.0,4.56,29.0,113.0,20.0,,,,,,,,345.0,2156.0,28.0,26.0,254.0,0.0,21.0,21.0,55.0,0,0,3,False,skill_run,False,True,False,False,63.03,0,0,True,107.77711299004238,71.0,,30.73728654531807,1.1501474029961913,0.7407370977102972,0.02683865543379916,-1.6979844431423563,-0.9024260364350131,-0.08895378048227805,,,0.5548128518879805,-1.2926730244015074,,0.0027287388775336686,6.249275362318841,0.08115942028985507,0.07536231884057971,2410.0,False,False
ConnJa00,james-conner-1,00-0033553,James Conner,RB,2017,3,105,PIT,pittsburgh,73.0,233.0,4.65,29.0,113.0,20.0,,,,,,,,668.0,3733.0,52.0,30.0,412.0,4.0,49.0,17.0,110.0,2,0,6,False,skill_run,False,True,False,False,36.37,0,0,True,99.67221396811696,71.0,,30.73728654531807,1.1501474029961913,0.7407370977102972,0.6919705509670458,-1.6979844431423563,-0.9024260364350131,-0.08895378048227805,,,-0.27355433345443336,-1.2926730244015074,,0.0027287388775336686,5.588323353293413,0.07784431137724551,0.04491017964071856,4145.0,False,False
GanaTe00,terrance-ganaway-1,00-0029427,Terrance Ganaway,RB,2012,6,202,NYJ,baylor,71.0,239.0,4.61,37.5,119.0,,7.15,4.25,,,,,,364.0,2042.0,28.0,12.0,133.0,1.0,0.0,,3.0,0,0,0,False,skill_run,False,True,False,False,5.42,0,1,True,105.83375251678564,78.25,5.7,33.33009323546915,0.05221528087222063,1.0804660004526496,0.39635637517449396,0.9284117384596975,0.08404433401024623,,0.2558949317032988,-0.10325711523392699,0.3561902606647575,0.4207910138031269,0.1258827359646608,1.3808927691965835,5.6098901098901095,0.07692307692307693,0.03296703296703297,2175.0,False,False
RobiJo02,josh-robinson-2,00-0031611,Josh Robinson,RB,2015,6,205,IND,mississippi st.,68.0,217.0,4.7,32.0,113.0,21.0,,,,,,,,323.0,1997.0,15.0,43.0,493.0,1.0,0.0,0.0,5.0,0,0,0,False,skill_run,False,True,False,False,4.9,0,1,True,88.94024015094429,72.5,,32.99113321799308,-1.5946829023137354,-0.16520664293597626,1.0614882707077342,-0.7710210849298668,-0.9024260364350131,0.11236267008287798,,,-1.3704236368289096,-0.9381632233936521,,1.2007241104314308,6.182662538699691,0.04643962848297214,0.13312693498452013,2490.0,False,False
ScarBo01,bo-scarbrough-1,00-0034432,Bo Scarbrough,RB,2018,7,236,DAL,alabama,73.0,228.0,4.52,40.0,129.0,14.0,,4.34,,,,,,267.0,1512.0,20.0,21.0,131.0,0.0,2.0,,7.0,0,0,0,False,skill_run,False,True,False,False,1.06,0,1,True,109.24739836788898,84.5,,30.0776881215988,1.1501474029961913,0.4576296787583367,-0.26877552035875274,1.700881203636772,1.7281616180856783,-1.2968524838732143,,0.4524395736203935,0.7050844538909323,1.897915184669191,,-0.3478700255726127,5.662921348314606,0.0749063670411985,0.07865168539325842,1643.0,False,False
ThomDe05,deanthony-thomas-1,00-0031060,De'Anthony Thomas,RB,2014,4,124,KAN,oregon,69.0,174.0,4.39,32.0,124.0,8.0,,,,,,,,243.0,1890.0,26.0,113.0,1296.0,15.0,7.0,7.0,69.0,0,0,0,False,skill_run,False,True,False,False,28.15,0,0,True,93.69602422186715,78.0,,25.692501575299307,-1.0457168412517501,-2.599930445922836,-1.2295215916845448,-0.7710210849298668,0.9061029760479623,-2.5047511872641506,,,-0.8843552164489147,0.36170604696848435,,-2.678744281376403,7.777777777777778,0.10699588477366255,0.46502057613168724,3186.0,False,False
PollTo00,tony-pollard-1,00-0035261,Tony Pollard,RB,2019,4,128,DAL,memphis,72.0,210.0,4.52,35.0,121.0,13.0,,,,,,,,140.0,942.0,9.0,103.0,1278.0,9.0,45.0,34.0,112.0,1,0,2,False,skill_run,False,True,False,False,26.55,0,0,True,100.62260375989774,78.0,,28.47800925925926,0.601181341934206,-0.5615570294687209,-0.26877552035875274,0.1559422732826228,0.41286779082533265,-1.4981689344383702,,,-0.1764190434692189,0.36170604696848435,,-1.198153186485621,6.728571428571429,0.06428571428571428,0.7357142857142858,2220.0,False,False
ArtiCa00,cameron-artis-payne-1,00-0031599,Cameron Artis-Payne,RB,2015,5,174,CAR,auburn,70.0,212.0,4.53,36.5,118.0,,7.13,,,,,,,394.0,2218.0,19.0,14.0,151.0,0.0,5.0,5.0,32.0,0,0,0,False,skill_run,False,True,False,False,11.54,0,1,True,100.68691825982245,77.25,,30.41551020408163,-0.49675078018976476,-0.4483140618879367,-0.19487197641060985,0.6194239523888676,-0.08036739439729697,,0.17564793427817102,,-0.16984573254514562,0.18445114646455663,,-0.16830621755953493,5.629441624365482,0.048223350253807105,0.03553299492385787,2369.0,False,False
HillJu00,justice-hill-1,00-0034975,Justice Hill,RB,2019,4,113,BAL,oklahoma st.,70.0,198.0,4.4,40.0,130.0,21.0,,,,,,,,632.0,3539.0,30.0,49.0,304.0,1.0,17.0,17.0,84.0,0,0,0,False,skill_run,False,True,False,False,32.78,0,0,True,105.65364387678434,85.0,,28.406938775510206,-0.49675078018976476,-1.241014834953426,-1.155618047736402,1.700881203636772,1.8925733464932215,0.11236267008287798,,,0.3377821242067812,2.0160851183384763,,-1.2359295408480102,5.599683544303797,0.04746835443037975,0.07753164556962025,3843.0,False,False
CollAl00,alex-collins-1,00-0032426,Alex Collins,RB,2016,5,171,SEA,arkansas,70.0,217.0,4.59,28.5,113.0,18.0,,,,,,,,665.0,3703.0,36.0,27.0,167.0,0.0,17.0,5.0,50.0,0,0,2,False,skill_run,False,True,False,False,12.33,0,1,True,97.7775131584837,70.75,,31.132857142857144,-0.49675078018976476,-0.16520664293597626,0.24854928727821474,-1.8524783361777712,-0.9024260364350131,-0.4915866816125901,,,-0.46720362784984254,-1.3517579912361501,,0.2129878264720657,5.568421052631579,0.05413533834586466,0.0406015037593985,3870.0,False,False
PennRa00,rashaad-penny-1,00-0034750,Rashaad Penny,RB,2018,1,27,SEA,san diego st.,71.0,220.0,4.46,32.5,120.0,13.0,,,,,,,,487.0,3643.0,38.0,42.0,479.0,6.0,13.0,13.0,45.0,0,0,0,False,skill_run,False,True,False,False,81.14,1,0,True,111.20216474658048,76.25,,30.68042055147788,0.05221528087222063,0.004657808435199999,-0.7121967840475774,-0.6165271918944518,0.24845606241778945,-1.4981689344383702,,,0.9048727940958158,-0.051888720874013625,,-0.027497450971709976,7.480492813141684,0.07802874743326489,0.08624229979466119,4122.0,False,False
McKnJo00,joe-mcknight-1,00-0027712,Joe McKnight,RB,2010,4,112,NYJ,southern california,71.0,198.0,4.4,36.5,120.0,18.0,,,,,,,,347.0,2213.0,13.0,66.0,542.0,2.0,7.0,6.0,41.0,0,0,0,False,skill_run,False,True,False,False,33.22,0,0,True,105.65364387678434,78.25,,27.612378496330095,0.05221528087222063,-1.241014834953426,-1.155618047736402,0.6194239523888676,0.24845606241778945,-0.4915866816125901,,,0.3377821242067812,0.4207910138031269,,-1.6582650743244705,6.377521613832853,0.037463976945244955,0.19020172910662825,2755.0,False,False
WestTe00,,00-0031375,Terrance West,RB,2014,3,94,CLE,towson,69.0,225.0,4.56,33.5,120.0,16.0,,,,,,,,81.0,315.0,6.0,3.0,12.0,0.0,11.0,3.0,43.0,0,0,2,False,skill_run,False,True,False,False,41.61,0,0,True,104.0766112564787,76.75,,33.22306238185255,-1.0457168412517501,0.2877652273871604,0.02683865543379916,-0.30753940582362194,0.24845606241778945,-0.8942195827429021,,,0.17660034151685755,0.06628121279527151,,1.3240022678147985,3.888888888888889,0.07407407407407407,0.037037037037037035,327.0,False,False
GuicDe00,derrius-guice-1,00-0034358,Derrius Guice,RB,2018,2,59,WAS,louisiana state,70.0,224.0,4.49,31.5,,15.0,,,,,,,,471.0,3074.0,29.0,32.0,250.0,3.0,2.0,2.0,5.0,0,0,0,False,skill_run,False,True,False,False,60.63,0,0,True,110.22818335966633,,,32.137142857142855,-0.49675078018976476,0.23114374359676834,-0.4904861522031618,-0.9255149779652817,,-1.0955360333080582,,,0.8053263077211708,,,0.7467994881163024,6.526539278131635,0.06157112526539278,0.06794055201698514,3324.0,False,False
CoxxCh01,chandler-cox-1,00-0035310,Chandler Cox,RB,2019,7,233,MIA,auburn,,,,,,,,,1.0,2.0,-3.0,0.0,1.0,11.0,18.0,3.0,25.0,225.0,1.0,0.0,0.0,21.0,0,0,0,False,skill_run,False,True,True,False,1.31,0,1,True,,,,,,,,,,,,,,,,,1.6363636363636365,0.2727272727272727,2.272727272727273,243.0,False,False
RiddTh00,theo-riddick-1,00-0030107,Theo Riddick,RB,2013,6,199,DET,notre dame,70.0,201.0,4.68,32.0,118.0,,,,,,,,,244.0,1169.0,5.0,120.0,1263.0,8.0,24.0,24.0,88.0,0,0,1,False,skill_run,False,True,False,False,5.97,0,1,True,83.7997341366133,75.0,,28.83734693877551,-0.49675078018976476,-1.0711503835822498,0.9136811828114549,-0.7710210849298668,-0.08036739439729697,,,,-1.8958128473308218,-0.34731355504722644,,-1.0071531144290513,4.790983606557377,0.020491803278688523,0.4918032786885246,2432.0,False,False
SmitTe00,terrelle-smith-1,00-0019587,Terrelle Smith,RB,2000,4,96,NOR,arizona st.,72.0,249.0,5.0,32.5,109.0,19.0,8.38,4.85,,,,,,,,,2.0,8.0,0.0,3.0,2.0,146.0,0,0,8,False,skill_run,False,False,False,True,40.63,0,0,True,79.68,70.75,6.615,33.766782407407405,0.601181341934206,1.6466808383565705,3.2785945891518704,-0.6165271918944518,-1.5600729500651858,-0.2902702310474341,5.191085273348545,3.6013874771282133,-2.3168733148176446,-1.3517579912361501,5.003184354738994,1.6130077631454947,,,,8.0,True,False
MixoJo00,joe-mixon-1,00-0033897,Joe Mixon,RB,2017,2,48,CIN,oklahoma,,,,,,,,,1.0,1.0,26.0,1.0,0.0,300.0,2027.0,17.0,65.0,894.0,9.0,56.0,49.0,111.0,2,0,6,False,skill_run,False,True,True,False,67.34,0,0,True,,,,,,,,,,,,,,,,,6.756666666666667,0.056666666666666664,0.21666666666666667,2921.0,False,False
ElliEz00,ezekiel-elliott-1,00-0033045,Ezekiel Elliott,RB,2016,1,4,DAL,ohio st.,72.0,225.0,4.47,32.5,118.0,,,,,,,,,592.0,3961.0,43.0,58.0,449.0,1.0,68.0,65.0,135.0,3,1,7,False,skill_run,False,True,False,False,97.72,1,0,True,112.7151832008487,75.25,,30.51215277777778,0.601181341934206,0.2877652273871604,-0.638293240099441,-0.6165271918944518,-0.08036739439729697,,,,1.0595119617082396,-0.2882285882125839,,-0.11693743662749875,6.690878378378378,0.07263513513513513,0.09797297297297297,4410.0,False,False
CoheTa00,,00-0033556,Tarik Cohen,RB,2017,4,119,CHI,north carolina a&t,66.0,179.0,4.42,31.5,118.0,11.0,,,,,,,,43.0,218.0,1.0,10.0,145.0,0.0,21.0,21.0,51.0,1,1,2,False,skill_run,False,True,False,False,30.21,0,0,True,93.79808012295389,74.75,,28.888200183654728,-2.692615024437706,-2.3168230269708756,-1.0078109598401293,-0.9255149779652817,-0.08036739439729697,-1.9008018355686824,,,-0.8739245177687569,-0.40639852188186903,,-0.9801229030431574,5.069767441860465,0.023255813953488372,0.23255813953488372,363.0,False,False
WillJo12,joe-williams-7,00-0033286,Joe Williams,RB,2017,4,121,SFO,utah,71.0,210.0,4.41,35.0,125.0,14.0,7.19,4.19,,,,,,314.0,1884.0,13.0,20.0,191.0,0.0,,,,0,0,0,False,skill_run,True,False,False,False,29.37,0,0,True,111.04395783283147,80.0,5.69,29.28585598095616,0.05221528087222063,-0.5615570294687209,-1.0817145037882656,0.1559422732826228,1.0705147044555055,-1.2968524838732143,0.4163889265535508,-0.47372157447013885,0.8887031397312822,0.8343857816456248,0.07257889313652714,-0.7687554615866006,6.0,0.041401273885350316,0.06369426751592357,2075.0,False,False
ProsC.00,cj-prosise-1,00-0032393,C.J. Prosise,RB,2016,3,90,SEA,notre dame,72.0,220.0,4.48,35.5,121.0,,,,,,,,,166.0,1158.0,12.0,62.0,896.0,3.0,5.0,5.0,35.0,0,0,0,False,skill_run,False,True,False,False,43.6,0,0,True,109.22966972583035,78.25,,29.834104938271604,0.601181341934206,0.004657808435199999,-0.5643896961512981,0.3104361663180377,0.41286779082533265,,,,0.7032724849469243,0.4207910138031269,,-0.4773426865802068,6.975903614457831,0.07228915662650602,0.37349397590361444,2054.0,False,False
MichSo00,sony-michel-1,00-0034845,Sony Michel,RB,2018,1,31,NWE,georgia,71.0,214.0,4.54,,,22.0,,4.21,,,,,,591.0,3638.0,33.0,64.0,621.0,6.0,21.0,15.0,65.0,0,0,2,False,skill_run,False,True,False,False,78.41,1,0,True,100.74427076530958,,,29.84368180916485,0.05221528087222063,-0.33507109430715254,-0.12096843246247352,,,0.313679120648034,,-0.3502334213914034,-0.16398397739999346,,,-0.47225225734064397,6.155668358714044,0.05583756345177665,0.10829103214890017,4259.0,False,False
HillRo00,ronnie-hillman-1,00-0029683,Ronnie Hillman,RB,2012,3,67,DEN,san diego st.,69.0,200.0,4.42,37.0,,17.0,,,,,,,,573.0,3243.0,36.0,33.0,338.0,2.0,17.0,15.0,56.0,0,0,1,False,skill_run,False,True,False,False,55.96,0,0,True,104.80232415972502,,,29.531611006091158,-1.0457168412517501,-1.1277718673726418,-1.0078109598401293,0.7739178454242825,,-0.6929031321777461,,,0.25077236431474453,,,-0.6381283935534369,5.659685863874346,0.06282722513089005,0.05759162303664921,3581.0,False,False
ElliRh00,rhett-ellison-1,00-0029587,Rhett Ellison,RB,2012,4,128,MIN,southern california,77.0,251.0,4.78,31.5,109.0,,,,,,,,,1.0,-5.0,0.0,53.0,471.0,6.0,9.0,4.0,113.0,0,0,4,False,skill_run,False,True,False,False,26.55,0,0,True,96.15948543762605,70.25,,29.761005228537694,3.346011647244133,1.7599238059373548,1.652716622292838,-0.9255149779652817,-1.5600729500651858,,,,-0.6325753450429885,-1.4699279249054351,,-0.5161976428577871,-5.0,0.0,53.0,466.0,False,False
MillLa01,lamar-miller-1,00-0029615,Lamar Miller,RB,2012,4,97,MIA,miami,71.0,212.0,4.34,33.0,,,,,,,,,,335.0,1918.0,15.0,28.0,181.0,1.0,42.0,22.0,106.0,1,0,6,False,skill_run,False,True,False,False,40.14,0,0,True,119.51074083187976,,,29.564768895060503,0.05221528087222063,-0.4483140618879367,-1.599039311425233,-0.4620332988590369,,,,,1.7540569439987246,,,-0.6205038594636232,5.7253731343283585,0.04477611940298507,0.08358208955223881,2099.0,False,False
ReynKe00,keenan-reynolds-1,00-0033078,Keenan Reynolds,RB,2016,6,182,BAL,navy,,,,,,,,,242.0,462.0,4001.0,31.0,8.0,977.0,4559.0,88.0,1.0,47.0,0.0,0.0,,2.0,0,0,0,False,skill_run,False,True,True,False,9.56,0,1,True,,,,,,,,,,,,,,,,,4.66632548618219,0.09007164790174002,0.0010235414534288639,4606.0,False,False
HillKe01,kenny-hilliard-1,00-0031625,Kenny Hilliard,RB,2015,7,235,HOU,louisiana state,72.0,226.0,4.83,27.0,111.0,,7.17,4.4,,,,,,302.0,1557.0,27.0,11.0,69.0,1.0,,,,0,0,0,False,skill_run,True,True,False,False,1.14,0,1,True,83.05196491175583,69.0,5.785,30.647762345679013,0.601181341934206,0.34438671117755254,2.022234342033526,-2.315960015284016,-1.2312494932500995,,0.336141929128423,0.8229040328566108,-1.9722391527548842,-1.765352759078648,0.5789654000038063,-0.04485638663695752,5.155629139072848,0.08940397350993377,0.03642384105960265,1626.0,False,False
PoweBi00,bilal-powell-1,00-0028064,Bilal Powell,RB,2011,4,126,NYJ,louisville,70.0,207.0,4.51,,,18.0,,,,,,,,436.0,2338.0,19.0,45.0,344.0,3.0,26.0,26.0,109.0,0,0,3,False,skill_run,False,True,False,False,27.34,0,0,True,100.06775892268998,,,29.69816326530612,-0.49675078018976476,-0.7314214808398971,-0.3426790643068891,,,-0.4915866816125901,,,-0.23312736948984103,,,-0.5496002615911336,5.362385321100917,0.04357798165137615,0.10321100917431193,2682.0,False,False
JoneRo01,ronald-jones-4,00-0034816,Ronald Jones II,RB,2018,2,38,TAM,southern california,71.0,205.0,4.65,36.5,,,,,,,,,,591.0,3619.0,39.0,32.0,302.0,3.0,18.0,17.0,61.0,0,0,2,False,skill_run,False,True,False,False,73.75,0,0,True,87.69443718224883,,,28.5885736956953,0.05221528087222063,-0.8446644484206813,0.6919705509670458,0.6194239523888676,,,,,-1.4977518485534178,,,-1.1393844668940467,6.123519458544839,0.06598984771573604,0.05414551607445008,3921.0,False,False
BrowDo00,donald-brown-1,00-0027003,Donald Brown,RB,2009,1,27,IND,connecticut,70.0,210.0,4.46,41.5,125.0,,6.93,4.1,,,,,,,,,57.0,798.0,5.0,25.0,21.0,89.0,0,0,1,False,skill_run,False,True,False,True,81.14,1,0,True,106.14752089446318,83.25,5.515,30.12857142857143,-0.49675078018976476,-0.5615570294687209,-0.7121967840475774,2.164362882743017,1.0705147044555055,,-0.6268220399730889,-1.0294182633244648,0.38825918924277936,1.6024903504959782,-0.8602383563558353,-0.3208238351721729,,,,798.0,True,False
ColeTe01,tevin-coleman-1,00-0032058,Tevin Coleman,RB,2015,3,73,ATL,indiana,71.0,206.0,4.4,,,22.0,,,,,,,,452.0,3219.0,28.0,54.0,383.0,0.0,33.0,25.0,94.0,0,0,2,False,skill_run,False,True,False,False,52.59,0,0,True,109.92247797281604,,,28.728030152747472,0.05221528087222063,-0.7880429646302892,-1.155618047736402,,,0.313679120648034,,,0.7740814630705299,,,-1.0652586658325571,7.121681415929204,0.061946902654867256,0.11946902654867257,3602.0,False,False
GaffTy00,tyler-gaffney-1,00-0031190,Tyler Gaffney,RB,2014,6,204,CAR,stanford,71.0,220.0,4.49,36.5,116.0,,6.78,4.18,,,,,,486.0,2500.0,33.0,32.0,264.0,4.0,,,,0,0,0,False,skill_run,True,True,False,False,5.07,0,1,True,108.25982294252942,76.25,5.48,30.68042055147788,0.05221528087222063,0.004657808435199999,-0.4904861522031618,0.6194239523888676,-0.4091908512123834,,-1.2286745206615313,-0.535465651009512,0.6041485787855957,-0.051888720874013625,-1.0468018062543032,-0.027497450971709976,5.1440329218107,0.06790123456790123,0.06584362139917696,2764.0,False,False
ThomCh03,chris-thompson-1,00-0030404,Chris Thompson,RB,2013,5,154,WAS,florida st.,67.0,192.0,4.42,,,21.0,,,,,,,,276.0,1736.0,14.0,45.0,430.0,1.0,20.0,19.0,74.0,0,0,0,False,skill_run,False,True,False,False,17.31,0,1,True,100.61023119333602,,,30.068166629538872,-2.1436489633757208,-1.5807437376957785,-1.0078109598401293,,,0.11236267008287798,,,-0.17768359076468432,,,-0.3529310190982029,6.2898550724637685,0.050724637681159424,0.16304347826086957,2166.0,False,False
LacyEd00,eddie-lacy-1,00-0030485,Eddie Lacy,RB,2013,2,61,GNB,alabama,71.0,231.0,4.55,,,,,,,,,,,355.0,2402.0,30.0,35.0,338.0,2.0,36.0,34.0,60.0,1,0,3,False,skill_run,False,True,False,False,59.44,0,0,True,107.79444701397645,,,32.21444157905177,0.05221528087222063,0.6274941301295129,-0.047064888514337176,,,,,,0.5565844885953692,,,0.7878863607046702,6.766197183098591,0.08450704225352113,0.09859154929577464,2740.0,False,False
ForeDO00,donta-foreman-1,00-0033925,D'Onta Foreman,RB,2017,3,89,HOU,texas,72.0,233.0,,,,18.0,,,,,,,,434.0,2783.0,20.0,13.0,146.0,0.0,17.0,2.0,63.0,0,0,1,False,skill_run,False,True,False,False,44.11,0,0,True,,,,31.597029320987655,0.601181341934206,0.7407370977102972,,,,-0.4915866816125901,,,,,,0.45971096329683303,6.412442396313364,0.04608294930875576,0.029953917050691243,2929.0,False,False
JoneGr01,greg-jones-1,00-0022897,Greg Jones,RB,2004,2,55,JAX,florida st.,73.0,249.0,4.55,,,,,,,,,,,9.0,144.0,0.0,39.0,811.0,6.0,9.0,9.0,131.0,0,0,5,False,skill_run,False,True,False,False,63.03,0,0,True,116.19401431376683,,,32.84800150121974,1.1501474029961913,1.6466808383565705,-0.047064888514337176,,,,,,1.4150684627200205,,,1.124644785118005,16.0,0.0,4.333333333333333,955.0,False,False
HoodEl00,elijah-hood-1,00-0033975,Elijah Hood,RB,2017,7,242,OAK,north carolina,72.0,232.0,,,,18.0,,,,,,,,431.0,2580.0,29.0,40.0,211.0,0.0,0.0,0.0,1.0,0,0,0,False,skill_run,False,True,False,False,0.64,0,1,True,,,,31.46141975308642,0.601181341934206,0.684115613919905,,,,-0.4915866816125901,,,,,,0.38762991330629176,5.986078886310905,0.06728538283062645,0.09280742459396751,2791.0,False,False
RichTr00,trent-richardson-1,00-0029675,Trent Richardson,RB,2012,1,3,CLE,alabama,69.0,228.0,4.48,,,,,,,,,,,540.0,3130.0,35.0,68.0,730.0,7.0,17.0,7.0,46.0,0,0,3,False,skill_run,False,True,False,False,98.48,1,0,True,113.20165771586053,,,33.66603654694392,-1.0457168412517501,0.4576296787583367,-0.5643896961512981,,,,,,1.1092324484966656,,,1.559457947178989,5.796296296296297,0.06481481481481481,0.1259259259259259,3860.0,False,False
BennMi00,michael-bennett-1,00-0020514,Michael Bennett,RB,2001,1,27,MIN,wisconsin,69.0,207.0,4.38,39.5,130.0,13.0,,,,,,,,,,,134.0,1607.0,17.0,34.0,29.0,107.0,1,0,3,False,skill_run,False,True,False,True,81.14,1,0,True,112.48740527430714,84.75,,30.565217391304348,-1.0457168412517501,-0.7314214808398971,-1.3034251356326811,1.546387310601357,1.8925733464932215,-1.4981689344383702,,,1.0362317506430632,1.9570001515038336,,-0.08873180837033086,,,,1607.0,True,False
SeasLa00,lache-seastrunk-1,00-0031078,Lache Seastrunk,RB,2014,6,186,WAS,baylor,69.0,201.0,4.51,41.5,134.0,15.0,,,,,,,,289.0,2189.0,18.0,9.0,107.0,1.0,,,,0,0,0,False,skill_run,True,True,False,False,8.64,0,1,True,97.16724417130766,87.75,,29.679269061121612,-1.0457168412517501,-1.0711503835822498,-0.3426790643068891,2.164362882743017,2.5502202601233943,-1.0955360333080582,,,-0.5295766200168306,2.6660197535195445,,-0.559643167098708,7.57439446366782,0.06228373702422145,0.031141868512110725,2296.0,False,False
TaylKe01,kelvin-taylor-1,00-0032440,Kelvin Taylor,RB,2016,6,211,SFO,florida,70.0,207.0,4.6,32.0,113.0,15.0,,,,,,,,486.0,2108.0,23.0,24.0,179.0,0.0,,,,0,0,0,False,skill_run,True,True,False,False,3.94,0,1,True,92.46322018574837,72.5,,29.69816326530612,-0.49675078018976476,-0.7314214808398971,0.32245283122635104,-0.7710210849298668,-0.9024260364350131,-1.0955360333080582,,,-1.0103548626771879,-0.9381632233936521,,-0.5496002615911336,4.337448559670782,0.047325102880658436,0.04938271604938271,2287.0,False,False
HaviSt00,stanley-havili-1,00-0028178,Stanley Havili,RB,2011,7,240,PHI,southern california,72.0,227.0,4.64,,,,,,,,,,,81.0,509.0,3.0,116.0,1290.0,12.0,1.0,0.0,28.0,0,0,1,False,skill_run,False,True,False,False,0.77,0,1,True,97.94537438974045,,,30.783371913580247,0.601181341934206,0.4010081949679446,0.6180670070189029,,,,,,-0.4500472468402697,,,0.027224663353583718,6.283950617283951,0.037037037037037035,1.4320987654320987,1799.0,False,False
MoreKn00,knowshon-moreno-1,00-0026988,Knowshon Moreno,RB,2009,1,12,DEN,georgia,71.0,217.0,4.5,35.5,115.0,25.0,6.84,4.27,,,,,,,,,,,,33.0,32.0,63.0,0,0,3,False,skill_run,False,False,False,True,91.78,1,0,True,105.83752476756592,75.25,5.555,30.262051180321365,0.05221528087222063,-0.16520664293597626,-0.4165826082550254,0.3104361663180377,-0.5736025796199266,0.9176284723435021,-0.9879335283861551,0.02023103784480846,0.3565758063393944,-0.2882285882125839,-0.647022985043296,-0.24987485415617697,,,,,True,True
CoffGl00,glen-coffee-1,00-0027048,Glen Coffee,RB,2009,3,74,SFO,alabama,72.0,209.0,4.5,36.0,121.0,24.0,7.35,4.51,,,,,,,,,,,,2.0,2.0,14.0,0,0,0,False,skill_run,False,False,False,True,52.04,0,0,True,101.93568053650358,78.5,5.93,28.342399691358025,0.601181341934206,-0.618178513259113,-0.4165826082550254,0.46493005935345266,0.41286779082533265,0.7163120217783461,1.0583649059545552,1.5020888747896668,-0.04221506256421437,0.4798759806377695,1.3518711210117584,-1.2702342364761623,,,,,True,True
GreeSh00,shonn-greene-1,00-0026899,Shonn Greene,RB,2009,3,65,NYJ,iowa,70.0,227.0,4.55,37.0,121.0,19.0,7.1,4.4,,,,,,,,,,,,23.0,20.0,85.0,0,0,2,False,skill_run,False,False,False,True,57.11,0,0,True,105.92787650291193,79.0,5.75,32.56755102040816,-0.49675078018976476,0.4010081949679446,-0.047064888514337176,0.7739178454242825,0.41286779082533265,-0.2902702310474341,0.055277438140481125,0.8229040328566108,0.365810272123225,0.5980459143070546,0.39240195010533374,0.9755759145352613,,,,,True,True
DixoAn00,anthony-dixon-1,00-0027772,Anthony Dixon,RB,2010,6,173,SFO,mississippi st.,73.0,233.0,4.67,33.0,121.0,15.0,7.09,4.49,,,,,,,,,,,,7.0,3.0,96.0,0,0,0,False,skill_run,False,False,False,True,11.8,0,1,True,97.97570437467157,77.0,5.79,30.73728654531807,1.1501474029961913,0.7407370977102972,0.8397776388633186,-0.4620332988590369,0.41286779082533265,-1.0955360333080582,0.015153939427919016,1.3786007217109313,-0.4469473483491351,0.12536617962991406,0.6056173214178731,0.0027287388775336686,,,,,True,True
BrowAn03,andre-brown-1,00-0027094,Andre Brown,RB,2009,4,129,NYG,north carolina st.,72.0,224.0,4.37,37.0,115.0,24.0,7.35,4.33,,,,,,,,,,,,7.0,7.0,22.0,0,0,1,False,skill_run,False,False,False,True,26.16,0,0,True,122.84352388797605,76.0,5.84,30.376543209876544,0.601181341934206,0.23114374359676834,-1.3773286795808175,0.7739178454242825,-0.5736025796199266,0.7163120217783461,1.0583649059545552,0.3906954970810258,2.094686495590537,-0.11097368770865619,0.8721365355585461,-0.18901848661804,,,,,True,True
FiamTo00,tony-fiammetta-1,00-0027093,Tony Fiammetta,RB,2009,4,128,CAR,syracuse,72.0,245.0,4.58,34.0,112.0,30.0,7.31,4.49,,,,,,,,,,,,1.0,0.0,51.0,0,0,2,False,skill_run,False,False,False,True,26.55,0,0,True,111.36126817515485,73.0,5.9,33.22434413580247,0.601181341934206,1.4201949031950023,0.1746457433300784,-0.15304551278820702,-1.0668377648425562,1.9242107251692824,0.8978709111043033,1.3786007217109313,0.9211340774196354,-0.819993289724367,1.1919595925273574,1.3246835631833298,,,,,True,True
GoodMi00,mike-goodson-1,00-0027080,Mike Goodson,RB,2009,4,111,CAR,texas a&m,72.0,208.0,4.43,39.5,118.0,14.0,6.89,4.22,,,,,,,,,,,,7.0,4.0,42.0,0,0,0,False,skill_run,False,False,False,True,33.66,0,0,True,108.01359620861858,78.75,5.555,28.20679012345679,0.601181341934206,-0.6747999970495051,-0.9339074158919929,1.546387310601357,-0.08036739439729697,-1.2968524838732143,-0.787316034823341,-0.28848934485203565,0.5789827937494081,0.5389609474724121,-0.647022985043296,-1.3423152864667034,,,,,True,True
OgboCh00,chris-ogbonnaya-1,00-0027140,Chris Ogbonnaya,RB,2009,7,211,STL,texas,72.0,220.0,4.57,35.0,111.0,19.0,6.85,4.29,,,,,,,,,,,,7.0,0.0,53.0,0,0,1,False,skill_run,False,False,False,True,3.94,0,1,True,100.8760053944435,73.0,5.57,29.834104938271604,0.601181341934206,0.004657808435199999,0.10074219938194207,0.1559422732826228,-1.2312494932500995,-0.2902702310474341,-0.947810029673593,0.1437191909235494,-0.15051994241910296,-0.819993289724367,-0.5670672208010908,-0.4773426865802068,,,,,True,True
DaviJa03,james-davis-1,00-0027130,James Davis,RB,2009,6,195,CLE,clemson,71.0,218.0,4.45,32.0,109.0,17.0,7.15,4.37,,,,,,,,,,,,1.0,0.0,9.0,0,0,0,False,skill_run,False,False,False,True,6.74,0,1,True,111.18506270759437,70.5,5.76,30.401507637373538,0.05221528087222063,-0.10858515914558418,-0.7861003279957137,-0.7710210849298668,-1.5600729500651858,-0.6929031321777461,0.2558949317032988,0.6376718032385021,0.9031248675812206,-1.4108429580707926,0.4457057929334674,-0.17574905309468733,,,,,True,True
RingJa00,javon-ringer-1,00-0027120,Javon Ringer,RB,2009,5,173,TEN,michigan st.,69.0,205.0,4.5,34.0,115.0,23.0,6.87,4.11,,,,,,,,,,,,5.0,5.0,37.0,0,0,0,False,skill_run,False,False,False,True,11.8,0,1,True,99.98475842097241,74.5,5.49,30.269901281243435,-1.0457168412517501,-0.8446644484206813,-0.4165826082550254,-0.15304551278820702,-0.5736025796199266,0.5149955712131901,-0.8675630322484652,-0.9676741867850915,-0.24161049701601875,-0.4654834887165116,-0.9934979634261695,-0.2457022612797905,,,,,True,True
MarsKe00,keith-marshall-1,00-0032806,Keith Marshall,RB,2016,7,242,WAS,georgia,71.0,219.0,4.31,30.5,,25.0,,,,,,,,253.0,1379.0,12.0,24.0,225.0,3.0,,,,0,0,0,False,skill_run,True,True,False,False,0.64,0,1,True,126.930219145066,,,30.54096409442571,0.05221528087222063,-0.05196367535519209,-1.8207499432696486,-1.2345027640361115,,0.9176284723435021,,,2.5123702000154666,,,-0.1016232520331977,5.450592885375494,0.04743083003952569,0.09486166007905138,1604.0,False,False
JacoJo01,joshua-jacobs-1,00-0035700,Josh Jacobs,RB,2019,1,24,OAK,alabama,70.0,220.0,,,,,,,,,,,,252.0,1488.0,16.0,48.0,581.0,5.0,57.0,38.0,105.0,3,1,6,False,skill_run,False,True,False,False,83.21,1,0,True,,,,31.56326530612245,-0.49675078018976476,0.004657808435199999,,,,,,,,,,0.44176425289102456,5.904761904761905,0.06349206349206349,0.19047619047619047,2069.0,False,False
JameLa00,lamichael-james-1,00-0029260,LaMichael James,RB,2012,2,61,SFO,oregon,68.0,194.0,4.35,35.0,123.0,15.0,6.88,4.12,,,,,,,,,,,,2.0,2.0,18.0,0,0,0,False,skill_run,False,False,False,True,59.44,0,0,True,108.36142255856159,79.0,5.5,29.494377162629757,-1.5946829023137354,-1.4675007701149942,-1.5251357674770967,0.1559422732826228,0.741691247640419,-1.0955360333080582,-0.827439533535903,-0.9059301102457239,0.6145326425150457,0.5980459143070546,-0.9401941205980359,-0.6579194346533974,,,,,True,True
WebeMi00,mike-weber-1,00-0035303,Mike Weber,RB,2019,7,218,DAL,ohio st.,70.0,211.0,4.47,33.5,,22.0,,,,,,,,454.0,2676.0,24.0,54.0,297.0,1.0,,,,0,0,0,False,skill_run,True,True,False,False,2.95,0,1,True,105.701794023907,,,30.27204081632653,-0.49675078018976476,-0.5049355456783288,-0.638293240099441,-0.30753940582362194,,0.313679120648034,,,0.3427033455246431,,,-0.24456502636585392,5.894273127753304,0.05286343612334802,0.11894273127753303,2973.0,False,False
GricMa00,marion-grice-1,00-0030999,Marion Grice,RB,2014,6,201,SDG,arizona st.,72.0,208.0,4.67,,,,,,,,,,,294.0,1675.0,25.0,91.0,863.0,14.0,0.0,,10.0,0,0,0,False,skill_run,False,True,False,False,5.6,0,1,True,87.46328974219607,,,28.20679012345679,0.601181341934206,-0.6747999970495051,0.8397776388633186,,,,,,-1.5213764432334544,,,-1.3423152864667034,5.697278911564626,0.08503401360544217,0.30952380952380953,2538.0,False,False
BaxtJa00,jarrod-baxter-1,00-0021253,Jarrod Baxter,RB,2002,5,136,HOU,new mexico,73.0,245.0,4.7,32.5,116.0,23.0,7.1,4.27,,,,,,,,,,,,0.0,0.0,32.0,0,0,1,False,skill_run,False,False,False,True,23.5,0,1,True,100.41640017042097,74.25,5.685,32.320322762244324,1.1501474029961913,1.4201949031950023,1.0614882707077342,-0.6165271918944518,-0.4091908512123834,0.5149955712131901,0.055277438140481125,0.02023103784480846,-0.19749423349444856,-0.5245684555511542,0.04592697172245558,0.8441657735578872,,,,,True,True
LyncMa00,marshawn-lynch-1,00-0025399,Marshawn Lynch,RB,2007,1,12,BUF,california,71.0,215.0,4.46,35.5,125.0,20.0,7.05,4.55,,,,,,,,,,,,74.0,15.0,149.0,5,1,8,False,skill_run,False,False,False,True,91.78,1,0,True,108.67484282052183,80.25,5.8,29.983138266217022,0.05221528087222063,-0.2784496105167604,-0.7121967840475774,0.3104361663180377,1.0705147044555055,-0.08895378048227805,-0.145340055422333,1.7490651809471431,0.6465659916692975,0.8934707484802674,0.6589211642460068,-0.39812645627915433,,,,,True,True
HaynVe00,verron-haynes-1,00-0021279,Verron Haynes,RB,2002,5,166,PIT,georgia,70.0,224.0,4.78,31.5,117.0,25.0,7.27,4.08,,,,,,,,,,,,9.0,9.0,68.0,0,0,0,False,skill_run,False,False,False,True,13.71,0,1,True,85.81563640648699,74.25,5.675,32.137142857142855,-0.49675078018976476,0.23114374359676834,1.652716622292838,-0.9255149779652817,-0.24477912280484018,0.9176284723435021,0.7373769162540512,-1.1529064164032004,-1.6897760682539682,-0.5245684555511542,-0.007376871105678069,0.7467994881163024,,,,,True,True
VickLa00,lawrence-vickers-1,00-0024394,Lawrence Vickers,RB,2006,6,180,CLE,colorado,72.0,245.0,4.82,30.5,104.0,21.0,7.74,4.63,,,,,,,,,,,,3.0,2.0,106.0,0,0,3,False,skill_run,False,False,False,True,10.04,0,1,True,90.78371005600239,67.25,6.1850000000000005,33.22434413580247,0.601181341934206,1.4201949031950023,1.94833079808539,-1.2345027640361115,-2.382131592102902,0.11236267008287798,2.623181355744513,2.243017793262096,-1.1820104348401634,-2.178947526921146,2.7111191131291994,1.3246835631833298,,,,,True,True
EasyOm00,omar-easy-1,00-0021087,Omar Easy,RB,2002,4,107,KAN,penn st.,73.0,244.0,4.53,40.0,123.0,21.0,7.25,4.12,,,,,,,,,,,,0.0,0.0,53.0,0,0,0,False,skill_run,False,False,False,True,35.45,0,0,True,115.8849436575315,81.5,5.6850000000000005,32.18840307750047,1.1501474029961913,1.36357341940461,-0.19487197641060985,1.700881203636772,0.741691247640419,0.11236267008287798,0.657129918828927,-0.9059301102457239,1.3834796682285655,1.1888955826534802,0.04592697172246031,0.7740460206678569,,,,,True,True
LundWa00,wali-lundy-1,00-0024384,Wali Lundy,RB,2006,6,170,HOU,virginia,71.0,214.0,4.48,35.0,111.0,18.0,6.99,4.36,,,,,,,,,,,,5.0,5.0,14.0,0,0,1,False,skill_run,False,False,False,True,12.6,0,1,True,106.2506787333077,73.0,5.675000000000001,29.84368180916485,0.05221528087222063,-0.33507109430715254,-0.5643896961512981,0.1559422732826228,-1.2312494932500995,-0.4915866816125901,-0.3860810476977092,0.5759277266991344,0.39880251228461694,-0.819993289724367,-0.007376871105673335,-0.47225225734064397,,,,,True,True
JohnRu00,rudi-johnson-1,00-0020407,Rudi Johnson,RB,2001,4,100,CIN,auburn,70.0,227.0,4.57,37.5,119.0,24.0,7.32,4.22,,,,,,,,,,,,46.0,45.0,95.0,1,0,5,False,skill_run,False,False,False,True,38.71,0,0,True,104.0856964751758,78.25,5.77,32.56755102040816,-0.49675078018976476,0.4010081949679446,0.10074219938194207,0.9284117384596975,0.08404433401024623,0.7163120217783461,0.9379944098168689,-0.28848934485203565,0.17752890299800292,0.4207910138031269,0.49900963576160107,0.9755759145352613,,,,,True,True
BrowRo05,ronnie-brown-1,00-0023437,Ronnie Brown,RB,2005,1,2,MIA,auburn,72.0,233.0,4.43,34.0,117.0,18.0,7.1,4.08,,,,,,,,,,,,41.0,36.0,132.0,1,0,6,False,skill_run,False,False,False,True,99.24,1,0,True,120.99599959907755,75.5,5.59,31.597029320987655,0.601181341934206,0.7407370977102972,-0.9339074158919929,-0.15304551278820702,-0.24477912280484018,-0.4915866816125901,0.055277438140481125,-1.1529064164032004,1.905858912309552,-0.22914362137794134,-0.4604595351448236,0.45971096329683303,,,,,True,True
MartJa01,jamar-martin-1,00-0021387,Jamar Martin,RB,2002,4,129,DAL,ohio st.,71.0,245.0,4.89,32.0,108.0,23.0,7.53,4.34,,,,,,,,,,,,0.0,0.0,25.0,0,0,0,False,skill_run,False,False,False,True,26.16,0,0,True,85.69601825984289,70.0,5.9350000000000005,34.16683197778219,0.05221528087222063,1.4201949031950023,2.465655605722351,-0.7710210849298668,-1.724484678472729,0.5149955712131901,1.780587882780691,0.4524395736203935,-1.7020017292009335,-1.5290128917400778,1.37852304242583,1.8256475755655213,,,,,True,True
EvanHe00,heath-evans-1,00-0020507,Heath Evans,RB,2001,3,82,SEA,auburn,72.0,246.0,4.56,34.5,111.0,30.0,7.3,4.24,,,,,,,,,,,,8.0,2.0,143.0,0,0,0,False,skill_run,False,False,False,True,47.73,0,0,True,113.79042830708337,72.75,5.77,33.3599537037037,0.601181341934206,1.4768163869853943,0.02683865543379916,0.001448380247207893,-1.2312494932500995,1.9242107251692824,0.8577474123917411,-0.16500119177329473,1.1694081812410557,-0.8790782565590095,0.49900963576160107,1.396764613173871,,,,,True,True
WillCa02,carnell-williams-1,00-0023440,Cadillac Williams,RB,2005,1,5,TAM,auburn,71.0,217.0,4.43,35.5,118.0,19.0,6.94,4.15,,,,,,,,,,,,28.0,27.0,81.0,0,0,4,False,skill_run,False,False,False,True,96.97,1,0,True,112.6872614291838,76.75,5.545,30.262051180321365,0.05221528087222063,-0.16520664293597626,-0.9339074158919929,0.3104361663180377,-0.08036739439729697,-0.2902702310474341,-0.5866985412605233,-0.7206978806276152,1.0566581964310595,0.06628121279527151,-0.7003268278714297,-0.24987485415617697,,,,,True,True
CartRo01,rock-cartwright-1,00-0021357,Rock Cartwright,RB,2002,7,257,WAS,kansas st.,68.0,237.0,4.47,35.0,116.0,30.0,7.18,4.25,,,,,,,,,,,,9.0,9.0,154.0,0,0,0,False,skill_run,False,False,False,True,0.05,0,1,True,118.72665963822729,75.5,5.715,36.031790657439444,-1.5946829023137354,0.9672230328718655,-0.638293240099441,0.1559422732826228,-0.4091908512123834,1.9242107251692824,0.3762654278409851,-0.10325711523392699,1.6739193470084641,-0.22914362137794134,0.20583850020686126,2.816935888766061,,,,,True,True
StitSh00,shyrone-stith-1,00-0018971,Shyrone Stith,RB,2000,7,243,JAX,virginia tech,67.0,204.0,4.6,35.0,111.0,13.0,7.14,4.14,,,,,,,,,,,,0.0,0.0,15.0,0,0,0,False,skill_run,False,False,False,True,0.58,0,1,True,91.1231735163897,73.0,5.64,31.947427043885053,-2.1436489633757208,-0.9012859322110734,0.32245283122635104,0.1559422732826228,-1.2312494932500995,-1.4981689344383702,0.21577143299073312,-0.7824419571669884,-1.14731532137275,-0.819993289724367,-0.19394032100415057,0.6459591474893682,,,,,True,True
TurnMi00,michael-turner-2,00-0022821,Michael Turner,RB,2004,5,154,SDG,northern illinois,70.0,237.0,4.49,31.0,114.0,22.0,7.5,4.15,,,,,,,,,,,,55.0,9.0,134.0,2,1,5,False,skill_run,False,False,False,True,17.31,0,1,True,116.62535471536124,72.5,5.825,34.00224489795919,-0.49675078018976476,0.9672230328718655,-0.4904861522031618,-1.0800088710006965,-0.7380143080274698,0.313679120648034,1.6602173866430012,-0.7206978806276152,1.4591539267617855,-0.9381632233936521,0.7921807713163456,1.7381640025984626,,,,,True,True
TomlLa00,ladainian-tomlinson-1,00-0020536,LaDainian Tomlinson,RB,2001,1,5,SDG,texas christian,70.0,221.0,4.46,40.5,124.0,18.0,6.84,4.21,,,,,,,,,,,,129.0,121.0,170.0,5,3,10,True,skill_run,False,False,False,True,96.97,1,0,True,111.7076291317922,82.25,5.525,31.70673469387755,-0.49675078018976476,0.061279292225592086,-0.7121967840475774,1.855375096672187,0.9061029760479623,-0.4915866816125901,-0.9879335283861551,-0.3502334213914034,0.9565341545811188,1.366150483157408,-0.806934513527697,0.5180230616973436,,,,,True,True
WolfGa00,garrett-wolfe-1,00-0025480,Garrett Wolfe,RB,2007,3,93,CHI,northern illinois,67.0,186.0,4.39,35.5,116.0,22.0,6.69,4.08,,,,,,,,,,,,2.0,2.0,50.0,0,0,0,False,skill_run,False,False,False,True,42.1,0,0,True,100.15781899578903,75.75,5.385,29.128536422365784,-2.1436489633757208,-1.920472640438131,-1.2295215916845448,0.3104361663180377,-0.4091908512123834,0.313679120648034,-1.5897860090745974,-1.1529064164032004,-0.2239227132611849,-0.17005865454329877,-1.5531883131215871,-0.8523761023919875,,,,,True,True
WrigDw01,dwayne-wright-1,00-0025498,Dwayne Wright,RB,2007,4,111,BUF,fresno st.,71.0,228.0,4.66,34.0,115.0,14.0,7.23,4.43,,,,,,,,,,,,1.0,1.0,15.0,0,0,0,False,skill_run,False,False,False,True,33.66,0,0,True,96.69882031486993,74.5,5.83,31.796072207895257,0.05221528087222063,0.4576296787583367,0.7658740949151822,-0.15304551278820702,-0.5736025796199266,-1.2968524838732143,0.5768829214038028,1.0081362624747139,-0.5774522259256598,-0.4654834887165116,0.8188326927304124,0.5655089575202032,,,,,True,True
HenrLe20,leonard-henry-1,00-0021343,Leonard Henry,RB,2002,7,241,MIA,east carolina,73.0,206.0,4.57,35.0,113.0,26.0,7.11,4.29,,,,,,,,,,,,1.0,1.0,6.0,0,0,0,False,skill_run,False,False,False,True,0.71,0,1,True,94.45662323297891,74.0,5.7,27.175455057234004,1.1501474029961913,-0.7880429646302892,0.10074219938194207,0.1559422732826228,-0.9024260364350131,1.118944922908658,0.09540093685304679,0.1437191909235494,-0.8066176332533133,-0.5836534223857968,0.1258827359646608,-1.890504589153261,,,,,True,True
ScobJo00,josh-scobey-1,00-0021098,Josh Scobey,RB,2002,6,185,ARI,kansas st.,71.0,218.0,4.42,40.5,124.0,21.0,6.96,3.93,,,,,,,,,,,,3.0,3.0,62.0,0,0,0,False,skill_run,False,False,False,True,8.86,0,1,True,114.23453333410026,82.25,5.445,30.401507637373538,0.05221528087222063,-0.10858515914558418,-1.0078109598401293,1.855375096672187,0.9061029760479623,0.11236267008287798,-0.5064515438353991,-2.0790675644937355,1.2147982632434595,1.366150483157408,-1.2333652561527757,-0.17574905309468733,,,,,True,True
JackBr00,brandon-jackson-2,00-0025450,Brandon Jackson,RB,2007,2,63,GNB,nebraska,70.0,210.0,4.54,37.0,122.0,21.0,7.0,4.14,,,,,,,,,,,,16.0,16.0,54.0,0,0,1,False,skill_run,False,False,False,True,58.27,0,0,True,98.86120028371501,79.5,5.57,30.12857142857143,-0.49675078018976476,-0.5615570294687209,-0.12096843246247352,0.7739178454242825,0.5772795192328759,0.11236267008287798,-0.3459575489851471,-0.7824419571669884,-0.3564445855358999,0.7162158479763397,-0.5670672208010908,-0.3208238351721729,,,,,True,True
TapeTh00,thomas-tapeh-1,00-0022797,Thomas Tapeh,RB,2004,5,162,PHI,minnesota,73.0,245.0,4.8,32.5,114.0,23.0,7.65,4.52,,,,,,,,,,,,2.0,2.0,41.0,0,0,2,False,skill_run,False,False,False,True,14.86,0,1,True,92.30625482253087,73.25,6.085,32.320322762244324,1.1501474029961913,1.4201949031950023,1.8005237101891107,-0.6165271918944518,-0.7380143080274698,0.5149955712131901,2.262069867331447,1.5638329513290345,-1.0263976234534766,-0.7609083228897244,2.1780806848478487,0.8441657735578872,,,,,True,True
LeonBr00,brian-leonard-1,00-0025439,Brian Leonard,RB,2007,2,52,STL,rutgers,73.0,226.0,4.52,34.5,122.0,28.0,6.88,4.22,,,,,,,,,,,,11.0,3.0,88.0,0,0,0,False,skill_run,False,False,False,True,64.86,0,0,True,108.28908785588996,78.25,5.55,29.81384875211109,1.1501474029961913,0.34438671117755254,-0.26877552035875274,0.001448380247207893,0.5772795192328759,1.5215778240389701,-0.827439533535903,-0.28848934485203565,0.6071396208509164,0.4207910138031269,-0.6736749064573628,-0.48810953135267166,,,,,True,True
HenrCh01,chris-henry-1,00-0025437,Chris Henry,RB,2007,2,50,TEN,arizona,71.0,230.0,4.4,36.0,127.0,26.0,6.96,4.14,,,,,,,,,,,,1.0,1.0,11.0,0,0,0,False,skill_run,False,False,False,True,66.09,0,0,True,122.7289802609111,81.5,5.55,32.0749851219996,0.05221528087222063,0.5708726463391209,-1.155618047736402,0.46493005935345266,1.399338161270592,1.118944922908658,-0.5064515438353991,-0.7824419571669884,2.082979479661773,1.1888955826534802,-0.6736749064573628,0.7137605596431825,,,,,True,True
ArriJ.00,jj-arrington-1,00-0023479,J.J. Arrington,RB,2005,2,44,ARI,california,69.0,214.0,4.4,35.0,121.0,18.0,6.81,4.1,,,,,,,,,,,,12.0,12.0,58.0,0,0,0,False,skill_run,False,False,False,True,69.87,0,0,True,114.19131206884772,78.0,5.455,31.598823776517538,-1.0457168412517501,-0.33507109430715254,-1.155618047736402,0.1559422732826228,0.41286779082533265,-0.4915866816125901,-1.108304024523845,-1.0294182633244648,1.2103808019342772,0.36170604696848435,-1.180061413324642,0.4606647768127751,,,,,True,True
AddaJo00,joseph-addai-1,00-0024245,Joseph Addai,RB,2006,1,30,IND,louisiana state,71.0,214.0,4.4,38.5,125.0,18.0,7.09,4.47,,,,,,,,,,,,50.0,50.0,78.0,1,0,4,False,skill_run,False,False,False,True,79.09,1,0,True,114.19131206884772,81.75,5.779999999999999,29.84368180916485,0.05221528087222063,-0.33507109430715254,-1.155618047736402,1.2373995245305274,1.0705147044555055,-0.4915866816125901,0.015153939427919016,1.2551125686321905,1.2103808019342772,1.2479805494881229,0.5523134785897347,-0.47225225734064397,,,,,True,True
PearAl00,alvin-pearman-1,00-0023561,Alvin Pearman,RB,2005,4,127,JAX,virginia,69.0,208.0,4.63,34.0,114.0,24.0,7.06,4.08,,,,,,,,,,,,5.0,5.0,38.0,0,0,0,False,skill_run,False,False,False,True,26.94,0,0,True,90.52517364568132,74.0,5.57,30.712875446334802,-1.0457168412517501,-0.6747999970495051,0.5441634630707667,-0.15304551278820702,-0.7380143080274698,0.7163120217783461,-0.10521655670977087,-1.1529064164032004,-1.2084343394374744,-0.5836534223857968,-0.5670672208010908,-0.010246581915601967,,,,,True,True
SproDa00,darren-sproles-1,00-0023564,Darren Sproles,RB,2005,4,130,SDG,kansas st.,66.0,187.0,4.47,33.0,105.0,23.0,6.96,3.96,,,,,,,,,,,,62.0,25.0,183.0,3,0,1,False,skill_run,False,False,False,True,25.77,0,0,True,93.6788411491498,69.0,5.46,30.17929292929293,-2.692615024437706,-1.863851156647739,-0.638293240099441,-0.4620332988590369,-2.2177198636953586,0.5149955712131901,-0.5064515438353991,-1.8938353348756294,-0.8861114250758075,-1.765352759078648,-1.1534094919105753,-0.2938636502406456,,,,,True,True
FostDe00,deshaun-foster-1,00-0021164,DeShaun Foster,RB,2002,2,34,CAR,ucla,73.0,222.0,4.57,35.5,119.0,20.0,6.82,4.16,,,,,,,,,,,,32.0,30.0,79.0,0,0,3,False,skill_run,False,False,False,True,76.4,0,0,True,101.79305998893844,77.25,5.49,29.286170013135674,1.1501474029961913,0.11790077601598417,0.10074219938194207,0.3104361663180377,0.08404433401024623,-0.08895378048227805,-1.0681805258112793,-0.6589538040882474,-0.05679170087135842,0.18445114646455663,-0.9934979634261695,-0.7685885429127896,,,,,True,True
HedgMa00,madison-hedgecock-1,00-0023683,Madison Hedgecock,RB,2005,7,251,STL,north carolina,75.0,266.0,4.87,32.5,108.0,29.0,7.41,4.24,,,,,,,,,,,,2.0,1.0,84.0,0,0,4,False,skill_run,False,False,False,True,0.21,0,1,True,94.5792329343426,70.25,5.825,33.24408888888889,2.248079525120162,2.609246062793236,2.317848517826078,-0.6165271918944518,-1.724484678472729,1.7228942746041263,1.299105898229935,-0.16500119177329473,-0.7940862182486902,-1.4699279249054351,0.7921807713163456,1.3351785640619531,,,,,True,True
HerrNo00,noah-herron-1,00-0023676,Noah Herron,RB,2005,7,244,PIT,northwestern,71.0,224.0,4.6,31.0,108.0,17.0,6.95,3.97,,,,,,,,,,,,3.0,0.0,23.0,0,0,0,False,skill_run,False,False,False,True,0.53,0,1,True,100.05681797878084,69.5,5.46,31.23824637968657,0.05221528087222063,0.23114374359676834,0.32245283122635104,-1.0800088710006965,-1.724484678472729,-0.6929031321777461,-0.5465750425479612,-1.832091258336259,-0.2342455967356686,-1.647182825409363,-1.1534094919105753,0.26900575327424664,,,,,True,True
DrewMa00,maurice-drew-1,00-0024275,Maurice Jones-Drew,RB,2006,2,60,JAX,ucla,67.0,207.0,4.39,36.0,116.0,18.0,7.08,4.38,,,,,,,,,,,,74.0,73.0,126.0,3,1,4,False,skill_run,False,False,False,True,60.03,0,0,True,111.4659598501523,76.0,5.73,32.4172421474716,-2.1436489633757208,-0.7314214808398971,-1.2295215916845448,0.46493005935345266,-0.4091908512123834,-0.4915866816125901,-0.024969559284643093,0.6994158797778699,0.9318341673173405,-0.11097368770865619,0.28579426444906647,0.8956816891362605,,,,,True,True
WashLe00,leon-washington-1,00-0024332,Leon Washington,RB,2006,4,117,NYJ,florida st.,68.0,201.0,4.42,32.5,105.0,17.0,6.94,4.37,,,,,,,,,,,,30.0,23.0,126.0,2,1,1,False,skill_run,False,False,False,True,31.05,0,0,True,105.32633578052365,68.75,5.655,30.558607266435985,-1.5946829023137354,-1.0711503835822498,-1.0078109598401293,-0.6165271918944518,-2.2177198636953586,-0.6929031321777461,-0.5866985412605233,0.6376718032385021,0.30432935869967387,-1.8244377259132907,-0.11398455676194537,-0.09224531223627641,,,,,True,True
MoreVe00,vernand-morency-1,00-0023508,Vernand Morency,RB,2005,3,73,HOU,oklahoma st.,70.0,212.0,4.66,33.5,108.0,19.0,7.02,4.12,,,,,,,,,,,,8.0,2.0,39.0,0,0,0,False,skill_run,False,False,False,True,52.59,0,0,True,89.91293818751065,70.75,5.57,30.41551020408163,-0.49675078018976476,-0.4483140618879367,0.7658740949151822,-0.30753940582362194,-1.724484678472729,-0.2902702310474341,-0.2657105515600229,-0.9059301102457239,-1.2710083162235766,-1.3517579912361501,-0.5670672208010908,-0.16830621755953493,,,,,True,True
BuckCo00,correll-buckhalter-1,00-0020270,Correll Buckhalter,RB,2001,4,121,PHI,nebraska,72.0,226.0,4.53,40.0,123.0,11.0,7.08,4.06,,,,,,,,,,,,27.0,21.0,103.0,0,0,0,False,skill_run,False,False,False,True,29.37,0,0,True,107.33605437132016,81.5,5.57,30.647762345679013,0.601181341934206,0.34438671117755254,-0.19487197641060985,1.700881203636772,0.741691247640419,-1.9008018355686824,-0.024969559284643093,-1.2763945694819412,0.5097341302933533,1.1888955826534802,-0.5670672208010908,-0.04485638663695752,,,,,True,True
MoatRy00,ryan-moats-1,00-0023512,Ryan Moats,RB,2005,3,77,PHI,louisiana tech,68.0,210.0,4.46,36.0,117.0,19.0,7.22,4.1,,,,,,,,,,,,7.0,2.0,38.0,0,0,0,False,skill_run,False,False,False,True,50.4,0,0,True,106.14752089446318,76.5,5.66,31.92690311418685,-1.5946829023137354,-0.5615570294687209,-0.7121967840475774,0.46493005935345266,-0.24477912280484018,-0.2902702310474341,0.5367594226912371,-1.0294182633244648,0.38825918924277936,0.0071962459606289405,-0.08733263534787854,0.635049988014308,,,,,True,True
NorrMo00,moran-norris-1,00-0020508,Moran Norris,RB,2001,4,115,NOR,kansas,73.0,250.0,4.63,31.0,114.0,37.0,7.56,4.5,,,,,,,,,,,,1.0,0.0,140.0,0,0,4,False,skill_run,False,False,False,True,31.91,0,0,True,108.80429524721312,72.5,6.029999999999999,32.9799211859636,1.1501474029961913,1.7033023221469628,0.5441634630707667,-1.0800088710006965,-0.7380143080274698,3.3334258791253744,1.9009583789183773,1.440344798250299,0.6597967724654452,-0.9381632233936521,1.8849095492931043,1.1947645380080356,,,,,True,True
HarrJe00,jerome-harrison-1,00-0024359,Jerome Harrison,RB,2006,5,145,CLE,washington st.,69.0,201.0,4.47,34.5,124.0,19.0,6.77,4.07,,,,,,,,,,,,12.0,10.0,63.0,0,0,0,False,skill_run,False,False,False,True,20.28,0,1,True,100.6922303260915,79.25,5.42,29.679269061121612,-1.0457168412517501,-1.0711503835822498,-0.638293240099441,0.001448380247207893,0.9061029760479623,-0.2902702310474341,-1.268798019374097,-1.2146504929425679,-0.16930280889221097,0.6571308811416972,-1.3666248632231146,-0.559643167098708,,,,,True,True
NorwJe00,jerious-norwood-1,00-0024294,Jerious Norwood,RB,2006,3,79,ATL,mississippi st.,72.0,210.0,4.4,36.5,122.0,15.0,6.81,4.25,,,,,,,,,,,,20.0,20.0,66.0,0,0,0,False,skill_run,False,False,False,True,49.32,0,0,True,112.05689502083187,79.25,5.529999999999999,28.47800925925926,0.601181341934206,-0.5615570294687209,-1.155618047736402,0.6194239523888676,0.5772795192328759,-1.0955360333080582,-1.108304024523845,-0.10325711523392699,0.9922311325024028,0.6571308811416972,-0.7802825921136349,-1.198153186485621,,,,,True,True
CalhBr00,brian-calhoun-1,00-0024289,Brian Calhoun,RB,2006,3,74,DET,wisconsin,69.0,201.0,4.57,31.5,124.0,18.0,7.05,4.2,,,,,,,,,,,,1.0,1.0,11.0,0,0,0,False,skill_run,False,False,False,True,52.04,0,0,True,92.16398674674156,77.75,5.625,29.679269061121612,-1.0457168412517501,-1.0711503835822498,0.10074219938194207,-0.9255149779652817,0.9061029760479623,-0.4915866816125901,-0.145340055422333,-0.4119774979307711,-1.0409382371226745,0.30262108013384176,-0.27389608524635106,-0.559643167098708,,,,,True,True
BettLa00,ladell-betts-1,00-0021184,Ladell Betts,RB,2002,2,56,WAS,iowa,70.0,220.0,4.62,38.0,116.0,23.0,7.06,4.06,,,,,,,,,,,,31.0,30.0,111.0,0,0,1,False,skill_run,False,False,False,True,62.42,0,0,True,96.57946032023408,77.0,5.56,31.56326530612245,-0.49675078018976476,0.004657808435199999,0.4702599191226303,1.0829056314951124,-0.4091908512123834,0.5149955712131901,-0.10521655670977087,-1.2763945694819412,-0.5896515022561256,0.12536617962991406,-0.6203710636292292,0.44176425289102456,,,,,True,True
CobbDe00,deandra-cobb-1,00-0023634,DeAndra Cobb,RB,2005,6,201,ATL,michigan st.,70.0,196.0,4.49,34.0,118.0,17.0,7.13,4.25,,,,,,,,,,,,0.0,0.0,3.0,0,0,0,False,skill_run,False,False,False,True,5.6,0,1,True,96.44966043970804,76.0,5.6899999999999995,28.12,-0.49675078018976476,-1.3542578025342102,-0.4904861522031618,-0.15304551278820702,-0.08036739439729697,-0.6929031321777461,0.17564793427817102,-0.10325711523392699,-0.6029177948278487,-0.11097368770865619,0.07257889313652241,-1.3884471584606501,,,,,True,True
GrifJu00,justin-griffith-1,00-0022011,Justin Griffith,RB,2003,4,121,ATL,mississippi st.,71.0,232.0,4.59,32.0,113.0,29.0,7.73,4.68,,,,,,,,,,,,11.0,8.0,96.0,0,0,6,False,skill_run,False,False,False,True,29.37,0,0,True,104.5363274321116,72.5,6.205,32.35389803610395,0.05221528087222063,0.684115613919905,0.24854928727821474,-0.7710210849298668,-0.9024260364350131,1.7228942746041263,2.583057857031951,2.55173817595894,0.22358597248341608,-0.9381632233936521,2.817726798785467,0.8620121617661618,,,,,True,True
MorrSa00,sammy-morris-1,00-0019484,Sammy Morris,RB,2000,5,156,BUF,texas tech,72.0,221.0,4.65,37.5,117.0,23.0,7.05,4.21,,,,,,,,,,,,27.0,5.0,144.0,0,0,3,False,skill_run,False,False,False,True,16.68,0,1,True,94.53888105988777,77.25,5.63,29.96971450617284,0.601181341934206,0.061279292225592086,0.6919705509670458,0.9284117384596975,-0.24477912280484018,0.5149955712131901,-0.145340055422333,-0.3502334213914034,-0.7982104113539975,0.18445114646455663,-0.24724416383228423,-0.4052616365896656,,,,,True,True
KeatCu00,curtis-keaton-1,00-0019466,Curtis Keaton,RB,2000,4,97,CIN,james madison,70.0,214.0,4.41,41.5,131.0,23.0,6.82,3.93,,,,,,,,,,,,0.0,0.0,25.0,0,0,0,False,skill_run,False,False,False,True,40.14,0,0,True,113.15908083917112,86.25,5.375,30.702448979591836,-0.49675078018976476,-0.33507109430715254,-1.0817145037882656,2.164362882743017,2.0569850749007648,0.5149955712131901,-1.0681805258112793,-2.0790675644937355,1.1048808473960885,2.311509952511689,-1.6064921559497207,-0.01578859994689505,,,,,True,True
FortMa00,matt-forte-1,00-0026184,Matt Forte,RB,2008,2,44,CHI,tulane,73.0,217.0,4.44,33.0,118.0,23.0,6.84,4.23,,,,,,,,,,,,84.0,78.0,146.0,2,0,9,False,skill_run,False,False,False,True,69.87,0,0,True,111.67548546051955,75.5,5.535,28.6265715894164,1.1501474029961913,-0.16520664293597626,-0.86000387194385,-0.4620332988590369,-0.08036739439729697,0.5149955712131901,-0.9879335283861551,-0.22674526831266245,0.9532488869390833,-0.22914362137794134,-0.7536306706995634,-1.1191873073629377,,,,,True,True
PrenTr00,travis-prentice-1,00-0019609,Travis Prentice,RB,2000,3,63,CLE,miami (oh),72.0,225.0,4.5,37.0,115.0,23.0,6.92,4.4,,,,,,,,,,,,4.0,4.0,30.0,0,0,1,False,skill_run,False,False,False,True,58.27,0,0,True,109.73936899862825,76.0,5.66,30.51215277777778,0.601181341934206,0.2877652273871604,-0.4165826082550254,0.7739178454242825,-0.5736025796199266,0.5149955712131901,-0.6669455386856511,0.8229040328566108,0.7553666752430017,-0.11097368770865619,-0.08733263534787854,-0.11693743662749875,,,,,True,True
AndeDe01,deon-anderson-1,00-0025582,Deon Anderson,RB,2007,6,195,DAL,connecticut,71.0,243.0,4.73,33.0,114.0,23.0,7.27,4.43,,,,,,,,,,,,1.0,1.0,39.0,0,0,1,False,skill_run,False,False,False,True,6.74,0,1,True,97.09384644131794,73.5,5.85,33.88791906367784,0.05221528087222063,1.306951935614218,1.2831989025521497,-0.4620332988590369,-0.7380143080274698,0.5149955712131901,0.7373769162540512,1.0081362624747139,-0.5370782891724403,-0.7018233560550818,0.9254403783866797,1.6773959734425419,,,,,True,True
DaviCh24,chris-davis-3,00-0022020,Chris Davis,RB,2003,5,165,SEA,syracuse,71.0,235.0,4.56,38.5,116.0,21.0,7.25,4.37,,,,,,,,,,,,0.0,0.0,1.0,0,0,0,False,skill_run,False,False,False,True,13.99,0,1,True,108.7022384234333,77.25,5.8100000000000005,32.772267407260465,0.05221528087222063,0.8539800652910813,0.02683865543379916,1.2373995245305274,-0.4091908512123834,0.11236267008287798,0.657129918828927,0.6376718032385021,0.6493659794807608,0.18445114646455663,0.7122250070741452,1.0843895649506288,,,,,True,True
DaviDo01,domanick-davis-1,00-0021979,Domanick Williams,RB,2003,4,101,HOU,louisiana state,69.0,213.0,4.63,32.5,112.0,22.0,7.32,4.47,,,,,,,,,,,,33.0,33.0,40.0,0,0,3,False,skill_run,False,False,False,True,38.23,0,0,True,92.70125955062558,72.25,5.895,31.451165721487083,-1.0457168412517501,-0.3916925780975446,0.5441634630707667,-0.6165271918944518,-1.0668377648425562,0.313679120648034,0.9379944098168689,1.2551125686321905,-0.9860258737347461,-0.9972481902282947,1.165307671113286,0.38217955035804624,,,,,True,True
HestJa00,jacob-hester-1,00-0026209,Jacob Hester,RB,2008,3,69,SDG,louisiana state,71.0,226.0,4.61,27.5,111.0,23.0,6.85,4.24,,,,,,,,,,,,6.0,6.0,65.0,0,0,1,False,skill_run,False,False,False,True,54.83,0,0,True,100.0771048903496,69.25,5.545,31.517159293790915,0.05221528087222063,0.34438671117755254,0.39635637517449396,-2.161466122248601,-1.2312494932500995,0.5149955712131901,-0.947810029673593,-0.16500119177329473,-0.23217215796856694,-1.7062677922440055,-0.7003268278714297,0.41725735539722586,,,,,True,True
DrouRe00,reuben-droughns-1,00-0019610,Reuben Droughns,RB,2000,3,81,DET,oregon,71.0,215.0,4.66,30.0,115.0,13.0,7.34,4.41,,,,,,,,,,,,27.0,1.0,114.0,0,0,3,False,skill_run,False,False,False,True,48.25,0,0,True,91.1852910863905,72.5,5.875,29.983138266217022,0.05221528087222063,-0.2784496105167604,0.7658740949151822,-1.3889966570715264,-0.5736025796199266,-1.4981689344383702,1.0182414072419932,0.8846481093959785,-1.140966549292718,-0.9381632233936521,1.0586999854570185,-0.39812645627915433,,,,,True,True
DarbKe00,kenneth-darby-1,00-0025633,Kenneth Darby,RB,2007,7,246,TAM,alabama,70.0,211.0,4.75,30.0,108.0,19.0,7.25,4.53,,,,,,,,,,,,4.0,0.0,41.0,0,0,0,False,skill_run,False,False,False,True,0.42,0,1,True,82.89684701621381,69.0,5.890000000000001,30.27204081632653,-0.49675078018976476,-0.5049355456783288,1.4310059904484225,-1.3889966570715264,-1.724484678472729,-0.2902702310474341,0.657129918828927,1.6255770278684076,-1.9880930917341084,-1.765352759078648,1.1386557496992238,-0.24456502636585392,,,,,True,True
SmitKo00,kolby-smith-1,00-0025535,Kolby Smith,RB,2007,5,148,KAN,louisville,71.0,220.0,4.5,38.0,114.0,18.0,7.22,4.34,,,,,,,,,,,,4.0,4.0,27.0,0,0,0,False,skill_run,False,False,False,True,19.27,0,1,True,107.3007163542143,76.0,5.779999999999999,30.68042055147788,0.05221528087222063,0.004657808435199999,-0.4165826082550254,1.0829056314951124,-0.7380143080274698,-0.4915866816125901,0.5367594226912371,0.4524395736203935,0.5061223821782477,-0.11097368770865619,0.5523134785897347,-0.027497450971709976,,,,,True,True
RiceRa00,ray-rice-1,00-0026195,Ray Rice,RB,2008,2,55,BAL,rutgers,68.0,199.0,4.42,31.5,119.0,23.0,6.65,4.2,,,,,,,,,,,,63.0,63.0,92.0,3,0,5,False,skill_run,False,False,False,True,63.03,0,0,True,104.27831253892639,75.25,5.425000000000001,30.25454152249135,-1.5946829023137354,-1.1843933511630338,-1.0078109598401293,-0.9255149779652817,0.08404433401024623,0.5149955712131901,-1.7502800039248494,-0.4119774979307711,0.1972153699298152,-0.2882285882125839,-1.339972941809043,-0.25386649006973794,,,,,True,True
McClLe00,leron-mcclain-1,00-0025524,Le'Ron McClain,RB,2007,4,137,BAL,alabama,72.0,256.0,4.75,29.5,113.0,14.0,7.14,4.47,,,,,,,,,,,,13.0,12.0,111.0,2,1,6,False,skill_run,False,False,False,True,23.13,0,0,True,100.5762693656433,71.25,5.805,34.71604938271605,0.601181341934206,2.043031224889315,1.4310059904484225,-1.5434905501069414,-0.9024260364350131,-1.2968524838732143,0.21577143299073312,1.2551125686321905,-0.18115468442529606,-1.233588057566865,0.6855730856600736,2.1175751130792873,,,,,True,True
ChapDo00,doug-chapman-1,00-0019712,Doug Chapman,RB,2000,3,88,MIN,marshall,70.0,215.0,4.56,38.5,128.0,16.0,6.84,4.2,,,,,,,,,,,,3.0,3.0,26.0,0,0,0,False,skill_run,False,False,False,True,44.61,0,0,True,99.45098408952408,83.25,5.52,30.84591836734694,-0.49675078018976476,-0.2784496105167604,0.02683865543379916,1.2373995245305274,1.5637498896781352,-0.8942195827429021,-0.9879335283861551,-0.4119774979307711,-0.2961652964470472,1.6024903504959782,-0.8335864349417685,0.060470208859425834,,,,,True,True
NeadSp00,spencer-nead-1,00-0022036,Spencer Nead,RB,2003,7,234,NWE,byu,76.0,259.0,4.86,28.5,102.0,19.0,7.37,4.34,,,,,,,,,,,,0.0,,10.0,0,0,0,False,skill_run,False,False,False,True,1.23,0,1,True,92.85059320190527,65.25,5.855,31.523026315789473,2.7970455861821475,2.2128956762604917,2.243944973877942,-1.8524783361777712,-2.7109550489179886,-0.2902702310474341,1.138611903379683,0.4524395736203935,-0.9707631177086908,-2.6516272615982865,0.9520922998007513,0.42037587507484675,,,,,True,True
GreeJu00,,00-0023591,Justin Green,RB,2005,5,158,BAL,montana,71.0,251.0,4.84,31.0,109.0,23.0,7.24,4.21,,,,,,,,,,,,0.0,0.0,39.0,0,0,0,False,skill_run,False,False,False,True,16.06,0,1,True,91.47918158800242,70.0,5.725,35.00357072009522,0.05221528087222063,1.7599238059373548,2.0961378859816624,-1.0800088710006965,-1.5600729500651858,0.5149955712131901,0.6170064201163649,-0.3502334213914034,-1.1109292537063633,-1.5290128917400778,0.2591423430349949,2.270402381934455,,,,,True,True
CurlDa20,,00-0022015,Dan Curley,RB,2003,5,148,STL,eastern washington,76.0,254.0,4.63,35.5,118.0,17.0,7.47,4.53,,,,,,,,,,,,0.0,0.0,1.0,0,0,0,False,skill_run,False,False,False,True,19.27,0,1,True,110.54516397116853,76.75,6.0,30.914473684210527,2.7970455861821475,1.929788257308531,0.5441634630707667,0.3104361663180377,-0.08036739439729697,-0.6929031321777461,1.5398468905053113,1.6255770278684076,0.8377235450276287,0.06628121279527151,1.7249980208087035,0.09690966736106074,,,,,True,True
MughOv00,ovie-mughelli-1,00-0022143,Ovie Mughelli,RB,2003,4,134,BAL,wake forest,73.0,255.0,4.73,31.5,114.0,,7.78,4.32,,,,,,,,,,,,6.0,2.0,107.0,1,0,5,False,skill_run,False,True,False,True,24.24,0,0,True,101.88860429027191,72.75,6.050000000000001,33.639519609682864,1.1501474029961913,1.9864097410989232,1.2831989025521497,-0.9255149779652817,-0.7380143080274698,,2.7836753505947653,0.32895142054165805,-0.047026525049054746,-0.8790782565590095,1.991517234949381,1.54536330245818,,,,,True,True
JacoBr00,,00-0023545,Brandon Jacobs,RB,2005,4,110,NYG,southern illinois,76.0,267.0,4.56,37.0,118.0,19.0,7.53,4.46,,,,,,,,,,,,36.0,36.0,109.0,0,0,3,False,skill_run,False,False,False,True,34.1,0,0,True,123.50424535768805,77.5,5.995,32.49671052631579,2.7970455861821475,2.665867546583628,0.02683865543379916,0.7739178454242825,-0.08036739439729697,-0.2902702310474341,1.780587882780691,1.1933684920928227,2.162216020965254,0.2435361132991992,1.6983460993946367,0.9379218074169059,,,,,True,True
GrifQu00,quentin-griffin-1,00-0022095,Quentin Griffin,RB,2003,4,108,DEN,oklahoma,67.0,195.0,4.48,38.0,123.0,21.0,,4.08,,,,,,,,,,,,6.0,6.0,16.0,0,0,0,False,skill_run,False,True,False,True,35.0,0,0,True,96.81720725698598,80.5,,30.537981733125417,-2.1436489633757208,-1.4108792863246022,-0.5643896961512981,1.0829056314951124,0.741691247640419,0.11236267008287798,,-1.1529064164032004,-0.5653524011460208,0.95255571531491,,-0.1032084774513106,,,,,True,True
PeteAd00,,00-0021306,Adrian Peterson,RB,2002,6,199,CHI,georgia southern,70.0,214.0,4.68,34.0,119.0,14.0,7.59,4.6,,,,,,,,,,,,11.0,11.0,106.0,0,0,0,False,skill_run,False,False,False,True,5.97,0,1,True,89.21961743898132,76.5,6.095,30.702448979591836,-0.49675078018976476,-0.33507109430715254,0.9136811828114549,-0.15304551278820702,0.08404433401024623,-1.2968524838732143,2.021328875056067,2.0577855636439875,-1.3418696749456374,0.0071962459606289405,2.2313845276759827,-0.01578859994689505,,,,,True,True
FlemTr00,troy-fleming-1,00-0022825,Troy Fleming,RB,2004,6,191,TEN,tennessee,72.0,230.0,4.62,32.0,120.0,,6.94,3.91,,,,,,,,,,,,3.0,3.0,29.0,0,0,0,False,skill_run,False,True,False,True,7.55,0,1,True,100.96943578933562,76.0,5.425000000000001,31.19020061728395,0.601181341934206,0.5708726463391209,0.4702599191226303,-0.7710210849298668,0.24845606241778945,,-0.5866985412605233,-2.2025557175724737,-0.14097081996454178,-0.11097368770865619,-1.339972941809043,0.24346781332520742,,,,,True,True
MoorMe00,mewelde-moore-1,00-0022217,Mewelde Moore,RB,2004,4,119,MIN,tulane,71.0,209.0,4.65,35.0,118.0,,7.05,4.12,,,,,,,,,,,,29.0,17.0,122.0,0,0,1,False,skill_run,False,True,False,True,30.21,0,0,True,89.40554815165856,76.5,5.585,29.146399523903987,0.05221528087222063,-0.618178513259113,0.6919705509670458,0.1559422732826228,-0.08036739439729697,,-0.145340055422333,-0.9059301102457239,-1.322866489253563,0.0071962459606289405,-0.4871114565588904,-0.8428812626480902,,,,,True,True
WilsQu00,quincy-wilson-1,00-0022801,Quincy Wilson,RB,2004,7,219,ATL,west virginia,69.0,225.0,4.6,33.5,118.0,26.0,7.68,4.36,,,,,,,,,,,,0.0,,4.0,0,0,0,False,skill_run,False,False,False,True,2.82,0,1,True,100.5035002019004,75.75,6.02,33.22306238185255,-1.0457168412517501,0.2877652273871604,0.32245283122635104,-0.30753940582362194,-0.08036739439729697,1.118944922908658,2.3824403634691333,0.5759277266991344,-0.18859211050381505,-0.17005865454329877,1.8316057064649707,1.3240022678147985,,,,,True,True
ShelEr00,eric-shelton-1,00-0023489,Eric Shelton,RB,2005,2,54,CAR,louisville,73.0,246.0,4.53,38.5,124.0,,7.44,4.08,,,,,,,,,,,,0.0,0.0,9.0,0,0,0,False,skill_run,False,True,False,True,63.63,0,0,True,116.8348202448883,81.25,5.76,32.45224244698818,1.1501474029961913,1.4768163869853943,-0.19487197641060985,1.2373995245305274,0.9061029760479623,,1.419476394367625,-1.1529064164032004,1.480562505776922,1.1298106158188377,0.4457057929334674,0.9142855264479177,,,,,True,True
McHuSe00,sean-mchugh-1,00-0022724,Sean McHugh,RB,2004,7,241,TEN,penn st.,77.0,264.0,4.92,29.0,115.0,18.0,7.36,4.09,,,,,,,,,,,,2.0,,40.0,0,0,1,False,skill_run,False,False,False,True,0.71,0,1,True,90.11010826097099,72.0,5.725,31.302411873840445,3.346011647244133,2.496003095212452,2.687366237566766,-1.6979844431423563,-0.5736025796199266,-0.4915866816125901,1.0984884046671208,-1.0911623398638326,-1.2508564033688623,-1.0563331570629373,0.2591423430349949,0.3031118732431698,,,,,True,True
JohnKy00,kyle-johnson-3,00-0021260,Kyle Johnson,RB,2002,5,145,CAR,syracuse,73.0,242.0,4.74,34.0,119.0,22.0,7.4,4.35,,,,,,,,,,,,4.0,,45.0,0,0,2,False,skill_run,False,False,False,True,20.28,0,1,True,95.88087637698538,76.5,5.875,31.92456370801276,1.1501474029961913,1.2503304518238259,1.357102446500286,-0.15304551278820702,0.08404433401024623,0.313679120648034,1.258982399517373,0.5141836501597612,-0.6610507896783211,0.0071962459606289405,1.0586999854570185,0.6338065148877979,,,,,True,True
PeerCe00,cedric-peerman-1,00-0026932,Cedric Peerman,RB,2009,6,185,BAL,virginia,69.0,216.0,4.34,40.0,117.0,27.0,6.99,4.29,,,,,,,,,,,,4.0,,92.0,1,0,0,False,skill_run,False,False,False,True,8.86,0,1,True,121.76566047021711,78.5,5.640000000000001,31.89413988657845,-1.0457168412517501,-0.22182812672636837,-1.599039311425233,1.700881203636772,-0.24477912280484018,1.3202613734738142,-0.3860810476977092,0.1437191909235494,1.9845226695962666,0.4798759806377695,-0.19394032100414585,0.6176352297222348,,,,,True,True
PittAn00,antonio-pittman-1,00-0025494,Antonio Pittman,RB,2007,4,107,NOR,ohio st.,71.0,207.0,4.4,35.5,123.0,16.0,6.84,4.16,,,,,,,,,,,,3.0,,23.0,0,0,0,False,skill_run,False,False,False,True,35.45,0,0,True,110.45608223482,79.25,5.5,28.86748660979964,0.05221528087222063,-0.7314214808398971,-1.155618047736402,0.3104361663180377,0.741691247640419,-0.8942195827429021,-0.9879335283861551,-0.6589538040882474,0.8286188804284985,0.6571308811416972,-0.9401941205980359,-0.9911328647710694,,,,,True,True
ScotBe00,,00-0026941,Bernard Scott,RB,2009,6,209,CIN,abilene christian,70.0,200.0,4.44,36.0,125.0,21.0,6.82,4.08,,,,,,,,,,,,9.0,9.0,49.0,0,0,0,False,skill_run,False,False,False,True,4.25,0,1,True,102.92671471015626,80.5,5.45,28.693877551020407,-0.49675078018976476,-1.1277718673726418,-0.86000387194385,0.46493005935345266,1.0705147044555055,0.11236267008287798,-1.0681805258112793,-1.1529064164032004,0.05907431646271767,0.95255571531491,-1.206713334738709,-1.0834119232353723,,,,,True,True
GantQu00,quinton-ganther-1,00-0024460,Quinton Ganther,RB,2006,7,246,TEN,utah,69.0,218.0,4.5,35.0,119.0,29.0,7.19,,,,,,,,,,,,,3.0,1.0,36.0,0,0,0,False,skill_run,False,True,False,True,0.42,0,1,True,106.32525529644872,77.0,,32.18945599663936,-1.0457168412517501,-0.10858515914558418,-0.4165826082550254,0.1559422732826228,0.08404433401024623,1.7228942746041263,0.4163889265535508,,0.40642466495234547,0.12536617962991406,,0.7746056826316926,,,,,True,True
PeteAd01,adrian-peterson-1,00-0025394,Adrian Peterson,RB,2007,1,7,MIN,oklahoma,73.0,217.0,4.4,38.5,127.0,,7.09,4.4,,,,,,,,,,,,101.0,89.0,184.0,7,4,12,False,skill_run,False,True,False,True,95.47,1,0,True,115.79212485485961,82.75,5.745,28.6265715894164,1.1501474029961913,-0.16520664293597626,-1.155618047736402,1.2373995245305274,1.399338161270592,,0.015153939427919016,0.8229040328566108,1.3739930540081828,1.484320416826693,0.36575002869126694,-1.1191873073629377,,,,,True,True
MealRo00,rondell-mealey-1,00-0019534,Rondell Mealey,RB,2000,7,252,GNB,louisiana state,72.0,212.0,4.69,33.0,120.0,,6.89,4.15,,,,,,,,,,,,2.0,2.0,14.0,0,0,0,False,skill_run,False,True,False,True,0.18,0,1,True,87.63437339991032,76.5,5.52,28.749228395061728,0.601181341934206,-0.4483140618879367,0.9875847267595977,-0.4620332988590369,0.24845606241778945,,-0.787316034823341,-0.7206978806276152,-1.5038907117498845,0.0071962459606289405,-0.8335864349417685,-1.0539910865045385,,,,,True,True
JennRa00,,00-0027155,Rashad Jennings,RB,2009,7,250,JAX,liberty,73.0,231.0,4.52,34.0,120.0,29.0,6.86,4.2,,,,,,,,,,,,31.0,9.0,93.0,0,0,5,False,skill_run,False,False,False,True,0.25,0,1,True,110.68486413588752,77.0,5.53,30.473447175830362,1.1501474029961913,0.6274941301295129,-0.26877552035875274,-0.15304551278820702,0.24845606241778945,1.7228942746041263,-0.9076865309610274,-0.4119774979307711,0.8520017034509582,0.12536617962991406,-0.7802825921136302,-0.13751076690252526,,,,,True,True
FeltJe00,,00-0026286,Jerome Felton,RB,2008,5,146,DET,furman,72.0,241.0,4.68,32.5,110.0,30.0,7.2,4.46,,,,,,,,,,,,3.0,2.0,132.0,1,0,3,False,skill_run,False,False,False,True,19.94,0,1,True,100.47629814389953,71.25,5.83,32.68190586419753,0.601181341934206,1.1937089680334338,0.9136811828114549,-0.6165271918944518,-1.3956612216576427,1.9242107251692824,0.4565124252661129,1.1933684920928227,-0.19137231691486867,-1.233588057566865,0.8188326927304124,1.0363593632211647,,,,,True,True
MendRa00,rashard-mendenhall-1,00-0026163,Rashard Mendenhall,RB,2008,1,23,PIT,illinois,70.0,225.0,4.41,33.5,117.0,26.0,,4.18,,,,,,,,,,,,29.0,26.0,72.0,0,0,4,False,skill_run,False,True,False,True,83.91,1,0,True,118.97566910660515,75.25,,32.28061224489796,-0.49675078018976476,0.2877652273871604,-1.0817145037882656,-0.30753940582362194,-0.24477912280484018,1.118944922908658,,-0.535465651009512,1.6993695434743024,-0.2882285882125839,,0.8230582969226233,,,,,True,True
JoneFe00,felix-jones-1,00-0026162,Felix Jones,RB,2008,1,22,DAL,arkansas,70.0,207.0,4.44,33.5,124.0,,6.9,4.19,,,,,,,,,,,,27.0,26.0,80.0,0,0,1,False,skill_run,False,True,False,True,84.61,1,0,True,106.52914972501173,78.75,5.545,29.69816326530612,-0.49675078018976476,-0.7314214808398971,-0.86000387194385,-0.30753940582362194,0.9061029760479623,,-0.7471925361107753,-0.47372157447013885,0.42726384548239765,0.5389609474724121,-0.7003268278714297,-0.5496002615911336,,,,,True,True
ParmJa00,jalen-parmele-1,00-0026316,Jalen Parmele,RB,2008,6,176,MIA,toledo,71.0,224.0,4.47,34.0,125.0,19.0,6.96,4.29,,,,,,,,,,,,1.0,,36.0,0,0,0,False,skill_run,False,False,False,True,11.03,0,1,True,112.21422683106715,79.5,5.625,31.23824637968657,0.05221528087222063,0.23114374359676834,-0.638293240099441,-0.15304551278820702,1.0705147044555055,-0.2902702310474341,-0.5064515438353991,0.1437191909235494,1.0083113462665543,0.7162158479763397,-0.27389608524635106,0.26900575327424664,,,,,True,True
SmitKe02,kevin-smith-1,00-0026204,Kevin Smith,RB,2008,3,64,DET,central florida,73.0,217.0,4.53,32.0,120.0,,6.74,4.49,,,,,,,,,,,,19.0,19.0,54.0,0,0,2,False,skill_run,False,True,False,True,57.69,0,0,True,103.06160972821448,76.0,5.615,28.6265715894164,1.1501474029961913,-0.16520664293597626,-0.19487197641060985,-0.7710210849298668,0.24845606241778945,,-1.3891685155117832,1.3786007217109313,0.07286136132574583,-0.11097368770865619,-0.32719992807448467,-1.1191873073629377,,,,,True,True
CharJa00,jamaal-charles-1,00-0026213,Jamaal Charles,RB,2008,3,73,KAN,texas,71.0,200.0,4.38,30.5,122.0,,6.8,4.22,,,,,,,,,,,,66.0,64.0,119.0,4,2,4,False,skill_run,False,True,False,True,52.59,0,0,True,108.68348335681848,76.25,5.51,27.891291410434437,0.05221528087222063,-1.1277718673726418,-1.3034251356326811,-1.2345027640361115,0.5772795192328759,,-1.1484275232364072,-0.28848934485203565,0.6474491040575636,-0.051888720874013625,-0.8868902777699023,-1.510013472201493,,,,,True,True
ChoiTa00,tashard-choice-1,00-0026262,Tashard Choice,RB,2008,4,122,DAL,georgia tech,70.0,215.0,4.48,34.0,119.0,20.0,6.88,,,,,,,,,,,,,13.0,10.0,88.0,0,0,0,False,skill_run,False,True,False,True,28.96,0,0,True,106.74717723206147,76.5,,30.84591836734694,-0.49675078018976476,-0.2784496105167604,-0.5643896961512981,-0.15304551278820702,0.08404433401024623,-0.08895378048227805,-0.827439533535903,,0.4495475077283353,0.0071962459606289405,,0.060470208859425834,,,,,True,True
DyerDe00,deon-dyer-1,00-0019473,Deon Dyer,RB,2000,4,117,MIA,north carolina,71.0,260.0,4.99,28.0,104.0,,7.88,4.81,,,,,,,,,,,,0.0,0.0,45.0,0,0,0,False,skill_run,False,True,False,True,31.05,0,0,True,83.86894135874152,66.0,6.345,36.258678833564765,0.05221528087222063,2.2695171600508837,3.204691045203734,-2.006972229213186,-2.382131592102902,,3.1849103377203933,3.354411170970737,-1.888739472123476,-2.4743723610943587,3.563980598379352,2.9375345914878563,,,,,True,True
HillPe00,peyton-hillis-1,00-0026367,Peyton Hillis,RB,2008,7,227,DEN,arkansas,73.0,240.0,4.64,30.5,117.0,26.0,7.15,,,,,,,,,,,,,21.0,4.0,81.0,0,0,3,False,skill_run,False,True,False,True,1.89,0,1,True,103.55458085258903,73.75,,31.66072433852505,1.1501474029961913,1.1370874842430418,0.6180670070189029,-1.2345027640361115,-0.24477912280484018,1.118944922908658,0.2558949317032988,,0.12324583886809759,-0.6427383892204392,,0.493567009107739,,,,,True,True
BradAh00,ahmad-bradshaw-1,00-0025637,Ahmad Bradshaw,RB,2007,7,250,NYG,marshall,69.0,198.0,4.55,34.0,112.0,,6.7,4.09,,,,,,,,,,,,42.0,36.0,103.0,0,0,3,False,skill_run,False,True,False,True,0.25,0,1,True,92.3952402976941,73.0,5.395,29.236294896030245,-1.0457168412517501,-1.241014834953426,-0.047064888514337176,-0.15304551278820702,-1.0668377648425562,,-1.5496625103620354,-1.0911623398638326,-1.017302797299824,-0.819993289724367,-1.4998844702934533,-0.7950988464628965,,,,,True,True
ForsJu00,justin-forsett-1,00-0026373,Justin Forsett,RB,2008,7,233,SEA,california,68.0,194.0,4.62,26.5,112.0,26.0,6.96,,,,,,,,,,,,,32.0,12.0,122.0,1,0,2,False,skill_run,False,True,False,True,1.31,0,1,True,85.16552410057005,69.25,,29.494377162629757,-1.5946829023137354,-1.4675007701149942,0.4702599191226303,-2.470453908319431,-1.0668377648425562,1.118944922908658,-0.5064515438353991,,-1.7562212762142448,-1.7062677922440055,,-0.6579194346533974,,,,,True,True
BoydCo01,cory-boyd-1,00-0026378,Cory Boyd,RB,2008,7,238,TAM,south carolina,72.0,213.0,4.52,33.5,118.0,25.0,6.97,4.24,,,,,,,,,,,,0.0,,1.0,0,0,0,False,skill_run,False,False,False,True,0.91,0,1,True,102.06006952789629,75.75,5.605,28.884837962962962,0.601181341934206,-0.3916925780975446,-0.26877552035875274,-0.30753940582362194,-0.08036739439729697,0.9176284723435021,-0.466328045122837,-0.16500119177329473,-0.029501793909192987,-0.17005865454329877,-0.38050377090261833,-0.9819100365139973,,,,,True,True
SnelJa00,jason-snelling-1,00-0025631,Jason Snelling,RB,2007,7,244,ATL,virginia,71.0,230.0,4.79,30.0,111.0,,7.06,4.37,,,,,,,,,,,,21.0,21.0,96.0,0,0,0,False,skill_run,False,True,False,True,0.53,0,1,True,87.38075201794182,70.5,5.715,32.0749851219996,0.05221528087222063,0.5708726463391209,1.7266201662409744,-1.3889966570715264,-1.2312494932500995,,-0.10521655670977087,0.6376718032385021,-1.5298122722474994,-1.4108429580707926,0.20583850020686126,0.7137605596431825,,,,,True,True
KirtDa00,david-kirtman-1,00-0024377,David Kirtman,RB,2006,5,163,SEA,southern california,71.0,233.0,4.76,29.5,106.0,,7.18,4.31,,,,,,,,,,,,0.0,0.0,7.0,0,0,0,False,skill_run,False,True,False,True,14.57,0,1,True,90.77329615471889,67.75,5.744999999999999,32.49335449315612,0.05221528087222063,0.7407370977102972,1.5049095343965586,-1.5434905501069414,-2.0533081352878155,,0.3762654278409851,0.26720734400228485,-1.18307479530552,-2.060777593251861,0.3657500286912622,0.9361379628276495,,,,,True,True
BlayDe00,,00-0020315,Derrick Blaylock,RB,2001,5,150,KAN,s.f. austin,70.0,194.0,4.36,35.5,119.0,18.0,7.05,4.09,,,,,,,,,,,,11.0,10.0,51.0,0,0,0,False,skill_run,False,False,False,True,18.6,0,1,True,107.37069605206882,77.25,5.57,27.833061224489796,-0.49675078018976476,-1.4675007701149942,-1.4512322235289539,0.3104361663180377,0.08404433401024623,-0.4915866816125901,-0.145340055422333,-1.0911623398638326,0.5132747088372281,0.18445114646455663,-0.5670672208010908,-1.54096477607329,,,,,True,True
MillGa01,garrett-mills-1,00-0024321,Garrett Mills,RB,2006,4,106,NWE,tulsa,73.0,241.0,4.64,35.5,111.0,23.0,6.81,4.05,,,,,,,,,,,,1.0,,16.0,0,0,0,False,skill_run,False,False,False,True,35.91,0,0,True,103.98605827280815,73.25,5.43,31.792644023268906,1.1501474029961913,1.1937089680334338,0.6180670070189029,0.3104361663180377,-1.2312494932500995,0.5149955712131901,-1.108304024523845,-1.338138646021309,0.16734530699951078,-0.7609083228897244,-1.3133210203949808,0.5636867619977693,,,,,True,True
GateLi00,lionel-gates-1,00-0023668,Lionel Gates,RB,2005,7,236,BUF,louisville,72.0,222.0,4.6,36.0,121.0,23.0,7.17,4.1,,,,,,,,,,,,0.0,,1.0,0,0,0,False,skill_run,False,False,False,True,1.06,0,1,True,99.16345353254172,78.5,5.635,30.105324074074073,0.601181341934206,0.11790077601598417,0.32245283122635104,0.46493005935345266,0.41286779082533265,0.5149955712131901,0.336141929128423,-1.0294182633244648,-0.3255525691993772,0.4798759806377695,-0.2205922424182174,-0.33318058659912436,,,,,True,True
BrouNe00,,00-0023654,Nehemiah Broughton,RB,2005,7,222,WAS,the citadel,71.0,250.0,4.59,30.0,108.0,25.0,7.54,4.28,,,,,,,,,,,,0.0,0.0,6.0,0,0,0,False,skill_run,False,False,False,True,2.45,0,1,True,112.64690456046509,69.0,5.91,34.86411426304305,0.05221528087222063,1.7033023221469628,0.24854928727821474,-1.3889966570715264,-1.724484678472729,0.9176284723435021,1.8207113814932532,0.08197511438418166,1.052533492883326,-1.765352759078648,1.245263435355491,2.1962765808729676,,,,,True,True
VitaDa00,dan-vitale-1,00-0032794,Danny Vitale,RB,2016,6,197,TAM,northwestern,73.0,239.0,4.6,38.5,123.0,30.0,7.12,4.12,,,,,,,,,,,,1.0,,44.0,0,0,1,False,skill_run,False,False,False,True,6.35,0,1,True,106.7570513255742,80.75,5.62,31.528804653781197,1.1501474029961913,1.0804660004526496,0.32245283122635104,1.2373995245305274,0.741691247640419,1.9242107251692824,0.13552443556560892,-0.9059301102457239,0.4505566967421421,1.0116406821495525,-0.30054800666041787,0.42344725621771045,,,,,True,True
GreeWi01,william-green-1,00-0021150,William Green,RB,2002,1,16,CLE,boston col.,72.0,221.0,4.6,42.0,121.0,27.0,,,,,,,,,,,,,,14.0,14.0,46.0,0,0,3,False,skill_run,False,True,False,True,88.88,1,0,True,98.71677130942217,81.5,,29.96971450617284,0.601181341934206,0.061279292225592086,0.32245283122635104,2.318856775778432,0.41286779082533265,1.3202613734738142,,,-0.37120605543123075,1.1888955826534802,,-0.4052616365896656,,,,,True,True
SmitIt00,ito-smith-1,00-0034378,Ito Smith,RB,2018,4,126,ATL,southern miss,,,,,,,,,,,,,,820.0,4536.0,42.0,140.0,1446.0,7.0,6.0,6.0,36.0,0,0,0,False,skill_run,False,True,True,False,27.34,0,0,True,,,,,,,,,,,,,,,,,5.53170731707317,0.05121951219512195,0.17073170731707318,5982.0,False,False
JohnTy02,ty-johnson-1,00-0035537,Ty Johnson,RB,2019,6,186,DET,maryland,,,,,,,,,,,,,,348.0,2635.0,17.0,29.0,318.0,2.0,18.0,2.0,106.0,0,0,0,False,skill_run,False,True,True,False,8.64,0,1,True,,,,,,,,,,,,,,,,,7.57183908045977,0.04885057471264368,0.08333333333333333,2953.0,False,False
WattDe00,derek-watt-1,00-0032897,Derek Watt,RB,2016,6,198,SDG,wisconsin,,,,,,,,,,,,,,13.0,60.0,0.0,30.0,309.0,1.0,1.0,1.0,110.0,0,0,0,False,skill_run,False,True,True,False,6.15,0,1,True,,,,,,,,,,,,,,,,,4.615384615384615,0.0,2.3076923076923075,369.0,False,False
ProsJa00,jay-prosch-1,00-0031085,Jay Prosch,RB,2014,6,211,HOU,auburn,,,,,,,,,,,,,,14.0,47.0,2.0,11.0,115.0,1.0,0.0,0.0,63.0,0,0,2,False,skill_run,False,True,True,False,3.94,0,1,True,,,,,,,,,,,,,,,,,3.357142857142857,0.14285714285714285,0.7857142857142857,162.0,False,False
WashDw00,dwayne-washington-1,00-0032450,Dwayne Washington,RB,2016,7,236,DET,washington,,,,,,,,,,,,,,226.0,1311.0,17.0,41.0,411.0,4.0,4.0,2.0,96.0,0,0,0,False,skill_run,False,True,True,False,1.06,0,1,True,,,,,,,,,,,,,,,,,5.800884955752212,0.0752212389380531,0.18141592920353983,1722.0,False,False
MillTr00,trey-millard-1,00-0031271,Trey Millard,RB,2014,7,245,SFO,oklahoma,74.0,247.0,4.64,,,,,,,,,,,98.0,538.0,6.0,70.0,677.0,7.0,,,,0,0,0,False,skill_run,True,True,False,False,0.47,0,1,True,106.57492279412287,,,31.70945945945946,1.6991134640581766,1.5334378707757863,0.6180670070189029,,,,,,0.43194211578798714,,,0.5194713663204007,5.489795918367347,0.061224489795918366,0.7142857142857143,1215.0,False,False
JackDa01,darius-jackson-1,00-0033049,Darius Jackson,RB,2016,6,216,DAL,eastern michigan,,,,,,,,,,,,,,304.0,1513.0,16.0,39.0,353.0,4.0,0.0,0.0,4.0,0,0,0,False,skill_run,False,True,True,False,3.22,0,1,True,,,,,,,,,,,,,,,,,4.9769736842105265,0.05263157894736842,0.12828947368421054,1866.0,False,False
JohnJe00,jeremi-johnson-1,00-0022141,Jeremi Johnson,RB,2003,4,118,CIN,western kentucky,71.0,260.0,4.9,29.0,103.0,20.0,,,,,,,,,,,,,,4.0,4.0,96.0,0,0,4,False,skill_run,False,True,False,True,30.63,0,0,True,90.20259328986374,66.0,,36.258678833564765,0.05221528087222063,2.2695171600508837,2.539559149670494,-1.6979844431423563,-2.546543320510445,-0.08895378048227805,,,-1.241403902743876,-2.4743723610943587,,2.9375345914878563,,,,,True,True
TaylCh01,chester-taylor-1,00-0021314,Chester Taylor,RB,2002,6,207,BAL,toledo,71.0,213.0,4.58,33.0,114.0,22.0,,,,,,,,,,,,,,41.0,12.0,151.0,0,0,1,False,skill_run,False,True,False,True,4.57,0,1,True,96.81612294411421,73.5,,29.704225352112676,0.05221528087222063,-0.3916925780975446,0.1746457433300784,-0.4620332988590369,-0.7380143080274698,0.313679120648034,,,-0.5654632241432213,-0.7018233560550818,,-0.5463780584021336,,,,,True,True
MinoTr00,travis-minor-1,00-0020448,Travis Minor,RB,2001,3,85,MIA,florida st.,70.0,197.0,4.44,32.0,115.0,9.0,,,,,,,,,,,,,,10.0,10.0,118.0,0,0,0,False,skill_run,False,True,False,True,46.16,0,0,True,101.38281398950393,73.5,,28.2634693877551,-0.49675078018976476,-1.297636318743818,-0.86000387194385,-0.7710210849298668,-0.5736025796199266,-2.3034347366989945,,,-0.09872119597428658,-0.7018233560550818,,-1.3121883496543312,,,,,True,True
StepTr01,travis-stephens-1,00-0021386,Travis Stephens,RB,2002,4,119,TAM,tennessee,68.0,194.0,4.6,32.0,121.0,15.0,,,,,,,,,,,,,,0.0,0.0,1.0,0,0,0,False,skill_run,False,True,False,True,30.21,0,0,True,86.65635128519412,76.5,,29.494377162629757,-1.5946829023137354,-1.4675007701149942,0.32245283122635104,-0.7710210849298668,0.41286779082533265,-1.0955360333080582,,,-1.6038501836912915,0.0071962459606289405,,-0.6579194346533974,,,,,True,True
WilsBr01,brandon-wilson-3,00-0033791,Brandon Wilson,RB,2017,6,207,CIN,houston,,,,,,,,,,,,,,41.0,194.0,2.0,11.0,101.0,0.0,6.0,6.0,60.0,0,0,0,False,skill_run,False,True,True,False,4.57,0,1,True,,,,,,,,,,,,,,,,,4.7317073170731705,0.04878048780487805,0.2682926829268293,295.0,False,False
LaynGe00,george-layne-1,00-0020479,George Layne,RB,2001,4,108,KAN,texas christian,71.0,242.0,4.59,32.0,115.0,,7.08,4.19,,,,,,,,,,,,0.0,,11.0,0,0,0,False,skill_run,False,True,False,True,35.0,0,0,True,109.04220361453021,73.5,5.635,33.74846260662567,0.05221528087222063,1.2503304518238259,0.24854928727821474,-0.7710210849298668,-0.5736025796199266,,-0.024969559284643093,-0.47372157447013885,0.6841123727055884,-0.7018233560550818,-0.2205922424182174,1.6032701723810543,,,,,True,True
NedxLa00,larry-ned-1,00-0021305,Larry Ned,RB,2002,6,197,OAK,san diego st.,71.0,219.0,4.62,34.5,120.0,15.0,7.12,,,,,,,,,,,,,0.0,,19.0,0,0,0,False,skill_run,False,True,False,True,6.35,0,1,True,96.14046277332392,77.25,,30.54096409442571,0.05221528087222063,-0.05196367535519209,0.4702599191226303,0.001448380247207893,0.24845606241778945,-1.0955360333080582,0.13552443556560892,,-0.6345195704852845,0.18445114646455663,,-0.1016232520331977,,,,,True,True
LoveBr00,bryce-love-1,00-0035256,Bryce Love,RB,2019,4,112,WAS,stanford,69.0,200.0,,,,18.0,,,,,,,,569.0,3859.0,30.0,49.0,465.0,2.0,,,,0,0,0,False,skill_run,True,True,False,False,33.22,0,0,True,,,,29.531611006091158,-1.0457168412517501,-1.1277718673726418,,,,-0.4915866816125901,,,,,,-0.6381283935534369,6.78207381370826,0.05272407732864675,0.08611599297012303,4324.0,False,False
RipkAa00,aaron-ripkowski-1,00-0031612,Aaron Ripkowski,RB,2015,6,206,GNB,oklahoma,,,,,,,,,,,,,,6.0,13.0,3.0,8.0,41.0,2.0,2.0,2.0,47.0,0,0,0,False,skill_run,False,True,True,False,4.73,0,1,True,,,,,,,,,,,,,,,,,2.1666666666666665,0.5,1.3333333333333333,54.0,False,False
MoreFr00,frank-moreau-1,00-0019471,Frank Moreau,RB,2000,4,115,KAN,louisville,73.0,231.0,4.57,36.0,117.0,23.0,,,,,,,,,,,,,,1.0,1.0,14.0,0,0,0,False,skill_run,False,True,False,True,31.91,0,0,True,105.91980566416568,76.5,,30.473447175830362,1.1501474029961913,0.6274941301295129,0.10074219938194207,0.46493005935345266,-0.24477912280484018,0.5149955712131901,,,0.36498538609349196,0.0071962459606289405,,-0.13751076690252526,,,,,True,True
MorrMa00,maurice-morris-1,00-0021182,Maurice Morris,RB,2002,2,54,SEA,oregon,71.0,208.0,4.53,38.5,119.0,23.0,,,,,,,,,,,,,,27.0,18.0,145.0,0,0,1,False,skill_run,False,True,False,True,63.63,0,0,True,98.78716508510881,78.75,,29.006943066851814,0.05221528087222063,-0.6747999970495051,-0.19487197641060985,1.2373995245305274,0.08404433401024623,0.5149955712131901,,,-0.36401140764186024,0.5389609474724121,,-0.9170070637095799,,,,,True,True
MortCh00,chad-morton-1,00-0019590,Chad Morton,RB,2000,5,166,NOR,southern california,68.0,182.0,4.5,36.0,121.0,18.0,,,,,,,,,,,,,,10.0,3.0,93.0,0,0,0,False,skill_run,False,True,False,True,13.71,0,1,True,88.7669562566682,78.5,,27.669982698961938,-1.5946829023137354,-2.1469585755996996,-0.4165826082550254,0.46493005935345266,0.41286779082533265,-0.4915866816125901,,,-1.3881342451138925,0.4798759806377695,,-1.627646501654176,,,,,True,True
GreeMi00,mike-green-4,00-0019576,Mike Green,RB,2000,7,213,TEN,houston,72.0,189.0,4.53,38.5,118.0,,,4.2,,,,,,,,,,,,2.0,2.0,32.0,0,0,0,False,skill_run,False,True,False,True,3.64,0,1,True,89.76333750521907,78.25,,25.630208333333332,0.601181341934206,-1.7506081890669547,-0.19487197641060985,1.2373995245305274,-0.08036739439729697,,,-0.4119774979307711,-1.2862983643512507,0.4207910138031269,,-2.7118552362869925,,,,,True,True
MaysDe00,devante-mays-1,00-0033304,Devante Mays,RB,2017,7,238,GNB,utah st.,,,,,,,,,,,,,,202.0,1225.0,12.0,2.0,17.0,0.0,0.0,0.0,8.0,0,0,0,False,skill_run,False,True,True,False,0.91,0,1,True,,,,,,,,,,,,,,,,,6.064356435643564,0.0594059405940594,0.009900990099009901,1242.0,False,False
WestBr00,,00-0021216,Brian Westbrook,RB,2002,3,91,PHI,villanova,68.0,200.0,4.57,37.0,118.0,26.0,7.09,,,,,,,,,,,,,69.0,68.0,121.0,2,1,7,False,skill_run,False,True,False,True,43.1,0,0,True,91.70545944949409,77.5,,30.406574394463668,-1.5946829023137354,-1.1277718673726418,0.10074219938194207,0.7739178454242825,-0.08036739439729697,1.118944922908658,0.015153939427919016,,-1.0878023578965468,0.2435361132991992,,-0.17305590115300717,,,,,True,True
KarnMi00,mike-karney-1,00-0022796,Mike Karney,RB,2004,5,156,NOR,arizona st.,71.0,254.0,5.02,30.0,103.0,25.0,,,,,,,,,,,,,,2.0,2.0,101.0,0,0,7,False,skill_run,False,True,False,True,16.68,0,1,True,79.99242148523571,66.5,,35.421940091251734,0.05221528087222063,1.929788257308531,3.4264016770481427,-1.3889966570715264,-2.546543320510445,0.9176284723435021,,,-2.284942046375547,-2.3562024274250737,,2.492779785118922,,,,,True,True
MurrLa00,latavius-murray-1,00-0030513,Latavius Murray,RB,2013,6,181,OAK,central florida,,,,,,,,,,,,,,453.0,2424.0,37.0,50.0,524.0,6.0,44.0,17.0,151.0,1,0,3,False,skill_run,False,True,True,False,9.8,0,1,True,,,,,,,,,,,,,,,,,5.3509933774834435,0.08167770419426049,0.11037527593818984,2948.0,False,False
LattMa00,marcus-lattimore-1,00-0030497,Marcus Lattimore,RB,2013,4,131,SFO,south carolina,71.0,221.0,4.65,,,,,,,,,,,555.0,2677.0,38.0,74.0,767.0,3.0,,,,0,0,0,False,skill_run,True,True,False,False,25.38,0,0,True,94.53888105988777,,,30.819877008530053,0.05221528087222063,0.061279292225592086,0.6919705509670458,,,,,,-0.7982104113539975,,,0.04662835008977965,4.8234234234234235,0.06846846846846846,0.13333333333333333,3444.0,False,False
BarbMa01,marion-barber-iii-1,00-0023544,Marion Barber III,RB,2005,4,109,DAL,minnesota,71.0,221.0,4.49,40.0,127.0,20.0,,,,,,,,,,,,,,39.0,37.0,99.0,1,0,3,False,skill_run,False,True,False,True,34.55,0,0,True,108.75191304681366,83.5,,30.819877008530053,0.05221528087222063,0.061279292225592086,-0.4904861522031618,1.700881203636772,1.399338161270592,-0.08895378048227805,,,0.6544430110194898,1.6615753173306207,,0.04662835008977965,,,,,True,True
WillDe02,deangelo-williams-1,00-0024242,DeAngelo Williams,RB,2006,1,27,CAR,memphis,69.0,214.0,4.45,35.5,121.0,25.0,,,,,,,,,,,,,,61.0,51.0,142.0,1,0,6,False,skill_run,False,True,False,True,81.14,1,0,True,109.14496981387704,78.25,,31.598823776517538,-1.0457168412517501,-0.33507109430715254,-0.7861003279957137,0.3104361663180377,0.41286779082533265,0.9176284723435021,,,0.6946156679435653,0.4207910138031269,,0.4606647768127751,,,,,True,True
BatcBa00,baron-batch-1,00-0028170,Baron Batch,RB,2011,7,232,PIT,texas tech,,,,,,,,,,,,,,467.0,2501.0,27.0,140.0,1111.0,5.0,1.0,1.0,12.0,0,0,0,False,skill_run,False,True,True,False,1.4,0,1,True,,,,,,,,,,,,,,,,,5.355460385438972,0.057815845824411134,0.29978586723768735,3612.0,False,False
SmitMi01,michael-smith-6,00-0029145,Michael Smith,RB,2012,7,212,TAM,utah st.,,,,,,,,,,,,,,184.0,1313.0,15.0,38.0,424.0,4.0,0.0,0.0,1.0,0,0,0,False,skill_run,False,True,True,False,3.79,0,1,True,,,,,,,,,,,,,,,,,7.135869565217392,0.08152173913043478,0.20652173913043478,1737.0,False,False
BrowBr02,bryce-brown-1,00-0029429,Bryce Brown,RB,2012,7,229,PHI,kansas st.,,,,,,,,,,,,,,104.0,476.0,3.0,11.0,140.0,1.0,9.0,6.0,42.0,0,0,0,False,skill_run,False,True,True,False,1.68,0,1,True,,,,,,,,,,,,,,,,,4.576923076923077,0.028846153846153848,0.10576923076923077,616.0,False,False
BookLo00,lorenzo-booker-1,00-0025458,Lorenzo Booker,RB,2007,3,71,MIA,florida st.,70.0,191.0,4.46,35.5,121.0,26.0,,,,,,,,,,,,,,4.0,3.0,36.0,0,0,0,False,skill_run,False,True,False,True,53.7,0,0,True,96.54369757544032,78.25,,27.40265306122449,-0.49675078018976476,-1.6373652214861705,-0.7121967840475774,0.3104361663180377,0.41286779082533265,1.118944922908658,,,-0.5933066599779903,0.4207910138031269,,-1.7697412024922488,,,,,True,True
CoxxMi00,michael-cox-1,00-0030128,Michael Cox,RB,2013,7,253,NYG,massachusetts,,,,,,,,,,,,,,217.0,879.0,7.0,14.0,74.0,0.0,0.0,0.0,18.0,0,0,0,False,skill_run,False,True,True,False,0.15,0,1,True,,,,,,,,,,,,,,,,,4.050691244239632,0.03225806451612903,0.06451612903225806,953.0,False,False
WellCh00,chris-wells-1,00-0027007,Beanie Wells,RB,2009,1,31,ARI,ohio st.,73.0,235.0,4.38,33.5,128.0,25.0,,,,,,,,,,,,,,14.0,14.0,51.0,0,0,2,False,skill_run,False,True,False,True,78.41,1,0,True,127.70309294426171,80.75,,31.00112591480578,1.1501474029961913,0.8539800652910813,-1.3034251356326811,-0.30753940582362194,1.5637498896781352,0.9176284723435021,,,2.5913623369850587,1.0116406821495525,,0.1429682446575926,,,,,True,True
BellTa00,tatum-bell-1,00-0022893,Tatum Bell,RB,2004,2,41,DEN,oklahoma st.,71.0,212.0,4.37,38.5,117.0,25.0,,,,,,,,,,,,,,22.0,20.0,54.0,0,0,1,False,skill_run,False,True,False,True,71.8,0,0,True,116.26262082254877,77.75,,29.564768895060503,0.05221528087222063,-0.4483140618879367,-1.3773286795808175,1.2373995245305274,-0.24477912280484018,0.9176284723435021,,,1.4220804415765276,0.30262108013384176,,-0.6205038594636232,,,,,True,True
ToraRy00,ryan-torain-1,00-0026279,Ryan Torain,RB,2008,5,139,DEN,arizona st.,72.0,222.0,4.61,34.0,120.0,21.0,,,,,,,,,,,,,,5.0,0.0,22.0,0,0,1,False,skill_run,False,True,False,True,22.4,0,1,True,98.30582869760005,77.0,,30.105324074074073,0.601181341934206,0.11790077601598417,0.39635637517449396,-0.15304551278820702,0.24845606241778945,0.11236267008287798,,,-0.4132067483172826,0.12536617962991406,,-0.33318058659912436,,,,,True,True
HartMi00,michael-hart-1,00-0026342,Mike Hart,RB,2008,6,202,IND,michigan,69.0,206.0,4.69,28.0,110.0,23.0,,,,,,,,,,,,,,3.0,3.0,21.0,0,0,0,False,skill_run,False,True,False,True,5.42,0,1,True,85.15415528481851,69.0,,30.417559336273893,-1.0457168412517501,-0.7880429646302892,0.9875847267595977,-2.006972229213186,-1.3956612216576427,0.5149955712131901,,,-1.7573832344174627,-1.765352759078648,,-0.16721703482505973,,,,,True,True
ThomDa06,darwin-thompson-1,00-0035148,Darwin Thompson,RB,2019,6,214,KAN,utah st.,,,,,,,,,,,,,,153.0,1044.0,14.0,23.0,351.0,2.0,2.0,2.0,26.0,0,0,0,False,skill_run,False,True,True,False,3.5,0,1,True,,,,,,,,,,,,,,,,,6.823529411764706,0.0915032679738562,0.1503267973856209,1395.0,False,False
SlatSt00,steve-slaton-1,00-0026229,Steve Slaton,RB,2008,3,89,HOU,west virginia,69.0,197.0,4.45,33.5,118.0,19.0,,,,,,,,,,,,,,21.0,21.0,45.0,0,0,2,False,skill_run,False,True,False,True,44.11,0,0,True,100.4745750155784,75.75,,29.08863684099979,-1.0457168412517501,-1.297636318743818,-0.7861003279957137,-0.30753940582362194,-0.08036739439729697,-0.2902702310474341,,,-0.19154843051646916,-0.17005865454329877,,-0.8735840729176254,,,,,True,True
WilsBr00,braden-wilson-1,,Braden Wilson,RB,2013,6,204,KAN,kansas st.,75.0,251.0,4.81,,,22.0,,,,,,,,21.0,44.0,2.0,18.0,144.0,0.0,,,,0,0,0,False,skill_run,True,True,False,False,5.07,0,1,True,93.7828467864711,,,31.369422222222223,2.248079525120162,1.7599238059373548,1.8744272541372469,,,0.313679120648034,,,-0.8754814521650387,,,0.33873012899270816,2.0952380952380953,0.09523809523809523,0.8571428571428571,188.0,False,False
JohnQu00,quinn-johnson-1,00-0027106,Quinn Johnson,RB,2009,5,145,GNB,louisiana state,73.0,246.0,4.72,32.0,115.0,16.0,,,,,,,,,,,,,,0.0,0.0,44.0,0,0,1,False,skill_run,False,True,False,True,20.28,0,1,True,99.1281744432637,73.5,,32.45224244698818,1.1501474029961913,1.4768163869853943,1.2092953586040067,-0.7710210849298668,-0.5736025796199266,-0.8942195827429021,,,-0.3291582945523545,-0.7018233560550818,,0.9142855264479177,,,,,True,True
GillCu00,cullen-gillaspia-1,00-0035304,Cullen Gillaspia,RB,2019,7,220,HOU,texas a&m,,,,,,,,,,,,,,5.0,33.0,1.0,5.0,52.0,0.0,0.0,0.0,44.0,0,0,0,False,skill_run,False,True,True,False,2.69,0,1,True,,,,,,,,,,,,,,,,,6.6,0.2,1.0,85.0,False,False
AndeRo02,rodney-anderson-1,00-0035299,Rodney Anderson,RB,2019,6,211,CIN,oklahoma,72.0,224.0,,,,25.0,,,,,,,,200.0,1285.0,16.0,17.0,281.0,5.0,,,,0,0,0,False,skill_run,True,True,False,False,3.94,0,1,True,,,,30.376543209876544,0.601181341934206,0.23114374359676834,,,,0.9176284723435021,,,,,,-0.18901848661804,6.425,0.08,0.085,1566.0,False,False
StewJo00,jonathan-stewart-1,00-0026153,Jonathan Stewart,RB,2008,1,13,CAR,oregon,70.0,235.0,4.46,36.5,128.0,28.0,,,,,,,,,,,,,,48.0,48.0,134.0,1,0,5,False,skill_run,False,True,False,True,91.05,1,0,True,118.78413052475642,82.25,,33.71530612244898,-0.49675078018976476,0.8539800652910813,-0.7121967840475774,0.6194239523888676,1.5637498896781352,1.5215778240389701,,,1.6797932013753702,1.366150483157408,,1.5856463849858207,,,,,True,True
HillLe00,,00-0026344,Lex Hilliard,RB,2008,6,204,MIA,montana,71.0,231.0,4.68,32.0,122.0,,7.01,4.2,,,,,,,,,,,,3.0,3.0,62.0,0,0,1,False,skill_run,False,True,False,True,5.07,0,1,True,96.30715714207797,77.0,5.605,32.21444157905177,0.05221528087222063,0.6274941301295129,0.9136811828114549,-0.7710210849298668,0.5772795192328759,,-0.305834050272585,-0.4119774979307711,-0.6174824495188569,0.12536617962991406,-0.38050377090261833,0.7878863607046702,,,,,True,True
ThomMa01,marcus-thomas-2,00-0026306,Marcus Thomas,RB,2008,5,166,SDG,texas-el paso,72.0,213.0,4.59,30.0,116.0,21.0,,,,,,,,,,,,,,0.0,,3.0,0,0,0,False,skill_run,False,True,False,True,13.71,0,1,True,95.97516268551625,73.0,,28.884837962962962,0.601181341934206,-0.3916925780975446,0.24854928727821474,-1.3889966570715264,-0.4091908512123834,0.11236267008287798,,,-0.6514141879387121,-0.819993289724367,,-0.9819100365139973,,,,,True,True
JohnCh04,chris-johnson-1,00-0026164,Chris Johnson,RB,2008,1,24,TEN,east carolina,71.0,197.0,4.24,35.0,130.0,,,,,,,,,,,,,,,70.0,61.0,130.0,3,1,7,False,skill_run,False,True,False,True,83.21,1,0,True,121.90816535772657,82.5,,27.472922039277922,0.05221528087222063,-1.297636318743818,-2.3380747509066095,0.1559422732826228,1.8925733464932215,,,,1.999087486782071,1.4252354499920505,,-1.73239087538596,,,,,True,True
OmonXa00,,00-0026319,Xavier Omon,RB,2008,6,179,BUF,nw missouri st.,71.0,228.0,4.52,31.0,112.0,17.0,,,,,,,,,,,,,,0.0,0.0,7.0,0,0,0,False,skill_run,False,True,False,True,10.28,0,1,True,109.24739836788898,71.5,,31.796072207895257,0.05221528087222063,0.4576296787583367,-0.26877552035875274,-1.0800088710006965,-1.0668377648425562,-0.6929031321777461,,,0.7050844538909323,-1.1745030907322225,,0.5655089575202032,,,,,True,True
ScotBo02,boston-scott-1,00-0034414,Boston Scott,RB,2018,6,201,NOR,louisiana tech,,,,,,,,,,,,,,287.0,1833.0,14.0,32.0,307.0,1.0,11.0,,75.0,0,0,0,False,skill_run,False,True,True,False,5.6,0,1,True,,,,,,,,,,,,,,,,,6.386759581881533,0.04878048780487805,0.11149825783972125,2140.0,False,False
WillDa011,david-williams-5,00-0034427,David Williams,RB,2018,7,226,DEN,arkansas,,,,,,,,,,,,,,304.0,1450.0,13.0,37.0,435.0,2.0,0.0,,6.0,0,0,0,False,skill_run,False,True,True,False,1.99,0,1,True,,,,,,,,,,,,,,,,,4.769736842105263,0.04276315789473684,0.12171052631578948,1885.0,False,False
WillMa09,marquez-williams-1,00-0033796,Marquez Williams,RB,2017,7,240,JAX,miami,,,,,,,,,,,,,,1.0,1.0,0.0,2.0,19.0,1.0,0.0,,1.0,0,0,0,False,skill_run,False,True,True,False,0.77,0,1,True,,,,,,,,,,,,,,,,,1.0,0.0,2.0,20.0,False,False
JohnGa01,gartrell-johnson-1,00-0027098,Gartrell Johnson,RB,2009,4,134,SDG,colorado st.,70.0,219.0,4.67,34.0,114.0,20.0,,,,,,,,,,,,,,0.0,,19.0,0,0,0,False,skill_run,False,True,False,True,24.24,0,0,True,92.08875218048529,74.0,,31.419795918367345,-0.49675078018976476,-0.05196367535519209,0.8397776388633186,-0.15304551278820702,-0.7380143080274698,-0.08895378048227805,,,-1.0486276414843538,-0.5836534223857968,,0.3655054440847037,,,,,True,True
WillJa05,,00-0027141,Javarris Williams,RB,2009,7,212,KAN,tennessee st.,69.0,223.0,4.51,33.5,116.0,25.0,,,,,,,,,,,,,,0.0,0.0,4.0,0,0,0,False,skill_run,False,True,False,True,3.79,0,1,True,107.80246492637615,74.75,,32.92774627179164,-1.0457168412517501,0.17452225980637626,-0.3426790643068891,-0.30753940582362194,-0.4091908512123834,0.9176284723435021,,,0.557403965248797,-0.40639852188186903,,1.1670318149053407,,,,,True,True
HendDe01,,00-0033581,De'Angelo Henderson,RB,2017,6,203,DEN,coastal carolina,,,,,,,,,,,,,,2.0,15.0,0.0,39.0,459.0,3.0,0.0,0.0,8.0,0,0,0,False,skill_run,False,True,True,False,5.24,0,1,True,,,,,,,,,,,,,,,,,7.5,0.0,19.5,474.0,False,False
McFaDa00,darren-mcfadden-1,00-0026144,Darren McFadden,RB,2008,1,4,OAK,arkansas,73.0,211.0,4.33,33.0,128.0,,,,,,,,,,,,,,,39.0,32.0,103.0,0,0,4,False,skill_run,False,True,False,True,97.72,1,0,True,120.04964096691148,80.5,,27.835053480953274,1.1501474029961913,-0.5049355456783288,-1.6729428553733694,-0.4620332988590369,1.5637498896781352,,,,1.8091356299674521,0.95255571531491,,-1.5399058247031145,,,,,True,True
RedmJ.00,jr-redmond-1,00-0019722,J.R. Redmond,RB,2000,3,76,NWE,arizona st.,71.0,216.0,4.48,32.5,121.0,,,,,,,,,,,,,,,9.0,6.0,50.0,0,0,0,False,skill_run,False,True,False,True,50.94,0,0,True,107.24367573081524,76.75,,30.12259472326919,0.05221528087222063,-0.22182812672636837,-0.5643896961512981,-0.6165271918944518,0.41286779082533265,,,,0.5002925031720522,0.06628121279527151,,-0.3240006552176666,,,,,True,True
DaniP.00,pj-daniels-1,00-0024346,P.J. Daniels,RB,2006,4,132,BAL,georgia tech,70.0,214.0,4.64,33.0,116.0,21.0,7.13,4.4,,,,,,,,,,,,,,,0,0,0,False,skill_run,True,False,False,True,25.0,0,0,True,92.33616792689189,74.5,5.765000000000001,30.702448979591836,-0.49675078018976476,-0.33507109430715254,0.6180670070189029,-0.4620332988590369,-0.4091908512123834,0.11236267008287798,0.17564793427817102,0.8229040328566108,-1.0233403325486357,-0.4654834887165116,0.472357714347539,-0.01578859994689505,,,,,True,True
WynnDe00,deshawn-wynn-1,00-0025615,DeShawn Wynn,RB,2007,7,228,GNB,florida,70.0,232.0,4.47,31.5,115.0,,,,,,,,,,,,,,,3.0,3.0,23.0,0,0,0,False,skill_run,False,True,False,True,1.78,0,1,True,116.22187778931955,73.25,,33.284897959183674,-0.49675078018976476,0.684115613919905,-0.638293240099441,-0.9255149779652817,-0.5736025796199266,,,,1.4179162698000378,-0.7609083228897244,,1.356869958566862,,,,,True,True
CobbCe00,cedric-cobbs-1,00-0022872,Cedric Cobbs,RB,2004,4,128,NWE,arkansas,72.0,223.0,4.75,40.0,123.0,,,,,,,,,,,,,,,0.0,0.0,5.0,0,0,0,False,skill_run,False,True,False,True,26.55,0,0,True,87.61135964272835,81.5,,30.24093364197531,0.601181341934206,0.17452225980637626,1.4310059904484225,1.700881203636772,0.741691247640419,,,,-1.5062428497850915,1.1888955826534802,,-0.2610995366085812,,,,,True,True
WhytKe00,kerrith-whyte-1,00-0035596,Kerrith Whyte Jr,RB,2019,7,222,CHI,florida atlantic,,,,,,,,,,,,,,232.0,1358.0,11.0,22.0,227.0,2.0,1.0,,6.0,0,0,0,False,skill_run,False,True,True,False,2.45,0,1,True,,,,,,,,,,,,,,,,,5.853448275862069,0.04741379310344827,0.09482758620689655,1585.0,False,False
SmalKi00,kiero-small-1,00-0031091,Kiero Small,RB,2014,7,227,SEA,arkansas,,,,,,,,,,,,,,41.0,152.0,4.0,20.0,135.0,1.0,0.0,,3.0,0,0,0,False,skill_run,False,True,True,False,1.89,0,1,True,,,,,,,,,,,,,,,,,3.707317073170732,0.0975609756097561,0.4878048780487805,287.0,False,False
SmitMu00,musa-smith-1,00-0022130,Musa Smith,RB,2003,3,77,BAL,georgia,73.0,232.0,4.45,35.5,123.0,,,,,,,,,,,,,,,6.0,6.0,49.0,0,0,0,False,skill_run,False,True,False,True,50.4,0,0,True,118.32538783560501,79.25,,30.605366860574218,1.1501474029961913,0.684115613919905,-0.7861003279957137,0.3104361663180377,0.741691247640419,,,,1.6329070663130132,0.6571308811416972,,-0.06739101401249485,,,,,True,True
JoneKe02,kevin-jones-3,00-0022782,Kevin Jones,RB,2004,1,30,DET,virginia tech,72.0,227.0,4.38,38.0,120.0,,,,,,,,,,,,,,,27.0,26.0,64.0,0,0,4,False,skill_run,False,True,False,True,79.09,1,0,True,123.35575360998898,79.0,,30.783371913580247,0.601181341934206,0.4010081949679446,-1.3034251356326811,1.0829056314951124,0.24845606241778945,,,,2.1470393123159175,0.5980459143070546,,0.027224663353583718,,,,,True,True
FargJu00,justin-fargas-1,00-0022093,Justin Fargas,RB,2003,3,96,OAK,southern california,73.0,219.0,4.35,,137.0,27.0,,,,,,,,,,,,,,20.0,20.0,92.0,0,0,2,False,skill_run,False,True,False,True,40.63,0,0,True,122.32552340373705,,,28.89041095890411,1.1501474029961913,-0.05196367535519209,-1.5251357674770967,,3.043455445346024,1.3202613734738142,,,2.041743873853452,,,-0.9789478015828789,,,,,True,True
GordLa00,,00-0021209,Lamar Gordon,RB,2002,3,84,STL,north dakota st.,73.0,214.0,4.55,34.0,119.0,16.0,,,,,,,,,,,,,,9.0,6.0,41.0,0,0,0,False,skill_run,False,True,False,True,46.68,0,0,True,99.86152234195221,76.5,,28.23081253518484,1.1501474029961913,-0.33507109430715254,-0.047064888514337176,-0.15304551278820702,0.08404433401024623,-0.8942195827429021,,,-0.25420593141124564,0.0071962459606289405,,-1.3295465660330252,,,,,True,True
JohnLa00,larry-johnson-1,00-0021976,Larry Johnson,RB,2003,1,27,KAN,penn st.,73.0,228.0,4.45,,,19.0,,,,,,,,,,,,,,51.0,50.0,85.0,2,1,4,False,skill_run,False,True,False,True,81.14,1,0,True,116.28529494188768,,,30.0776881215988,1.1501474029961913,0.4576296787583367,-0.7861003279957137,,,-0.2902702310474341,,,1.424397866675358,,,-0.3478700255726127,,,,,True,True
SmitOn00,onterrio-smith-1,00-0022138,Onterrio Smith,RB,2003,4,105,MIN,oregon,70.0,220.0,4.48,,,19.0,,,,,,,,,,,,,,14.0,14.0,26.0,0,0,0,False,skill_run,False,True,False,True,36.37,0,0,True,109.22966972583035,,,31.56326530612245,-0.49675078018976476,0.004657808435199999,-0.5643896961512981,,,-0.2902702310474341,,,0.7032724849469243,,,0.44176425289102456,,,,,True,True
SchmOw00,owen-schmitt-1,00-0026303,Owen Schmitt,RB,2008,5,163,SEA,west virginia,74.0,247.0,4.73,,,26.0,,,,,,,,,,,,,,1.0,0.0,74.0,0,0,0,False,skill_run,False,True,False,True,14.57,0,1,True,98.69209905763593,,,31.70945945945946,1.6991134640581766,1.5334378707757863,1.2831989025521497,,,1.118944922908658,,,-0.37372770113131176,,,0.5194713663204007,,,,,True,True
PerrCh00,chris-perry-1,00-0022926,Chris Perry,RB,2004,1,26,CIN,michigan,72.0,224.0,4.56,,,19.0,,,,,,,,,,,,,,9.0,9.0,35.0,0,0,0,False,skill_run,False,True,False,True,81.83,1,0,True,103.61404853978323,,,30.376543209876544,0.601181341934206,0.23114374359676834,0.02683865543379916,,,-0.2902702310474341,,,0.1293237777204659,,,-0.18901848661804,,,,,True,True
BrowTh01,thomas-brown-1,00-0026312,Thomas Brown,RB,2008,6,172,ATL,georgia,68.0,204.0,4.51,36.0,128.0,25.0,7.17,,,,,,,,,,,,,,,,0,0,0,False,skill_run,True,True,False,True,12.06,0,1,True,98.61750154699881,82.0,,31.014705882352942,-1.5946829023137354,-0.9012859322110734,-0.3426790643068891,0.46493005935345266,1.5637498896781352,0.9176284723435021,0.336141929128423,,-0.38135199475333653,1.3070655163227654,,0.15018645451391965,,,,,True,True
GurlTo01,todd-gurley-1,00-0032241,Todd Gurley,RB,2015,1,10,STL,georgia,73.0,222.0,4.52,,,17.0,,,,,,,,,,,,,,54.0,50.0,88.0,3,2,6,False,skill_run,False,True,False,True,93.25,1,0,True,106.3724668318919,,,29.286170013135674,1.1501474029961913,0.11790077601598417,-0.26877552035875274,,,-0.6929031321777461,,,0.4112499547708819,,,-0.7685885429127896,,,,,True,True
BrowCh03,chris-brown-1,00-0022092,Chris Brown,RB,2003,3,93,TEN,colorado,77.0,329.0,5.33,,,30.0,,,,,,,,,,,,,,24.0,23.0,68.0,0,0,2,False,skill_run,False,True,False,True,42.1,0,0,True,81.5299277585473,,,39.00944510035419,3.346011647244133,6.176399541587938,5.7174115394404215,,,1.9242107251692824,,,-2.1278000831476245,,,4.399659453747953,,,,,True,True
SmitPa00,paul-smith-6,00-0019673,Paul Smith,RB,2000,5,132,SFO,texas-el paso,71.0,220.0,4.65,,,25.0,,,,,,,,,,,,,,3.0,2.0,79.0,0,0,0,False,skill_run,False,True,False,True,25.0,0,1,True,94.11110331753534,,,30.68042055147788,0.05221528087222063,0.004657808435199999,0.6919705509670458,,,0.9176284723435021,,,-0.8419317511789611,,,-0.027497450971709976,,,,,True,True
PinnAn00,andrew-pinnock-1,00-0021936,Andrew Pinnock,RB,2003,7,229,SDG,south carolina,70.0,265.0,4.62,,,22.0,,,,,,,,,,,,,,1.0,1.0,42.0,0,0,0,False,skill_run,False,True,False,True,1.68,0,1,True,116.33434993119104,,,38.01938775510204,-0.49675078018976476,2.552624579002844,0.4702599191226303,,,0.313679120648034,,,1.429411568056004,,,3.8734106491754132,,,,,True,True
EcheAd00,adimchinobe-echemandu-1,00-0022883,Adimchinobe Echemandu,RB,2004,7,208,CLE,california,71.0,226.0,4.58,,,15.0,,,,,,,,,,,,,,1.0,0.0,19.0,0,0,0,False,skill_run,False,True,False,True,4.41,0,1,True,102.72508819422447,,,31.517159293790915,0.05221528087222063,0.34438671117755254,0.1746457433300784,,,-1.0955360333080582,,,0.03846692961668903,,,0.41725735539722586,,,,,True,True
HenrTr00,travis-henry-1,00-0020471,Travis Henry,RB,2001,2,58,BUF,tennessee,69.0,223.0,4.61,,,23.0,,,,,,,,,,,,,,41.0,27.0,90.0,1,0,4,False,skill_run,False,True,False,True,61.22,0,0,True,98.74864774578744,,,32.92774627179164,-1.0457168412517501,0.17452225980637626,0.39635637517449396,,,0.5149955712131901,,,-0.3679481007301037,,,1.1670318149053407,,,,,True,True
JordLa00,lamont-jordan-1,00-0020462,LaMont Jordan,RB,2001,2,49,NYJ,maryland,70.0,234.0,4.57,,,24.0,,,,,,,,,,,,,,30.0,11.0,114.0,0,0,2,False,skill_run,False,True,False,True,66.72,0,0,True,107.29538755590809,,,33.571836734693875,-0.49675078018976476,0.7973585815006893,0.10074219938194207,,,0.7163120217783461,,,0.5055777484151088,,,1.5093875761795,,,,,True,True
CaniTr00,trung-canidate-1,00-0019649,Trung Canidate,RB,2000,1,31,STL,arizona,71.0,193.0,4.41,,,18.0,,,,,,,,,,,,,,11.0,6.0,46.0,0,0,1,False,skill_run,False,True,False,True,78.41,1,0,True,102.05468505588797,,,26.915096211069233,0.05221528087222063,-1.5241222539053865,-1.0817145037882656,,,-0.4915866816125901,,,-0.030052117844138738,,,-2.028894079631917,,,,,True,True
ToefLa00,labrandon-toefield-1,00-0022057,LaBrandon Toefield,RB,2003,4,132,JAX,louisiana state,71.0,233.0,4.6,,,19.0,,,,,,,,,,,,,,5.0,5.0,45.0,0,0,0,False,skill_run,False,True,False,True,25.0,0,0,True,104.07695798685685,,,32.49335449315612,0.05221528087222063,0.7407370977102972,0.32245283122635104,,,-0.2902702310474341,,,0.17663577935101782,,,0.9361379628276495,,,,,True,True
HuntTo01,tony-hunt-1,00-0025477,Tony Hunt,RB,2007,3,90,PHI,penn st.,74.0,233.0,4.68,,,24.0,,,,,,,,,,,,,,0.0,0.0,14.0,0,0,0,False,skill_run,False,True,False,True,43.6,0,0,True,97.14098534244228,,,29.91216216216216,1.6991134640581766,0.7407370977102972,0.9136811828114549,,,0.7163120217783461,,,-0.5322604229980595,,,-0.4358526446572364,,,,,True,True
LewiJa00,jamal-lewis-2,00-0019693,Jamal Lewis,RB,2000,1,5,BAL,tennessee,72.0,240.0,4.58,,,23.0,,,,,,,,,,,,,,69.0,53.0,131.0,1,1,9,False,skill_run,False,True,False,True,96.97,1,0,True,109.08858923280474,,,32.5462962962963,0.601181341934206,1.1370874842430418,0.1746457433300784,,,0.5149955712131901,,,0.6888532490504378,,,0.9642783132306235,,,,,True,True
PortCl00,clinton-portis-1,00-0021179,Clinton Portis,RB,2002,2,51,DEN,miami,71.0,204.0,4.42,,,,,,,,,,,,,,,,,72.0,30.0,113.0,2,0,7,False,skill_run,False,True,False,True,65.47,0,0,True,106.89837064291952,,,28.449117238643126,0.05221528087222063,-0.9012859322110734,-1.0078109598401293,,,,,,0.465000341854459,,,-1.2135102679555365,,,,,True,True
McCoLe01,lesean-mccoy-1,00-0027029,LeSean McCoy,RB,2009,2,53,PHI,pittsburgh,70.0,198.0,4.5,,,,,,,,,,,,,,,,,83.0,50.0,170.0,6,2,10,False,skill_run,False,True,False,True,64.24,0,0,True,96.57064471879286,,,28.406938775510206,-0.49675078018976476,-1.241014834953426,-0.4165826082550254,,,,,,-0.5905525073066764,,,-1.2359295408480102,,,,,True,True
WellJo00,jonathan-wells-1,00-0021223,Jonathan Wells,RB,2002,4,99,HOU,ohio st.,73.0,243.0,4.52,,,,,,,,,,,,,,,,,11.0,11.0,60.0,0,0,1,False,skill_run,False,True,False,True,39.18,0,0,True,116.43472720788168,,,32.05648339275661,1.1501474029961913,1.306951935614218,-0.26877552035875274,,,,,,1.439670701691059,,,0.7039262677778264,,,,,True,True
BensCe00,cedric-benson-1,00-0023439,Cedric Benson,RB,2005,1,4,CHI,texas,70.0,222.0,4.62,,,,,,,,,,,,,,,,,36.0,10.0,96.0,0,0,6,False,skill_run,False,True,False,True,97.72,1,0,True,97.45745541405438,,,31.850204081632654,-0.49675078018976476,0.11790077601598417,0.4702599191226303,,,,,,-0.4999153657978095,,,0.5942818705036644,,,,,True,True
GoreFr00,frank-gore-1,00-0023500,Frank Gore,RB,2005,3,65,SFO,miami,69.0,217.0,4.58,,,,,,,,,,,,,,,,,94.0,75.0,241.0,5,0,14,False,skill_run,False,True,False,True,57.11,0,0,True,98.63426609799428,,,32.041797941608905,-1.0457168412517501,-0.16520664293597626,0.1746457433300784,,,,,,-0.37963856144786495,,,0.6961204561769637,,,,,True,True
DuckT.00,tj-duckett-1,00-0021376,T.J. Duckett,RB,2002,1,18,ATL,michigan st.,72.0,254.0,4.45,,,,,,,,,,,,,,,,,22.0,18.0,93.0,0,0,1,False,skill_run,False,True,False,True,87.44,1,0,True,129.54589875105032,,,34.44483024691358,0.601181341934206,1.929788257308531,-0.7861003279957137,,,,,,2.7797076643201164,,,1.9734130130982046,,,,,True,True
McGaWi00,willis-mcgahee-1,00-0022178,Willis McGahee,RB,2003,1,23,BUF,miami,72.0,223.0,4.45,,,,,,,,,,,,,,,,,56.0,26.0,142.0,2,0,7,False,skill_run,False,True,False,True,83.91,1,0,True,113.73517882474103,,,30.24093364197531,0.601181341934206,0.17452225980637626,-0.7861003279957137,,,,,,1.1637613671282891,,,-0.2610995366085812,,,,,True,True
JoneTa00,,00-0028063,Taiwan Jones,RB,2011,4,125,OAK,eastern washington,72.0,194.0,4.33,,,13.0,,,,,,,,,,,,,,3.0,3.0,139.0,0,0,0,False,skill_run,False,True,False,True,27.74,0,0,True,110.37739501223142,,,26.308256172839506,0.601181341934206,-1.4675007701149942,-1.6729428553733694,,,-1.4981689344383702,,,0.820576594778574,,,-2.3514499863342846,,,,,True,True
WillEd00,eddie-williams-1,00-0026947,Eddie Williams,RB,2009,7,221,WAS,idaho,73.0,239.0,4.79,,,23.0,,,,,,,,,,,,,,0.0,,6.0,0,0,0,False,skill_run,False,True,False,True,2.57,0,1,True,90.7999988360352,,,31.528804653781197,1.1501474029961913,1.0804660004526496,1.7266201662409744,,,0.5149955712131901,,,-1.1803456280570142,,,0.42344725621771045,,,,,True,True
SuggLe00,lee-suggs-1,00-0022180,Lee Suggs,RB,2003,4,115,CLE,virginia tech,72.0,202.0,4.44,,,,,,,,,,,,,,,,,8.0,8.0,29.0,0,0,0,False,skill_run,False,True,False,True,31.91,0,0,True,103.95598185725783,,,27.393132716049383,0.601181341934206,-1.0145288997918576,-0.86000387194385,,,,,,0.16427132475405481,,,-1.774801586409953,,,,,True,True
MacKMa20,malaefou-mackenzie-1,00-0022109,Malaefou MacKenzie,RB,2003,7,218,JAX,southern california,70.0,233.0,4.67,,,,,,,,,,,,,,,,,0.0,0.0,1.0,0,0,0,False,skill_run,False,True,False,True,2.95,0,1,True,97.97570437467157,,,33.42836734693878,-0.49675078018976476,0.7407370977102972,0.8397776388633186,,,,,,-0.4469473483491351,,,1.4331287673731827,,,,,True,True
PinnAr00,artose-pinner-1,00-0022006,Artose Pinner,RB,2003,4,99,DET,kentucky,70.0,229.0,4.68,,,,,,,,,,,,,,,,,8.0,7.0,47.0,0,0,0,False,skill_run,False,True,False,True,39.18,0,0,True,95.47332894171366,,,32.85448979591837,-0.49675078018976476,0.5142511625487288,0.9136811828114549,,,,,,-0.7027044760396544,,,1.128093532147903,,,,,True,True
AskeB.00,bj-askew-1,00-0022003,B.J. Askew,RB,2003,3,85,NYJ,michigan,74.0,241.0,4.6,,,,,,,,,,,,,,,,,4.0,1.0,83.0,0,0,1,False,skill_run,False,True,False,True,46.16,0,0,True,107.65041577181331,,,30.93918918918919,1.6991134640581766,1.1937089680334338,0.32245283122635104,,,,,,0.5418636692058507,,,0.11004679018712792,,,,,True,True
DaveNa00,najeh-davenport-1,00-0021252,Najeh Davenport,RB,2002,4,135,GNB,miami,73.0,248.0,4.57,,,,,,,,,,,,,,,,,18.0,9.0,73.0,0,0,0,False,skill_run,False,True,False,True,23.87,0,0,True,113.71476971737268,,,32.716081816475885,1.1501474029961913,1.5900593545661785,0.10074219938194207,,,,,,1.1616754392493192,,,1.0545250322279747,,,,,True,True
JackSt00,steven-jackson-3,00-0022736,Steven Jackson,RB,2004,1,24,STL,oregon st.,73.0,241.0,4.55,,,,,,,,,,,,,,,,,75.0,68.0,160.0,3,0,10,False,skill_run,False,True,False,True,83.21,1,0,True,112.46087329163777,,,31.792644023268906,1.1501474029961913,1.1937089680334338,-0.047064888514337176,,,,,,1.0335200297757305,,,0.5636867619977693,,,,,True,True
FinlJa00,jay-finley-1,00-0028184,Jay Finley,RB,2011,7,246,CIN,baylor,,,,,,,,,,,,,,478.0,2660.0,22.0,40.0,416.0,3.0,,,,0,0,0,False,skill_run,True,True,True,False,0.42,0,1,True,,,,,,,,,,,,,,,,,5.564853556485356,0.04602510460251046,0.08368200836820083,3076.0,False,False
WileMi00,michael-wiley-1,00-0019614,Michael Wiley,RB,2000,5,144,DAL,ohio st.,71.0,193.0,4.5,,,,,,,,,,,,,,,,,4.0,4.0,42.0,0,0,0,False,skill_run,False,True,False,True,20.63,0,1,True,94.1319920743789,,,26.915096211069233,0.05221528087222063,-1.5241222539053865,-0.4165826082550254,,,,,,-0.8397968003714319,,,-2.028894079631917,,,,,True,True
MuhaKh00,khalfani-muhammad-1,00-0033797,Khalfani Muhammad,RB,2017,7,241,TEN,california,,,,,,,,,,,,,,359.0,2073.0,11.0,55.0,571.0,3.0,,,,0,0,0,False,skill_run,True,True,True,False,0.71,0,1,True,,,,,,,,,,,,,,,,,5.774373259052925,0.03064066852367688,0.1532033426183844,2644.0,False,False
BushRe00,reggie-bush-1,00-0024217,Reggie Bush,RB,2006,1,2,NOR,southern california,71.0,201.0,4.37,,,,,,,,,,,,,,,,,61.0,34.0,134.0,0,0,8,False,skill_run,False,True,False,True,99.24,1,0,True,110.23012634590708,,,28.03074786748661,0.05221528087222063,-1.0711503835822498,-1.3773286795808175,,,,,,0.8055248920636844,,,-1.4358876711400035,,,,,True,True
BrooZa00,zac-brooks-1,00-0032808,Zac Brooks,RB,2016,7,247,SEA,clemson,,,,,,,,,,,,,,115.0,599.0,5.0,18.0,205.0,3.0,,,,0,0,0,False,skill_run,True,True,True,False,0.37,0,1,True,,,,,,,,,,,,,,,,,5.208695652173913,0.043478260869565216,0.1565217391304348,804.0,False,False
MaroLa00,laurence-maroney-1,00-0024236,Laurence Maroney,RB,2006,1,21,NWE,minnesota,72.0,217.0,4.48,,,,,,,,,,,,,,,,,26.0,25.0,49.0,0,0,0,False,skill_run,False,True,False,True,85.32,1,0,True,107.74017422956902,,,29.427276234567902,0.601181341934206,-0.16520664293597626,-0.5643896961512981,,,,,,0.5510374986157707,,,-0.6935858365518305,,,,,True,True
WhitLe01,lendale-white-1,00-0024260,LenDale White,RB,2006,2,45,TEN,southern california,72.0,238.0,4.49,,,,,,,,,,,,,,,,,14.0,14.0,58.0,0,0,1,False,skill_run,False,True,False,True,69.23,0,0,True,117.11744481964547,,,32.27507716049383,0.601181341934206,1.0238445166622576,-0.4904861522031618,,,,,,1.5094483589956798,,,0.8201162132495411,,,,,True,True
AlexSh00,shaun-alexander-1,00-0019647,Shaun Alexander,RB,2000,1,19,SEA,alabama,72.0,218.0,4.58,,,,,,,,,,,,,,,,,68.0,68.0,123.0,3,1,7,False,skill_run,False,True,False,True,86.73,1,0,True,99.08880188646431,,,29.562885802469136,0.601181341934206,-0.10858515914558418,0.1746457433300784,,,,,,-0.33318239577402514,,,-0.6215047865612893,,,,,True,True
DaynRo00,ron-dayne-1,00-0019643,Ron Dayne,RB,2000,1,11,NYG,wisconsin,71.0,259.0,4.65,,,,,,,,,,,,,,,,,23.0,10.0,96.0,0,0,1,False,skill_run,False,True,False,True,92.51,1,0,True,110.79443526928024,,,36.119222376512596,0.05221528087222063,2.2128956762604917,0.6919705509670458,,,,,,0.8632005019946251,,,2.8634087904263685,,,,,True,True
JoneTh00,thomas-jones-1,00-0019641,Thomas Jones,RB,2000,1,7,ARI,virginia,70.0,216.0,4.45,,,,,,,,,,,,,,,,,62.0,7.0,180.0,1,0,9,False,skill_run,False,True,False,True,95.47,1,0,True,110.16501626073571,,,30.98938775510204,-0.49675078018976476,-0.22182812672636837,-0.7861003279957137,,,,,,0.7988702677623937,,,0.13672901766574483,,,,,True,True
BushMi00,michael-bush-1,00-0025487,Michael Bush,RB,2007,4,100,OAK,louisville,73.0,243.0,4.62,,,,,,,,,,,,,,,,,25.0,21.0,89.0,0,0,2,False,skill_run,False,True,False,True,38.71,0,0,True,106.67640389916764,,,32.05648339275661,1.1501474029961913,1.306951935614218,0.4702599191226303,,,,,,0.4423140670145186,,,0.7039262677778264,,,,,True,True
FasoCi00,ciatrick-fason-1,00-0023547,Ciatrick Fason,RB,2005,4,112,MIN,florida,73.0,207.0,4.58,,,,,,,,,,,,,,,,,1.0,1.0,18.0,0,0,0,False,skill_run,False,True,False,True,33.22,0,0,True,94.08890821329409,,,27.307374741977856,1.1501474029961913,-0.7314214808398971,0.1746457433300784,,,,,,-0.8442002181862573,,,-1.8203848362632324,,,,,True,True
BarlKe00,kevan-barlow-1,00-0020474,Kevan Barlow,RB,2001,3,80,SFO,pittsburgh,73.0,235.0,4.56,,,,,,,,,,,,,,,,,36.0,33.0,84.0,0,0,2,False,skill_run,False,True,False,True,48.79,0,0,True,108.7022384234333,,,31.00112591480578,1.1501474029961913,0.8539800652910813,0.02683865543379916,,,,,,0.6493659794807608,,,0.1429682446575926,,,,,True,True
JackJa00,james-jackson-1,00-0020430,James Jackson,RB,2001,3,65,CLE,miami,70.0,210.0,4.55,,,,,,,,,,,,,,,,,9.0,9.0,52.0,0,0,1,False,skill_run,False,True,False,True,57.11,0,0,True,97.99495183088769,,,30.12857142857143,-0.49675078018976476,-0.5615570294687209,-0.047064888514337176,,,,,,-0.4449801478833899,,,-0.3208238351721729,,,,,True,True
McAlDe00,deuce-mcallister-1,00-0020527,Deuce McAllister,RB,2001,1,23,NOR,mississippi,73.0,222.0,4.41,,,,,,,,,,,,,,,,,55.0,55.0,97.0,2,0,4,False,skill_run,False,True,False,True,83.91,1,0,True,117.38932685185041,,,29.286170013135674,1.1501474029961913,0.11790077601598417,-1.0817145037882656,,,,,,1.5372362627256981,,,-0.7685885429127896,,,,,True,True
HousCe00,cedric-houston-1,00-0023615,Cedric Houston,RB,2005,6,182,NYJ,tennessee,71.0,225.0,4.61,,,,,,,,,,,,,,,,,5.0,5.0,20.0,0,0,0,False,skill_run,False,True,False,True,9.56,0,1,True,99.63428584216221,,,31.37770283673874,0.05221528087222063,0.2877652273871604,0.39635637517449396,,,,,,-0.27743080555574584,,,0.3431315543357363,,,,,True,True
HamiJu20,justin-hamilton-1,00-0024436,Justin Hamilton,RB,2006,7,222,CLE,virginia tech,,,,,,,,,,,,,,,,,,,,1.0,1.0,12.0,0,0,0,False,skill_run,False,True,True,True,2.45,0,1,True,,,,,,,,,,,,,,,,,,,,,True,True
RunnJ.00,jd-runnels-1,00-0024409,J.D. Runnels,RB,2006,6,195,CHI,oklahoma,,,,,,,,,,,,,,,,,,,,0.0,0.0,2.0,0,0,0,False,skill_run,False,True,True,True,6.74,0,1,True,,,,,,,,,,,,,,,,,,,,,True,True
AndeMi00,mike-anderson-7,00-0019594,Mike Anderson,RB,2000,6,189,DEN,utah,,,,,,,,,,,,,,,,,,,,37.0,35.0,98.0,0,0,3,False,skill_run,False,True,True,True,7.98,0,1,True,,,,,,,,,,,,,,,,,,,,,True,True
ForsBr00,brock-forsey-1,00-0021938,Brock Forsey,RB,2003,6,206,CHI,boise st.,,,,,,,,,,,,,,,,,,,,2.0,2.0,16.0,0,0,0,False,skill_run,False,True,True,True,4.73,0,1,True,,,,,,,,,,,,,,,,,,,,,True,True
AlexDa21,dan-alexander-1,00-0020487,Dan Alexander,RB,2001,6,192,TEN,nebraska,,,,,,,,,,,,,,,,,,,,0.0,0.0,11.0,0,0,0,False,skill_run,False,True,True,True,7.34,0,1,True,,,,,,,,,,,,,,,,,,,,,True,True
BrowDe02,dee-brown-2,00-0020376,Dee Brown,RB,2001,6,175,CAR,syracuse,,,,,,,,,,,,,,,,,,,,2.0,2.0,43.0,0,0,0,False,skill_run,False,True,True,True,11.28,0,1,True,,,,,,,,,,,,,,,,,,,,,True,True
PerrBr01,bruce-perry-1,00-0022733,Bruce Perry,RB,2004,7,242,PHI,maryland,,,,,,,,,,,,,,,,,,,,0.0,0.0,5.0,0,0,0,False,skill_run,False,True,True,True,0.64,0,1,True,,,,,,,,,,,,,,,,,,,,,True,True
NashDa00,damien-nash-1,00-0023576,Damien Nash,RB,2005,5,142,TEN,missouri,,,,,,,,,,,,,,,,,,,,1.0,0.0,6.0,0,0,0,False,skill_run,False,True,True,True,21.33,0,1,True,,,,,,,,,,,,,,,,,,,,,True,True
PassPa00,patrick-pass-1,00-0019533,Patrick Pass,RB,2000,7,239,NWE,georgia,,,,,,,,,,,,,,,,,,,,10.0,10.0,79.0,0,0,0,False,skill_run,False,True,True,True,0.84,0,1,True,,,,,,,,,,,,,,,,,,,,,True,True
SummFr00,frank-summers-1,00-0026926,Frank Summers,RB,2009,5,169,PIT,nevada-las vegas,,,,,,,,,,,,,,,,,,,,1.0,0.0,27.0,0,0,1,False,skill_run,False,True,True,True,12.87,0,1,True,,,,,,,,,,,,,,,,,,,,,True,True
BrowAa00,aaron-brown-2,00-0027129,Aaron Brown,RB,2009,6,192,DET,texas christian,,,,,,,,,,,,,,,,,,,,2.0,2.0,22.0,0,0,0,False,skill_run,False,True,True,True,7.34,0,1,True,,,,,,,,,,,,,,,,,,,,,True,True
StepLa00,larod-stephens-howling-1,00-0026956,LaRod Stephens-Howling,RB,2009,7,240,ARI,pittsburgh,,,,,,,,,,,,,,,,,,,,9.0,9.0,58.0,0,0,0,False,skill_run,False,True,True,True,0.77,0,1,True,,,,,,,,,,,,,,,,,,,,,True,True
PatrAl00,allen-patrick-1,00-0026380,Allen Patrick,RB,2008,7,240,BAL,oklahoma,73.0,198.0,4.55,,,,,,,,,,,,,,,,,,,,0,0,0,False,skill_run,True,True,False,True,0.77,0,1,True,92.3952402976941,,,26.12009757928317,1.1501474029961913,-1.241014834953426,-0.047064888514337176,,,,,,-1.017302797299824,,,-2.4514626122734966,,,,,True,True
DImpRy00,ryan-dimperio-1,00-0027612,Ryan D'Imperio,RB,2010,7,237,MIN,rutgers,,,,,,,,,,,,,,,,,,,,0.0,0.0,12.0,0,0,0,False,skill_run,False,True,True,True,0.98,0,1,True,,,,,,,,,,,,,,,,,,,,,True,True
ONeaOr00,oren-oneal-1,00-0025562,Oren O'Neal,RB,2007,6,175,OAK,arkansas st.,,,,,,,,,,,,,,,,,,,,0.0,0.0,18.0,0,0,0,False,skill_run,False,True,True,True,11.28,0,1,True,,,,,,,,,,,,,,,,,,,,,True,True
MauiRe00,reagan-mauia-1,00-0025568,Reagan Maui'a,RB,2007,6,181,MIA,hawaii,,,,,,,,,,,,,,,,,,,,0.0,0.0,39.0,0,0,1,False,skill_run,False,True,True,True,9.8,0,1,True,,,,,,,,,,,,,,,,,,,,,True,True
KariDe00,,00-0027779,Deji Karim,RB,2010,6,180,JAX,southern illinois,,,,,,,,,,,,,,,,,,,,4.0,3.0,33.0,0,0,0,False,skill_run,False,True,True,True,10.04,0,1,True,,,,,,,,,,,,,,,,,,,,,True,True
RichDa00,,00-0029612,Daryl Richardson,RB,2012,7,252,STL,abilene christian,,,,,,,,,,,,,,,,,,,,7.0,7.0,27.0,0,0,0,False,skill_run,False,True,True,True,0.18,0,1,True,,,,,,,,,,,,,,,,,,,,,True,True
JuszKy00,,00-0029892,Kyle Juszczyk,RB,2013,4,130,BAL,harvard,,,,,,,,,,,,,,,,,,,,21.0,5.0,206.0,10,2,11,False,skill_run,False,True,True,True,25.77,0,0,True,,,,,,,,,,,,,,,,,,,,,True,True
MassCh00,,00-0021345,Chris Massey,RB,2002,7,243,STL,marshall,,,,,,,,,,,,,,,,,,,,13.0,13.0,141.0,0,0,0,False,skill_run,False,True,True,True,0.58,0,1,True,,,,,,,,,,,,,,,,,,,,,True,True
CannTr00,,00-0034164,Trenton Cannon,RB,2018,6,204,NYJ,virginia st.,,,,,,,,,,,,,,,,,,,,2.0,2.0,48.0,0,0,0,False,skill_run,False,True,True,True,5.07,0,1,True,,,,,,,,,,,,,,,,,,,,,True,True
HighTi00,,00-0026289,Tim Hightower,RB,2008,5,149,ARI,richmond,,,,,,,,,,,,,,,,,,,,26.0,18.0,77.0,0,0,2,False,skill_run,False,True,True,True,18.93,0,1,True,,,,,,,,,,,,,,,,,,,,,True,True
WardDe01,derrick-ward-1,00-0022770,Derrick Ward,RB,2004,7,235,NYJ,ottawa (ks),,,,,,,,,,,,,,,,,,,,25.0,,93.0,0,0,0,False,skill_run,False,True,True,True,1.14,0,1,True,,,,,,,,,,,,,,,,,,,,,True,True
MireBr00,brandon-miree-1,00-0022773,Brandon Miree,RB,2004,7,247,DEN,pittsburgh,,,,,,,,,,,,,,,,,,,,0.0,,10.0,0,0,0,False,skill_run,False,True,True,True,0.37,0,1,True,,,,,,,,,,,,,,,,,,,,,True,True
ArmaAl00,,00-0033296,Alex Armah,RB,2017,6,192,CAR,west georgia,,,,,,,,,,,,,,,,,,,,0.0,0.0,78.0,0,0,0,False,skill_run,False,True,True,True,7.34,0,1,True,,,,,,,,,,,,,,,,,,,,,True,True
CramCa00,,00-0022886,Casey Cramer,RB,2004,7,228,TAM,dartmouth,,,,,,,,,,,,,,,,,,,,0.0,,36.0,0,0,0,False,skill_run,False,True,True,True,1.78,0,1,True,,,,,,,,,,,,,,,,,,,,,True,True
VakaFu00,fui-vakapuna-1,00-0027143,Fui Vakapuna,RB,2009,7,215,CIN,byu,,,,,,,,,,,,,,,,,,,,,,,0,0,0,False,skill_run,True,True,True,True,3.36,0,1,True,,,,,,,,,,,,,,,,,,,,,True,True
BannSh00,,00-0028161,Shane Bannon,RB,2011,7,223,KAN,yale,,,,,,,,,,,,,,,,,,,,,,,0,0,0,False,skill_run,True,True,True,True,2.33,0,1,True,,,,,,,,,,,,,,,,,,,,,True,True
,thomas-hamner-1,,Thomas Hamner,RB,2000,6,171,PHI,minnesota,,,,,,,,,,,,,,,,,,,,,,,0,0,0,False,skill_run,True,True,True,True,12.33,0,1,True,,,,,,,,,,,,,,,,,,,,,True,True
,chris-barnes-1,,Chris Barnes,RB,2001,5,161,BAL,new mexico st.,,,,,,,,,,,,,,,,,,,,,,,0,0,0,False,skill_run,True,True,True,True,15.16,0,1,True,,,,,,,,,,,,,,,,,,,,,True,True
,manuel-white-1,,Manuel White,RB,2005,4,120,WAS,ucla,,,,,,,,,,,,,,,,,,,,,,,0,0,0,False,skill_run,True,True,True,True,29.79,0,0,True,,,,,,,,,,,,,,,,,,,,,True,True
,nate-ilaoa-1,,Nate Ilaoa,RB,2007,7,236,PHI,hawaii,,,,,,,,,,,,,,,,,,,,,,,0,0,0,False,skill_run,True,True,True,True,1.06,0,1,True,,,,,,,,,,,,,,,,,,,,,True,True
,jt-wall-1,,J.T. Wall,RB,2003,7,242,PIT,georgia,,,,,,,,,,,,,,,,,,,,,,,0,0,0,False,skill_run,True,True,True,True,0.64,0,1,True,,,,,,,,,,,,,,,,,,,,,True,True
,rick-razzano-1,,Rick Razzano,RB,2005,7,221,TAM,mississippi,,,,,,,,,,,,,,,,,,,,,,,0,0,0,False,skill_run,True,True,True,True,2.57,0,1,True,,,,,,,,,,,,,,,,,,,,,True,True
,kenny-irons-1,,Kenny Irons,RB,2007,2,49,CIN,auburn,,,,,,,,,,,,,,,,,,,,,,,0,0,0,False,skill_run,True,True,True,True,66.72,0,0,True,,,,,,,,,,,,,,,,,,,,,True,True
,cedric-humes-1,,Cedric Humes,RB,2006,7,240,PIT,virginia tech,,,,,,,,,,,,,,,,,,,,,,,0,0,0,False,skill_run,True,True,True,True,0.77,0,1,True,,,,,,,,,,,,,,,,,,,,,True,True
,anthony-davis-3,,Anthony Davis,RB,2005,7,243,IND,wisconsin,,,,,,,,,,,,,,,,,,,,,,,0,0,0,False,skill_run,True,True,True,True,0.58,0,1,True,,,,,,,,,,,,,,,,,,,,,True,True
,thomas-clayton-1,,Thomas Clayton,RB,2007,6,186,SFO,kansas st.,,,,,,,,,,,,,,,,,,,,,,,0,0,0,False,skill_run,True,True,True,True,8.64,0,1,True,,,,,,,,,,,,,,,,,,,,,True,True
,casey-moore-1,,Casey Moore,RB,2003,7,247,CAR,stanford,,,,,,,,,,,,,,,,,,,,,,,0,0,0,False,skill_run,True,True,True,True,0.37,0,1,True,,,,,,,,,,,,,,,,,,,,,True,True
,dennis-morris-1,,Dennis Morris,RB,2010,6,174,WAS,louisiana tech,,,,,,,,,,,,,,,,,,,,,,,0,0,0,False,skill_run,True,True,True,True,11.54,0,1,True,,,,,,,,,,,,,,,,,,,,,True,True
,charles-scott-1,,Charles Scott,RB,2010,6,200,PHI,louisiana state,,,,,,,,,,,,,,,,,,,,,,,0,0,0,False,skill_run,True,True,True,True,5.78,0,1,True,,,,,,,,,,,,,,,,,,,,,True,True
,jarrett-ferguson-1,,Jarrett Ferguson,RB,2002,7,251,BUF,virginia tech,,,,,,,,,,,,,,,,,,,,,,,0,0,0,False,skill_run,True,True,True,True,0.21,0,1,True,,,,,,,,,,,,,,,,,,,,,True,True
,antwoine-womack-1,,Antwoine Womack,RB,2002,7,237,NWE,virginia,,,,,,,,,,,,,,,,,,,,,,,0,0,0,False,skill_run,True,True,True,True,0.98,0,1,True,,,,,,,,,,,,,,,,,,,,,True,True
,luke-staley-1,,Luke Staley,RB,2002,7,214,DET,byu,,,,,,,,,,,,,,,,,,,,,,,0,0,0,False,skill_run,True,True,True,True,3.5,0,1,True,,,,,,,,,,,,,,,,,,,,,True,True
,brandon-drumm-1,,Brandon Drumm,RB,2003,7,236,DET,colorado,,,,,,,,,,,,,,,,,,,,,,,0,0,0,False,skill_run,True,True,True,True,1.06,0,1,True,,,,,,,,,,,,,,,,,,,,,True,True
,ahmaad-galloway-1,,Ahmaad Galloway,RB,2003,7,235,DEN,alabama,,,,,,,,,,,,,,,,,,,,,,,0,0,0,False,skill_run,True,True,True,True,1.14,0,1,True,,,,,,,,,,,,,,,,,,,,,True,True
,,,Justise Hairston,RB,2007,6,208,NWE,central connecticut st.,,,,,,,,,,,,,,,,,,,,,,,0,0,0,False,skill_run,True,True,True,True,4.41,0,1,True,,,,,,,,,,,,,,,,,,,,,True,True
,,,Maurice Clarett,RB,2005,3,101,DEN,ohio st.,,,,,,,,,,,,,,,,,,,,,,,0,0,0,False,skill_run,True,True,True,True,38.23,0,0,True,,,,,,,,,,,,,,,,,,,,,True,True
