pfr_id,cfb_id,gsis_id,player_name,position,draft_year,draft_round,draft_pick,draft_team,college,height_in,weight_lbs,forty_yard,vertical_jump,broad_jump,bench_reps,cone_drill,shuttle,col_pass_completions,col_pass_attempts,col_pass_yards,col_pass_tds,col_pass_ints,col_rush_attempts,col_rush_yards,col_rush_tds,col_receptions,col_rec_yards,col_rec_tds,weighted_av,draft_team_av,nfl_games,pro_bowls,all_pro,seasons_started,hof,position_group,missing_outcome,missing_combine,missing_height_weight,missing_college_stats,pick_value,is_early_pick,is_day_3_pick,missing_age,speed_score,burst_score,agility_score,bmi,height_in_z,weight_lbs_z,forty_yard_z,vertical_jump_z,broad_jump_z,bench_reps_z,cone_drill_z,shuttle_z,speed_score_z,burst_score_z,agility_score_z,bmi_z,is_QB,is_WR,is_TE,dominator_rating,yards_per_reception,rec_td_rate,rec_yards_flag,completion_pct,yards_per_attempt,td_int_ratio,pass_yards_flag
PettAu00,austin-pettis-1,00-0028016,Austin Pettis,WR,2011,3,78,STL,boise st.,75.0,209.0,4.56,33.5,120.0,14.0,6.68,3.88,14.0,114.0,2865.0,2.0,0.0,1.0,-11.0,0.0,46496371.0,465567855951.0,691410.0,8.0,8.0,47.0,0,0,0,False,skill_pass,False,False,False,False,49.86,0,0,True,96.67560778935132,76.75,5.279999999999999,26.120355555555555,0.3698495427957216,-0.4271576552958521,-0.273505584381187,-0.23617615978083836,0.2902762330826218,-0.712828513745783,-1.5032241200840075,-2.3140764294452736,-0.069515139185115,0.11585431084539077,-2.0533007793089677,-0.9569872154339643,0,1,0,1.0,10012.993400087073,0.014870192772678969,False,,,,False
SwitRy00,ryan-switzer-1,00-0033562,Ryan Switzer,WR,2017,4,133,DAL,north carolina,68.0,181.0,4.51,32.0,116.0,11.0,6.77,4.0,1110.0,1121.0,5935110.0,1100.0,0.0,10833.0,2929614.0,0.0,32615596.0,3417576971112.0,3466.0,3.0,1.0,41.0,0,0,0,False,skill_pass,False,False,False,False,24.62,0,0,True,87.49886166669992,74.0,5.385,27.517949826989618,-2.4156179709331274,-1.533702469657937,-0.5303068816337965,-0.6530846857354266,-0.2607566161589643,-1.2890595823457054,-1.1135913277511078,-1.5760134588661012,-0.8114265933477524,-0.4260384599970583,-1.4568239925804098,-0.27660494751746756,0,1,0,0.9999991427811243,104783.52047014564,0.00010626817918642357,False,,,,False
CobbRa00,randall-cobb-1,00-0028002,Randall Cobb,WR,2011,2,64,GNB,kentucky,70.0,191.0,4.46,33.5,115.0,16.0,7.08,4.34,5255.0,991310.0,5428958.0,203.0,500.0,799455.0,316573424.0,7105.0,213984.0,1974471017.0,247.0,64.0,56.0,166.0,1,0,5,False,skill_pass,False,False,False,False,57.69,0,0,True,96.54369757544032,74.25,5.71,27.40265306122449,-1.619770109867742,-1.1385078931000496,-0.7871081788864059,-0.23617615978083836,-0.3985148284693608,-0.32867446801250144,0.22847717917332883,0.5151649577748839,-0.08017967074277103,-0.37677548082956297,0.3894136806270252,-0.33273416654626425,0,1,0,0.8618213517229629,9227.189962800958,0.0011542919096754897,False,,,,False
JoneZa00,isaiah-jones-2,00-0033891,Zay Jones,WR,2017,2,37,BUF,east carolina,74.0,201.0,4.45,36.5,133.0,15.0,6.79,4.01,111.0,211.0,342.0,1.0,0.0,14.0,-624.0,0.0,628198156.0,60483010991731.0,5558.0,25.0,8.0,123.0,0,0,3,False,skill_pass,False,False,False,False,74.41,0,0,True,102.51466790929572,84.75,5.4,25.804054054054053,-0.028074387736971164,-0.7433133165421622,-0.8384684383369269,0.597640892128338,2.0811329931177767,-0.5207514908791422,-1.027006262788239,-1.5145082113178383,0.40255475646536804,1.6922696442052427,-1.3716130230477557,-1.1109703401044484,0,1,0,1.0,96280.14729755271,8.847526766697482e-06,False,,,,False
BeckOd00,odell-beckham-jr-1,00-0031235,Odell Beckham Jr.,WR,2014,1,12,NYG,louisiana state,71.0,198.0,4.38,38.5,122.0,7.0,6.69,3.94,0.0,1.0,0.0,0.0,0.0,25.0,1958.0,0.0,414359.0,4757131152.0,228.0,59.0,41.0,119.0,3,0,6,False,skill_pass,False,False,False,False,91.78,1,0,True,107.5966485232503,80.25,5.315,27.612378496330095,-1.2218461793350492,-0.8618716895095284,-1.197990254490583,1.1535189267344557,0.5657926577034149,-2.0573676738122684,-1.4599315876025711,-1.9450449441556874,0.8134171228131482,0.805536019190326,-1.8544751837327766,-0.23063481618866163,0,1,0,0.9999995884075651,11480.699470748796,0.0005502474907025068,False,,,,False
JernJe00,jerrel-jernigan-1,00-0028021,Jerrel Jernigan,WR,2011,3,83,NYG,troy,69.0,185.0,4.46,37.5,124.0,11.0,7.07,4.25,106.0,217.0,2041.0,101.0,0.0,14334045.0,50254266322.0,113.0,30777184.0,3378681101822.0,3546.0,2.0,2.0,34.0,0,0,0,False,skill_pass,False,False,False,False,47.2,0,0,True,93.51091126416995,80.75,5.66,27.31674018063432,-2.0176940404004347,-1.3756246390347822,-0.7871081788864059,0.8755799094313969,0.8413090823242079,-1.2890595823457054,0.18518464669189638,-0.038382270159493886,-0.32537103512030524,0.9040619775253167,0.1053771155181902,-0.37455860854200984,0,1,0,0.9853440613699286,109778.76019527973,0.0001152152191701489,False,,,,False
ElliBr00,bruce-ellington-1,00-0031326,Bruce Ellington,WR,2014,4,106,SFO,south carolina,69.0,197.0,4.45,39.5,120.0,15.0,6.69,3.95,31.0,41.0,279.0,1.0,0.0,1753.0,1062814.0,100.0,174049.0,211600775.0,178.0,7.0,2.0,44.0,0,0,0,False,skill_pass,False,False,False,False,35.91,0,0,True,100.4745750155784,79.75,5.32,29.08863684099979,-2.0176940404004347,-0.9013911471653171,-0.8384684383369269,1.4314579440375144,0.2902762330826218,-0.5207514908791422,-1.4599315876025711,-1.8835396966074216,0.23761957517396512,0.7070100608553352,-1.8260715272218937,0.48804300119133626,0,1,0,0.9950023696816289,1215.7540405288166,0.001022700503881091,False,,,,False
CookBr00,brandin-cooks-1,00-0031236,Brandin Cooks,WR,2014,1,20,NOR,oregon st.,70.0,189.0,4.33,36.0,120.0,16.0,6.76,3.81,0.0,1.0,0.0,0.0,0.0,101932.0,4182217.0,2.0,3167128.0,39111511730.0,3516.0,73.0,21.0,173.0,0,0,10,False,skill_pass,False,False,False,False,86.02,1,0,True,107.53261679026669,78.0,5.285,27.115714285714287,-1.619770109867742,-1.2175468084116272,-1.4547915517431924,0.45867138347680864,0.2902762330826218,-0.32867446801250144,-1.1568838602325402,-2.7446131622831227,0.8082403558528897,0.3621692066828676,-2.02489712279808,-0.4724228149796134,0,1,0,0.9998930808435696,12349.204620084822,0.0011101540575562466,False,,,,False
WatkSa00,sammy-watkins-1,00-0031325,Sammy Watkins,WR,2014,1,4,BUF,clemson,73.0,211.0,4.43,34.0,126.0,16.0,6.95,4.34,110.0,122.0,9520.0,10.0,1.0,32146.0,2319711.0,10.0,8257101.0,12197081464.0,12312.0,43.0,20.0,111.0,0,0,6,False,skill_pass,False,False,False,False,97.72,1,0,True,109.57148461547366,80.0,5.645,27.835053480953274,-0.4259983182696639,-0.3481187399842746,-0.9411889572379735,-0.09720665112930897,1.116825506945001,-0.32867446801250144,-0.33432574308530455,0.5151649577748839,0.973076494155872,0.7562730400228306,0.020166145985536173,-0.12223131587184066,0,1,0,0.9998098504207933,1477.1626826412805,0.001491080222949919,False,,,,False
WescTr00,trevon-wesco-1,00-0035259,Trevon Wesco,TE,2019,4,121,NYJ,west virginia,75.0,267.0,4.89,31.0,117.0,24.0,7.18,4.38,0.0,1.0,0.0,0.0,0.0,1.0,3.0,0.0,1126.0,61366.0,101.0,0.0,0.0,69.0,0,0,1,False,skill_pass,False,False,False,False,29.37,0,0,True,93.39117091991041,74.0,5.779999999999999,33.36906666666667,0.3698495427957216,1.8649708887398957,1.4213829774860418,-0.9310237030384854,-0.12299840384856776,1.2079417149206249,0.661402503987661,0.7611859479679413,-0.3350516704723338,-0.4260384599970583,0.7870648717793921,2.571858463211171,0,0,1,0.9999511153839886,54.49911190053286,0.08969804618117229,False,,,,False
ArchDr00,dri-archer-1,00-0031392,Dri Archer,WR,2014,3,97,PIT,kent st.,68.0,173.0,4.26,38.0,122.0,20.0,6.86,4.06,1.0,1.0,24.0,1.0,0.0,584015968.0,2461401429527.0,11166.0,19163925.0,23175561327.0,3144.0,0.0,0.0,20.0,0,0,0,False,skill_pass,False,False,False,False,40.14,0,0,True,105.06007400375259,80.0,5.46,26.301686851211073,-2.4156179709331274,-1.8498581309042472,-1.8143133678968484,1.0145494180829262,0.5657926577034149,0.43963362345406165,-0.7239585354182042,-1.206981973576518,0.6083429423574832,0.7562730400228306,-1.0307691449171548,-0.8687108102539801,0,1,0,0.009327769440154916,1209.3327085657036,0.00016405825007142325,False,,,,False
PricTa00,taylor-price-1,00-0027693,Taylor Price,WR,2010,3,90,NWE,ohio,72.0,204.0,4.4,37.0,114.0,16.0,6.82,4.34,201.0,1211.0,50029.0,101.0,0.0,26510.0,-20231994.0,0.0,9335156.0,77464694784.0,455.0,1.0,1.0,6.0,0,0,0,False,skill_pass,False,False,False,False,43.6,0,0,True,108.85526944880812,75.5,5.58,27.66435185185185,-0.8239222488023566,-0.6247549435747959,-1.0952697355895364,0.7366104007798674,-0.5362730407797573,-0.32867446801250144,-0.8971286653439379,0.5151649577748839,0.9151727199103831,-0.1304605849920861,-0.3490813886559478,-0.20533294552140535,0,1,0,1.0,8298.168213150375,4.874048168022045e-05,False,,,,False
BellBl00,blake-bell-1,00-0032062,Blake Bell,TE,2015,4,117,SFO,oklahoma,78.0,252.0,4.8,33.0,116.0,14.0,6.85,4.32,19140.0,416233.0,81071648.0,12.0,105.0,4460752.0,1712012554.0,131100.0,16.0,214.0,4.0,5.0,2.0,117.0,0,0,1,False,skill_pass,False,False,False,False,31.05,0,0,True,94.9435763888889,74.5,5.585,29.118343195266274,1.5636213343937997,1.2721790239030644,0.9591406424313439,-0.37514566843236774,-0.2607566161589643,-0.712828513745783,-0.7672510678996406,0.3921544626783579,-0.20954450447403386,-0.3275125016620676,-0.3206777321450648,0.5025047638791741,0,0,1,1.249990677639619e-07,13.375,0.25,False,,,,False
DickEd00,ed-dickson-1,00-0027675,Ed Dickson,TE,2010,3,70,BAL,oregon,76.0,249.0,4.59,34.0,115.0,23.0,7.32,4.59,0.0,1.0,0.0,0.0,0.0,23.0,1018.0,0.0,4433542.0,45453508551.0,336.0,16.0,9.0,134.0,0,0,7,False,skill_pass,False,False,False,False,54.26,0,0,True,112.19631694222323,74.5,5.955,30.30592105263158,0.7677734733284143,1.153620650935698,-0.11942480602961951,-0.09720665112930897,-0.3985148284693608,1.015864692053984,1.2674979587277306,2.0527961464814912,1.1852860445176314,-0.3275125016620676,1.7811928496603222,1.0806460259298045,0,0,1,0.9999999776034896,10252.188555110113,7.578590661822985e-05,False,,,,False
CainDe00,deon-cain-1,00-0034406,Deon Cain,WR,2018,6,185,IND,clemson,74.0,202.0,4.43,33.5,115.0,11.0,6.71,4.37,1.0,1.0,35.0,0.0,0.0,1.0,-5.0,0.0,343858.0,582724734.0,596.0,1.0,0.0,15.0,0,0,0,False,skill_pass,False,False,False,False,8.86,0,1,True,104.89781939490844,74.25,5.54,25.93243243243243,-0.028074387736971164,-0.7037938588863734,-0.9411889572379735,-0.23617615978083836,-0.3985148284693608,-1.2890595823457054,-1.3733465226397064,0.6996807004196783,0.5952251606096567,-0.37677548082956297,-0.5763106407430167,-1.0484726796475992,0,1,0,1.0,1694.6667926876792,0.0017332736187612328,False,,,,False
WilsCe01,cedric-wilson-3,00-0034418,Cedrick Wilson Jr.,WR,2018,6,208,DAL,boise st.,74.0,197.0,4.55,37.0,121.0,9.0,6.89,4.23,22.0,23.0,8446.0,10.0,0.0,39.0,713.0,0.0,5683.0,11291511.0,117.0,11.0,6.0,93.0,0,0,0,False,skill_pass,False,False,False,False,4.41,0,1,True,91.92859766992797,79.0,5.5600000000000005,25.29054054054054,-0.028074387736971164,-0.9013911471653171,-0.32486584383170797,0.7366104007798674,0.4280344453930183,-1.6732136280789869,-0.5940809379739069,-0.16139276525601987,-0.4532961802594624,0.5592211233528491,-0.46269601469947974,-1.3609609819318436,0,1,0,0.99993685920506,1986.8926623262362,0.02058771775470702,False,,,,False
SamuJa00,jaylen-samuels-1,00-0034331,Jaylen Samuels,TE,2018,5,165,PIT,north carolina st.,71.0,225.0,4.54,34.5,121.0,18.0,6.93,4.28,11.0,12.0,5925.0,10.0,0.0,15563378.0,143368189407.0,19612.0,6655575.0,96597565593.0,1774.0,7.0,7.0,45.0,0,0,0,False,skill_pass,False,False,False,False,13.99,0,1,True,105.92271458969465,77.75,5.605,31.37770283673874,-1.2218461793350492,0.20515366719676795,-0.37622610328222894,0.04176285752222043,0.4280344453930183,0.05547957772078011,-0.42091080804817327,0.14613347248530054,0.6780847574825888,0.3129062275153723,-0.20706310610152778,1.6024149941398496,0,0,1,0.40254729510467024,14513.782143992066,0.00026654346168437736,False,,,,False
SandAc00,ace-sanders-1,00-0030550,Ace Sanders,WR,2013,4,101,JAX,south carolina,67.0,173.0,4.58,32.0,117.0,7.0,6.81,4.37,101.0,112.0,3016.0,101.0,0.0,543.0,56151.0,0.0,252945.0,316383531.0,229.0,3.0,3.0,27.0,0,0,0,False,skill_pass,False,False,False,False,38.23,0,0,True,78.63469140531342,74.5,5.59,27.092670973490755,-2.81354190146582,-1.8498581309042472,-0.1707850654801405,-0.6530846857354266,-0.12299840384856776,-2.0573676738122684,-0.9404211978253741,0.6996807004196783,-1.5280672588596331,-0.3275125016620676,-0.2922740756341818,-0.4836408496778146,0,1,0,0.9998225538603593,1250.7997034928542,0.0009053351519104943,False,,,,False
WillKy01,kyle-williams-1,00-0027608,Kyle Williams,WR,2010,6,206,SFO,arizona st.,70.0,188.0,4.4,33.0,118.0,11.0,7.0,4.19,1.0,1.0,32.0,1.0,0.0,665.0,154273.0,0.0,4291957.0,87360364815.0,648.0,6.0,6.0,39.0,0,0,0,False,skill_pass,False,False,False,False,4.73,0,1,True,100.31760125674474,75.5,5.595000000000001,26.972244897959182,-1.619770109867742,-1.257066266067416,-1.0952697355895364,-0.37514566843236774,0.014759808461828759,-1.2890595823457054,-0.11786308067813844,-0.40741375544907726,0.22492873376622594,-0.1304605849920861,-0.2638704191232938,-0.5422671391962889,0,1,0,0.9999982340649802,20354.43617328878,0.00015098007738660943,False,,,,False
BrowLe00,levi-brown-1,00-0027804,Levi Brown,QB,2010,7,209,BUF,troy,75.0,229.0,4.93,31.5,106.0,20.0,7.07,4.43,201321.0,326504.0,20304254.0,1523.0,39.0,3354.0,177.0,1.0,1.0,17.0,0.0,0.0,0.0,1.0,0,0,0,False,skill_pass,False,False,False,False,4.25,0,1,True,77.53143119010777,68.75,5.75,28.61991111111111,0.3698495427957216,0.363231497819923,1.6268240152881304,-0.7920541943869559,-1.6383387392629296,0.43963362345406165,0.18518464669189638,1.0687121857092616,-1.6172624245145504,-1.4605610225144612,0.6166429327140942,0.25985612202987546,1,0,0,,,,False,0.6165958150589274,62.18684610295739,39.05128205128205,False
SuttCo00,courtland-sutton-1,00-0034348,Courtland Sutton,WR,2018,2,40,DEN,southern methodist,75.0,218.0,4.54,35.5,124.0,18.0,6.57,4.11,2.0,2.0,75.0,0.0,0.0,1.0,2.0,1.0,2497668.0,2786212461085.0,91012.0,45.0,45.0,115.0,2,0,5,False,skill_pass,False,False,False,False,72.44,0,0,True,102.62734124690414,79.75,5.34,27.245155555555556,0.3698495427957216,-0.07148253639375332,-0.37622610328222894,0.31970187482527923,0.8413090823242079,0.05547957772078011,-1.9794419773797722,-0.8994557358351921,0.41166404625427017,0.7070100608553352,-1.7124569011783617,-0.4094077135752363,0,1,0,0.9999999999992821,1115525.546663928,0.03643879010340846,False,,,,False
MoorD.00,dj-moore-3,00-0034827,D.J. Moore,WR,2018,1,24,CAR,maryland,72.0,210.0,4.42,39.5,132.0,15.0,6.95,4.07,12.0,122.0,2115.0,0.0,0.0,1115.0,95561.0,1.0,254180.0,3576371033.0,368.0,61.0,36.0,131.0,0,0,7,False,skill_pass,False,False,False,False,83.21,1,0,True,110.04244036771127,85.75,5.51,28.47800925925926,-0.8239222488023566,-0.38763819764006335,-0.9925492166884944,1.4314579440375144,1.94337478080738,-0.5207514908791422,-0.33432574308530455,-1.1454767260282495,1.0111518056354387,1.8893215608752243,-0.7467325798083198,0.19077491172593866,0,1,0,0.999973280611607,14070.229888268157,0.0014477929026674012,False,,,,False
WhitJo02,jordan-white-1,00-0029642,Jordan White,WR,2012,7,244,NYJ,western michigan,72.0,208.0,4.63,35.0,119.0,14.0,6.84,4.13,0.0,1.0,0.0,0.0,0.0,31.0,2927.0,0.0,195394128.0,21768113781792.0,141017.0,0.0,0.0,3.0,0,0,0,False,skill_pass,False,False,False,False,0.53,0,1,True,90.52517364568132,77.0,5.484999999999999,28.20679012345679,-0.8239222488023566,-0.4666771129516409,0.08601623177246896,0.18073236617374983,0.1525180207722253,-0.712828513745783,-0.810543600381073,-0.776445240738666,-0.5667586586498721,0.16511729001288614,-0.8887508623627398,0.05873895931015791,0,1,0,0.9999999998655372,111406.181980003,0.0007217054137880746,False,,,,False
MillBr03,braxton-miller-1,00-0033069,Braxton Miller,WR,2016,3,85,HOU,ohio st.,73.0,201.0,4.5,35.0,123.0,17.0,6.65,4.07,851481621.0,1572542551.0,1159203920943.0,1315240.0,4670.0,15922717142.0,71512711068260.0,713121.0,26.0,341.0,3.0,2.0,2.0,21.0,0,0,1,False,skill_pass,False,False,False,False,46.16,0,0,True,98.03383630544124,79.0,5.36,26.51585663351473,-0.4259983182696639,-0.7433133165421622,-0.5816671410843175,0.18073236617374983,0.7035508700138113,-0.13659744514586067,-1.633101717528305,-1.1454767260282495,0.040293422584957196,0.5592211233528491,-1.5988422751348248,-0.764447845542895,0,1,0,4.7683830595218825e-12,13.115384615384615,0.11538461538461539,False,,,,False
CampMi02,michael-campanaro-1,00-0031025,Michael Campanaro,WR,2014,7,218,BAL,wake forest,69.0,192.0,4.46,39.0,122.0,20.0,6.77,4.01,312.0,412.0,1063929.0,211.0,100.0,292164.0,123238210.0,1010.0,10737967.0,107833763803.0,266.0,4.0,4.0,24.0,0,0,0,False,skill_pass,False,False,False,False,2.95,0,1,True,97.04916196065206,80.5,5.39,28.35034656584751,-2.0176940404004347,-1.098988435444261,-0.7871081788864059,1.292488435385985,0.5657926577034149,0.43963362345406165,-1.1135913277511078,-1.5145082113178383,-0.03931444334651458,0.8547989983578214,-1.428420336069527,0.12862566380244148,0,1,0,0.9988584509786113,10042.288619717308,2.4771914460158056e-05,False,,,,False
BrowAn04,antonio-brown-1,00-0027793,Antonio Brown,WR,2010,6,195,PIT,central michigan,70.0,186.0,4.56,33.5,105.0,13.0,6.98,4.18,11.0,122.0,224.0,10.0,0.0,92042.0,61116341.0,103.0,9893110.0,9809981198.0,679.0,92.0,86.0,146.0,7,4,7,False,skill_pass,False,False,False,False,6.74,0,1,True,86.03666530535573,69.25,5.58,26.685306122448978,-1.619770109867742,-1.3361051813789935,-0.273505584381187,-0.23617615978083836,-1.776096951573326,-0.9049055366124238,-0.20444814564100333,-0.46891900299734574,-0.9296406328577349,-1.3620350641794705,-0.3490813886559478,-0.681955787629638,0,1,0,0.9938085566717851,991.5973033757838,6.863362481565453e-05,False,,,,False
GranRy01,ryan-grant-2,00-0031068,Ryan Grant,WR,2014,5,142,WAS,tulane,72.0,199.0,4.64,35.5,119.0,8.0,6.68,4.11,0.0,11.0,0.0,0.0,1.0,5.0,3.0,0.0,93317677.0,395152711491039.0,14169.0,10.0,7.0,80.0,0,0,1,False,skill_pass,False,False,False,False,21.33,0,1,True,85.86400662360506,77.25,5.395,26.98630401234568,-0.8239222488023566,-0.8223522318537396,0.13737649122298995,0.31970187482527923,0.1525180207722253,-1.8652906509456277,-1.5032241200840075,-0.8994557358351921,-0.9435995516225516,0.21438026918038153,-1.4000166795586437,-0.5354228265608573,0,1,0,0.9999999999999925,4234489.372158707,0.00015183618426335238,False,,,,False
AbbrJa00,jared-abbrederis-1,00-0031021,Jared Abbrederis,WR,2014,5,176,GNB,wisconsin,73.0,195.0,4.5,30.5,117.0,4.0,6.8,4.08,1.0,1.0,27.0,0.0,0.0,31186.0,276283119.0,2.0,20554978.0,2899338371081.0,3857.0,1.0,1.0,22.0,0,0,0,False,skill_pass,False,False,False,False,11.03,0,1,True,95.10745313214449,73.75,5.4399999999999995,25.724338525051603,-0.4259983182696639,-0.9804300624768947,-0.5816671410843175,-1.0699932116900148,-0.12299840384856776,-2.633598742412191,-0.9837137303068066,-1.0839714784799865,-0.19629557819153795,-0.4753014391645537,-1.1443837709606919,-1.1497777633455277,0,1,0,0.9999047172980038,141052.85693232072,0.00018764311010208818,False,,,,False
SamuDe00,deebo-samuel-1,00-0035719,Deebo Samuel,WR,2019,2,36,SFO,south carolina,71.0,214.0,4.48,39.0,122.0,15.0,7.03,4.14,11.0,11.0,3313.0,11.0,0.0,1528.0,983026.0,610.0,12591562.0,161783250882.0,11311.0,52.0,47.0,97.0,1,1,5,False,skill_pass,False,False,False,False,75.07,0,0,True,106.2506787333077,80.5,5.585,29.84368180916485,-1.2218461793350492,-0.22956036701690832,-0.6843876599853594,1.292488435385985,0.5657926577034149,-0.5207514908791422,0.012014516766162744,-0.7149399931904031,0.7045996410207265,0.8547989983578214,-0.3206777321450648,0.8556169232652712,0,1,0,0.9999939238455055,12848.544992432233,0.000898299988516119,False,,,,False
FordIs00,isaiah-ford-1,00-0033471,Isaiah Ford,WR,2017,7,237,MIA,virginia tech,73.0,194.0,4.61,35.5,127.0,14.0,6.94,4.34,110.0,121.0,30140.0,0.0,0.0,476.0,5133.0,0.0,567579.0,70911641094.0,6117.0,5.0,5.0,32.0,0,0,0,False,skill_pass,False,False,False,False,0.98,0,1,True,85.90689534835319,81.25,5.640000000000001,25.59241884030775,-0.4259983182696639,-1.0199495201326834,-0.01670428712857299,0.31970187482527923,1.2545837192553975,-0.712828513745783,-0.377618275566737,0.5151649577748839,-0.9401321312842554,1.0025879358603076,-0.008237510525341774,-1.2139994163126322,0,1,0,0.999999927614147,124937.04152902063,0.010777354341862543,False,,,,False
GiveCh00,chris-givens-2,00-0029614,Chris Givens,WR,2012,4,96,STL,wake forest,71.0,198.0,4.35,33.5,118.0,19.0,6.97,4.23,0.0,11.0,0.0,0.0,0.0,151614.0,986377.0,20.0,453583.0,6295141330.0,849.0,12.0,11.0,60.0,0,0,2,False,skill_pass,False,False,False,False,40.63,0,0,True,110.59567869378967,75.75,5.6,27.612378496330095,-1.2218461793350492,-0.8618716895095284,-1.3520710328421504,-0.23617615978083836,0.014759808461828759,0.24755660058742088,-0.24774067812243963,-0.16139276525601987,1.055879407937325,-0.08119760582459072,-0.2354667626124158,-0.23063481618866163,0,1,0,0.9998433359287006,13878.697680468624,0.0018717632715511824,False,,,,False
MartKe01,keshawn-martin-1,00-0029415,Keshawn Martin,WR,2012,4,121,HOU,michigan st.,71.0,188.0,4.42,39.5,122.0,13.0,6.85,4.13,2312.0,3312.0,59401346.0,200.0,0.0,9181819.0,51219157113.0,102.0,11183266.0,132411394777.0,514.0,7.0,4.0,58.0,0,0,1,False,skill_pass,False,False,False,False,29.37,0,0,True,98.51418471014152,80.75,5.49,26.217813925808372,-1.2218461793350492,-1.257066266067416,-0.9925492166884944,1.4314579440375144,0.5657926577034149,-0.9049055366124238,-0.7672510678996406,-0.776445240738666,0.07912810087645182,0.9040619775253167,-0.8603472058518518,-0.9095421533473704,0,1,0,0.7210749704456492,11840.136394591706,4.5961528591021623e-05,False,,,,False
LippTo00,tony-lippett-1,00-0031594,Tony Lippett,WR,2015,5,156,MIA,michigan st.,74.0,192.0,4.61,36.0,114.0,10.0,6.92,4.13,1.0,2.0,5.0,1.0,0.0,1212.0,-30351.0,1.0,4364465.0,443926131198.0,2211.0,6.0,6.0,28.0,0,0,1,False,skill_pass,False,False,False,False,16.68,0,1,True,85.02125725197841,75.0,5.525,24.64864864864865,-0.028074387736971164,-1.098988435444261,-0.01670428712857299,0.45867138347680864,-0.5362730407797573,-1.481136605212346,-0.4642033405296057,-0.776445240738666,-1.011733223780579,-0.22898654332707685,-0.6615216102756658,-1.673449284216088,0,1,0,1.0,101713.75671428228,0.0005065913004228468,False,,,,False
BoydTy00,tyler-boyd-1,00-0033009,Tyler Boyd,WR,2016,2,55,CIN,pittsburgh,73.0,197.0,4.58,34.0,119.0,11.0,6.9,4.35,12.0,13.0,2967.0,0.0,0.0,111240.0,10863349.0,100.0,857891.0,11741261926.0,786.0,48.0,46.0,136.0,0,0,5,False,skill_pass,False,False,False,False,63.03,0,0,True,89.5435503285939,76.5,5.625,25.988177894539312,-0.4259983182696639,-0.9013911471653171,-0.1707850654801405,-0.09720665112930897,0.1525180207722253,-1.2890595823457054,-0.5507884054924707,0.5766702053231468,-0.6461198584571374,0.0665913316778954,-0.0934484800579958,-1.0213344574113168,0,1,0,0.9990756268550753,13686.193148080583,0.0009162003098295705,False,,,,False
JameRi00,richie-james-1,00-0034286,Richie James,WR,2018,7,240,SFO,middle tenn. st.,70.0,183.0,4.48,35.5,122.0,6.0,6.87,4.16,60.0,71.0,800.0,0.0,0.0,123810.0,14633957.0,140.0,10810531.0,13461625290.0,8123.0,13.0,6.0,66.0,0,0,1,False,skill_pass,False,False,False,False,0.77,0,1,True,90.85922527194069,78.75,5.515000000000001,26.254897959183673,-1.619770109867742,-1.4546635543463597,-0.6843876599853594,0.31970187482527923,0.5657926577034149,-2.2494446966789092,-0.6806660029367718,-0.5919294980938716,-0.5397516210255301,0.5099581441853538,-0.7183289232974318,-0.891488760279661,0,1,0,0.9989140935379929,1245.2325690569687,0.0007513969480315075,False,,,,False
EverGe00,gerald-everett-1,00-0033895,Gerald Everett,TE,2017,2,44,LAR,south alabama,75.0,239.0,4.62,37.5,126.0,22.0,6.99,4.33,1.0,1.0,7.0,1.0,0.0,8.0,7.0,4.0,4149.0,575717.0,84.0,22.0,10.0,124.0,0,0,3,False,skill_pass,False,False,False,False,69.87,0,0,True,104.92041371152702,81.75,5.66,29.869688888888888,0.3698495427957216,0.7584260743778105,0.03465597232194799,0.8755799094313969,1.116825506945001,0.8237876691873433,-0.1611556131595709,0.45365971022662094,0.5970518410118665,1.1011138941952983,0.1053771155181902,0.8682777907617945,0,0,1,0.9999878413962245,138.76042419860207,0.02024584237165582,False,,,,False
CrowJa00,jamison-crowder-1,00-0031941,Jamison Crowder,WR,2015,4,105,WAS,duke,68.0,185.0,4.56,37.0,115.0,10.0,7.17,4.32,101.0,211.0,21012.0,1.0,0.0,8382.0,4213719.0,10.0,147610885.0,163107413601044.0,1886.0,33.0,22.0,123.0,0,0,4,False,skill_pass,False,False,False,False,36.37,0,0,True,85.57410258866025,76.0,5.745,28.126081314878892,-2.4156179709331274,-1.3756246390347822,-0.273505584381187,0.7366104007798674,-0.3985148284693608,-1.481136605212346,0.6181099715062286,0.3921544626783579,-0.9670373934521976,-0.03193462665709535,0.5882392762032111,0.019447983850789562,0,1,0,0.999999974165988,1104982.2890841959,1.2776835529439445e-05,False,,,,False
HardJu00,justin-hardy-1,00-0031570,Justin Hardy,WR,2015,4,107,ATL,east carolina,70.0,192.0,4.56,36.5,114.0,11.0,6.63,4.21,1021.0,1234.0,5105541.0,11.0,0.0,1.0,7.0,1.0,6488114121.0,658110512841494.0,611810.0,8.0,8.0,73.0,0,0,0,False,skill_pass,False,False,False,False,35.45,0,0,True,88.81204160552848,75.25,5.42,27.54612244897959,-1.619770109867742,-1.098988435444261,-0.273505584381187,0.597640892128338,-0.5362730407797573,-1.2890595823457054,-1.7196867824911737,-0.2844032603525513,-0.7052600692909654,-0.17972356415958146,-1.2579983970042237,-0.2628898423295905,0,1,0,0.9999999999999893,101433.25172277653,9.429704665948492e-05,False,,,,False
QuinTr00,trey-quinn-1,00-0034339,Trey Quinn,WR,2018,7,256,WAS,southern methodist,71.0,203.0,4.55,33.5,116.0,17.0,6.91,4.19,1.0,2.0,34.0,0.0,1.0,21.0,110.0,0.0,175114.0,193831236.0,13.0,2.0,2.0,16.0,0,0,0,False,skill_pass,False,False,False,False,0.07,0,1,True,94.72845343652476,74.75,5.550000000000001,28.309660781590953,-1.2218461793350492,-0.6642744012305847,-0.32486584383170797,-0.23617615978083836,-0.2607566161589643,-0.13659744514586067,-0.5074958730110382,-0.40741375544907726,-0.2269365277771833,-0.2782495224945722,-0.5195033277212457,0.10881885239069107,0,1,0,0.9999994324963312,1106.8860056877234,7.423735395228251e-05,False,,,,False
HarrDw00,dwayne-harris-1,00-0028114,Dwayne Harris,WR,2011,6,176,DAL,east carolina,70.0,203.0,4.53,34.0,111.0,10.0,6.77,4.21,112.0,333.0,803538.0,101.0,0.0,20193116.0,19776149104.0,1050.0,265883101.0,2466549781123.0,21710.0,12.0,6.0,109.0,1,0,0,False,skill_pass,False,False,False,False,11.03,0,1,True,96.41247361671678,72.5,5.49,29.124285714285715,-1.619770109867742,-0.6642744012305847,-0.42758636273274997,-0.09720665112930897,-0.949547677710947,-1.481136605212346,-1.1135913277511078,-0.2844032603525513,-0.09078872069755277,-0.7216163350020306,-0.8603472058518518,0.5053977240538291,0,1,0,0.9920460351301591,9276.82042162958,8.16524251385198e-05,False,,,,False
FordJa01,jacoby-ford-1,00-0027709,Jacoby Ford,WR,2010,4,108,OAK,clemson,69.0,186.0,4.28,33.5,115.0,15.0,7.0,4.44,2.0,2.0,55.0,1.0,0.0,8141818.0,10417296122.0,2.0,12175556.0,120310710779.0,1446.0,12.0,12.0,38.0,0,0,1,False,skill_pass,False,False,False,False,35.0,0,0,True,110.85821050065599,74.25,5.720000000000001,27.464398235664778,-2.0176940404004347,-1.3361051813789935,-1.7115928489958019,-0.23617615978083836,-0.3985148284693608,-0.5207514908791422,-0.11786308067813844,1.13021743325753,1.0771042900461765,-0.37677548082956297,0.4462209936487962,-0.3026751410642299,0,1,0,0.9203132031999157,9881.331971944443,0.0001187625435750121,False,,,,False
KirkCh01,christian-kirk-1,00-0034775,Christian Kirk,WR,2018,2,47,ARI,texas a&m,70.0,201.0,4.47,35.5,115.0,20.0,7.09,4.45,0.0,2.0,0.0,0.0,0.0,1184.0,543531.0,0.0,808371.0,1009928919.0,7910.0,42.0,23.0,106.0,0,0,7,False,skill_pass,False,False,False,False,67.97,0,0,True,100.6922303260915,75.25,5.77,28.83734693877551,-1.619770109867742,-0.7433133165421622,-0.7357479194358849,0.31970187482527923,-0.3985148284693608,0.43963362345406165,0.27176971165476127,1.191722680805793,0.2552163317770938,-0.17972356415958146,0.7302575587576262,0.36570907562047994,0,1,0,0.999462102108771,1249.3383842319924,0.0097851110443101,False,,,,False
GabbBl00,blaine-gabbert-1,00-0027948,Blaine Gabbert,QB,2011,1,10,JAX,missouri,76.0,234.0,4.61,33.5,120.0,,6.84,4.26,5262301.0,13445475.0,4335933186.0,2416.0,99.0,6103112.0,22204232.0,35.0,1.0,-10.0,0.0,17.0,7.0,69.0,0,0,2,False,skill_pass,False,True,False,False,93.25,1,0,True,103.6196572758487,76.75,5.55,28.480263157894736,0.7677734733284143,0.5608287860988668,-0.01670428712857299,-0.23617615978083836,0.2902762330826218,,-0.810543600381073,0.023122977388769096,0.4918897186422125,0.11585431084539077,-0.5195033277212509,0.19187216340806387,1,0,0,,,,False,0.39138081771004746,322.4827078254952,24.404040404040405,False
KaepCo00,colin-kaepernick-1,00-0027974,Colin Kaepernick,QB,2011,2,36,SFO,nevada,77.0,233.0,4.53,32.5,115.0,,6.85,4.18,121208166233.0,225383282359.0,1923284920523022.0,17222021.0,3768.0,96161161173.0,521113011831206.0,6171620.0,1.0,6.0,1.0,45.0,45.0,69.0,0,0,4,False,skill_pass,False,True,False,False,75.07,0,0,True,110.660622427069,73.75,5.515,27.62674987350312,1.165697403861107,0.521309328443078,-0.42758636273274997,-0.5141151770838972,-0.3985148284693608,,-0.7672510678996406,-0.46891900299734574,1.0611299072921117,-0.4753014391645537,-0.7183289232974368,-0.22363848657146,1,0,0,,,,False,0.537786853418589,8533.396534085135,4570.600053078556,False
LockJa00,jake-locker-1,00-0027946,Jake Locker,QB,2011,1,8,TEN,washington,74.0,231.0,4.51,35.0,120.0,,6.77,4.12,15550230184.0,32893395332.0,206251228002265.0,1412117.0,150119.0,17256112114.0,986180388385.0,13376.0,11.0,1516.0,0.0,15.0,15.0,30.0,0,0,1,False,skill_pass,False,True,False,False,94.73,1,0,True,111.66981792821925,77.5,5.445,29.655405405405407,-0.028074387736971164,0.4422704131315005,-0.5303068816337965,0.18073236617374983,0.2902762330826218,,-1.1135913277511078,-0.8379504882869291,1.1427202326411627,0.2636432483478769,-1.1159801144498038,0.7639594736010216,1,0,0,,,,False,0.4727462770884014,6270.293045777966,9.406650723759151,False
DaltAn00,andy-dalton-1,00-0027973,Andy Dalton,QB,2011,2,35,CIN,texas christian,74.0,215.0,4.83,29.5,106.0,,6.93,4.27,222182199209.0,371307323316.0,2459224227562857.0,10112327.0,11586.0,9811311686.0,232432512435.0,5836.0,1.0,27.0,0.0,92.0,82.0,179.0,3,0,11,False,skill_pass,False,True,False,False,75.73,0,0,True,79.00961263728985,67.75,5.6,27.60135135135135,-0.028074387736971164,-0.1900409093611196,1.1132214207829114,-1.3479322289930735,-1.6383387392629296,,-0.42091080804817327,0.08462822493703208,-1.49775604040656,-1.6576129391844427,-0.2354667626124158,-0.2360030937085626,1,0,0,,,,False,0.5983781769365009,6623.15034780486,872.8057137925082,False
MahoPa00,patrick-mahomes-1,00-0033873,Patrick Mahomes,QB,2017,1,10,KAN,texas tech,74.0,225.0,4.8,30.0,114.0,,6.88,4.08,105364388.0,185573591.0,154746535052.0,163641.0,41510.0,46131131.0,104456285.0,1012.0,1.0,3.0,0.0,115.0,115.0,126.0,6,2,7,False,skill_pass,False,True,False,False,93.25,1,0,True,84.77105034722223,72.0,5.48,28.885135135135137,-0.028074387736971164,0.20515366719676795,0.9591406424313439,-1.208962720341544,-0.5362730407797573,,-0.6373734704553393,-1.0839714784799865,-1.0319616757904901,-0.8201422933370213,-0.9171545188736178,0.38897351085992793,1,0,0,,,,False,0.5677768449283281,833.8823116916458,3.942206697181402,False
KizeDe00,deshone-kizer-1,00-0033899,DeShone Kizer,QB,2017,2,52,CLE,notre dame,76.0,233.0,4.83,30.5,107.0,,7.4,4.53,211212.0,335361.0,28842925.0,2126.0,109.0,134129.0,520472.0,108.0,1.0,4.0,0.0,6.0,5.0,18.0,0,0,1,False,skill_pass,False,True,False,False,64.86,0,0,True,85.62437090459782,68.75,5.965,28.35855263157895,0.7677734733284143,0.521309328443078,1.1132214207829114,-1.0699932116900148,-1.500580526952533,,1.613838218579198,1.683764661191908,-0.9629733560606112,-1.4605610225144612,1.838000162682088,0.13262057257328208,1,0,0,,,,False,0.6298048968126884,86.00560291745313,19.504587155963304,False
AdamRo01,rodney-adams-1,00-0033957,Rodney Adams,WR,2017,5,170,MIN,south florida,73.0,189.0,4.44,29.5,125.0,8.0,6.98,4.28,0.0,1.0,0.0,0.0,0.0,151023.0,55281231.0,115.0,2234567.0,15323822822.0,295.0,0.0,,1.0,0,0,0,False,skill_pass,False,False,False,False,12.6,0,1,True,97.26574540109767,77.25,5.630000000000001,24.932820416588477,-0.4259983182696639,-1.2175468084116272,-0.8898286977874479,-1.3479322289930735,0.9790672946346044,-1.8652906509456277,-0.20444814564100333,0.14613347248530054,-0.021804344112982654,0.21438026918038153,-0.06504482354710776,-1.5351076811481603,0,1,0,0.9964054322794431,6857.625133638866,0.00013201662782991066,False,,,,False
PeteNa00,nathan-peterman-1,00-0033958,Nathan Peterman,QB,2017,5,171,BUF,pittsburgh,74.0,226.0,4.82,31.0,110.0,,7.14,4.31,1010193185.0,2320314306.0,454922872855.0,2027.0,2087.0,698672.0,-613233286.0,113.0,1.0,-211.0,0.0,3.0,2.0,15.0,0,0,0,False,skill_pass,False,True,False,False,12.33,0,1,True,83.74334070472057,70.5,5.725,29.013513513513512,-0.028074387736971164,0.2446731248525567,1.0618611613323903,-0.9310237030384854,-1.0873058900213435,,0.4882323740619274,0.3306492151300895,-1.1150488120296995,-1.1157201683419935,0.47462465015967414,0.45147117131677544,1,0,0,,,,False,0.4353691146013216,196.06088350989117,0.9712505989458553,False
TrubMi00,mitch-trubisky-1,00-0033869,Mitchell Trubisky,QB,2017,1,2,CHI,north carolina,74.0,222.0,4.67,27.5,116.0,,6.87,4.25,4240304.0,7847446.0,4595553748.0,5630.0,406.0,111693.0,30101308.0,35.0,1.0,8.0,0.0,40.0,34.0,82.0,1,0,4,False,skill_pass,False,True,False,False,99.24,1,0,True,93.35024193638235,71.75,5.5600000000000005,28.5,-0.028074387736971164,0.0865952942294017,0.2914572695745574,-1.9038102635991911,-0.2607566161589643,,-0.6806660029367718,-0.038382270159493886,-0.3383606518128712,-0.8694052725045167,-0.46269601469947974,0.20148052948938025,1,0,0,,,,False,0.540341915063831,585.6113884695734,13.866995073891626,False
ThomLo00,logan-thomas-1,00-0031260,Logan Thomas,QB,2014,4,120,ARI,virginia tech,78.0,248.0,4.61,35.5,118.0,,7.05,4.18,12234220227.0,26391429402.0,107301329762907.0,191816.0,101613.0,6153174162.0,22469524344.0,1194.0,11.0,29.0,10.0,15.0,0.0,94.0,0,0,3,False,skill_pass,False,True,False,False,29.79,0,0,True,109.81912395047212,76.75,5.615,28.656147271531886,1.5636213343937997,1.1141011932799092,-0.01670428712857299,0.31970187482527923,0.014759808461828759,,0.09859958172902764,-0.46891900299734574,0.9930973661164759,0.11585431084539077,-0.15025579307976178,0.27749675029488297,1,0,0,,,,False,0.4635679273238934,4065.7642346107814,1.8877112180528082,False
McNuMa00,marvin-mcnutt-1,00-0029424,Marvin McNutt,WR,2012,6,194,PHI,iowa,75.0,216.0,4.48,37.0,122.0,,7.15,4.07,1000.0,3111.0,10000.0,0.0,1000.0,116.0,558.0,0.0,1345382.0,116748611315.0,8812.0,0.0,0.0,5.0,0,0,0,False,skill_pass,False,True,False,False,6.94,0,1,True,107.24367573081524,79.5,5.61,26.9952,0.3698495427957216,-0.15052145170533082,-0.6843876599853594,0.7366104007798674,0.5657926577034149,,0.5315249065433636,-1.1454767260282495,0.7848803676043558,0.6577470816878399,-0.17865944959064478,-0.5310920473216201,0,1,0,0.9999999952204999,86777.29545586309,0.0065498126182749585,False,,,,False
RobiDe01,demarcus-robinson-3,00-0032775,Demarcus Robinson,WR,2016,4,126,KAN,florida,73.0,203.0,4.59,34.5,123.0,,6.77,4.19,0.0,1.0,0.0,0.0,0.0,11.0,31.0,0.0,55348.0,23810522.0,72.0,27.0,13.0,161.0,0,0,3,False,skill_pass,False,True,False,False,27.34,0,0,True,91.46928650309765,78.75,5.48,26.77969600300244,-0.4259983182696639,-0.6642744012305847,-0.11942480602961951,0.04176285752222043,0.7035508700138113,,-1.1135913277511078,-0.40741375544907726,-0.4904300631349061,0.5099581441853538,-0.9171545188736178,-0.6360045396086842,0,1,0,0.9999986980562778,430.1966105369661,0.0013008600130086,False,,,,False
MayfBa00,baker-mayfield-1,00-0034855,Baker Mayfield,QB,2018,1,1,CLE,oklahoma,73.0,215.0,4.84,29.0,111.0,,7.0,4.28,218269254285.0,340395358404.0,2315370039654627.0,12364043.0,9786.0,881417897.0,190405177311.0,3765.0,1.0,2.0,1.0,80.0,35.0,123.0,2,0,6,False,skill_pass,False,True,False,False,100.0,1,0,True,78.35866151960367,70.0,5.640000000000001,28.36273221992869,-0.4259983182696639,-0.1900409093611196,1.1645816802334323,-1.486901737644603,-0.949547677710947,,-0.11786308067813844,0.14613347248530054,-1.5503834187666587,-1.2142461266769844,-0.008237510525341774,0.1346552959965811,1,0,0,,,,False,0.6412227690424204,6802.002384846323,1263.4419578990394,False
AlleJo02,josh-allen-7,00-0034857,Josh Allen,QB,2018,1,7,BUF,wyoming,77.0,237.0,4.75,33.5,119.0,,6.9,4.4,4209152.0,6373270.0,5132031812.0,2816.0,156.0,314392.0,40512204.0,75.0,11.0,42.0,10.0,111.0,111.0,128.0,4,0,7,False,skill_pass,False,True,False,False,95.47,1,0,True,93.11162437366195,76.25,5.65,28.10102884128858,1.165697403861107,0.679387159066233,0.7023393451787344,-0.23617615978083836,0.1525180207722253,,-0.5507884054924707,0.8841964430644728,-0.3576521414738581,0.017328352510400026,0.048569802496424216,0.0072518414175470215,1,0,0,,,,False,0.6604383620966945,805.243118838524,18.05128205128205,False
FinlRy00,ryan-finley-1,00-0035652,Ryan Finley,QB,2019,4,104,CIN,north carolina st.,76.0,213.0,4.73,30.5,116.0,,7.2,4.2,1246243311300.0,2770402478447.0,1.614853055351436e+17,21181721.0,148610.0,722746940.0,31429419420.0,131.0,2.0,18.0,0.0,2.0,2.0,8.0,0,0,0,False,skill_pass,False,True,False,False,36.83,0,0,True,85.10695181893301,73.25,5.7,25.924342105263158,0.7677734733284143,-0.2690798246726971,0.5996188262776925,-1.0699932116900148,-0.2607566161589643,,0.7479875689505298,-0.3459085079008143,-1.0048050839003448,-0.5738273974995445,0.3326063676052592,-1.0524112441223725,1,0,0,,,,False,0.4498419709754969,58289.47482954432,142.53227239082162,False
BortBl00,blake-bortles-1,00-0031407,Blake Bortles,QB,2014,1,3,JAX,central florida,77.0,232.0,4.93,32.5,115.0,,7.08,4.21,75251259.0,110399382.0,95830593581.0,62525.0,379.0,218787.0,4285272.0,186.0,1.0,-3.0,0.0,44.0,44.0,78.0,0,0,5,False,skill_pass,False,True,False,False,98.48,1,0,True,78.54712679521835,73.75,5.645,27.508180131556756,1.165697403861107,0.48178987078728924,1.6268240152881304,-0.5141151770838972,-0.3985148284693608,,0.22847717917332883,-0.2844032603525513,-1.5351465859261697,-0.4753014391645537,0.020166145985536173,-0.28136106856871046,1,0,0,,,,False,0.6816275384585033,868.0355980706486,164.9736147757256,False
PresDa01,dak-prescott-1,00-0033077,Dak Prescott,QB,2016,4,135,DAL,mississippi st.,74.0,226.0,4.79,32.5,116.0,,7.11,4.32,18156244316.0,29267396477.0,194194034493793.0,4102729.0,7115.0,32134210160.0,118829986588.0,4131410.0,22.0,5335.0,21.0,104.0,104.0,139.0,4,0,8,False,skill_pass,False,True,False,False,23.87,0,0,True,85.86108676545588,74.25,5.715,29.013513513513512,-0.028074387736971164,0.2446731248525567,0.9077803829808229,-0.5141151770838972,-0.2607566161589643,,0.35835477661763,0.3921544626783579,-0.9438356130953718,-0.37677548082956297,0.4178173371379082,0.45147117131677544,1,0,0,,,,False,0.6203573430341923,6635.1660164375,576.6309205903021,False
DobbJo00,joshua-dobbs-1,00-0033949,Joshua Dobbs,QB,2017,4,135,PIT,tennessee,75.0,216.0,4.64,33.0,122.0,,6.75,4.31,72112205225.0,121177344357.0,695120622912946.0,291527.0,66512.0,38104146150.0,189469671831.0,181112.0,11.0,584.0,11.0,9.0,0.0,27.0,0,0,0,False,skill_pass,False,True,False,False,23.87,0,0,True,93.19912276733012,77.5,5.529999999999999,26.9952,0.3698495427957216,-0.15052145170533082,0.13737649122298995,-0.37514566843236774,0.5657926577034149,,-1.2001763927139728,0.3306492151300895,-0.3505781678000075,0.2636432483478769,-0.6331179537647879,-0.5310920473216201,1,0,0,,,,False,0.595096431660943,5736.390961540256,4.38307373105605,False
ManuEJ00,ej-manuel-1,00-0030526,EJ Manuel,QB,2013,1,16,BUF,florida st.,77.0,237.0,4.65,34.0,118.0,,7.08,4.21,6965203263.0,10693311387.0,81786126663392.0,241823.0,64810.0,4441110103.0,195170151310.0,2144.0,0.0,11.0,0.0,10.0,10.0,30.0,0,0,1,False,skill_pass,False,True,False,False,88.88,1,0,True,101.38332493752671,76.0,5.645,28.10102884128858,1.165697403861107,0.679387159066233,0.18873675067351547,-0.09720665112930897,0.014759808461828759,,0.22847717917332883,-0.2844032603525513,0.3110891870659916,-0.03193462665709535,0.020166145985536173,0.0072518414175470215,1,0,0,,,,False,0.6513607442001259,7648.344250296543,3.7312606079308748,False
LockDr00,drew-lock-1,00-0035704,Drew Lock,QB,2019,2,42,DEN,missouri,76.0,228.0,4.69,31.0,112.0,,7.03,4.12,129237242275.0,263434419437.0,1332339939643498.0,4234428.0,810138.0,52524455.0,28123111175.0,1116.0,1.0,21.0,1.0,14.0,12.0,41.0,0,0,1,False,skill_pass,False,True,False,False,71.15,0,0,True,94.24828837348845,71.5,5.575,27.75,0.7677734733284143,0.32371204016413424,0.394177788475604,-0.9310237030384854,-0.8117894654005504,,0.012014516766162744,-0.8379504882869291,-0.2657563834639435,-0.918668251672012,-0.3774850451668308,-0.16363738160063201,1,0,0,,,,False,0.4905860158714261,5057.5772994695,5.2267983973100876,False
WillJa01,james-williams-5,00-0019491,James Williams,WR,2000,6,175,SEA,marshall,71.0,180.0,4.59,36.0,123.0,,7.22,4.16,0.0,1.0,0.0,0.0,0.0,10292122.0,585395563.0,6112.0,487183.0,342482613.0,134.0,4.0,4.0,30.0,0,0,0,False,skill_pass,False,True,False,False,11.28,0,1,True,81.10577128353486,79.5,5.6899999999999995,25.102162269390995,-1.2218461793350492,-1.573221927313726,-0.11942480602961951,0.45867138347680864,0.7035508700138113,,0.8345726339133946,-0.5919294980938716,-1.3282881169611744,0.6577470816878399,0.2757990545834882,-1.452668023074337,0,1,0,0.3691029941844435,702.9855577883465,0.00027505064831900947,False,,,,False
McClDe00,dexter-mccluster-1,00-0027651,Dexter McCluster,WR,2010,2,36,KAN,mississippi,69.0,172.0,4.53,37.5,118.0,20.0,,4.06,1.0,51.0,27.0,1.0,20.0,86109181.0,68636551169.0,1068.0,15274444.0,232326625520.0,1213.0,21.0,17.0,89.0,1,0,1,False,skill_pass,False,True,False,False,75.07,0,0,True,81.68938651268614,77.75,,25.397185465238394,-2.0176940404004347,-1.889377588560036,-0.42758636273274997,0.8755799094313969,0.014759808461828759,0.43963362345406165,,-1.206981973576518,-1.2811046362868737,0.3129062275153723,,-1.3090436857531342,0,1,0,0.7719436911714768,15210.152691646255,7.941369257041369e-05,False,,,,False
JoneDa05,daniel-jones-4,00-0035710,Daniel Jones,QB,2019,1,6,NYG,duke,77.0,221.0,4.81,33.5,120.0,,7.0,4.41,263257237.0,415453392.0,279526912674.0,151422.0,9119.0,120161104.0,431518319.0,773.0,11.0,6.0,0.0,52.0,40.0,83.0,0,0,5,False,skill_pass,False,True,False,False,96.22,1,0,True,82.57374159286897,76.75,5.705,26.203912970146735,1.165697403861107,0.047075836573612945,1.010500901881865,-0.23617615978083836,0.2902762330826218,,-0.11786308067813844,0.9457016906127357,-1.2096072716692514,0.11585431084539077,0.3610100241161422,-0.9163094705384793,1,0,0,,,,False,0.6336625047942803,672.8237584686756,16.60511020945279,False
LuckAn00,andrew-luck-1,00-0029668,Andrew Luck,QB,2012,1,1,IND,stanford,76.0,234.0,4.59,36.0,124.0,,6.8,4.28,162263288.0,288372404.0,257533383517.0,133237.0,4810.0,615547.0,354453150.0,232.0,11.0,1113.0,0.0,72.0,72.0,86.0,4,0,5,False,skill_pass,False,True,False,False,100.0,1,0,True,105.43750266859533,80.0,5.54,28.480263157894736,0.7677734733284143,0.5608287860988668,-0.11942480602961951,0.45867138347680864,0.8413090823242079,,-0.9837137303068066,0.14613347248530054,0.6388568789787608,0.7562730400228306,-0.5763106407430167,0.19187216340806387,1,0,0,,,,False,0.5626866015931261,893.0583507463494,27.7,False
HursHa00,hayden-hurst-1,00-0034830,Hayden Hurst,TE,2018,1,25,BAL,south carolina,76.0,250.0,4.67,31.5,120.0,,7.19,4.37,20.0,21.0,210.0,0.0,0.0,29.0,930.0,1.0,84844.0,106616559.0,12.0,17.0,6.0,88.0,0,0,1,False,skill_pass,False,True,False,False,82.52,1,0,True,105.12414632475489,75.75,5.78,30.42763157894737,0.7677734733284143,1.1931401085914868,0.2914572695745574,-0.7920541943869559,0.2902762330826218,,0.7046950364690973,0.6996807004196783,0.6135229907331331,-0.08119760582459072,0.7870648717793972,1.139897616764588,0,0,1,0.9999912772284479,1256.6187237753995,0.0001414360473339305,False,,,,False
KafkMi00,mike-kafka-1,00-0027722,Mike Kafka,QB,2010,4,122,PHI,northwestern,75.0,225.0,4.93,32.0,110.0,,6.96,4.37,55232319.0,96346492.0,494113303430.0,10216.0,50312.0,48268150.0,2638321299.0,2018.0,1.0,24.0,1.0,0.0,0.0,4.0,0,0,0,False,skill_pass,False,True,False,False,28.96,0,0,True,76.17717038329366,71.0,5.665,28.12,0.3698495427957216,0.20515366719676795,1.6268240152881304,-0.6530846857354266,-1.0873058900213435,,-0.2910332106038721,0.6996807004196783,-1.726750209299058,-1.0171942100070028,0.1337807720290732,0.016487454537107857,1,0,0,,,,False,0.5732675663998228,5128.503313125298,0.20305294959453013,False
MariMa01,marcus-mariota-1,00-0032268,Marcus Mariota,QB,2015,1,2,TEN,oregon,76.0,222.0,4.52,36.0,121.0,,6.87,4.11,230245304.0,336386445.0,267736654454.0,323142.0,644.0,10696135.0,752715770.0,5915.0,11.0,226.0,11.0,60.0,43.0,104.0,0,0,5,False,skill_pass,False,True,False,False,99.24,1,0,True,106.3724668318919,78.5,5.49,27.019736842105264,0.7677734733284143,0.0865952942294017,-0.4789466221832755,0.45867138347680864,0.4280344453930183,,-0.6806660029367718,-0.8994557358351921,0.7144458309569698,0.4606951650178584,-0.8603472058518518,-0.5191469266093279,1,0,0,,,,False,0.684466652632213,795.919866670014,501.77329192546586,False
DorsPh00,phillip-dorsett-1,00-0032208,Phillip Dorsett,WR,2015,1,29,IND,miami,70.0,185.0,4.33,37.0,122.0,13.0,6.7,4.11,12.0,12.0,1626.0,10.0,0.0,52.0,,0.0,14581336.0,147842272871.0,14210.0,16.0,7.0,94.0,0,0,0,False,skill_pass,False,False,False,False,79.77,1,0,True,105.2567942126949,79.5,5.405,26.541836734693877,-1.619770109867742,-1.3756246390347822,-1.4547915517431924,0.7366104007798674,0.5657926577034149,-0.9049055366124238,-1.4166390551211387,-0.8994557358351921,0.6242471609474814,0.6577470816878399,-1.3432093665368727,-0.7518001118463118,0,1,0,1.0,10139.144511243689,0.0009745334721043394,False,,,,False
HundBr00,brett-hundley-1,00-0031589,Brett Hundley,QB,2015,5,147,GNB,ucla,75.0,226.0,4.63,36.0,120.0,,6.93,3.98,319248271.0,479369392.0,374530713155.0,292422.0,1195.0,160160159.0,355748644.0,91110.0,11.0,79.0,10.0,5.0,5.0,18.0,0,0,1,False,skill_pass,False,True,False,False,19.6,0,1,True,98.35908290348067,78.0,5.455,28.244977777777777,0.3698495427957216,0.2446731248525567,0.08601623177246896,0.45867138347680864,0.2902762330826218,,-0.42091080804817327,-1.69902395396263,0.0665886009943566,0.3621692066828676,-1.0591728014280377,0.0773296214102989,1,0,0,,,,False,0.6659755009973602,781.2987633449071,244.70460251046026,False
LockTy00,tyler-lockett-1,00-0032211,Tyler Lockett,WR,2015,3,69,SEA,kansas st.,70.0,182.0,4.4,35.5,121.0,,6.89,4.07,0.0,1.0,0.0,0.0,0.0,10723.0,110551017.0,0.0,184481106.0,24668712621515.0,341111.0,68.0,67.0,178.0,1,1,10,False,skill_pass,False,True,False,False,54.83,0,0,True,97.11597568472096,78.25,5.48,26.111428571428572,-1.619770109867742,-1.4941830120021484,-1.0952697355895364,0.31970187482527923,0.4280344453930183,,-0.5940809379739069,-1.1454767260282495,-0.03391276103783341,0.411432185850363,-0.9171545188736178,-0.9613330844963347,0,1,0,0.9999955185938045,133719.45320793448,0.0018490294610441027,False,,,,False
DiggSt00,stefon-diggs-1,00-0031588,Stefon Diggs,WR,2015,5,146,MIN,maryland,72.0,195.0,4.46,35.0,115.0,,7.03,4.32,10.0,21.0,80.0,10.0,0.0,2075.0,1144528.0,0.0,543462.0,848587792.0,635.0,90.0,32.0,161.0,4,1,10,False,skill_pass,False,True,False,False,19.94,0,1,True,98.56555511628724,75.0,5.675000000000001,26.44386574074074,-0.8239222488023566,-0.9804300624768947,-0.7871081788864059,0.18073236617374983,-0.3985148284693608,,0.012014516766162744,0.3921544626783579,0.08328123884225251,-0.22898654332707685,0.19058808505084424,-0.7994947313924204,0,1,0,0.998653072299286,1561.4482558118139,0.0011684349595739905,False,,,,False
SanuMo00,mohamed-sanu-1,00-0029632,Mohamed Sanu,WR,2012,3,83,CIN,rutgers,73.0,211.0,4.62,36.0,126.0,19.0,6.88,4.22,161.0,792.0,381609.0,130.0,0.0,62594.0,,540.0,5144115.0,6394181206.0,327.0,41.0,15.0,136.0,0,0,5,False,skill_pass,False,False,False,False,47.2,0,0,True,92.62848239804268,81.0,5.55,27.835053480953274,-0.4259983182696639,-0.3481187399842746,0.03465597232194799,0.45867138347680864,1.116825506945001,0.24755660058742088,-0.6373734704553393,-0.2228980128042883,-0.39671267130740456,0.9533249566928121,-0.5195033277212509,-0.12223131587184066,0,1,0,1.0,1243.0089929949079,6.356778571241117e-05,False,,,,False
PoseDe00,devier-posey-1,00-0029673,DeVier Posey,WR,2012,3,68,HOU,ohio st.,74.0,211.0,4.39,36.5,123.0,14.0,7.03,4.15,1.0,1.0,39.0,1.0,0.0,21.0,,0.0,11605312.0,117828848162.0,1872.0,2.0,2.0,26.0,0,0,0,False,skill_pass,False,False,False,False,55.39,0,0,True,113.61989144145959,79.75,5.59,27.08783783783784,-0.028074387736971164,-0.3481187399842746,-1.1466299950400618,0.597640892128338,0.7035508700138113,-0.712828513745783,0.012014516766162744,-0.6534347456421347,1.3003776262963085,0.7070100608553352,-0.2922740756341818,-0.48599373553595776,0,1,0,1.0,10153.009945962676,0.00016130544357618304,False,,,,False
WilsRu00,russell-wilson-1,00-0029263,Russell Wilson,QB,2012,3,75,SEA,wisconsin,71.0,204.0,4.53,34.0,118.0,,6.97,4.09,150224308225.0,275378527309.0,1955302735633175.2,17312833.0,111144.0,11610314379.0,388260435338.0,4496.0,13.0,456.0,1.0,140.0,125.0,205.0,10,0,12,False,skill_pass,False,True,False,False,51.49,0,0,True,96.88741191039519,76.0,5.529999999999999,28.449117238643126,-1.2218461793350492,-0.6247549435747959,-0.42758636273274997,-0.09720665112930897,0.014759808461828759,,-0.24774067812243963,-1.0224662309317234,-0.0523914330978974,-0.03193462665709535,-0.6331179537647879,0.1767095861065623,1,0,0,,,,False,0.5455193245929248,7100.418303272956,155.7693892607788,False
WrigKe01,kendall-wright-1,00-0029708,Kendall Wright,WR,2012,1,20,TEN,baylor,70.0,196.0,4.49,38.5,121.0,,6.93,4.18,22.0,3423.0,5955.0,11.0,200.0,2928810.0,1681325372.0,1100.0,506678108.0,6497409521663.0,54714.0,28.0,24.0,82.0,0,0,3,False,skill_pass,False,True,False,False,86.02,1,0,True,96.44966043970804,79.75,5.555,28.12,-1.619770109867742,-0.9409106048211059,-0.6330274005348384,1.1535189267344557,0.4280344453930183,,-0.42091080804817327,-0.46891900299734574,-0.08778228142677096,0.7070100608553352,-0.4910996712103678,0.016487454537107857,0,1,0,0.9997412983736383,12823.54500633566,0.00010798571940668887,False,,,,False
RobiDe00,denard-robinson-1,00-0030547,Denard Robinson,WR,2013,5,135,JAX,michigan,70.0,199.0,4.43,36.5,123.0,,7.09,4.22,1418213389.0,31291245167.0,188257020751319.0,218209.0,411159.0,69256213177.0,351170211301266.0,514167.0,3.0,31.0,0.0,8.0,8.0,55.0,0,0,1,False,skill_pass,False,True,False,False,23.87,0,1,True,103.33993098805335,79.75,5.654999999999999,28.550408163265306,-1.619770109867742,-0.8223522318537396,-0.9411889572379735,0.597640892128338,0.7035508700138113,,0.27176971165476127,-0.2228980128042883,0.46927471609425087,0.7070100608553352,0.07697345900730217,0.22602042718713075,0,1,0,8.827628028335986e-14,10.333333333333334,0.0,False,,,,False
NassRy00,ryan-nassib-1,00-0030586,Ryan Nassib,QB,2013,4,110,NYG,syracuse,74.0,227.0,5.06,28.5,105.0,,7.34,4.53,36202259294.0,68358415471.0,422233426853749.0,3192226.0,18910.0,27666584.0,,122.0,1.0,-4.0,0.0,0.0,0.0,5.0,0,0,0,False,skill_pass,False,True,False,False,34.1,0,0,True,69.25542288651015,66.75,5.9350000000000005,29.14189189189189,-0.028074387736971164,0.28419258250834545,2.2945073881449165,-1.6258712462961322,-1.776096951573326,,1.3540830236905956,1.683764661191908,-2.2863520204475094,-1.854664855854424,1.6675782236167902,0.5139688317736246,1,0,0,,,,False,0.5295947696353238,6176.758544569761,168.81152829190904,False
WilsCa00,caleb-wilson-2,00-0035320,Caleb Wilson,TE,2019,7,254,ARI,ucla,76.0,240.0,4.56,29.0,113.0,,7.2,4.4,1.0,1.0,39.0,0.0,0.0,1.0,4.0,0.0,163860.0,220490965.0,14.0,0.0,,5.0,0,0,0,False,skill_pass,False,True,False,False,0.12,0,1,True,111.01505200691061,71.0,5.800000000000001,29.210526315789473,0.7677734733284143,0.7979455320335993,-0.273505584381187,-1.486901737644603,-0.6740312530901539,,0.7479875689505298,0.8841964430644728,1.0897844392432,-1.0171942100070028,0.9006794978229342,0.5473817084167597,0,0,1,0.9999999818586675,1345.6057915293543,8.543878921030147e-05,False,,,,False
KuppCo00,,00-0033908,Cooper Kupp,WR,2017,3,69,LAR,eastern washington,74.0,204.0,4.62,31.0,116.0,,6.75,4.08,1.0,1.0,22.0,0.0,0.0,2.0,29.0,0.0,1081512.0,189145246206.0,3333.0,63.0,60.0,120.0,1,1,6,False,skill_pass,False,True,False,False,54.83,0,0,True,89.5554995696716,73.5,5.415,26.18918918918919,-0.028074387736971164,-0.6247549435747959,0.03465597232194799,-0.9310237030384854,-0.2607566161589643,,-1.2001763927139728,-1.0839714784799865,-0.6451537993872221,-0.524564418332049,-1.2864020535151068,-0.9234773587339007,0,1,0,0.9999999998466786,174889.6417293567,0.0030817965958768834,False,,,,False
BenjTr00,travis-benjamin-1,00-0029269,Travis Benjamin,WR,2012,4,100,CLE,miami,70.0,172.0,4.31,38.0,119.0,14.0,,,1.0,1.0,17.0,0.0,0.0,5938.0,42214419.0,1000.0,18294341.0,293501743609.0,3433.0,25.0,13.0,111.0,0,0,2,False,skill_pass,False,True,False,False,38.71,0,0,True,99.68948718242626,78.5,,24.676734693877552,-1.619770109867742,-1.889377588560036,-1.557512070644239,1.0145494180829262,0.1525180207722253,-0.712828513745783,,,0.17414765951297004,0.4606951650178584,,-1.659776326663079,0,1,0,0.999856190468768,16043.307797148856,0.000187653657488947,False,,,,False
MannSe00,sean-mannion-1,00-0032245,Sean Mannion,QB,2015,3,89,STL,oregon st.,78.0,229.0,5.14,31.0,105.0,,7.29,4.39,305200400282.0,473309603453.0,3328244646623164.0,16153715.0,1813158.0,32183448.0,,1001.0,1.0,6.0,0.0,2.0,1.0,14.0,0,0,0,False,skill_pass,False,True,False,False,44.11,0,0,True,65.61649104470338,68.0,5.84,26.460716633793556,1.5636213343937997,0.363231497819923,2.7053894637490936,-0.9310237030384854,-1.776096951573326,,1.1376203612834295,0.8226911955162043,-2.580548370468529,-1.6083499600169473,1.1279087499099982,-0.7912913142304936,1,0,0,,,,False,0.6448219052717924,7031.8553064255775,8.909160150411603,False
GoffJa00,jared-goff-1,00-0033106,Jared Goff,QB,2016,1,1,LAR,california,76.0,215.0,4.82,27.0,110.0,,7.17,4.47,320316341.0,531509529.0,350839734719.0,183543.0,10713.0,595556.0,,100.0,11.0,-111.0,0.0,106.0,44.0,151.0,5,0,8,False,skill_pass,False,True,False,False,100.0,1,0,True,79.66733739608372,68.5,5.82,26.167763157894736,0.7677734733284143,-0.1900409093611196,1.0618611613323903,-2.0427797722507206,-1.0873058900213435,,0.6181099715062286,1.314733175902319,-1.4445810341773861,-1.5098240016819566,1.0142941238664662,-0.9339080624528073,1,0,0,,,,False,0.6026539949390071,660.081739981373,17.132735928311398,False
ShipJo00,jordan-shipley-1,00-0027687,Jordan Shipley,WR,2010,3,84,CIN,texas,71.0,193.0,4.6,36.5,116.0,16.0,,,0.0,11.0,0.0,0.0,0.0,7441.0,11020320.0,0.0,162789116.0,22941710601485.0,451113.0,7.0,5.0,24.0,0,0,0,False,skill_pass,False,True,False,False,46.68,0,0,True,86.20966906207457,76.25,,26.915096211069233,-1.2218461793350492,-1.0594689777884723,-0.06806454657909854,0.597640892128338,-0.2607566161589643,-0.32867446801250144,,,-0.9156538158522983,0.017328352510400026,,-0.5700884847680161,0,1,0,0.9999995196384918,140929.0201040529,0.0027711496387756046,False,,,,False
AlleBr00,brandon-allen-2,00-0032434,Brandon Allen,QB,2016,6,201,JAX,arkansas,73.0,217.0,4.84,28.0,110.0,,7.06,4.33,21128190244.0,49258339370.0,186155222853440.0,1132030.0,31058.0,8294256.0,-3290107.0,121.0,1.0,11.0,0.0,5.0,,19.0,0,0,0,False,skill_pass,False,True,False,False,5.6,0,1,True,79.08757930118138,69.0,5.695,28.6265715894164,-0.4259983182696639,-0.11100199404954207,1.1645816802334323,-1.7648407549476617,-1.0873058900213435,,0.14189211421046008,0.45365971022662094,-1.4914526775139987,-1.4112980433469657,0.3042027110943762,0.263098601930792,1,0,0,,,,False,0.42892615776787196,3779.1615639973206,36.448902054221136,False
WebbDa00,davis-webb-1,00-0033550,Davis Webb,QB,2017,3,87,NYG,california,77.0,229.0,4.79,33.0,118.0,,6.92,4.21,22621122382.0,36134541620.0,271825393004295.0,2024237.0,913012.0,2517233.0,,126.0,1.0,-10.0,0.0,1.0,1.0,2.0,0,0,0,False,skill_pass,False,True,False,False,45.13,0,0,True,87.00083570482033,75.5,5.5649999999999995,27.15247090571766,1.165697403861107,0.363231497819923,0.9077803829808229,-0.37514566843236774,0.014759808461828759,,-0.4642033405296057,-0.2844032603525513,-0.8516904472945017,-0.1304605849920861,-0.43429235818860185,-0.4545288145604653,1,0,0,,,,False,0.6260248883157135,7522.591426864626,2.2170979132804387,False
RichPa01,paul-richardson-1,00-0031257,Paul Richardson,WR,2014,2,45,SEA,colorado,72.0,175.0,4.4,38.0,124.0,,7.09,,1.0,2.0,75.0,1.0,0.0,621.0,7247.0,0.0,343983.0,5145551343.0,6510.0,14.0,11.0,64.0,0,0,3,False,skill_pass,False,True,False,False,69.23,0,0,True,93.38074585069323,81.0,,23.73167438271605,-0.8239222488023566,-1.7708192155926696,-1.0952697355895364,1.0145494180829262,0.8413090823242079,,0.27176971165476127,,-0.3358945049759026,0.9533249566928121,,-2.1198542555502313,0,1,0,0.999998591600917,14958.737330042473,0.01892535386923191,False,,,,False
CoopPh00,pharoh-cooper-1,00-0033111,Pharoh Cooper,WR,2016,4,117,LAR,south carolina,71.0,203.0,4.52,31.0,115.0,15.0,,,252.0,385.0,297811.0,121.0,0.0,202724.0,202200111.0,121.0,36966.0,541136973.0,198.0,6.0,3.0,75.0,1,1,0,False,skill_pass,False,True,False,False,31.05,0,0,True,97.26851696790115,73.0,,28.309660781590953,-1.2218461793350492,-0.6642744012305847,-0.4789466221832755,-0.9310237030384854,-0.3985148284693608,-0.5207514908791422,,,-0.021580271535405395,-0.6230903766670398,,0.10881885239069107,0,1,0,0.727983285978505,14638.775442298329,0.005356273332251258,False,,,,False
HogaKe00,kevin-hogan-2,00-0032784,Kevin Hogan,QB,2016,5,162,KAN,stanford,75.0,218.0,4.78,32.5,113.0,,6.9,4.31,109180232206.0,152295352304.0,1096263027922867.0,9201927.0,31088.0,55849185.0,263355295336.0,2256.0,1.0,11.0,1.0,2.0,,9.0,0,0,0,False,skill_pass,False,True,False,False,14.86,0,1,True,83.51700328845608,72.75,5.605,27.245155555555556,0.3698495427957216,-0.07148253639375332,0.856420123530302,-0.5141151770838972,-0.6740312530901539,,-0.5507884054924707,0.3306492151300895,-1.1333474899475409,-0.6723533558345351,-0.20706310610152778,-0.4094077135752363,1,0,0,,,,False,0.7168979916607239,7198.269752412359,295.9961078229542,False
AdamJo01,joe-adams-1,00-0029271,Joe Adams,WR,2012,4,104,CAR,arkansas,71.0,179.0,4.51,36.0,123.0,,7.09,,1.0,1.0,6.0,1.0,0.0,65610.0,463132139.0,101.0,31295054.0,377568813652.0,1763.0,0.0,0.0,9.0,0,0,0,False,skill_pass,False,True,False,False,36.83,0,0,True,86.53202341623916,79.5,,24.96270581233882,-1.2218461793350492,-1.6127413849695147,-0.5303068816337965,0.45867138347680864,0.7035508700138113,,0.27176971165476127,,-0.8895924663873086,0.6577470816878399,,-1.5205587567902081,0,1,0,0.9987748862386988,12064.807865549617,5.633478056947913e-05,False,,,,False
CousKi00,kirk-cousins-1,00-0029604,Kirk Cousins,QB,2012,4,102,WAS,michigan st.,75.0,214.0,4.84,28.5,109.0,,7.05,4.5,32198226267.0,43328338419.0,310268028253316.0,2192025.0,191010.0,3314037.0,,10.0,1.0,2.0,0.0,102.0,34.0,174.0,4,0,9,False,skill_pass,False,True,False,False,37.76,0,0,True,77.99420262881482,68.75,5.775,26.745244444444445,0.3698495427957216,-0.22956036701690832,1.1645816802334323,-1.6258712462961322,-1.22506410233174,,0.09859958172902764,1.4992489185471136,-1.5798487893929887,-1.4605610225144612,0.7586612152685142,-0.652776381068004,1,0,0,,,,False,0.7431216483686042,7160.856833532756,11.47596984451076,False
BrisJa00,jacoby-brissett-2,00-0033119,Jacoby Brissett,QB,2016,3,91,NWE,north carolina st.,76.0,231.0,4.94,31.0,113.0,,7.17,4.53,1823221237.0,3935370395.0,20624926062662.0,212320.0,4056.0,137124139.0,,2136.0,1.0,20.0,0.0,42.0,2.0,101.0,0,0,3,False,skill_pass,False,True,False,False,43.1,0,0,True,77.5772141722882,72.0,5.85,28.11513157894737,0.7677734733284143,0.4422704131315005,1.6781842747386557,-0.9310237030384854,-0.6740312530901539,,0.6181099715062286,1.683764661191908,-1.6135610124419704,-0.8201422933370213,1.1847160629317641,0.014117390903716791,1,0,0,,,,False,0.4632908859904151,5240.911017897211,52.34714003944773,False
HarrNK00,nkeal-harry-1,00-0035624,N'Keal Harry,WR,2019,1,32,NWE,arizona st.,74.0,228.0,4.53,38.5,122.0,27.0,,,110.0,211.0,46140.0,10.0,1.0,3137.0,696510.0,201.0,588273.0,65911421088.0,589.0,7.0,6.0,49.0,0,0,1,False,skill_pass,False,True,False,False,77.74,1,0,True,108.28593095867697,80.25,,29.27027027027027,-0.028074387736971164,0.32371204016413424,-0.42758636273274997,1.1535189267344557,0.5657926577034149,1.7841727835205472,,,0.8691434692938348,0.805536019190326,,0.5764664922304739,0,1,0,0.9999894327473402,112042.23394240429,0.0010012358207838877,False,,,,False
SavaTo00,tom-savage-1,00-0031064,Tom Savage,QB,2014,4,135,HOU,pittsburgh,76.0,228.0,4.97,27.0,105.0,,7.33,4.36,14943238.0,28583389.0,22115212958.0,14221.0,739.0,593276.0,,103.0,1.0,-2.0,0.0,3.0,3.0,13.0,0,0,1,False,skill_pass,False,True,False,False,23.87,0,0,True,74.7376241287249,66.0,5.845000000000001,27.75,0.7677734733284143,0.32371204016413424,1.8322650530902187,-2.0427797722507206,-1.776096951573326,,1.310790491209163,0.6381754528714153,-1.8431330579457315,-2.0024537933569104,1.1563124064208863,-0.16363738160063201,1,0,0,,,,False,0.5227944803885921,773.7085675180084,19.243572395128552,False
MeieKe00,kerry-meier-1,00-0027764,Kerry Meier,WR,2010,5,165,ATL,kansas,74.0,224.0,4.62,35.0,115.0,13.0,,4.23,1042532.0,1842933.0,11932757470.0,13310.0,10000.0,991522.0,,5100.0,12696102.0,52741038985.0,288.0,0.0,0.0,12.0,0,0,0,False,skill_pass,False,True,False,False,13.99,0,1,True,98.3354505078747,75.0,,28.756756756756758,-0.028074387736971164,0.1656342095409792,0.03465597232194799,0.18073236617374983,-0.3985148284693608,-0.9049055366124238,,-0.16139276525601987,0.06467799512654299,-0.22898654332707685,,0.3264758504030787,0,1,0,1.0,4154.112733577597,2.268412777402072e-05,False,,,,False
CarrDe02,derek-carr-1,00-0031280,Derek Carr,QB,2014,2,36,OAK,fresno st.,74.0,214.0,4.69,34.5,110.0,,,4.2,10279344453.0,14446511659.0,112354441045082.0,263750.0,978.0,1576640.0,721117.0,302.0,1.0,-1.0,0.0,93.0,80.0,169.0,4,0,11,False,skill_pass,False,True,False,False,75.07,0,0,True,88.46111277160757,72.25,,27.472972972972972,-0.028074387736971164,-0.22956036701690832,0.394177788475604,0.04176285752222043,-1.0873058900213435,,,-0.3459085079008143,-0.7336315767950471,-0.7708793141695259,,-0.29850075416541183,1,0,0,,,,False,0.7115450909975277,7777.271336993423,269.6830265848671,False
KerlJe00,jeremy-kerley-1,00-0028091,Jeremy Kerley,WR,2011,5,153,NYJ,texas christian,69.0,189.0,4.56,34.5,120.0,16.0,,,2012.0,2212.0,5404437.0,1.0,100.0,6251418.0,161435097.0,332.0,9114456.0,9795532575.0,210.0,23.0,19.0,99.0,0,0,4,False,skill_pass,False,True,False,False,17.63,0,1,True,87.4243534554421,77.25,,27.907372400756145,-2.0176940404004347,-1.2175468084116272,-0.273505584381187,0.04176285752222043,0.2902762330826218,-0.32867446801250144,,,-0.8174503510743502,0.21438026918038153,,-0.08702473863089333,0,1,0,0.9837867207850868,1074.724873870695,2.3040321879879612e-05,False,,,,False
BrazLa00,lavon-brazill-1,00-0029548,LaVon Brazill,WR,2012,6,206,IND,ohio,71.0,192.0,4.43,32.5,,11.0,,,2.0,3.0,54.0,1.0,0.0,91435.0,7586573.0,1.0,1634531272.0,201384702781150.0,16011.0,3.0,3.0,25.0,0,0,0,False,skill_pass,False,True,False,False,4.73,0,1,True,99.70485803872485,,,26.77563975401706,-1.2218461793350492,-1.098988435444261,-0.9411889572379735,-0.5141151770838972,,-1.2890595823457054,,,0.17539034555830607,,,-0.6379792184838873,0,1,0,0.9999999623279593,123206.39331344038,9.795468752585603e-06,False,,,,False
StewAr00,ardarius-stewart-1,00-0033916,ArDarius Stewart,WR,2017,3,79,NYJ,alabama,71.0,204.0,4.49,34.0,124.0,,,,2.0,2.0,36.0,0.0,0.0,58.0,1468.0,0.0,126354.0,149700864.0,48.0,1.0,1.0,15.0,0,0,0,False,skill_pass,False,True,False,False,49.32,0,0,True,100.38638127398183,79.0,,28.449117238643126,-1.2218461793350492,-0.6247549435747959,-0.6330274005348384,-0.09720665112930897,0.8413090823242079,,,,0.23048938477734446,0.5592211233528491,,0.1767095861065623,0,1,0,0.9999901938735329,1184.773446032575,0.00037988508476185953,False,,,,False
GodwTe00,terry-godwin-1,00-0035313,Terry Godwin,WR,2019,7,237,CAR,georgia,71.0,184.0,4.55,36.5,117.0,,6.96,,10.0,12.0,440.0,10.0,1.0,74.0,3714.0,10.0,35383822.0,379397639373.0,2063.0,0.0,,3.0,0,0,0,False,skill_pass,False,True,False,False,0.98,0,1,True,85.86224350896826,76.75,,25.659988097599683,-1.2218461793350492,-1.4151440966905708,-0.32486584383170797,0.597640892128338,-0.12299840384856776,,-0.2910332106038721,,-0.9437420939710662,0.11585431084539077,,-1.1811050882108536,0,1,0,0.9999999902107984,10722.347613352791,5.830348117848886e-05,False,,,,False
TaylTr02,trent-taylor-2,00-0033292,Trent Taylor,WR,2017,5,177,SFO,louisiana tech,68.0,181.0,4.63,33.0,117.0,13.0,6.74,4.01,0.0,1.0,0.0,0.0,0.0,,,,286499136.0,26083412821803.0,29912.0,7.0,6.0,80.0,0,0,0,False,skill_pass,False,False,False,False,10.77,0,1,True,78.7743097589823,75.0,5.375,27.517949826989618,-2.4156179709331274,-1.533702469657937,0.08601623177246896,-0.37514566843236774,-0.12299840384856776,-0.9049055366124238,-1.2434689251954052,-1.5145082113178383,-1.5167795481162152,-0.22898654332707685,-1.5136313056021757,-0.27660494751746756,0,1,0,1.0,91041.85508539544,0.00010440520141743116,False,,,,False
AyerDe00,demarcus-ayers-1,00-0032365,Demarcus Ayers,WR,2016,7,229,PIT,houston,69.0,182.0,4.72,33.0,123.0,,,,2.0,3.0,49.0,2.0,0.0,225.0,4147.0,1.0,113398.0,1303351222.0,126.0,0.0,0.0,2.0,0,0,0,False,skill_pass,False,True,False,False,1.68,0,1,True,73.33873068566663,78.0,,26.87376601554295,-2.0176940404004347,-1.4941830120021484,0.5482585668271669,-0.37514566843236774,0.7035508700138113,,,,-1.9562292529026948,0.3621692066828676,,-0.5902090109753464,0,1,0,0.9999968182123627,11493.59972839027,0.0011111307077726238,False,,,,False
RenfHu00,hunter-renfrow-1,00-0034983,Hunter Renfrow,WR,2019,5,149,OAK,clemson,70.0,184.0,4.59,35.0,116.0,7.0,6.8,4.19,1.0,2.0,2.0,0.0,0.0,,,,33446049.0,492495602544.0,5631.0,22.0,21.0,79.0,1,0,0,False,skill_pass,False,False,False,False,18.93,0,1,True,82.90812175650231,75.5,5.495,26.398367346938777,-1.619770109867742,-1.4151440966905708,-0.11942480602961951,0.18073236617374983,-0.2607566161589643,-2.0573676738122684,-0.9837137303068066,-0.40741375544907726,-1.182573672817475,-0.1304605849920861,-0.8319435493409688,-0.8216444360629855,0,1,0,1.0,14725.075674678345,0.000168360693366203,False,,,,False
CoopRi00,riley-cooper-1,00-0027758,Riley Cooper,WR,2010,5,159,PHI,florida,75.0,222.0,4.53,33.0,114.0,,,,0.0,1.0,0.0,0.0,0.0,1.0,14.0,0.0,481851.0,92182261961.0,3339.0,17.0,17.0,88.0,0,0,3,False,skill_pass,False,True,False,False,15.76,0,1,True,105.43630119660652,73.5,,27.745066666666666,0.3698495427957216,0.0865952942294017,-0.42758636273274997,-0.37514566843236774,-0.5362730407797573,,,,0.6387597436959015,-0.524564418332049,,-0.1660390460824687,0,1,0,0.9999999998481269,191308.6451226624,0.006929528007620613,False,,,,False
TreaLa00,laquon-treadwell-1,00-0032951,Laquon Treadwell,WR,2016,1,23,MIN,mississippi,74.0,221.0,4.52,33.0,117.0,12.0,,,13.0,43.0,19134.0,1.0,10.0,321.0,,0.0,724882.0,6086321153.0,5511.0,8.0,5.0,93.0,0,0,2,False,skill_pass,False,True,False,False,83.91,1,0,True,105.8933115758924,75.0,,28.37162162162162,-0.028074387736971164,0.047075836573612945,-0.4789466221832755,-0.37514566843236774,-0.12299840384856776,-1.0969825594790645,,,0.6757076150363194,-0.22898654332707685,,0.13898286903253101,0,1,0,1.0,8396.292297229067,0.007602616701752837,False,,,,False
CallAn00,antonio-callaway-1,00-0034772,Antonio Callaway,WR,2018,4,105,CLE,florida,71.0,200.0,4.41,34.0,121.0,,,,1.0,1.0,2.0,1.0,0.0,35.0,1932.0,1.0,3554.0,678721.0,43.0,5.0,5.0,25.0,0,0,1,False,skill_pass,False,True,False,False,36.37,0,0,True,105.75615031698236,77.5,,27.891291410434437,-1.2218461793350492,-0.7828327741979508,-1.0439094761390153,-0.09720665112930897,0.4280344453930183,,,,0.664618552781285,0.2636432483478769,,-0.09485334875692089,0,1,0,0.9971615492769443,190.97383230163197,0.012099043331457513,False,,,,False
GrifRo01,robert-griffin-iii-1,00-0029665,Robert Griffin III,QB,2012,1,2,WAS,baylor,74.0,223.0,4.33,39.0,120.0,,,,16045304291.0,26769454402.0,209148135014293.0,1542237.0,3086.0,17327149179.0,84377635699.0,132810.0,111.0,915.0,0.0,36.0,31.0,56.0,1,0,3,False,skill_pass,False,True,False,False,99.24,1,0,True,126.87710869962683,79.5,,28.62837837837838,-0.028074387736971164,0.12611475188519045,-1.4547915517431924,1.292488435385985,0.2902762330826218,,,,2.372182512548855,0.6577470816878399,,0.26397818994622946,1,0,0,,,,False,0.5993885437501193,7812.939773575181,499.75275437459493,False
PattCo00,cordarrelle-patterson-1,00-0030578,Cordarrelle Patterson,WR,2013,1,29,MIN,tennessee,74.0,216.0,4.42,37.0,128.0,,,,1.0,1.0,28.0,0.0,0.0,25.0,308.0,3.0,46.0,778.0,5.0,42.0,16.0,183.0,4,4,4,False,skill_pass,False,True,False,False,79.77,1,0,True,113.18651009250301,82.5,,27.72972972972973,-0.028074387736971164,-0.15052145170533082,-0.9925492166884944,0.7366104007798674,1.392341931565794,,,,1.265340088751526,1.2489028316977844,,-0.1735054332517134,0,1,0,0.716390423572744,16.91304347826087,0.10869565217391304,False,,,,False
WilsCe00,cedrick-wilson-1,00-0020452,Cedrick Wilson,WR,2001,6,169,SFO,tennessee,70.0,179.0,4.48,38.0,123.0,,,,22.0,23.0,8446.0,10.0,0.0,39.0,713.0,0.0,5683.0,11291511.0,117.0,22.0,11.0,100.0,0,0,2,False,skill_pass,False,True,False,False,12.87,0,1,True,88.8732312769256,80.5,,25.681020408163267,-1.619770109867742,-1.6127413849695147,-0.6843876599853594,1.0145494180829262,0.7035508700138113,,,,-0.7003130741927887,0.8547989983578214,,-1.1708660571463576,0,1,0,0.99993685920506,1986.8926623262362,0.02058771775470702,False,,,,False
PondCh00,christian-ponder-1,00-0027950,Christian Ponder,QB,2011,1,12,MIN,florida st.,74.0,229.0,4.63,34.0,116.0,,6.85,4.09,8177227184.0,18318330299.0,105200627172044.0,1141420.0,21378.0,511972100.0,51423179180.0,424.0,,,,22.0,22.0,38.0,0,0,3,False,skill_pass,False,True,False,False,91.78,1,0,True,99.66473444644723,75.0,5.47,29.39864864864865,-0.028074387736971164,0.363231497819923,0.08601623177246896,-0.09720665112930897,-0.2607566161589643,,-0.7672510678996406,-1.0224662309317234,0.17214647760172805,-0.22898654332707685,-0.9739618318953888,0.6389641526873231,1,0,0,,,,True,0.4463958805484797,5742.9157273022265,53.392272429600524,False
CookCo00,connor-cook-1,00-0032893,Connor Cook,QB,2016,4,100,OAK,michigan st.,76.0,217.0,4.79,33.0,113.0,,7.21,4.28,9223212229.0,17380365408.0,94275532143131.0,1222424.0,1687.0,4695152.0,-3768056.0,120.0,,,,0.0,0.0,1.0,0,0,0,False,skill_pass,False,True,False,False,38.71,0,0,True,82.4418399473625,73.0,5.745,26.411184210526315,0.7677734733284143,-0.11100199404954207,0.9077803829808229,-0.37514566843236774,-0.6740312530901539,,0.7912801014319621,0.14613347248530054,-1.2202711104979842,-0.6230903766670398,0.5882392762032111,-0.815404880783242,1,0,0,,,,True,0.5306684878302186,5424.254895109222,724.6141078838174,False
TeboTi00,tim-tebow-1,00-0027876,Tim Tebow,QB,2010,1,25,DEN,florida,75.0,236.0,4.71,38.5,115.0,,6.66,4.17,22234192213.0,33350298314.0,358328627462895.0,5323021.0,1645.0,89210176217.0,469895673910.0,8231214.0,,,,12.0,11.0,35.0,0,0,1,False,skill_pass,False,True,False,False,82.52,1,0,True,95.90878077302098,76.75,5.415,29.494755555555557,0.3698495427957216,0.6398677014104442,0.4968983073766459,1.1535189267344557,-0.3985148284693608,,-1.5898091850468725,-0.5304242505456087,-0.1315107244582601,0.11585431084539077,-1.2864020535151068,0.6857512901422196,1,0,0,,,,True,0.6666864567045384,10744.390472587573,3235.8790273556233,False
FoleNi00,nick-foles-1,00-0029567,Nick Foles,QB,2012,3,88,PHI,arizona,77.0,243.0,5.14,30.5,112.0,,,,5260286387.0,8409426560.0,57248631914334.0,192028.0,91014.0,273543.0,,310.0,1.0,-9.0,0.0,32.0,24.0,71.0,1,0,3,False,skill_pass,False,True,False,False,44.61,0,0,True,69.62797958018743,71.25,,28.812447292966773,1.165697403861107,0.9165039050009656,2.7053894637490936,-1.0699932116900148,-0.8117894654005504,,,,-2.2562319675802,-0.9679312308395074,,0.3535873334010567,1,0,0,,,,False,0.6255226024591146,6807.673686888586,2.109873206319907,False
LaslJo00,jordan-lasley-1,00-0034271,Jordan Lasley,WR,2018,5,162,BAL,ucla,73.0,203.0,4.5,34.5,112.0,8.0,,4.19,1.0,1.0,30.0,0.0,0.0,4.0,-6.0,0.0,34169.0,176201264.0,59.0,,,,0,0,0,False,skill_pass,True,True,False,False,14.86,0,1,True,99.00929736320683,73.25,,26.77969600300244,-0.4259983182696639,-0.6642744012305847,-0.5816671410843175,0.04176285752222043,-0.8117894654005504,-1.8652906509456277,,-0.40741375544907726,0.11915642284378891,-0.5738273974995445,,-0.6360045396086842,0,1,0,1.0,5156.757997014838,0.0017267113465421874,False,,,,False
DeckEr00,eric-decker-1,00-0027690,Eric Decker,WR,2010,3,87,DEN,minnesota,75.0,217.0,4.54,,,15.0,,,111.0,112.0,22207.0,11.0,0.0,1311.0,52287.0,1.0,26678450.0,3789091074758.0,3975.0,45.0,26.0,111.0,0,0,5,False,skill_pass,False,True,False,False,45.13,0,0,True,102.1565736265055,,,27.120177777777776,0.3698495427957216,-0.11100199404954207,-0.37622610328222894,,,-0.5207514908791422,,,0.3736039446502256,,,-0.4702498804484291,0,1,0,0.9999999862006486,142028.1566117222,0.0001489966620999346,False,,,,False
WentCa00,carson-wentz-1,00-0032950,Carson Wentz,QB,2016,1,2,PHI,north dakota st.,77.0,237.0,4.77,30.5,118.0,,6.86,4.15,18.0,28.0,204.0,0.0,0.0,8.0,38.0,0.0,,,,63.0,43.0,103.0,1,0,6,False,skill_pass,False,True,False,False,99.24,1,0,True,91.55979792710183,74.25,5.505000000000001,28.10102884128858,1.165697403861107,0.679387159066233,0.8050598640797764,-1.0699932116900148,0.014759808461828759,,-0.7239585354182042,-0.6534347456421347,-0.4831124953059872,-0.37677548082956297,-0.7751362363191977,0.0072518414175470215,1,0,0,,,,True,0.6428571428571429,7.285714285714286,10.0,False
BroyRy00,ryan-broyles-1,00-0029209,Ryan Broyles,WR,2012,2,54,DET,oklahoma,70.0,192.0,4.57,,,21.0,,,0.0,1.0,0.0,0.0,1.0,3111.0,11833.0,10.0,468913183.0,687112016221157.0,6151410.0,3.0,3.0,21.0,0,0,0,False,skill_pass,False,True,False,False,63.63,0,0,True,88.03724107151433,,,27.54612244897959,-1.619770109867742,-1.098988435444261,-0.22214532493066147,,,0.6317106463207024,,,-0.7679002887318777,,,-0.2628898423295905,0,1,0,0.9999999999827787,1465328.8521878836,0.013118441159288115,False,,,,False
FaleDa00,david-fales-1,00-0031076,David Fales,QB,2014,6,183,CHI,san jose st.,74.0,212.0,4.99,28.0,103.0,,7.55,4.5,327312.0,451487.0,41934189.0,3333.0,913.0,4248.0,-1397.0,2.0,,,,1.0,0.0,5.0,0,0,0,False,skill_pass,False,True,False,False,9.32,0,1,True,68.38544449251232,65.5,6.025,27.216216216216218,-0.028074387736971164,-0.3085992823284858,1.9349855719912652,-1.7648407549476617,-2.051613376194119,,2.263226205800696,1.4992489185471136,-2.356687074589175,-2.100979751691901,2.1788440408126943,-0.4234960750791086,1,0,0,,,,True,0.7249643954310977,92.88016930720043,3.6506024096385543,False
TaylTy00,tyrod-taylor-1,00-0028118,Tyrod Taylor,QB,2011,6,180,BAL,virginia tech,73.0,217.0,4.47,37.5,126.0,,6.78,4.09,7299136188.0,134173243315.0,927103623112743.0,521324.0,3755.0,102147106146.0,420738370659.0,6755.0,,,,50.0,1.0,100.0,1,0,3,False,skill_pass,False,True,False,False,10.04,0,1,True,108.7075322425963,81.75,5.4350000000000005,28.6265715894164,-0.4259983182696639,-0.11100199404954207,-0.7357479194358849,0.8755799094313969,1.116825506945001,,-1.0702987952696714,-1.0224662309317234,0.903228625126723,1.1011138941952983,-1.1727874274715697,0.263098601930792,1,0,0,,,,True,0.054400832890830086,6909.750410789218,138.834620505992,False
LyncPa00,paxton-lynch-1,00-0033108,Paxton Lynch,QB,2016,1,26,DEN,memphis,79.0,244.0,4.86,36.0,118.0,,7.14,4.26,203259296.0,349413443.0,205630313776.0,92228.0,1094.0,8811387.0,127321239.0,2132.0,,,,2.0,2.0,5.0,0,0,0,False,skill_pass,False,True,False,False,81.83,1,0,True,87.47314571916945,77.0,5.699999999999999,27.4846979650697,1.9615452649264924,0.9560233626567542,1.2673021991344788,0.45867138347680864,0.014759808461828759,,0.4882323740619274,0.023122977388769096,-0.8135056479246693,0.16511729001288614,0.33260636760525414,-0.2927927480028731,1,0,0,,,,True,0.5817157298095139,588.5014383261722,84.3034734917733,False
PettBr01,bryce-petty-1,00-0031568,Bryce Petty,QB,2015,4,103,NYJ,baylor,75.0,230.0,4.87,34.0,121.0,,6.91,4.13,37250270.0,410403428.0,439742003855.0,13229.0,37.0,4109484.0,1513209101.0,1146.0,,,,4.0,4.0,10.0,0,0,0,False,skill_pass,False,True,False,False,37.29,0,0,True,81.77903599586014,77.5,5.52,28.744888888888887,0.3698495427957216,0.4027509554757117,1.3186624585849998,-0.09720665112930897,0.4280344453930183,,-0.5074958730110382,-0.776445240738666,-1.2738567536999972,0.2636432483478769,-0.6899252667865539,0.3206982889030665,1,0,0,,,,True,0.09076500696285607,1071.4871608114345,357.5405405405405,False
WinsJa00,jameis-winston-1,00-0031503,Jameis Winston,QB,2015,1,1,TAM,florida st.,76.0,231.0,4.97,28.5,103.0,,7.16,4.36,257305.0,384467.0,40573907.0,4025.0,1018.0,8857.0,21965.0,43.0,,,,63.0,54.0,108.0,1,0,5,False,skill_pass,False,True,False,False,100.0,1,0,True,75.72101391989233,65.75,5.76,28.11513157894737,0.7677734733284143,0.4422704131315005,1.8322650530902187,-1.6258712462961322,-2.051613376194119,,0.5748174390247961,0.6381754528714153,-1.7636290441893914,-2.0517167725244057,0.6734502457358602,0.014117390903716791,1,0,0,,,,True,0.6692511971118458,105.53287278231942,3.9538310412573674,False
ReesTe00,tevin-reese-1,00-0031002,Tevin Reese,WR,2014,7,240,SDG,baylor,70.0,163.0,4.46,41.0,132.0,,6.63,4.18,0.0,1.0,0.0,0.0,0.0,254.0,1310221.0,0.0,45515338.0,401877957867.0,798.0,,,,0,0,0,False,skill_pass,True,True,False,False,0.77,0,1,True,82.3906947895119,86.5,5.404999999999999,23.385510204081633,-1.619770109867742,-2.245052707462135,-0.7871081788864059,1.8483664699921025,1.94337478080738,,-1.7196867824911737,-0.46891900299734574,-1.2244060378379324,2.0371104983777104,-1.3432093665368778,-2.288375244613149,0,1,0,0.9999967397646407,8829.50617365513,1.753255133467316e-05,False,,,,False
LeFeDa00,dan-lefevour-1,00-0027605,Dan LeFevour,QB,2010,6,181,CHI,central michigan,75.0,230.0,4.6,29.5,110.0,,6.93,4.22,247355251318.0,388543376456.0,3031365227843438.0,26272128.0,101367.0,132188168183.0,5211122592713.0,719615.0,111.0,23224.0,10.0,,,,0,0,0,False,skill_pass,True,True,False,False,9.8,0,1,True,102.73691131749818,69.75,5.574999999999999,28.744888888888887,0.3698495427957216,0.4027509554757117,-0.06806454657909854,-1.3479322289930735,-1.0873058900213435,,-0.42091080804817327,-0.2228980128042883,0.42052244653260806,-1.2635091058444796,-0.37748504516683584,0.3206982889030665,1,0,0,,,,False,0.6366219740359191,7801.870811679427,259.17831246855485,False
HopkDe00,deandre-hopkins-1,00-0030564,DeAndre Hopkins,WR,2013,1,27,HOU,clemson,73.0,214.0,4.57,36.0,115.0,15.0,,4.5,0.0,21.0,0.0,0.0,0.0,,,,517282.0,6269781405.0,4518.0,84.0,54.0,195.0,5,3,10,False,skill_pass,False,True,False,False,81.14,1,0,True,98.12484161095868,75.5,,28.23081253518484,-0.4259983182696639,-0.22956036701690832,-0.22214532493066147,0.45867138347680864,-0.3985148284693608,-0.5207514908791422,,1.4992489185471136,0.047650919202010006,-0.1304605849920861,,0.07043364302947652,0,1,0,1.0,12120.625509876625,0.008734114080907513,False,,,,False
DossTa00,tandon-doss-1,00-0028061,Tandon Doss,WR,2011,4,123,BAL,indiana,74.0,201.0,4.62,,,14.0,,,0.0,1.0,0.0,0.0,0.0,1428.0,127163.0,11.0,147763.0,186962706.0,157.0,4.0,4.0,35.0,0,0,0,False,skill_pass,False,True,False,False,28.55,0,0,True,88.23850692894113,,,25.804054054054053,-0.028074387736971164,-0.7433133165421622,0.03465597232194799,,,-0.712828513745783,,,-0.7516285685642865,,,-1.1109703401044484,0,1,0,0.9993203106043118,1265.2876971907717,0.0010625122662642204,False,,,,False
GillCr00,crockett-gillmore-1,00-0030992,Crockett Gillmore,TE,2014,3,99,BAL,colorado st.,78.0,260.0,4.89,33.5,120.0,,7.42,4.44,1.0,1.0,27.0,1.0,0.0,,,,451947.0,468263577.0,422.0,4.0,4.0,32.0,0,0,1,False,skill_pass,False,True,False,False,39.18,0,0,True,90.94271325534348,76.75,5.93,30.042735042735043,1.5636213343937997,1.5883346851493743,1.4213829774860418,-0.23617615978083836,0.2902762330826218,,1.7004232835420627,1.13021743325753,-0.5330018765797752,0.11585431084539077,1.6391745671059021,0.952520791047753,0,0,1,1.0,1036.1028549807831,0.0009337378055391451,False,,,,False
DuprMa01,malachi-dupre-1,00-0033305,Malachi Dupre,WR,2017,7,247,GNB,louisiana state,74.0,196.0,4.52,39.5,135.0,11.0,7.19,4.26,0.0,1.0,0.0,0.0,0.0,,,,144341.0,318698593.0,563.0,0.0,,1.0,0,0,0,False,skill_pass,False,False,False,False,0.37,0,1,True,93.91443017590457,87.25,5.725,25.16216216216216,-0.028074387736971164,-0.9409106048211059,-0.4789466221832755,1.4314579440375144,2.3566494177385695,-1.2890595823457054,0.7046950364690973,0.023122977388769096,-0.2927477829799636,2.1848994358801965,0.47462465015967414,-1.4234586423886928,0,1,0,1.0,2207.956110876328,0.0039004856554963594,False,,,,False
DarnSa00,sam-darnold-1,00-0034869,Sam Darnold,QB,2018,1,3,NYJ,southern california,75.0,221.0,4.85,26.5,105.0,,6.96,4.4,246303.0,366480.0,30864143.0,3126.0,913.0,6275.0,25082.0,25.0,,,,49.0,14.0,100.0,2,0,5,False,skill_pass,False,True,False,False,98.48,1,0,True,79.88317447195807,65.75,5.68,27.62008888888889,0.3698495427957216,0.047075836573612945,1.2159419396839533,-2.18174928090225,-1.776096951573326,,-0.2910332106038721,0.8841964430644728,-1.4271312762039268,-2.0517167725244057,0.2189917415617222,-0.22688121295565974,1,0,0,,,,True,0.6720776031434185,84.21780997598778,3.4238773274917853,False
WennKe00,keith-wenning-1,00-0030998,Keith Wenning,QB,2014,6,194,BAL,ball st.,75.0,218.0,5.0,28.0,100.0,,7.07,4.25,128251301319.0,235397460498.0,1373247830954148.0,14172435.0,149107.0,32535645.0,-317610544.0,2335.0,2.0,29.0,1.0,,,,0,0,0,False,skill_pass,True,True,False,False,6.94,0,1,True,69.76,64.0,5.66,27.245155555555556,0.3698495427957216,-0.07148253639375332,1.9863458314417863,-1.7648407549476617,-2.4648880131253086,,0.18518464669189638,-0.038382270159493886,-2.2455585262173035,-2.396557626696873,0.1053771155181902,-0.4094077135752363,1,0,0,,,,False,0.5448287379467701,5833.741060965334,95.04875693294078,False
PikeTo00,tony-pike-1,00-0027801,Tony Pike,QB,2010,6,204,CAR,cincinnati,78.0,223.0,4.9,28.5,108.0,,7.06,4.53,11199211.0,20324338.0,9124072520.0,11929.0,3116.0,75631.0,75476.0,12.0,,,,0.0,0.0,1.0,0,0,0,False,skill_pass,False,True,False,False,5.07,0,1,True,77.3660703986139,68.25,5.795,25.76742274819198,1.5636213343937997,0.12611475188519045,1.4727432369365674,-1.6258712462961322,-1.3628223146421365,,0.14189211421046008,1.683764661191908,-1.6306313314930136,-1.5590869808494519,0.8722758413120462,-1.1288033346069277,1,0,0,,,,True,0.5510246385392725,448.92347883606345,3.828305519897304,False
JennGa00,gary-jennings-1,00-0035589,Gary Jennings Jr,WR,2019,4,120,SEA,west virginia,73.0,214.0,4.42,37.0,127.0,20.0,7.32,4.15,0.0,1.0,0.0,0.0,0.0,,,,7109754.0,1161651096917.0,12113.0,0.0,,1.0,0,0,0,False,skill_pass,False,False,False,False,29.79,0,0,True,112.13848685090576,82.0,5.735,28.23081253518484,-0.4259983182696639,-0.22956036701690832,-0.9925492166884944,0.7366104007798674,1.2545837192553975,0.43963362345406165,1.2674979587277306,-0.6534347456421347,1.1806106610461635,1.1503768733627937,0.5314319631814453,0.07043364302947652,0,1,0,1.0,163388.3671526469,0.001703715768506196,False,,,,False
ReedJo02,jordan-reed-1,00-0030472,Jordan Reed,TE,2013,3,85,WAS,florida,74.0,236.0,4.72,,,16.0,,,260.0,461.0,2520.0,30.0,10.0,77.0,328.0,5.0,62845.0,79307559.0,123.0,25.0,24.0,75.0,1,0,3,False,skill_pass,False,True,False,False,46.16,0,0,True,95.09857385613915,,,30.2972972972973,-0.028074387736971164,0.6398677014104442,0.5482585668271669,,,-0.32867446801250144,,,-0.1970134401095838,,,1.076447775885266,0,0,1,0.9999958642196582,1261.9549526613096,0.001957196276553425,False,,,,False
McSoTr00,trace-mcsorley-1,00-0035146,Trace McSorley,QB,2019,6,197,BAL,penn st.,72.0,202.0,4.57,33.0,115.0,,7.09,4.12,20224284192.0,40387427361.0,185361435702513.0,2292818.0,8107.0,13146144169.0,43365491799.0,71112.0,,,,1.0,0.0,9.0,0,0,0,False,skill_pass,False,True,False,False,6.35,0,1,True,92.62251404398903,74.0,5.605,27.393132716049383,-0.8239222488023566,-0.7037938588863734,-0.22214532493066147,-0.37514566843236774,-0.3985148284693608,,0.27176971165476127,-0.8379504882869291,-0.3971951942164748,-0.4260384599970583,-0.20706310610152778,-0.3373688979371861,1,0,0,,,,True,0.5007569313892353,4589.582645254269,282.81953867028494,False
ManzJo00,johnny-manziel-1,00-0031409,Johnny Manziel,QB,2014,1,22,CLE,texas a&m,72.0,207.0,4.68,31.5,113.0,,6.75,4.03,295300.0,434429.0,37064114.0,2637.0,913.0,201144.0,1410759.0,219.0,,,,4.0,4.0,14.0,0,0,0,False,skill_pass,False,True,False,False,84.61,1,0,True,86.30121873770622,72.25,5.390000000000001,28.071180555555557,-0.8239222488023566,-0.5061965706074296,0.34281752902507845,-0.7920541943869559,-0.6740312530901539,,-1.2001763927139728,-1.391497716221307,-0.9082523086003602,-0.7708793141695259,-1.4284203360695218,-0.0072790168977324736,1,0,0,,,,True,0.6797428348475816,85.31685039442578,2.888280394304491,False
WatsDe00,deshaun-watson-1,00-0033537,Deshaun Watson,QB,2017,1,12,HOU,clemson,74.0,221.0,4.66,32.5,119.0,,6.95,4.31,93333387.0,137491578.0,146641044593.0,143541.0,21317.0,63207165.0,2001105629.0,5129.0,,,,58.0,52.0,73.0,3,0,4,False,skill_pass,False,True,False,False,91.78,1,0,True,93.72999688415025,75.75,5.63,28.37162162162162,-0.028074387736971164,0.047075836573612945,0.24009701012403648,-0.5141151770838972,0.1525180207722253,,-0.33432574308530455,0.3306492151300895,-0.3076586424341329,-0.08119760582459072,-0.0650448235471128,0.13898286903253101,1,0,0,,,,True,0.6788298480362194,1066.5456512034505,6.733639817985646,False
RobiZa00,zac-robinson-1,00-0027841,Zac Robinson,QB,2010,7,250,NWE,oklahoma st.,74.0,214.0,4.68,35.0,110.0,,7.24,4.4,25201204180.0,51333314301.0,345282430642084.0,3232515.0,91012.0,29141146111.0,144843562305.0,1984.0,1.0,21.0,0.0,,,,0,0,0,False,skill_pass,True,True,False,False,0.25,0,1,True,89.21961743898132,72.5,5.82,27.472972972972972,-0.028074387736971164,-0.22956036701690832,0.34281752902507845,0.18073236617374983,-1.0873058900213435,,0.9211576988762634,0.8841964430644728,-0.6723088276158631,-0.7216163350020306,1.0142941238664662,-0.29850075416541183,1,0,0,,,,False,0.49093273097913076,6726.283610239398,35.51745923614468,False
BoycJo00,josh-boyce-1,00-0030474,Josh Boyce,WR,2013,4,102,NWE,texas christian,71.0,206.0,4.38,34.0,131.0,22.0,6.68,4.1,,,,,,13.0,16.0,1.0,346166.0,646998891.0,697.0,1.0,1.0,10.0,0,0,0,False,skill_pass,False,False,False,False,37.76,0,0,True,111.94398785752304,82.5,5.39,28.728030152747472,-1.2218461793350492,-0.5457160282632184,-1.197990254490583,-0.09720665112930897,1.8056165684969836,0.8237876691873433,-1.5032241200840075,-0.9609609833834605,1.164886020843079,1.2489028316977844,-1.428420336069527,0.31249105353830475,0,1,0,0.9999999752704374,1869.0422831820572,0.0020134848598649204,False,,,,True
JoneLa02,landry-jones-1,00-0030524,Landry Jones,QB,2013,4,115,PIT,oklahoma,76.0,225.0,5.11,31.0,115.0,,7.12,4.3,261405355367.0,449617562555.0,3198471844634267.0,26382930.0,14121511.0,35513214.0,,120.0,,,,4.0,4.0,18.0,0,0,0,False,skill_pass,False,True,False,False,31.91,0,0,True,65.9977170904795,73.0,5.71,27.38486842105263,0.7677734733284143,0.20515366719676795,2.551308685397531,-0.9310237030384854,-0.3985148284693608,,0.4016473090990625,0.2691439675818265,-2.549727427379748,-0.6230903766670398,0.3894136806270252,-0.3413921541049808,1,0,0,,,,True,0.5813948945444569,7113.76091818702,1.8682795346758574,False
RidlRi00,riley-ridley-1,00-0035590,Riley Ridley,WR,2019,4,126,CHI,georgia,73.0,199.0,4.58,30.5,124.0,13.0,7.22,4.28,,,,,,31.0,415.0,0.0,121444.0,238218570.0,229.0,1.0,1.0,10.0,0,0,0,False,skill_pass,False,False,False,False,27.34,0,0,True,90.45262190553393,77.25,5.75,26.25201726402702,-0.4259983182696639,-0.8223522318537396,-0.1707850654801405,-1.0699932116900148,0.8413090823242079,-0.9049055366124238,0.8345726339133946,0.14613347248530054,-0.5726242417569296,0.21438026918038153,0.6166429327140942,-0.892891151477106,0,1,0,0.999998257905431,1961.5507559039556,0.0018856427653898093,False,,,,True
LittGr00,greg-little-1,00-0027997,Greg Little,WR,2011,2,59,CLE,north carolina,74.0,231.0,4.51,40.5,129.0,27.0,6.8,4.21,,,,,,597829.0,300339166.0,231.0,131162.0,99146724.0,105.0,12.0,12.0,54.0,0,0,3,False,skill_pass,False,False,False,False,60.63,0,0,True,111.66981792821925,84.75,5.505,29.655405405405407,-0.028074387736971164,0.4422704131315005,-0.5303068816337965,1.7093969613405733,1.5301001438761905,1.7841727835205472,-0.9837137303068066,-0.2844032603525513,1.1427202326411627,1.6922696442052427,-0.7751362363192028,0.7639594736010216,0,1,0,0.2481857970002395,755.9104313749409,0.0008005367408243241,False,,,,True
SmitTo02,torrey-smith-1,00-0027996,Torrey Smith,WR,2011,2,58,BAL,maryland,73.0,204.0,4.41,41.0,126.0,19.0,6.72,4.13,,,,,,1119.0,597.0,10.0,246167.0,3368241055.0,2512.0,37.0,28.0,119.0,0,0,7,False,skill_pass,False,False,False,False,61.22,0,0,True,107.871273323322,83.5,5.425,26.911615687746295,-0.4259983182696639,-0.6247549435747959,-1.0439094761390153,1.8483664699921025,1.116825506945001,0.24755660058742088,-1.330053990158274,-0.776445240738666,0.835619685905463,1.445954748367766,-1.2295947404933407,-0.5717828866415778,0,1,0,0.999999822756185,13682.748114085154,0.010204454699451998,False,,,,True
McKeIs00,isaiah-mckenzie-1,00-0033466,Isaiah McKenzie,WR,2017,5,172,DEN,georgia,67.0,173.0,4.42,36.0,123.0,11.0,6.64,4.15,,,,,,71119.0,78117134.0,22.0,61044.0,67123633.0,7.0,15.0,0.0,93.0,0,0,2,False,skill_pass,False,False,False,False,12.06,0,1,True,90.65401039816214,79.5,5.395,27.092670973490755,-2.81354190146582,-1.8498581309042472,-0.9925492166884944,0.45867138347680864,0.7035508700138113,-1.2890595823457054,-1.676394250009741,-0.6534347456421347,-0.556342606913767,0.6577470816878399,-1.4000166795586437,-0.4836408496778146,0,1,0,0.4621542173486319,1099.5942762597472,0.00011467138457506061,False,,,,True
MaloJo00,josh-malone-1,00-0033859,Josh Malone,WR,2017,4,128,CIN,tennessee,75.0,208.0,4.4,30.5,121.0,10.0,7.05,4.19,,,,,,2.0,11.0,0.0,233150.0,231405972.0,1211.0,1.0,1.0,26.0,0,0,1,False,skill_pass,False,False,False,False,26.55,0,0,True,110.98968649682396,75.75,5.62,25.99537777777778,0.3698495427957216,-0.4666771129516409,-1.0952697355895364,-1.0699932116900148,0.4280344453930183,-1.481136605212346,0.09859958172902764,-0.40741375544907726,1.0877337164464227,-0.08119760582459072,-0.12185213656887879,-1.0178293823071554,0,1,0,0.9999999524644961,992.5197169204375,0.005194081063692901,False,,,,True
DougBr00,brandon-doughty-1,00-0032446,Brandon Doughty,QB,2016,7,223,MIA,western kentucky,75.0,213.0,5.22,27.0,103.0,,7.49,4.52,131246375388.0,223374552540.0,1067285748305055.0,144948.0,1014109.0,2343927.0,,21.0,1.0,7.0,1.0,,,,0,0,0,False,skill_pass,True,True,False,False,2.33,0,1,True,57.37564583376492,65.0,6.005,26.620266666666666,0.3698495427957216,-0.2690798246726971,3.1162715393532707,-2.0427797722507206,-2.051613376194119,,2.0034710109120977,1.6222594136436395,-3.246795139449654,-2.1995057100268918,2.0652294147691572,-0.7136185479411966,1,0,0,,,,False,0.5875618950126269,4778.009563618195,0.1429313811434471,False
BurbAa00,aaron-burbridge-1,00-0032441,Aaron Burbridge,WR,2016,6,213,SFO,michigan st.,72.0,206.0,4.56,30.5,115.0,20.0,7.22,4.31,,,,,,1489.0,4623944.0,0.0,29222985.0,3641943581258.0,2017.0,1.0,1.0,16.0,0,0,0,False,skill_pass,False,False,False,False,3.64,0,1,True,95.28791963926494,72.75,5.765,27.93557098765432,-0.8239222488023566,-0.5457160282632184,-0.273505584381187,-1.0699932116900148,-0.3985148284693608,0.43963362345406165,0.8345726339133946,0.3306492151300895,-0.18170542096849976,-0.6723533558345351,0.7018539022467432,-0.07329699310562458,0,1,0,0.9999987303652498,124625.99495766775,6.902101205609214e-05,False,,,,True
GollKe00,kenny-golladay-1,00-0033932,Kenny Golladay,WR,2017,3,96,DET,northern illinois,76.0,218.0,4.5,35.5,120.0,18.0,7.0,4.15,,,,,,920.0,14192.0,12.0,37388.0,4711291164.0,108.0,27.0,23.0,73.0,1,0,4,False,skill_pass,False,False,False,False,40.63,0,0,True,106.32525529644872,77.75,5.575,26.532894736842106,0.7677734733284143,-0.07148253639375332,-0.5816671410843175,0.31970187482527923,0.2902762330826218,0.05547957772078011,-0.11786308067813844,-0.6534347456421347,0.7106289247850268,0.3129062275153723,-0.3774850451668308,-0.7561532899484584,0,1,0,0.9999969876713718,126010.78324596127,0.002888627367069648,False,,,,True
WheaMa00,markus-wheaton-1,00-0030460,Markus Wheaton,WR,2013,3,79,PIT,oregon st.,71.0,189.0,4.45,37.0,120.0,20.0,6.8,4.02,,,,,,11272520.0,79220190142.0,1202.0,8557391.0,896759861244.0,4111.0,13.0,13.0,59.0,0,0,2,False,skill_pass,False,False,False,False,49.32,0,0,True,96.39438922814374,78.5,5.41,26.357270382860545,-1.2218461793350492,-1.2175468084116272,-0.8384684383369269,0.7366104007798674,0.2902762330826218,0.43963362345406165,-0.9837137303068066,-1.4530029637695754,-0.0922507874088407,0.4606951650178584,-1.3148057100259898,-0.8416514196314993,0,1,0,0.9188301133517037,104793.60604698324,0.00048040343137295,False,,,,True
AlleKe00,keenan-allen-1,00-0030279,Keenan Allen,WR,2013,3,76,SDG,california,74.0,206.0,4.58,,,,,,111.0,111.0,17278.0,100.0,0.0,1893.0,1365539.0,101.0,469861.0,4901343737.0,566.0,80.0,77.0,171.0,6,0,11,False,skill_pass,False,True,False,False,50.94,0,0,True,93.63437242482406,,,26.445945945945947,-0.028074387736971164,-0.5457160282632184,-0.1707850654801405,,,,,,-0.3153895833062021,,,-0.7984820378202022,0,1,0,0.9997214725729946,10431.475983322727,0.0012046115766152117,False,,,,False
WillTe01,terrance-williams-2,00-0030542,Terrance Williams,WR,2013,3,74,DAL,baylor,74.0,208.0,4.52,32.5,119.0,11.0,7.01,4.32,,,,,,12.0,314.0,0.0,3435997.0,614849571832.0,41112.0,27.0,27.0,83.0,0,0,4,False,skill_pass,False,False,False,False,52.04,0,0,True,99.66429324789873,75.75,5.665,26.7027027027027,-0.028074387736971164,-0.4666771129516409,-0.4789466221832755,-0.5141151770838972,0.1525180207722253,-1.2890595823457054,-0.074570548196706,0.3921544626783579,0.17211080806785214,-0.08119760582459072,0.1337807720290732,-0.6734867169065054,0,1,0,0.999999999489306,178943.57062360647,0.011965086116198589,False,,,,True
GlenMi00,mike-glennon-1,00-0030520,Mike Glennon,QB,2013,3,73,TAM,north carolina st.,79.0,225.0,4.94,26.5,102.0,,7.49,4.52,249283330.0,3913453564.0,2487830544031.0,103131.0,201217.0,315256.0,,12.0,,,,9.0,11.0,40.0,0,0,1,False,skill_pass,False,True,False,False,52.59,0,0,True,75.5622215963846,64.25,6.005,25.34449607434706,1.9615452649264924,0.20515366719676795,1.6781842747386557,-2.18174928090225,-2.1893715885045157,,2.0034710109120977,1.6222594136436395,-1.7764669109091302,-2.347294647529378,2.0652294147691572,-1.3346941395382663,1,0,0,,,,True,0.06369906424677331,635.7122943572507,0.5125362171188319,False
BailSt01,stedman-bailey-1,00-0030532,Stedman Bailey,WR,2013,3,92,STL,west virginia,70.0,193.0,4.52,34.5,117.0,11.0,6.81,4.09,,,,,,2.0,13.0,0.0,2472114.0,31712791622.0,41225.0,7.0,7.0,38.0,0,0,0,False,skill_pass,False,False,False,False,42.6,0,0,True,92.47696440790602,75.75,5.449999999999999,27.689591836734692,-1.619770109867742,-1.0594689777884723,-0.4789466221832755,0.04176285752222043,-0.12299840384856776,-1.2890595823457054,-0.9404211978253741,-1.0224662309317234,-0.4089624307419182,-0.08119760582459072,-1.0875764579389258,-0.1930455181129168,0,1,0,0.9999999995900708,12828.207607739772,0.01667601089593765,False,,,,True
MinsGa00,gardner-minshew-1,00-0035289,Gardner Minshew II,QB,2019,6,178,JAX,washington st.,73.0,225.0,4.97,33.5,116.0,,7.14,4.45,119174468.0,202304662.0,134721404776.0,81638.0,479.0,201858.0,,4.0,,,,32.0,16.0,63.0,1,0,4,False,skill_pass,False,True,False,False,10.53,0,1,True,73.75423433755746,74.75,5.795,29.681929067367236,-0.4259983182696639,0.20515366719676795,1.8322650530902187,-0.23617615978083836,-0.2607566161589643,,0.4882323740619274,1.191722680805793,-1.9226370717020727,-0.2782495224945722,0.8722758413120462,0.7768718256676355,1,0,0,,,,True,0.5890841408291422,665.9332683890399,170.43423799582465,False
JohnKe07,keesean-johnson-1,00-0035287,KeeSean Johnson,WR,2019,6,174,ARI,fresno st.,73.0,201.0,4.6,30.0,117.0,14.0,7.28,4.23,,,,,,314.0,13014.0,0.0,37667795.0,33777310131340.0,2688.0,4.0,4.0,18.0,0,0,0,False,skill_pass,False,False,False,False,11.54,0,1,True,89.78312684703103,73.5,5.755000000000001,26.51585663351473,-0.4259983182696639,-0.7433133165421622,-0.06806454657909854,-1.208962720341544,-0.12299840384856776,-0.712828513745783,1.094327828801997,-0.16139276525601987,-0.6267508402015075,-0.524564418332049,0.6450465892249823,-0.764447845542895,0,1,0,0.9999999996147118,896715.885050877,7.136069419513407e-05,False,,,,True
WoodRo02,robert-woods-1,00-0030431,Robert Woods,WR,2013,2,41,BUF,southern california,72.0,201.0,4.51,33.5,117.0,14.0,7.15,4.47,,,,,,671.0,501676.0,0.0,6511176.0,7921292846.0,61511.0,59.0,15.0,171.0,0,0,10,False,skill_pass,False,False,False,False,71.8,0,0,True,97.16724417130766,75.25,5.8100000000000005,27.25752314814815,-0.8239222488023566,-0.7433133165421622,-0.5303068816337965,-0.23617615978083836,-0.12299840384856776,-0.712828513745783,0.5315249065433636,1.314733175902319,-0.029767862952185888,-0.17972356415958146,0.9574868108447002,-0.40338687414507646,0,1,0,0.999936671419764,1216.5686883598294,0.009446987763807951,False,,,,True
KelcTr00,travis-kelce-1,00-0030506,Travis Kelce,TE,2013,3,63,KAN,cincinnati,77.0,255.0,4.63,,,,,,1.0,1.0,39.0,1.0,0.0,8.0,47.0,2.0,11345.0,3150722.0,28.0,94.0,94.0,192.0,11,4,11,False,skill_pass,False,True,False,False,58.27,0,0,True,110.98038115215739,,,30.235284196323157,1.165697403861107,1.3907373968704306,0.08601623177246896,,,,,,1.0869814081989468,,,1.046258317368076,0,0,1,0.99998508300672,277.7189951520494,0.0024680475980608197,False,,,,False
ListKo00,kolby-listenbee-1,00-0032957,Kolby Listenbee,WR,2016,6,192,BUF,texas christian,72.0,197.0,4.39,35.5,129.0,15.0,,,1.0,1.0,31.0,1.0,0.0,21.0,1911.0,0.0,124130.0,5923753597.0,45.0,,,,0,0,0,False,skill_pass,True,True,False,False,7.34,0,1,True,106.08113087188407,82.25,,26.71508487654321,-0.8239222488023566,-0.9013911471653171,-1.1466299950400618,0.31970187482527923,1.5301001438761905,-0.5207514908791422,,,0.6908922224283701,1.199639852530289,,-0.6674587789766397,0,1,0,0.9999996774005954,47722.175114799,0.0003625231612019657,False,,,,False
DrisJe00,jeff-driskel-1,00-0032436,Jeff Driskel,QB,2016,6,207,SFO,louisiana tech,76.0,234.0,4.56,32.0,122.0,,7.19,4.25,1615642114281.0,3424561212450.0,1.4816464771140403e+17,122927.0,253108.0,16118176992.0,1840838180323.0,4145.0,,,,7.0,,25.0,0,0,0,False,skill_pass,False,True,False,False,4.57,0,1,True,108.23967570673784,77.0,5.720000000000001,28.480263157894736,0.7677734733284143,0.5608287860988668,-0.273505584381187,-0.6530846857354266,0.5657926577034149,,0.7046950364690973,-0.038382270159493886,0.8654038756764293,0.16511729001288614,0.4462209936487962,0.19187216340806387,1,0,0,,,,True,0.471780766659194,43265.29400985771,0.4856701487112221,False
CameJo00,jordan-cameron-1,00-0028040,Jordan Cameron,TE,2011,4,102,CLE,southern california,77.0,254.0,4.53,37.5,119.0,23.0,6.82,4.03,,,,,,1.0,6.0,0.0,16.0,126.0,1.0,13.0,10.0,66.0,1,0,4,False,skill_pass,False,False,False,False,37.76,0,0,True,120.63432659431557,78.25,5.425000000000001,30.11671445437679,1.165697403861107,1.3512179392146417,-0.42758636273274997,0.8755799094313969,0.1525180207722253,1.015864692053984,-0.8971286653439379,-1.391497716221307,1.8674729468848779,0.411432185850363,-1.2295947404933358,0.9885357353708237,0,0,1,0.9545454545454546,7.875,0.0625,False,,,,True
DickDo00,dorin-dickerson-1,00-0027819,Dorin Dickerson,WR,2010,7,227,HOU,pittsburgh,73.0,226.0,4.4,43.5,125.0,24.0,6.96,4.3,,,,,,32.0,2525.0,10.0,11349.0,5174529.0,210.0,1.0,0.0,23.0,0,0,0,False,skill_pass,False,False,False,False,1.89,0,1,True,120.59456321289527,84.25,5.63,29.81384875211109,-0.4259983182696639,0.2446731248525567,-1.0952697355895364,2.5432140132497496,0.9790672946346044,1.2079417149206249,-0.2910332106038721,0.2691439675818265,1.8642582008585995,1.593743685870252,-0.0650448235471128,0.8410934786347418,0,1,0,0.9995122708783799,455.9458102035422,0.018503832936822628,False,,,,True
ChesJe00,jehu-chesson-1,00-0033464,Jehu Chesson,WR,2017,4,139,KAN,michigan,75.0,204.0,4.47,35.5,132.0,10.0,6.7,4.09,,,,,,2812.0,115563.0,21.0,15145035.0,221154764500.0,1092.0,0.0,0.0,24.0,0,0,0,False,skill_pass,False,False,False,False,22.4,0,0,True,102.19509943543615,83.75,5.395,25.495466666666665,0.3698495427957216,-0.6247549435747959,-0.7357479194358849,0.31970187482527923,1.94337478080738,-1.481136605212346,-1.4166390551211387,-1.0224662309317234,0.37671863678014883,1.4952177275352612,-1.4000166795586437,-1.2611980497999247,0,1,0,0.9999994774567038,14602.459783024602,7.210283766263993e-05,False,,,,True
RoseJo01,josh-rosen-1,00-0034343,Josh Rosen,QB,2018,1,10,ARI,ucla,76.0,226.0,4.92,31.0,111.0,,7.09,4.28,292137282.0,487231451.0,367019153717.0,231026.0,11510.0,372250.0,,222.0,,,,3.0,2.0,24.0,0,0,1,False,skill_pass,False,True,False,False,93.25,1,0,True,77.13971389007365,71.0,5.6850000000000005,27.50657894736842,0.7677734733284143,0.2446731248525567,1.5754637558376092,-0.9310237030384854,-0.949547677710947,,0.27176971165476127,0.14613347248530054,-1.648931552962119,-1.0171942100070028,0.2473953980726102,-0.2821405632701973,1,0,0,,,,True,0.5995862570045791,753.2747587696263,20.071763683753257,False
GibsSh00,shelton-gibson-1,00-0033573,Shelton Gibson,WR,2017,5,166,PHI,west virginia,71.0,191.0,4.5,32.0,118.0,8.0,6.83,4.2,,,,,,2.0,29.0,0.0,43743.0,60887951.0,98.0,0.0,0.0,20.0,0,0,0,False,skill_pass,False,False,False,False,13.71,0,1,True,93.15653101661331,75.0,5.515000000000001,26.636183296964887,-1.2218461793350492,-1.1385078931000496,-0.5816671410843175,-0.6530846857354266,0.014759808461828759,-1.8652906509456277,-0.8538361328625055,-0.3459085079008143,-0.35402157870920137,-0.22898654332707685,-0.7183289232974318,-0.7058699521997586,0,1,0,0.9999995237155183,1391.947305854651,0.0022403584573531766,False,,,,True
DaviRo00,robert-davis-10,00-0033530,Robert Davis,WR,2017,6,209,WAS,georgia st.,75.0,219.0,4.44,41.0,136.0,19.0,6.82,4.28,,,,,,1.0,3.0,0.0,44506167.0,711732980968.0,4265.0,0.0,0.0,7.0,0,0,0,False,skill_pass,False,False,False,False,4.25,0,1,True,112.70475260762112,88.5,5.550000000000001,27.37013333333333,0.3698495427957216,-0.03196307873796456,-0.8898286977874479,1.8483664699921025,2.494407630048966,0.24755660058742088,-0.8971286653439379,0.14613347248530054,1.226391490698865,2.431214331717673,-0.5195033277212457,-0.34856554670204526,0,1,0,0.9999999999957849,15991.78336269668,9.582941617956002e-05,False,,,,True
PeakCh00,charone-peake-1,00-0032959,Charone Peake,WR,2016,7,241,NYJ,clemson,74.0,209.0,4.45,35.5,122.0,12.0,6.96,4.46,,,,,,11.0,-134.0,0.0,42581250.0,7117284129716.0,2125.0,1.0,1.0,31.0,0,0,0,False,skill_pass,False,False,False,False,0.71,0,1,True,106.59485369673038,78.75,5.71,26.83108108108108,-0.028074387736971164,-0.4271576552958521,-0.8384684383369269,0.31970187482527923,0.5657926577034149,-1.0969825594790645,-0.2910332106038721,1.2532279283540562,0.7324251190481739,0.5099581441853538,0.3894136806270252,-0.6109890564496563,0,1,0,1.0,167145.96517753706,4.990459415822692e-05,False,,,,True
DaviTr03,trevor-davis-1,00-0032423,Trevor Davis,WR,2016,5,163,GNB,california,73.0,188.0,4.42,38.5,124.0,11.0,6.6,4.22,,,,,,13.0,-14.0,0.0,28172440.0,366235399672.0,3252.0,2.0,1.0,43.0,0,0,0,False,skill_pass,False,False,False,False,14.57,0,1,True,98.51418471014152,81.25,5.41,24.800900731844624,-0.4259983182696639,-1.257066266067416,-0.9925492166884944,1.1535189267344557,0.8413090823242079,-1.2890595823457054,-1.8495643799354748,-0.2228980128042883,0.07912810087645182,1.0025879358603076,-1.3148057100259898,-1.599329334115265,0,1,0,1.0,12999.77565564076,0.00011543196116488313,False,,,,True
MoorDe02,denarius-moore-1,00-0028086,Denarius Moore,WR,2011,5,148,OAK,tennessee,72.0,194.0,4.43,36.0,118.0,13.0,6.78,4.15,,,,,,37.0,2382.0,1.0,14114047.0,212271540981.0,279.0,15.0,15.0,57.0,0,0,3,False,skill_pass,False,False,False,False,19.27,0,1,True,100.74345030996156,77.0,5.465,26.308256172839506,-0.8239222488023566,-1.0199495201326834,-0.9411889572379735,0.45867138347680864,0.014759808461828759,-0.9049055366124238,-1.0702987952696714,-0.6534347456421347,0.25935730856857553,0.16511729001288614,-1.0023654884062718,-0.8655127076003108,0,1,0,0.9999999887785241,15039.73601483685,1.9767540805270096e-05,False,,,,True
MoorCh00,chris-moore-4,00-0032398,Chris Moore,WR,2016,4,107,BAL,cincinnati,73.0,206.0,4.53,37.0,130.0,10.0,6.76,4.2,,,,,,22.0,1610.0,0.0,4453040.0,113645673870.0,2987.0,14.0,4.0,125.0,0,0,0,False,skill_pass,False,False,False,False,35.45,0,0,True,97.837288497752,83.5,5.48,27.175455057234004,-0.4259983182696639,-0.5457160282632184,-0.42758636273274997,0.7366104007798674,1.6678583561865872,-1.481136605212346,-1.1568838602325402,-0.3459085079008143,0.024403142101413335,1.445954748367766,-0.9171545188736178,-0.443339580707367,0,1,0,0.9999999858331609,25520.919163088587,0.0006707777158974543,False,,,,True
ReedDa00,david-reed-1,00-0027755,David Reed,WR,2010,5,156,BAL,utah,72.0,191.0,4.56,37.0,114.0,15.0,6.95,4.38,,,,,,14.0,154.0,10.0,2581.0,4271188.0,65.0,2.0,2.0,36.0,0,0,0,False,skill_pass,False,False,False,False,16.68,0,1,True,88.34947888883302,75.5,5.665,25.901427469135804,-0.8239222488023566,-1.1385078931000496,-0.273505584381187,0.7366104007798674,-0.5362730407797573,-0.5207514908791422,-0.33432574308530455,0.7611859479679413,-0.742656829885427,-0.1304605849920861,0.1337807720290732,-1.063566636223982,0,1,0,0.9999639457575629,1654.8578070515305,0.025184037194885704,False,,,,True
McCoAn00,anthony-mccoy-1,00-0027783,Anthony McCoy,TE,2010,6,185,SEA,southern california,76.0,259.0,4.71,35.5,113.0,19.0,6.99,4.57,,,,,,1.0,232.0,0.0,22222.0,18256457.0,111.0,4.0,4.0,41.0,0,0,1,False,skill_pass,False,False,False,False,8.86,0,1,True,105.25582296700183,74.25,5.78,31.523026315789473,0.7677734733284143,1.5488152274935856,0.4968983073766459,0.31970187482527923,-0.6740312530901539,0.24755660058742088,-0.1611556131595709,1.9297856513849654,0.624168638746381,-0.37677548082956297,0.7870648717793972,1.673161934277631,0,0,1,0.9999872923288554,821.5487804878048,0.004995049950499505,False,,,,True
StanRi00,ricky-stanzi-1,00-0028073,Ricky Stanzi,QB,2011,5,135,KAN,iowa,76.0,223.0,4.87,32.5,110.0,,6.95,4.43,150171221.0,4254304345.0,195624173004.0,141725.0,19156.0,1565548.0,,2.0,1.0,-1.0,0.0,,,,0,0,0,False,skill_pass,True,True,False,False,23.87,0,1,True,79.29010881337744,71.25,5.6899999999999995,27.14144736842105,0.7677734733284143,0.12611475188519045,1.3186624585849998,-0.5141151770838972,-1.0873058900213435,,-0.33432574308530455,1.0687121857092616,-1.4750787947786639,-0.9679312308395074,0.2757990545834882,-0.4598953357745461,1,0,0,,,,False,0.03529865492027934,45.98264654805744,7.398465232825225,False
VannNi00,nick-vannett-1,00-0032394,Nick Vannett,TE,2016,3,94,SEA,ohio st.,78.0,257.0,4.76,30.5,111.0,17.0,7.05,4.2,,,,,,1.0,-1.0,0.0,981919.0,12380220162.0,150.0,7.0,4.0,121.0,0,0,3,False,skill_pass,False,False,False,False,41.61,0,0,True,100.12333524361698,70.75,5.625,29.696088099934254,1.5636213343937997,1.469776312182008,0.7536996046292553,-1.0699932116900148,-0.949547677710947,-0.13659744514586067,0.09859958172902764,-0.3459085079008143,0.2092229292939593,-1.0664571891744983,-0.0934484800579958,0.7837647808595359,0,0,1,1.0,12608.188824129078,0.00015276209137413574,False,,,,True
KessCo00,cody-kessler-1,00-0033104,Cody Kessler,QB,2016,3,93,CLE,southern california,73.0,220.0,4.89,29.5,104.0,,7.32,4.0,2236315298.0,2361452446.0,9296838263536.0,203929.0,757.0,425561.0,,124.0,,,,5.0,3.0,17.0,0,0,1,False,skill_pass,False,True,False,False,42.1,0,0,True,76.95152660067525,66.75,5.66,29.022330643647965,-0.4259983182696639,0.007556378917824189,1.4213829774860418,-1.3479322289930735,-1.9138551638837227,,1.2674979587277306,-1.5760134588661012,-1.664145911479444,-1.854664855854424,0.1053771155181902,0.45576356083210917,1,0,0,,,,True,0.9470083980679067,3936.9152994309334,269.3910171730515,False
MitcMa01,malcolm-mitchell-2,00-0032400,Malcolm Mitchell,WR,2016,4,112,NWE,georgia,72.0,198.0,4.45,36.0,129.0,15.0,6.94,4.34,,,,,,45.0,3817.0,0.0,45403158.0,665572248865.0,4435.0,4.0,4.0,14.0,0,0,0,False,skill_pass,False,False,False,False,33.22,0,0,True,100.98459823900774,82.5,5.640000000000001,26.850694444444443,-0.8239222488023566,-0.8618716895095284,-0.8384684383369269,0.45867138347680864,1.5301001438761905,-0.5207514908791422,-0.377618275566737,0.5151649577748839,0.2788533704968167,1.2489028316977844,-0.008237510525341774,-0.6014408027687493,0,1,0,0.9999999942650855,14659.16200950163,9.768043007052505e-05,False,,,,True
ClayCh00,charles-clay-1,00-0028112,Charles Clay,TE,2011,6,174,MIA,tulsa,75.0,245.0,4.69,33.5,118.0,18.0,7.07,4.15,,,,,,57256334.0,304145236226.0,1270.0,69383943.0,1024464530526.0,7957.0,29.0,13.0,127.0,0,0,9,False,skill_pass,False,False,False,False,11.54,0,1,True,101.27557303291522,75.75,5.61,30.619555555555557,0.3698495427957216,0.995542820312543,0.394177788475604,-0.23617615978083836,0.014759808461828759,0.05547957772078011,0.18518464669189638,-0.6534347456421347,0.3023777798666817,-0.08119760582459072,-0.17865944959064478,1.2333307920009475,0,0,1,0.7710800839816706,14765.152947937824,0.00011468071222184649,False,,,,True
McElGr00,greg-mcelroy-1,00-0028146,Greg McElroy,QB,2011,7,208,NYJ,alabama,74.0,220.0,4.84,33.0,107.0,,7.11,4.45,88198222.0,911325313.0,7312325082987.0,111720.0,145.0,5460.0,,11.0,,,,1.0,1.0,2.0,0,0,0,False,skill_pass,False,True,False,False,4.41,0,1,True,80.18095597354794,70.0,5.78,28.243243243243242,-0.028074387736971164,0.007556378917824189,1.1645816802334323,-0.37514566843236774,-1.500580526952533,,0.35835477661763,1.191722680805793,-1.4030565656350087,-1.2142461266769844,0.7870648717793972,0.07648520857568179,1,0,0,,,,True,0.09678017360195941,8023.8362510918205,770.4827586206897,False
PaulNi00,niles-paul-1,00-0028093,Niles Paul,WR,2011,5,155,WAS,nebraska,73.0,224.0,4.45,34.5,117.0,24.0,6.9,4.14,,,,,,135.0,-64814.0,10.0,1234039.0,6214796516.0,41.0,7.0,6.0,88.0,0,0,1,False,skill_pass,False,False,False,False,16.99,0,1,True,114.24520204817037,75.75,5.52,29.550009382623383,-0.4259983182696639,0.1656342095409792,-0.8384684383369269,0.04176285752222043,-0.12299840384856776,1.2079417149206249,-0.5507884054924707,-0.7149399931904031,1.350932048890935,-0.08119760582459072,-0.6899252667865539,0.7126501727005309,0,1,0,1.0,5036.142711859187,3.3224233593913966e-05,False,,,,True
YateT.00,tj-yates-1,00-0028090,T.J. Yates,QB,2011,5,152,HOU,north carolina,75.0,219.0,5.06,29.5,104.0,,6.96,4.12,21881214282.0,365135355422.0,2655116821363418.0,14111419.0,184159.0,73244479.0,,2113.0,,,,6.0,6.0,22.0,0,0,0,False,skill_pass,False,True,False,False,17.95,0,1,True,66.81470313720583,66.75,5.54,27.37013333333333,0.3698495427957216,-0.03196307873796456,2.2945073881449165,-1.3479322289930735,-1.9138551638837227,,-0.2910332106038721,-0.8379504882869291,-2.483676640112007,-1.854664855854424,-0.5763106407430167,-0.34856554670204526,1,0,0,,,,True,0.05992630940028006,7271.596086045419,76.62627946502751,False
ShepSt00,sterling-shepard-1,00-0032385,Sterling Shepard,WR,2016,2,40,NYG,oklahoma,70.0,194.0,4.48,41.0,123.0,20.0,7.0,4.35,,,,,,2681.0,1944415.0,100.0,45515186.0,6216039701288.0,37511.0,32.0,26.0,117.0,0,0,5,False,skill_pass,False,False,False,False,72.44,0,0,True,96.32070875823221,82.0,5.675,27.833061224489796,-1.619770109867742,-1.0199495201326834,-0.6843876599853594,1.8483664699921025,0.7035508700138113,0.43963362345406165,-0.11786308067813844,0.5766702053231468,-0.09820762481556741,1.1503768733627937,0.19058808505083918,-0.12320119389624132,0,1,0,0.9999996871940198,136570.67558260664,0.0008241425180597966,False,,,,True
EaslMa00,marcus-easley-1,00-0027708,Marcus Easley,WR,2010,4,107,BUF,connecticut,75.0,210.0,4.39,34.0,123.0,16.0,6.94,4.6,,,,,,1.0,11.0,0.0,1448.0,1094893.0,8.0,1.0,1.0,42.0,0,0,0,False,skill_pass,False,False,False,False,35.45,0,0,True,113.08140854363278,78.5,5.77,26.245333333333335,0.3698495427957216,-0.38763819764006335,-1.1466299950400618,-0.09720665112930897,0.7035508700138113,-0.32867446801250144,-0.377618275566737,2.1143013940297544,1.2568429545914568,0.4606951650178584,0.7302575587576262,-0.8961450485607715,0,1,0,0.9999899534571067,756.1415745856353,0.0055248618784530384,False,,,,True
RidlCa00,calvin-ridley-1,00-0034837,Calvin Ridley,WR,2018,1,26,ATL,alabama,72.0,189.0,4.43,31.0,110.0,15.0,6.88,4.41,,,,,,152.0,22117.0,10.0,897263.0,1045769967.0,775.0,41.0,24.0,90.0,0,0,4,False,skill_pass,False,False,False,False,81.83,1,0,True,98.14696963186977,70.5,5.645,25.630208333333332,-0.8239222488023566,-1.2175468084116272,-0.9411889572379735,-0.9310237030384854,-1.0873058900213435,-0.5207514908791422,-0.6373734704553393,0.9457016906127357,0.049439901042900206,-1.1157201683419935,0.020166145985536173,-1.1956025886397645,0,1,0,0.9999788514367833,1165.511078691532,0.0008637378338346728,False,,,,True
MillAn02,anthony-miller-6,00-0034353,Anthony Miller,WR,2018,2,51,CHI,memphis,71.0,201.0,,,,22.0,,,1.0,3.0,35.0,0.0,0.0,91210.0,546925.0,210.0,479596.0,69414341462.0,51418.0,12.0,12.0,52.0,0,0,2,False,skill_pass,False,True,False,False,65.47,0,0,True,,,,28.03074786748661,-1.2218461793350492,-0.7433133165421622,,,,0.8237876691873433,,,,,,-0.026962615041049662,0,1,0,0.9999921209266094,144735.03002944143,0.10721106931667487,False,,,,False
MitcCa00,carlton-mitchell-1,00-0027776,Carlton Mitchell,WR,2010,6,177,CLE,south florida,75.0,215.0,4.46,36.0,122.0,16.0,6.96,4.55,,,,,,41.0,177.0,0.0,372840.0,537405706.0,414.0,0.0,0.0,16.0,0,0,0,False,skill_pass,False,False,False,False,10.77,0,1,True,108.67484282052183,79.0,5.755,26.87022222222222,0.3698495427957216,-0.1900409093611196,-0.7871081788864059,0.45867138347680864,0.5657926577034149,-0.32867446801250144,-0.2910332106038721,1.806775156288434,0.900585786767368,0.5592211233528491,0.6450465892249772,-0.5919342141948128,0,1,0,0.9999996706400031,1441.3842559811178,0.0011103958802703572,False,,,,True
HollTr00,trindon-holliday-1,00-0027606,Trindon Holliday,WR,2010,6,197,HOU,louisiana state,65.0,166.0,4.34,42.0,116.0,10.0,6.54,4.48,,,,,,14532127.0,172364114126.0,1201.0,223.0,33336.0,0.0,4.0,0.0,33.0,0,0,0,False,skill_pass,False,False,False,False,6.35,0,1,True,93.5791649910002,79.0,5.51,27.620828402366865,-3.6093897625312055,-2.1264943344947684,-1.4034312922926713,2.1263054872951614,-0.2607566161589643,-1.481136605212346,-2.1093195748240734,1.3762384234505876,-0.319852933055821,0.5592211233528491,-0.7467325798083198,-0.2265212001339253,0,1,0,1.9340448980174006e-07,149.48878923766816,0.0,False,,,,True
McDoVa00,vance-mcdonald-1,00-0030470,Vance McDonald,TE,2013,2,55,SFO,rice,76.0,267.0,4.69,33.5,119.0,31.0,7.08,4.53,,,,,,313.0,191320.0,0.0,12284336.0,118396532458.0,852.0,14.0,5.0,101.0,0,0,6,False,skill_pass,False,False,False,False,63.03,0,0,True,110.36970612158515,76.25,5.805,32.49671052631579,0.7677734733284143,1.8649708887398957,0.394177788475604,-0.23617615978083836,0.1525180207722253,2.5524808749871104,0.22847717917332883,1.683764661191908,1.0376102265298435,0.017328352510400026,0.9290831543338122,2.147174660955892,0,0,1,0.9999983840769078,9638.008310583495,6.935661805408123e-05,False,,,,True
WilsMa02,marquess-wilson-1,00-0030047,Marquess Wilson,WR,2013,7,236,CHI,washington st.,75.0,194.0,4.51,34.5,122.0,7.0,6.65,4.33,,,,,,3.0,10.0,0.0,558252.0,10061388813.0,6125.0,6.0,6.0,31.0,0,0,0,False,skill_pass,False,False,False,False,1.06,0,1,True,93.78331029469494,78.25,5.49,24.24568888888889,0.3698495427957216,-1.0199495201326834,-0.5303068816337965,0.04176285752222043,0.5657926577034149,-2.0573676738122684,-1.633101717528305,0.45365971022662094,-0.3033484185906348,0.411432185850363,-0.8603472058518518,-1.8696197185318435,0,1,0,0.9999999990061015,18023.023317426538,0.010971747526206803,False,,,,True
StidJa00,jarrett-stidham-1,00-0035264,Jarrett Stidham,QB,2019,4,133,NWE,auburn,74.0,218.0,4.81,31.0,110.0,,7.28,4.33,75246224.0,109370369.0,126531582795.0,121818.0,265.0,3610371.0,,243.0,,,,6.0,1.0,20.0,0,0,0,False,skill_pass,False,True,False,False,24.62,0,0,True,81.45283107350876,70.5,5.805,27.986486486486488,-0.028074387736971164,-0.07148253639375332,1.010500901881865,-0.9310237030384854,-1.0873058900213435,,1.094327828801997,0.45365971022662094,-1.3002294096569214,-1.1157201683419935,0.9290831543338122,-0.04851011233801492,1,0,0,,,,True,0.6879946066562141,1156.909169749624,459.69056603773583,False
RodgRi00,richard-rodgers-1,00-0031384,Richard Rodgers,TE,2014,3,98,GNB,california,76.0,257.0,4.87,31.5,116.0,16.0,7.23,4.47,,,,,,7.0,9.0,0.0,2039.0,288608.0,11.0,14.0,11.0,98.0,0,0,2,False,skill_pass,False,False,False,False,39.66,0,0,True,91.37918369972198,73.75,5.85,31.279605263157894,0.7677734733284143,1.469776312182008,1.3186624585849998,-0.7920541943869559,-0.2607566161589643,-0.32867446801250144,0.8778651663948309,1.314733175902319,-0.49771459525371126,-0.4753014391645537,1.1847160629317641,1.5546587526080655,0,0,1,0.9999688168056629,141.5438940657185,0.005394801373222168,False,,,,True
BridTe00,teddy-bridgewater-1,00-0031237,Teddy Bridgewater,QB,2014,1,32,MIN,louisville,74.0,214.0,,30.0,113.0,,7.17,4.2,191287303.0,296419427.0,212937183970.0,142731.0,1284.0,897463.0,662078.0,411.0,,,,49.0,22.0,83.0,1,0,4,False,skill_pass,False,True,False,False,77.74,1,0,True,,71.5,5.6850000000000005,27.472972972972972,-0.028074387736971164,-0.22956036701690832,,-1.208962720341544,-0.6740312530901539,,0.6181099715062286,-0.3459085079008143,,-0.918668251672012,0.2473953980726102,-0.29850075416541183,1,0,0,,,,True,0.6453264718037526,718.364467960462,111.16121495327103,False
BenjKe00,kelvin-benjamin-1,00-0031359,Kelvin Benjamin,WR,2014,1,28,CAR,florida st.,77.0,240.0,4.61,32.5,119.0,13.0,7.33,4.39,,,,,,2.0,33.0,0.0,3054.0,4951011.0,415.0,22.0,18.0,61.0,0,0,4,False,skill_pass,False,False,False,False,80.45,1,0,True,106.27657156497303,75.75,5.859999999999999,28.456738067127677,1.165697403861107,0.7979455320335993,-0.01670428712857299,-0.5141151770838972,0.1525180207722253,-0.9049055366124238,1.310790491209163,0.8226911955162043,0.706692996131183,-0.08119760582459072,1.2415233759535302,0.18041958740930183,0,1,0,0.9999933347390975,1621.1561886051081,0.13588736083824493,False,,,,True
MattJo00,jordan-matthews-1,00-0031299,Jordan Matthews,WR,2014,2,42,PHI,vanderbilt,75.0,212.0,4.46,35.5,120.0,21.0,6.95,4.18,,,,,,36.0,6154.0,10.0,154194112.0,18177813231477.0,4587.0,23.0,21.0,81.0,0,0,3,False,skill_pass,False,False,False,False,71.15,0,0,True,107.15844966488665,77.75,5.5649999999999995,26.49528888888889,0.3698495427957216,-0.3085992823284858,-0.7871081788864059,0.31970187482527923,0.2902762330826218,0.6317106463207024,-0.33432574308530455,-0.46891900299734574,0.7779901045786008,0.3129062275153723,-0.43429235818860185,-0.7744607148143877,0,1,0,0.9999999996614555,117889.15280680108,2.97482176232514e-05,False,,,,True
WashJa00,james-washington-5,00-0034676,James Washington,WR,2018,2,60,PIT,oklahoma st.,71.0,213.0,4.54,34.5,120.0,14.0,7.11,4.32,,,,,,1143.0,20102812.0,1.0,28537174.0,456108713801549.0,6101013.0,11.0,11.0,62.0,0,0,2,False,skill_pass,False,False,False,False,60.03,0,0,True,100.27350314491093,77.25,5.715,29.704225352112676,-1.2218461793350492,-0.2690798246726971,-0.37622610328222894,0.04176285752222043,0.2902762330826218,-0.712828513745783,0.35835477661763,0.3921544626783579,0.22136353823404403,0.21438026918038153,0.4178173371379082,0.7877261895493999,0,1,0,0.9999999559253956,15982967.122166652,0.2137917720934806,False,,,,True
GallMi00,michael-gallup-1,00-0034764,Michael Gallup,WR,2018,3,81,DAL,colorado st.,73.0,205.0,4.51,36.0,122.0,10.0,6.95,4.37,,,,,,4.0,15.0,0.0,76100.0,12721413.0,147.0,30.0,30.0,86.0,0,0,5,False,skill_pass,False,False,False,False,48.25,0,0,True,99.1009206722292,79.0,5.66,27.043535372490147,-0.4259983182696639,-0.5852354859190071,-0.5303068816337965,0.45867138347680864,0.5657926577034149,-1.481136605212346,-0.33432574308530455,0.6996807004196783,0.12656388312692649,0.5592211233528491,0.1053771155181902,-0.5075612336744733,0,1,0,0.9999988208870891,167.1670565045992,0.0019316688567674112,False,,,,True
GreeVi00,virgil-green-1,00-0028142,Virgil Green,TE,2011,7,204,DEN,nevada,75.0,249.0,4.54,42.5,130.0,23.0,6.9,4.4,,,,,,214.0,181619.0,0.0,132335.0,136260515.0,155.0,8.0,5.0,137.0,0,0,5,False,skill_pass,False,False,False,False,5.07,0,1,True,117.22113747926207,86.25,5.65,31.119466666666668,0.3698495427957216,1.153620650935698,-0.37622610328222894,2.2652749959466907,1.6678583561865872,1.015864692053984,-0.5507884054924707,0.8841964430644728,1.5915271959796773,1.987847519210215,0.048569802496424216,1.476699459493715,0,0,1,0.9986688935838544,1029.6634677145123,0.0011712698832508407,False,,,,True
DoctJo00,josh-doctson-1,00-0032760,Josh Doctson,WR,2016,1,22,WAS,texas christian,74.0,202.0,4.5,41.0,131.0,14.0,6.84,4.08,,,,,,1.0,6.0,0.0,35366579.0,39344010181327.0,541114.0,9.0,9.0,34.0,0,0,2,False,skill_pass,False,False,False,False,84.61,1,0,True,98.52156683432403,86.0,5.46,25.93243243243243,-0.028074387736971164,-0.7037938588863734,-0.5816671410843175,1.8483664699921025,1.8056165684969836,-0.712828513745783,-0.810543600381073,-1.0839714784799865,0.07972492271437305,1.9385845400427195,-1.0307691449171548,-1.0484726796475992,0,1,0,0.9999999999998475,1112462.9888948828,0.015300151026764562,False,,,,True
OLeaNi00,nick-oleary-1,00-0032117,Nick O'Leary,TE,2015,6,194,BUF,florida st.,75.0,252.0,4.93,30.5,110.0,21.0,7.4,4.5,,,,,,0.0,0.0,1.0,12213348.0,164252557618.0,1376.0,6.0,4.0,59.0,0,0,2,False,skill_pass,False,False,False,False,6.94,0,1,True,85.3184308292889,70.25,5.95,31.4944,0.3698495427957216,1.2721790239030644,1.6268240152881304,-1.0699932116900148,-1.0873058900213435,0.6317106463207024,1.613838218579198,1.4992489185471136,-0.98770766200363,-1.164983147509489,1.7527891931494393,1.65922596011329,0,0,1,1.0,13448.610292443971,0.00011266362016377491,False,,,,True
TateGo00,golden-tate-1,00-0027891,Golden Tate,WR,2010,2,60,SEA,notre dame,70.0,199.0,4.42,35.0,120.0,17.0,7.12,4.34,,,,,,1525.0,437186.0,12.0,65893.0,13110801496.0,11015.0,58.0,17.0,160.0,1,0,7,False,skill_pass,False,False,False,False,60.03,0,0,True,104.27831253892639,77.5,5.73,28.550408163265306,-1.619770109867742,-0.8223522318537396,-0.9925492166884944,0.18073236617374983,0.2902762330826218,-0.13659744514586067,0.4016473090990625,0.5151649577748839,0.5451399532559447,0.2636432483478769,0.5030283066705622,0.22602042718713075,0,1,0,0.9999666556295249,198971.081844809,0.1671649492358824,False,,,,True
SandEm00,emmanuel-sanders-1,00-0027685,Emmanuel Sanders,WR,2010,3,82,PIT,southern methodist,71.0,186.0,4.4,39.5,126.0,12.0,6.64,4.1,,,,,,261.0,6286.0,0.0,46746798.0,6058899581339.0,9997.0,63.0,11.0,172.0,2,0,9,False,skill_pass,False,False,False,False,47.73,0,0,True,99.25039273273681,82.75,5.369999999999999,25.938901011704026,-1.2218461793350492,-1.3361051813789935,-1.0952697355895364,1.4314579440375144,1.116825506945001,-1.0969825594790645,-1.676394250009741,-0.9609609833834605,0.13864823549820615,1.2981658108652798,-1.5420349621130638,-1.045323620779113,0,1,0,0.9999999989625179,129611.00739646381,0.00021385421949114033,False,,,,True
HackCh01,christian-hackenberg-1,00-0032953,Christian Hackenberg,QB,2016,2,51,NYJ,penn st.,76.0,223.0,4.78,31.0,114.0,,7.04,4.33,231270192.0,392484359.0,295529772525.0,201216.0,10156.0,499366.0,,402.0,1.0,14.0,1.0,,,,0,0,0,False,skill_pass,True,True,False,False,65.47,0,0,True,85.43253088681517,72.5,5.6850000000000005,27.14144736842105,0.7677734733284143,0.12611475188519045,0.856420123530302,-0.9310237030384854,-0.5362730407797573,,0.05530704924759519,0.45365971022662094,-0.9784830263356119,-0.7216163350020306,0.2473953980726102,-0.4598953357745461,1,0,0,,,,False,0.5892469004096034,752.9721013035324,19.812524615990547,False
SticEa00,,00-0035282,Easton Stick,QB,2019,5,166,LAC,north dakota st.,73.0,224.0,4.62,33.5,118.0,,6.65,4.05,11.0,19.0,124.0,1.0,1.0,11.0,35.0,0.0,,,,4.0,4.0,6.0,0,0,0,False,skill_pass,False,True,False,False,13.71,0,1,True,98.3354505078747,75.75,5.35,29.550009382623383,-0.4259983182696639,0.1656342095409792,0.03465597232194799,-0.23617615978083836,0.014759808461828759,,-1.633101717528305,-1.2684872211247809,0.06467799512654299,-0.08119760582459072,-1.6556495881565958,0.7126501727005309,1,0,0,,,,True,0.5789473684210527,6.526315789473684,1.0,False
GrieWi00,will-grier-1,00-0035251,Will Grier,QB,2019,3,100,CAR,west virginia,74.0,217.0,4.84,34.0,112.0,,7.09,4.28,106250266.0,161388397.0,120434903864.0,103437.0,3128.0,366349.0,,223.0,,,,1.0,1.0,2.0,0,0,0,False,skill_pass,False,True,False,False,38.71,0,0,True,79.08757930118138,73.0,5.6850000000000005,27.85810810810811,-0.028074387736971164,-0.11100199404954207,1.1645816802334323,-0.09720665112930897,-0.8117894654005504,,0.27176971165476127,0.14613347248530054,-1.4914526775139987,-0.6230903766670398,0.2473953980726102,-0.11100777279486415,1,0,0,,,,True,0.6583513311678783,746.2426426107944,33.06809462915601,False
HillSt00,stephen-hill-1,00-0028995,Stephen Hill,WR,2012,2,43,NYJ,georgia tech,76.0,215.0,4.36,39.5,133.0,14.0,6.88,4.48,,,,,,534.0,843429.0,100.0,61528.0,137291820.0,135.0,4.0,4.0,23.0,0,0,2,False,skill_pass,False,False,False,False,70.51,0,0,True,118.9932971711072,86.25,5.68,26.167763157894736,0.7677734733284143,-0.1900409093611196,-1.3007107733916248,1.4314579440375144,2.0811329931177767,-0.712828513745783,-0.6373734704553393,1.3762384234505876,1.7348008091332423,1.987847519210215,0.2189917415617222,-0.9339080624528073,0,1,0,0.9938941797542205,2231.3714081393837,0.002194123000910155,False,,,,True
SmelDe00,deandre-smelter-1,00-0032064,DeAndre Smelter,WR,2015,4,132,SFO,georgia tech,74.0,226.0,4.52,,,,,,0.0,1.0,0.0,0.0,1.0,13.0,12103.0,1.0,2135.0,345715.0,47.0,0.0,0.0,2.0,0,0,0,False,skill_pass,False,True,False,False,25.0,0,0,True,108.28908785588996,,,29.013513513513512,-0.028074387736971164,0.2446731248525567,-0.4789466221832755,,,,,,0.8693986946395758,,,0.45147117131677544,0,1,0,0.9661755417558647,161.92740046838406,0.022014051522248244,False,,,,False
RudoMa00,mason-rudolph-1,00-0034771,Mason Rudolph,QB,2018,3,76,PIT,oklahoma st.,77.0,235.0,4.9,26.0,,,,,49264284318.0,86424448489.0,853377040914904.0,6212837.0,4949.0,14678361.0,,1610.0,111.0,22724.0,0.0,10.0,7.0,34.0,0,0,1,False,skill_pass,False,True,False,False,50.94,0,0,True,81.52926701199223,,,27.863889357395852,1.165697403861107,0.6003482437546555,1.4727432369365674,-2.3207187895537795,,,,,-1.2940498011646933,,,-0.10819332257695562,1,0,0,,,,False,0.5700271760978642,9874.254980331414,1255.3721964033139,False
CoutKe00,keke-coutee-1,00-0034366,Keke Coutee,WR,2018,4,103,HOU,texas tech,70.0,181.0,4.43,34.5,113.0,14.0,6.93,4.15,,,,,,35.0,215.0,10.0,115593.0,1058901429.0,710.0,7.0,7.0,33.0,0,0,0,False,skill_pass,False,False,False,False,37.29,0,0,True,93.9926005469229,73.75,5.54,25.967959183673468,-1.619770109867742,-1.533702469657937,-0.9411889572379735,0.04176285752222043,-0.6740312530901539,-0.712828513745783,-0.42091080804817327,-0.6534347456421347,-0.28642795099817986,-0.4753014391645537,-0.5763106407430167,-1.0311774087130101,0,1,0,0.9999997969594238,9160.601671381484,0.006142240447085896,False,,,,True
ThomDe03,demaryius-thomas-1,00-0027874,Demaryius Thomas,WR,2010,1,22,DEN,georgia tech,75.0,224.0,4.52,,,,,,1.0,11.0,22.0,0.0,0.0,121.0,293.0,0.0,353946.0,5586271154.0,438.0,69.0,65.0,143.0,5,0,8,False,skill_pass,False,True,False,False,84.61,1,0,True,107.33077734389093,,,27.99502222222222,0.3698495427957216,0.1656342095409792,-0.4789466221832755,,,,,,0.7919222627982728,,,-0.04435471233608491,0,1,0,0.9999999475499888,15782.83453973205,0.001237476903256429,False,,,,False
GresJe00,jermaine-gresham-1,00-0027873,Jermaine Gresham,TE,2010,1,21,CIN,oklahoma,77.0,261.0,4.66,35.0,113.0,20.0,7.07,4.53,,,,,,1.0,5.0,0.0,83766.0,161519950.0,11114.0,28.0,22.0,132.0,2,0,9,False,skill_pass,False,False,False,False,85.32,1,0,True,110.69470220254848,74.0,5.800000000000001,30.94670264800135,1.165697403861107,1.6278541428051632,0.24009701012403648,0.18073236617374983,-0.6740312530901539,0.43963362345406165,0.18518464669189638,1.683764661191908,1.0638851514108423,-0.4260384599970583,0.9006794978229342,1.3925938093515857,0,0,1,0.9999999690440726,1928.2280400162358,0.1326791299572619,False,,,,True
WillDa04,damian-williams-1,00-0027893,Damian Williams,WR,2010,3,77,TEN,southern california,73.0,197.0,4.52,38.0,118.0,19.0,6.79,4.24,,,,,,142.0,54316.0,0.0,195870.0,2358691010.0,296.0,10.0,10.0,57.0,0,0,1,False,skill_pass,False,False,False,False,50.4,0,0,True,94.39358543190407,78.0,5.515000000000001,25.988177894539312,-0.4259983182696639,-0.9013911471653171,-0.4789466221832755,1.0145494180829262,0.014759808461828759,0.24755660058742088,-1.027006262788239,-0.09988751770775688,-0.25400956705931327,0.3621692066828676,-0.7183289232974318,-1.0213344574113168,0,1,0,0.9999769725033892,12042.124929800379,0.0015112064124163987,False,,,,True
WillMi04,mike-williams-4,00-0027702,Mike Williams,WR,2010,4,101,TAM,syracuse,73.0,221.0,4.53,33.5,116.0,8.0,6.9,4.31,,,,,,1.0,-7.0,0.0,246049.0,461837746.0,4106.0,25.0,25.0,63.0,0,0,3,False,skill_pass,False,False,False,False,38.23,0,0,True,104.96136290292812,74.75,5.605,29.154250328391818,-0.4259983182696639,0.047075836573612945,-0.42758636273274997,-0.23617615978083836,-0.2607566161589643,-1.8652906509456277,-0.5507884054924707,0.3306492151300895,0.6003624560962462,-0.2782495224945722,-0.20706310610152778,0.5199852137992137,0,1,0,1.0,1877.0153343439722,0.016687732931245404,False,,,,True
AlfoMa00,mario-alford-1,00-0031962,Mario Alford,WR,2015,7,238,CIN,west virginia,68.0,180.0,4.43,34.0,121.0,13.0,6.64,4.07,,,,,,52.0,4714.0,0.0,2765.0,552945.0,211.0,0.0,0.0,4.0,0,0,0,False,skill_pass,False,False,False,False,0.91,0,1,True,93.47330441130454,77.5,5.355,27.3659169550173,-2.4156179709331274,-1.573221927313726,-0.9411889572379735,-0.09720665112930897,0.4280344453930183,-0.9049055366124238,-1.676394250009741,-1.1454767260282495,-0.3284114325033151,0.2636432483478769,-1.6272459316457077,-0.35061818035953096,0,1,0,0.9915468054850725,199.98010849909585,0.07631103074141049,False,,,,True
IsabAn00,andy-isabella-1,00-0035527,Andy Isabella,WR,2019,2,62,ARI,massachusetts,69.0,188.0,4.31,36.5,121.0,15.0,6.95,4.15,,,,,,3121411.0,2810013579.0,11.0,26265101.0,780110201697.0,71013.0,4.0,4.0,43.0,0,0,0,False,skill_pass,False,False,False,False,58.86,0,0,True,108.96292785055894,78.75,5.550000000000001,27.759714345725687,-2.0176940404004347,-1.257066266067416,-1.557512070644239,0.597640892128338,0.4280344453930183,-0.5207514908791422,-0.33432574308530455,-0.6534347456421347,0.9238765676934906,0.5099581441853538,-0.5195033277212457,-0.15890820610867332,0,1,0,0.9964108557626024,29701.397367442067,0.002703701767604092,False,,,,True
SterJa00,jace-sternberger-1,00-0035671,Jace Sternberger,TE,2019,3,75,GNB,texas a&m,76.0,251.0,4.75,31.5,113.0,17.0,7.19,4.31,,,,,,1.0,4.0,0.0,148.0,5832.0,10.0,1.0,1.0,18.0,0,0,0,False,skill_pass,False,False,False,False,51.49,0,0,True,98.61188910459558,72.25,5.75,30.549342105263158,0.7677734733284143,1.2326595662472755,0.7023393451787344,-0.7920541943869559,-0.6740312530901539,-0.13659744514586067,0.7046950364690973,0.3306492151300895,0.08702719805083727,-0.7708793141695259,0.6166429327140942,1.1991492075993697,0,0,1,0.9993145990404386,39.4054054054054,0.06756756756756757,False,,,,True
EgneMi00,michael-egnew-1,00-0029694,Michael Egnew,TE,2012,3,78,MIA,missouri,77.0,252.0,4.52,36.0,131.0,21.0,7.03,4.32,,,,,,3.0,8.0,0.0,439050.0,2225762523.0,53.0,0.0,0.0,18.0,0,0,0,False,skill_pass,False,False,False,False,49.86,0,0,True,120.7471245118773,83.5,5.675000000000001,29.87957497048406,1.165697403861107,1.2721790239030644,-0.4789466221832755,0.45867138347680864,1.8056165684969836,0.6317106463207024,0.012014516766162744,0.3921544626783579,1.8765923085765104,1.445954748367766,0.19058808505084424,0.8730905713763212,0,0,1,0.9999999964057262,5069.496692859583,0.00012071518050335953,False,,,,True
GreeDo00,dorial-green-beckham-1,00-0032218,Dorial Green-Beckham,WR,2015,2,40,TEN,oklahoma,77.0,237.0,4.49,33.5,119.0,13.0,6.89,4.45,,,,,,51.0,163.0,0.0,2859.0,395883.0,512.0,7.0,4.0,31.0,0,0,0,False,skill_pass,False,False,False,False,72.44,0,0,True,116.62535471536124,76.25,5.67,28.10102884128858,1.165697403861107,0.679387159066233,-0.6330274005348384,-0.23617615978083836,0.1525180207722253,-0.9049055366124238,-0.5940809379739069,1.191722680805793,1.5433600078693246,0.017328352510400026,0.16218442853995618,0.0072518414175470215,0,1,0,0.9995884316468289,138.46904512067155,0.17908359566281917,False,,,,True
AtemMa00,marcell-ateman-1,00-0034747,Marcell Ateman,WR,2018,7,228,OAK,oklahoma st.,76.0,216.0,4.62,34.0,121.0,13.0,7.07,4.25,,,,,,1.0,1.0,0.0,22204559.0,2762687661156.0,58.0,2.0,2.0,19.0,0,0,0,False,skill_pass,False,False,False,False,1.78,0,1,True,94.82347013259346,77.5,5.66,26.289473684210527,0.7677734733284143,-0.15052145170533082,0.03465597232194799,-0.09720665112930897,0.4280344453930183,-0.9049055366124238,0.18518464669189638,-0.038382270159493886,-0.219254722678963,0.2636432483478769,0.1053771155181902,-0.8746564716180237,0,1,0,0.9999999999996381,124419.83923914004,2.6120761957037744e-06,False,,,,True
McCaA.00,aj-mccarron-1,00-0031288,A.J. McCarron,QB,2014,5,164,CIN,alabama,75.0,220.0,4.94,28.0,99.0,,7.18,4.34,30219211226.0,48328314336.0,389263429333063.0,3163028.0,537.0,6304934.0,,210.0,,,,4.0,3.0,19.0,0,0,0,False,skill_pass,False,True,False,False,14.28,0,1,True,73.88306111646494,63.5,5.76,27.49511111111111,0.3698495427957216,0.007556378917824189,1.6781842747386557,-1.7648407549476617,-2.6026462254357052,,0.661402503987661,0.5151649577748839,-1.9122218262984303,-2.495083585031864,0.6734502457358602,-0.2877233798288525,1,0,0,,,,True,0.6252899907888896,8054.562520569825,5890.182495344507,False
HerrRo00,robert-herron-1,00-0031187,Robert Herron,WR,2014,6,185,TAM,wyoming,69.0,193.0,4.48,35.5,125.0,18.0,6.84,4.27,,,,,,40842.0,235531012.0,0.0,6433172.0,57379657937.0,389.0,0.0,0.0,8.0,0,0,0,False,skill_pass,False,False,False,False,8.86,0,1,True,95.82421025947843,80.25,5.555,28.498004620877968,-2.0176940404004347,-1.0594689777884723,-0.6843876599853594,0.31970187482527923,0.9790672946346044,0.05547957772078011,-0.810543600381073,0.08462822493703208,-0.1383479881073826,0.805536019190326,-0.4910996712103678,0.20050913128022146,0,1,0,0.9959119979245666,8919.34149079179,6.046783763903717e-05,False,,,,True
HemiJu00,junior-hemingway-1,00-0029311,Junior Hemingway,WR,2012,7,238,KAN,michigan,73.0,225.0,4.48,35.5,124.0,21.0,6.59,3.98,,,,,,5.0,9.0,0.0,42163233.0,3741268593662.0,1244.0,2.0,2.0,31.0,0,0,0,False,skill_pass,False,False,False,False,0.91,0,1,True,111.71216221959921,79.75,5.285,29.681929067367236,-0.4259983182696639,0.20515366719676795,-0.6843876599853594,0.31970187482527923,0.8413090823242079,0.6317106463207024,-1.8928569124169072,-1.69902395396263,1.1461436372306881,0.7070100608553352,-2.02489712279808,0.7768718256676355,0,1,0,0.9999999999975944,88732.9629979276,2.950437885064459e-05,False,,,,True
CrinJu00,juron-criner-1,00-0029702,Juron Criner,WR,2012,5,168,OAK,arizona,74.0,224.0,4.66,38.0,117.0,17.0,7.15,4.3,,,,,,881.0,63660.0,0.0,7458275.0,885821233956.0,191111.0,1.0,1.0,13.0,0,0,0,False,skill_pass,False,False,False,False,13.15,0,1,True,95.00234978303011,77.5,5.725,28.756756756756758,-0.028074387736971164,0.1656342095409792,0.24009701012403648,1.0145494180829262,-0.12299840384856776,-0.13659744514586067,0.5315249065433636,0.2691439675818265,-0.20479285789576038,0.2636432483478769,0.47462465015967414,0.3264758504030787,0,1,0,0.9999999281344892,118770.25638716728,0.02562402164039272,False,,,,True
WillMa04,maxx-williams-1,00-0031558,Maxx Williams,TE,2015,2,55,BAL,minnesota,76.0,249.0,4.78,34.5,117.0,17.0,7.3,4.37,,,,,,1.0,7.0,0.0,2536.0,417569.0,58.0,8.0,4.0,83.0,0,0,2,False,skill_pass,False,False,False,False,63.03,0,0,True,95.39327439828241,75.75,5.835,30.30592105263158,0.7677734733284143,1.153620650935698,0.856420123530302,0.04176285752222043,-0.12299840384856776,-0.13659744514586067,1.1809128937648619,0.6996807004196783,-0.17318781555358345,-0.08119760582459072,1.099505093399115,1.0806460259298045,0,0,1,0.9999832365844781,164.65654574132492,0.022870662460567823,False,,,,True
WrigJa02,jarius-wright-1,00-0029572,Jarius Wright,WR,2012,4,118,MIN,arkansas,70.0,182.0,4.39,38.0,120.0,11.0,6.93,4.03,,,,,,11.0,19.0,0.0,19414266.0,3486817881117.0,25512.0,24.0,19.0,111.0,0,0,1,False,skill_pass,False,False,False,False,30.63,0,0,True,98.00388740448173,79.0,5.48,26.111428571428572,-1.619770109867742,-1.4941830120021484,-1.1466299950400618,1.0145494180829262,0.2902762330826218,-1.2890595823457054,-0.42091080804817327,-1.391497716221307,0.03787214685557878,0.5592211233528491,-0.9171545188736178,-0.9613330844963347,0,1,0,0.9999999999945509,179600.8090708657,0.0013140852196008852,False,,,,True
RodrEv00,evan-rodriguez-1,00-0029276,Evan Rodriguez,TE,2012,4,111,CHI,temple,73.0,239.0,4.53,36.0,119.0,18.0,6.94,4.28,,,,,,1.0,1.0,0.0,132134.0,145247476.0,322.0,0.0,0.0,20.0,0,0,0,False,skill_pass,False,False,False,False,33.66,0,0,True,113.51025218913945,77.5,5.61,31.528804653781197,-0.4259983182696639,0.7584260743778105,-0.42758636273274997,0.45867138347680864,0.1525180207722253,0.05547957772078011,-0.377618275566737,0.14613347248530054,1.291513632890045,0.2636432483478769,-0.17865944959064478,1.6759749672071116,0,0,1,0.9999999931151988,1099.2437676903749,0.002436920096265912,False,,,,True
HiltT.00,ty-hilton-1,00-0029608,T.Y. Hilton,WR,2012,3,92,IND,florida international,69.0,183.0,4.34,,,,,,11.0,11.0,380.0,10.0,0.0,1463016.0,4349282114.0,2041.0,41575969.0,10136328481022.0,7556.0,72.0,71.0,146.0,4,0,8,False,skill_pass,False,True,False,False,42.6,0,0,True,103.16257345393394,,,27.02142407057341,-2.0176940404004347,-1.4546635543463597,-1.4034312922926713,,,,,,0.4549359096930978,,,-0.5183255434975664,0,1,0,0.9995711053821461,243802.57934630458,0.00018173960058513608,False,,,,False
FantNo00,noah-fant-1,00-0035644,Noah Fant,TE,2019,1,20,DEN,iowa,76.0,249.0,4.5,39.5,127.0,20.0,6.81,4.22,,,,,,22.0,-11.0,0.0,93039.0,70494518.0,1117.0,26.0,14.0,110.0,0,0,5,False,skill_pass,False,False,False,False,86.02,1,0,True,121.44490169181528,83.25,5.515,30.30592105263158,0.7677734733284143,1.153620650935698,-0.5816671410843175,1.4314579440375144,1.2545837192553975,0.43963362345406165,-0.9404211978253741,-0.2228980128042883,1.9330054287969172,1.3966917692002705,-0.7183289232974368,1.0806460259298045,0,0,1,1.0,757.6878298348005,0.012005718032223046,False,,,,True
JohnDa05,david-johnson-1,00-0026957,David Johnson,TE,2009,7,241,PIT,arkansas st.,73.0,260.0,4.73,32.5,113.0,21.0,7.28,4.43,,,,,,10242331.0,369519980.0,1120.0,210410.0,8318441276.0,1221.0,3.0,3.0,98.0,0,0,1,False,skill_pass,False,False,False,False,0.71,0,1,True,103.88642006066941,72.75,5.855,34.29911803340214,-0.4259983182696639,1.5883346851493743,0.5996188262776925,-0.5141151770838972,-0.6740312530901539,0.6317106463207024,1.094327828801997,1.0687121857092616,0.5134566621925292,-0.6723533558345351,1.2131197194426522,3.024629679516325,0,0,1,0.9574675842684259,39534.43883845825,0.005802956133263628,False,,,,True
HockTJ00,tj-hockenson-1,00-0035229,T.J. Hockenson,TE,2019,1,8,DET,iowa,77.0,251.0,4.7,37.5,123.0,17.0,7.02,4.18,,,,,,1.0,4.0,1.0,2449.0,320750.0,36.0,33.0,16.0,97.0,2,0,3,False,skill_pass,False,False,False,False,94.73,1,0,True,102.87557731745169,80.25,5.6,29.761005228537694,1.165697403861107,1.2326595662472755,0.44553804792612495,0.8755799094313969,0.7035508700138113,-0.13659744514586067,-0.03127801571527355,-0.46891900299734574,0.43173316243271137,0.805536019190326,-0.2354667626124158,0.815367989379069,0,0,1,0.9999875293838892,130.97182523478972,0.014699877501020826,False,,,,True
LindRy00,ryan-lindley-1,00-0029531,Ryan Lindley,QB,2012,6,185,ARI,san diego st.,76.0,229.0,4.86,29.5,108.0,,7.52,4.45,242239243237.0,427437421447.0,2653305438303153.0,16232823.0,916148.0,31221918.0,,1100.0,,,,-4.0,-4.0,10.0,0,0,0,False,skill_pass,False,True,False,False,8.86,0,1,True,82.09569823643362,68.75,5.984999999999999,27.87171052631579,0.7677734733284143,0.363231497819923,1.2673021991344788,-1.3479322289930735,-1.3628223146421365,,2.133348608356395,1.191722680805793,-1.2482555939596873,-1.4605610225144612,1.95161478872562,-0.1043857907658485,1,0,0,,,,True,0.5667244632370972,6207.471094414107,17.718559665032288,False
BryaMa00,martavis-bryant-1,00-0031373,Martavis Bryant,WR,2014,4,118,PIT,clemson,76.0,211.0,4.42,39.0,124.0,16.0,7.18,4.15,,,,,,1.0,17.0,0.0,91042.0,221305828.0,247.0,19.0,17.0,44.0,0,0,1,False,skill_pass,False,False,False,False,30.63,0,0,True,110.5664519885099,81.5,5.665,25.68092105263158,0.7677734733284143,-0.3481187399842746,-0.9925492166884944,1.292488435385985,0.8413090823242079,-0.32867446801250144,0.661402503987661,-0.6534347456421347,1.0535165194881204,1.0518509150278028,0.1337807720290732,-1.170914425791938,0,1,0,0.9999999231832308,2430.8102633949165,0.0027130335449572726,False,,,,True
OlivJo00,josh-oliver-1,00-0035249,Josh Oliver,TE,2019,3,69,JAX,san jose st.,77.0,249.0,4.63,34.0,117.0,22.0,7.21,4.47,,,,,,1.0,7.0,0.0,433556.0,3626296709.0,1114.0,7.0,0.0,82.0,0,0,3,False,skill_pass,False,False,False,False,54.83,0,0,True,108.36907806622428,75.5,5.84,29.523865744644965,1.165697403861107,1.153620650935698,0.08601623177246896,-0.09720665112930897,-0.12299840384856776,0.8237876691873433,0.7912801014319621,1.314733175902319,0.875865654984204,-0.1304605849920861,1.1279087499099982,0.6999228253845663,0,0,1,0.999999998069656,8364.079170856821,0.002569448929319396,False,,,,True
JohnDi01,diontae-johnson-1,00-0035216,Diontae Johnson,WR,2019,3,66,PIT,toledo,70.0,183.0,4.53,33.5,123.0,15.0,7.09,4.45,,,,,,22.0,917.0,0.0,147449.0,2371278761.0,3138.0,35.0,33.0,89.0,1,0,5,False,skill_pass,False,False,False,False,56.54,0,0,True,86.91370774314862,78.25,5.77,26.254897959183673,-1.619770109867742,-1.4546635543463597,-0.42758636273274997,-0.23617615978083836,0.7035508700138113,-0.5207514908791422,0.27176971165476127,1.191722680805793,-0.8587344726906635,0.411432185850363,0.7302575587576262,-0.891488760279661,0,1,0,0.9999996132889728,16082.026741449587,0.021281934770666467,False,,,,True
SamuCu00,curtis-samuel-1,00-0033282,Curtis Samuel,WR,2017,2,40,CAR,ohio st.,71.0,196.0,4.31,37.0,119.0,18.0,7.09,4.33,,,,,,581797.0,383132771.0,618.0,112274.0,95289865.0,27.0,30.0,17.0,111.0,0,0,5,False,skill_pass,False,False,False,False,72.44,0,0,True,113.59964818462528,78.0,5.71,27.33346558222575,-1.2218461793350492,-0.9409106048211059,-1.557512070644239,0.7366104007798674,0.1525180207722253,0.05547957772078011,0.27176971165476127,0.45365971022662094,1.298741021783751,0.3621692066828676,0.3894136806270252,-0.36641628362040407,0,1,0,0.19917507623949465,848.7260184904786,0.00024048310383526015,False,,,,True
GodwCh00,chris-godwin-1,00-0033921,Chris Godwin,WR,2017,3,84,TAM,penn st.,73.0,209.0,4.42,36.0,126.0,19.0,7.01,4.0,,,,,,21.0,113.0,0.0,266959.0,3381101982.0,2511.0,53.0,53.0,120.0,1,0,6,False,skill_pass,False,False,False,False,46.68,0,0,True,109.51842874691265,81.0,5.505,27.571214111465565,-0.4259983182696639,-0.4271576552958521,-0.9925492166884944,0.45867138347680864,1.116825506945001,0.24755660058742088,-0.074570548196706,-1.5760134588661012,0.968787091782758,0.9533249566928121,-0.7751362363192028,-0.25067462180605155,0,1,0,0.9999999665789447,12665.248154210945,0.009405938739656651,False,,,,True
JoneJu02,julio-jones-1,00-0027944,Julio Jones,WR,2011,1,6,ATL,alabama,75.0,220.0,4.34,38.5,135.0,17.0,6.66,4.25,,,,,,28.0,4135.0,2.0,584378.0,9245961133.0,447.0,101.0,97.0,166.0,7,2,9,False,skill_pass,False,False,False,False,96.22,1,0,True,124.02058010855447,86.75,5.455,27.49511111111111,0.3698495427957216,0.007556378917824189,-1.4034312922926713,1.1535189267344557,2.3566494177385695,-0.13659744514586067,-1.5898091850468725,-0.038382270159493886,2.1412410380289812,2.0863734775452056,-1.0591728014280377,-0.2877233798288525,0,1,0,0.9999995527779004,15821.884350540233,0.0007649158592554819,False,,,,True
GreeA.00,aj-green-1,00-0027942,A.J. Green,WR,2011,1,4,CIN,georgia,76.0,211.0,4.48,34.5,126.0,18.0,6.91,4.21,,,,,,43.0,6144.0,0.0,565357.0,963808848.0,869.0,77.0,71.0,158.0,7,0,10,False,skill_pass,False,False,False,False,97.72,1,0,True,104.76118323704637,80.25,5.5600000000000005,25.68092105263158,0.7677734733284143,-0.3481187399842746,-0.6843876599853594,0.04176285752222043,1.116825506945001,0.05547957772078011,-0.5074958730110382,-0.2844032603525513,0.584178551145282,0.805536019190326,-0.46269601469947974,-1.170914425791938,0,1,0,0.9999936253326095,1704.7791890787591,0.0015370818792373668,False,,,,True
BaldJo00,jonathan-baldwin-1,00-0027964,Jonathan Baldwin,WR,2011,1,26,KAN,pittsburgh,76.0,228.0,4.49,42.0,129.0,20.0,7.07,4.34,,,,,,113.0,4613.0,0.0,185753.0,4041111822.0,385.0,4.0,4.0,33.0,0,0,1,False,skill_pass,False,False,False,False,81.83,1,0,True,112.19654377680322,85.5,5.705,27.75,0.7677734733284143,0.32371204016413424,-0.6330274005348384,2.1263054872951614,1.5301001438761905,0.43963362345406165,0.18518464669189638,0.5151649577748839,1.1853043833896941,1.8400585817077288,0.3610100241161422,-0.16363738160063201,0,1,0,0.9999988584837695,21755.297744854728,0.002072644856341486,False,,,,True
JohnOl00,olabisi-johnson-1,00-0035006,Olabisi Johnson,WR,2019,7,247,MIN,colorado st.,72.0,204.0,4.51,38.0,124.0,14.0,6.88,4.16,,,,,,1.0,13.0,0.0,2284154.0,15613595796.0,1424.0,5.0,5.0,32.0,0,0,0,False,skill_pass,False,False,False,False,0.37,0,1,True,98.61750154699881,81.0,5.52,27.66435185185185,-0.8239222488023566,-0.6247549435747959,-0.5303068816337965,1.0145494180829262,0.8413090823242079,-0.712828513745783,-0.6373734704553393,-0.5919294980938716,0.08748094660714839,0.9533249566928121,-0.6899252667865539,-0.20533294552140535,0,1,0,0.9999999991673924,6835.614321976539,0.0006234255658769067,False,,,,True
SimsDi00,dion-sims-1,00-0030422,Dion Sims,TE,2013,4,106,MIA,michigan st.,77.0,262.0,4.75,35.0,112.0,22.0,7.36,4.52,,,,,,1.0,-2.0,0.0,111236.0,13399475.0,332.0,8.0,6.0,78.0,0,0,2,False,skill_pass,False,False,False,False,35.91,0,0,True,102.93352567890057,73.5,5.9399999999999995,31.065272389947715,1.165697403861107,1.6673736004609518,0.7023393451787344,0.18073236617374983,-0.8117894654005504,0.8237876691873433,1.4406680886534642,1.6222594136436395,0.43641810767738365,-0.524564418332049,1.695981880127668,1.4503163913488377,0,0,1,1.0,120.45987809701894,0.0029846452587291884,False,,,,True
ThomSl00,sloan-thomas-1,00-0022686,Sloan Thomas,WR,2004,7,211,HOU,texas,73.0,203.0,4.5,,,,,,12234220227.0,26391429402.0,107301329762907.0,191816.0,101613.0,6153174162.0,22469524344.0,1194.0,11.0,29.0,10.0,0.0,,1.0,0,0,0,False,skill_pass,False,True,False,False,3.94,0,1,True,99.00929736320683,,,26.77969600300244,-0.4259983182696639,-0.6642744012305847,-0.5816671410843175,,,,,,0.11915642284378891,,,-0.6360045396086842,0,1,0,1.290637020997525e-09,2.6363636363636362,0.9090909090909091,False,,,,False
NautIs00,isaac-nauta-1,00-0035539,Isaac Nauta,TE,2019,7,224,DET,georgia,75.0,244.0,4.91,28.0,,19.0,7.45,4.43,,,,,,0.0,31.0,1.0,29930.0,361114430.0,323.0,0.0,0.0,13.0,0,0,0,False,skill_pass,False,True,False,False,2.22,0,1,True,83.96414182066944,,5.9399999999999995,30.494577777777778,0.3698495427957216,0.9560233626567542,1.5241034963870883,-1.7648407549476617,,0.24755660058742088,1.830300880986364,1.0687121857092616,-1.0971977268166075,,1.695981880127668,1.1724886251277549,0,0,1,0.9999999141546425,12065.300033411293,0.010791847644503843,False,,,,True
WestDe00,dede-westbrook-1,00-0033839,Dede Westbrook,WR,2017,4,110,JAX,oklahoma,72.0,178.0,,,,,,,0.0,2.0,0.0,0.0,0.0,510.0,17101.0,0.0,4680.0,7431524.0,417.0,14.0,13.0,55.0,0,0,1,False,skill_pass,False,True,False,False,34.1,0,0,True,,,,24.138503086419753,-0.8239222488023566,-1.6522608426253034,,,,,,,,,,-1.9218003269265604,0,1,0,0.9977041400258437,1587.9324786324787,0.0891025641025641,False,,,,False
RobiKe00,kevin-robinson-1,00-0026322,Kevin Robinson,WR,2008,6,182,KAN,utah st.,71.0,202.0,4.69,27.5,115.0,,7.31,4.77,,,,,,39452512.0,25432286134.0,2303.0,7208.0,5722156.0,30.0,0.0,0.0,8.0,0,0,0,False,skill_pass,False,True,False,False,9.56,0,1,True,83.50067654142397,71.25,6.039999999999999,28.170204324538783,-1.2218461793350492,-0.7037938588863734,0.394177788475604,-1.9038102635991911,-0.3985148284693608,,1.2242054262462942,3.159890602350247,-1.1346674567931354,-0.9679312308395074,2.2640550103453383,0.040928118674821566,0,1,0,0.00022494512678688966,793.861820199778,0.004162042175360711,False,,,,True
WoodLo00,logan-woodside-1,00-0034438,Logan Woodside,QB,2018,7,249,CIN,toledo,73.0,213.0,4.79,31.5,103.0,,6.94,4.15,21186289264.0,41297418411.0,240227241293882.0,1194528.0,898.0,6523751.0,,301.0,,,,0.0,,13.0,0,0,0,False,skill_pass,False,True,False,False,0.29,0,1,True,80.92217469487656,67.25,5.545,28.098892850440983,-0.4259983182696639,-0.2690798246726971,0.9077803829808229,-0.7920541943869559,-2.051613376194119,,-0.377618275566737,-0.6534347456421347,-1.3431313315658109,-1.7561388975194334,-0.5479069842321338,0.006211990062370224,1,0,0,,,,True,0.5130172799943545,5817.003835520502,1330.2093541202673,False
GreeLa00,,00-0029275,Ladarius Green,TE,2012,4,110,SDG,louisiana,78.0,238.0,4.45,34.5,124.0,16.0,7.12,4.47,,,,,,1.0,20.0,0.0,22324451.0,268533794606.0,5278.0,11.0,9.0,53.0,0,0,2,False,skill_pass,False,False,False,False,34.1,0,0,True,121.38552717618101,79.25,5.795,27.500657462195925,1.5636213343937997,0.7189066167220217,-0.8384684383369269,0.04176285752222043,0.8413090823242079,-0.32867446801250144,0.4016473090990625,1.314733175902319,1.9282051834108447,0.6084841025203445,0.8722758413120462,-0.2850232836658406,0,0,1,0.9999999999255215,12028.685256627363,0.00023642238727393565,False,,,,True
CoopAm00,amari-cooper-1,00-0031544,Amari Cooper,WR,2015,1,4,OAK,alabama,73.0,211.0,4.42,33.0,120.0,,6.71,3.98,,,,,,15.0,2823.0,0.0,5945124.0,10007361727.0,11416.0,66.0,22.0,154.0,5,0,9,False,skill_pass,False,True,False,False,97.72,1,0,True,110.5664519885099,76.5,5.345,27.835053480953274,-0.4259983182696639,-0.3481187399842746,-0.9925492166884944,-0.37514566843236774,0.2902762330826218,,-1.3733465226397064,-1.69902395396263,1.0535165194881204,0.0665913316778954,-1.6840532446674787,-0.12223131587184066,0,1,0,0.9999997179077482,1683.288982197848,0.00192022908184926,False,,,,True
JoneT.00,tj-jones-2,00-0031189,T.J. Jones,WR,2014,6,189,DET,notre dame,72.0,188.0,4.46,33.0,119.0,,6.82,4.27,,,,,,19.0,867.0,2.0,23385070.0,3063666491108.0,3349.0,7.0,7.0,45.0,0,0,0,False,skill_pass,False,True,False,False,7.98,0,1,True,95.02730441980513,76.0,5.545,25.494598765432098,-0.8239222488023566,-1.257066266067416,-0.7871081788864059,-0.37514566843236774,0.1525180207722253,,-0.8971286653439379,0.08462822493703208,-0.20277535293153812,-0.03193462665709535,-0.5479069842321338,-1.2616205648476548,0,1,0,0.9999999997170057,131009.50696782177,0.00014321103165395698,False,,,,True
SmitDe04,devin-smith-2,00-0031934,Devin Smith,WR,2015,2,37,NYJ,ohio st.,72.0,196.0,4.42,39.0,122.0,10.0,,4.15,,,,,,1.0,2.0,0.0,14304433.0,294618660931.0,46812.0,2.0,1.0,22.0,0,0,0,False,skill_pass,False,True,False,False,74.41,0,0,True,102.70627767653052,80.5,,26.579475308641975,-0.8239222488023566,-0.9409106048211059,-0.9925492166884944,1.292488435385985,0.5657926577034149,-1.481136605212346,,-0.6534347456421347,0.41804581169790156,0.8547989983578214,,-0.7334767551845301,0,1,0,0.9999999999932115,20596.31870281052,0.0032725519424642697,False,,,,True
LyncAr00,arthur-lynch-1,00-0031286,Arthur Lynch,TE,2014,5,155,MIA,georgia,77.0,258.0,4.82,29.5,116.0,28.0,7.38,4.35,1.0,1.0,16.0,0.0,0.0,,,,22430.0,17431459.0,35.0,,,,0,0,0,False,skill_pass,True,False,False,False,16.99,0,1,True,95.60080487530047,72.75,5.865,30.590993422162253,1.165697403861107,1.509295769837797,1.0618611613323903,-1.3479322289930735,-0.2607566161589643,1.9762498063871878,1.5272531536163292,0.5766702053231468,-0.15640962032733866,-0.6723533558345351,1.269927032464418,1.2194260633598308,0,0,1,1.0,777.1493089612127,0.001560410164957646,False,,,,False
StreDe00,devin-street-1,00-0031310,Devin Street,WR,2014,5,146,DAL,pittsburgh,75.0,198.0,4.55,37.0,124.0,,6.89,4.01,,,,,,3233.0,1625306.0,0.0,25537351.0,318754975854.0,2257.0,1.0,1.0,36.0,0,0,0,False,skill_pass,False,True,False,False,19.94,0,1,True,92.3952402976941,80.5,5.449999999999999,24.7456,0.3698495427957216,-0.8618716895095284,-0.32486584383170797,0.7366104007798674,0.8413090823242079,,-0.5940809379739069,-1.5145082113178383,-0.4155695715124157,0.8547989983578214,-1.0875764579389258,-1.626251051039076,0,1,0,0.99999490110638,12481.912311656757,8.83803492382589e-05,False,,,,True
CampPa00,parris-campbell-1,00-0035639,Parris Campbell,WR,2019,2,59,IND,ohio st.,72.0,205.0,4.31,40.0,135.0,11.0,,4.03,,,,,,41010.0,54132102.0,111.0,134088.0,121584983.0,311.0,9.0,9.0,50.0,0,0,1,False,skill_pass,False,True,False,False,60.63,0,0,True,118.81595856044991,87.5,,27.799961419753085,-0.8239222488023566,-0.5852354859190071,-1.557512070644239,1.5704274526890438,2.3566494177385695,-1.2890595823457054,,-1.391497716221307,1.7204635326352937,2.2341624150476918,,-0.13931496931351495,0,1,0,0.6919360345637421,906.7551384165622,0.0023193723524849354,False,,,,True
GilyMa00,mardy-gilyard-1,00-0027700,Mardy Gilyard,WR,2010,4,99,STL,cincinnati,72.0,187.0,4.61,39.0,116.0,,6.92,4.4,,,,,,25.0,1016.0,1.0,368187.0,53612761191.0,31111.0,1.0,1.0,19.0,0,0,0,False,skill_pass,False,True,False,False,39.18,0,0,True,82.80716201104148,77.5,5.66,25.358989197530864,-0.8239222488023566,-1.2965857237232046,-0.01670428712857299,1.292488435385985,-0.2607566161589643,,-0.4642033405296057,0.8841964430644728,-1.1907359550213865,0.2636432483478769,0.1053771155181902,-1.3276385410555451,0,1,0,0.9999999810492883,145612.8575723749,0.08449782311705736,False,,,,True
LaFeBr00,brandon-lafell-1,00-0027681,Brandon LaFell,WR,2010,3,78,CAR,louisiana state,74.0,211.0,4.58,36.0,115.0,,6.81,4.23,,,,,,125.0,18613.0,100.0,5506357.0,140656929792.0,24811.0,43.0,19.0,125.0,0,0,5,False,skill_pass,False,True,False,False,49.86,0,0,True,95.90705136717418,75.5,5.52,27.08783783783784,-0.028074387736971164,-0.3481187399842746,-0.1707850654801405,0.45867138347680864,-0.3985148284693608,,-0.9404211978253741,-0.16139276525601987,-0.13165054155568112,-0.1304605849920861,-0.6899252667865539,-0.48599373553595776,0,1,0,0.9999998676709525,25544.462480729093,0.0045058829276779545,False,,,,True
McBrTr00,,00-0032123,Tre McBride,WR,2015,7,245,TEN,william & mary,72.0,210.0,4.41,38.0,122.0,16.0,6.96,4.08,,,,,,21.0,369.0,1.0,8452190.0,995603181121.0,1441.0,1.0,0.0,17.0,0,0,0,False,skill_pass,False,False,False,False,0.47,0,1,True,111.04395783283147,80.0,5.52,28.47800925925926,-0.8239222488023566,-0.38763819764006335,-1.0439094761390153,1.0145494180829262,0.5657926577034149,-0.32867446801250144,-0.2910332106038721,-1.0839714784799865,1.0921213855917298,0.7562730400228306,-0.6899252667865539,0.19077491172593866,0,1,0,0.9999999996293704,117792.3332439285,0.00017048835863841204,False,,,,True
BerrBr00,braxton-berrios-1,00-0034419,Braxton Berrios,WR,2018,6,210,NWE,miami,69.0,184.0,,,,11.0,,,1.0,1.0,17.0,0.0,0.0,41.0,729.0,0.0,21121254.0,23286178670.0,3029.0,11.0,,91.0,0,1,0,False,skill_pass,False,True,False,False,4.09,0,1,True,,,,27.169082125603865,-2.0176940404004347,-1.4151440966905708,,,,-1.2890595823457054,,,,,,-0.44644207601978814,0,1,0,0.9999999686938769,1102.4998170089711,0.00014341004563460106,False,,,,False
RobiAl02,allen-robinson-1,00-0031428,Allen Robinson,WR,2014,2,61,JAX,penn st.,75.0,220.0,4.6,39.0,127.0,,7.0,4.0,,,,,,6.0,36.0,0.0,37797.0,2910181432.0,116.0,48.0,18.0,139.0,1,0,8,False,skill_pass,False,True,False,False,59.44,0,0,True,98.2700890863026,83.0,5.5,27.49511111111111,0.3698495427957216,0.007556378917824189,-0.06806454657909854,1.292488435385985,1.2545837192553975,,-0.11786308067813844,-1.5760134588661012,0.059393726969119306,1.347428790032775,-0.8035398928300858,-0.2877233798288525,0,1,0,0.9999999876296374,76995.03748974786,0.0030690266423261106,False,,,,True
GaroJi00,,00-0031345,Jimmy Garoppolo,QB,2014,2,62,NWE,eastern illinois,74.0,226.0,4.97,30.5,110.0,,7.04,4.26,141565.0,253295.0,209225811.0,119.0,122.0,6812.0,,0.0,,,,47.0,2.0,85.0,0,0,3,False,skill_pass,False,True,False,False,58.86,0,0,True,74.08203093461327,70.25,5.65,29.013513513513512,-0.028074387736971164,0.2446731248525567,1.8322650530902187,-1.0699932116900148,-1.0873058900213435,,0.05530704924759519,0.023122977388769096,-1.8961357337832927,-1.164983147509489,0.048569802496424216,0.45147117131677544,1,0,0,,,,True,0.5588937799798653,826.0163485264218,0.9754098360655737,False
AustTa00,tavon-austin-1,00-0030525,Tavon Austin,WR,2013,1,8,STL,west virginia,68.0,174.0,4.34,32.0,120.0,14.0,,4.01,,,,,,6151672.0,47159182643.0,1113.0,1558101114.0,15178711861289.0,18812.0,26.0,22.0,113.0,0,0,4,False,skill_pass,False,True,False,False,94.73,1,0,True,98.0890042676749,76.0,,26.45371972318339,-2.4156179709331274,-1.8103386732484585,-1.4034312922926713,-0.6530846857354266,0.2902762330826218,-0.712828513745783,,-1.5145082113178383,0.04475358117896369,-0.03193462665709535,,-0.7946975774119166,0,1,0,0.9969026939406666,9741.801558899982,1.2073670849066603e-05,False,,,,True
TannRy00,ryan-tannehill-1,00-0029701,Ryan Tannehill,QB,2012,1,8,MIA,texas a&m,76.0,221.0,4.65,,,,,,14152327.0,18234531.0,86016383744.0,1329.0,615.0,245158.0,,14.0,554611.0,844609143.0,541.0,91.0,47.0,155.0,1,0,10,False,skill_pass,False,True,False,False,94.73,1,0,True,94.53888105988777,,,26.898026315789473,0.7677734733284143,0.047075836573612945,0.18873675067351547,,,,,,-0.24226286630066626,,,-0.5783985174441114,1,0,0,,,,False,0.7761278313108245,4717.22490389251,2.1609756097560977,False
WhitMi01,mike-white-6,00-0034401,Mike White,QB,2018,5,171,DAL,western kentucky,77.0,224.0,5.09,27.0,96.0,,7.4,4.4,93122280368.0,175242416560.0,1083163943634177.0,383726.0,9778.0,14282964.0,,6.0,,,,5.0,,15.0,0,0,0,False,skill_pass,False,True,False,False,12.33,0,1,True,66.74317842336458,61.5,5.9,26.55962219598583,1.165697403861107,0.1656342095409792,2.448588166496484,-2.0427797722507206,-3.0159208623668947,,1.613838218579198,0.8841964430644728,-2.4894591913284496,-2.889187418371827,1.4687526280406042,-0.7431417245467244,1,0,0,,,,True,0.5313912133602456,6180.946171004896,39.243812640621805,False
ClayKa00,kaelin-clay-1,00-0032115,Kaelin Clay,WR,2015,6,184,TAM,utah,70.0,195.0,4.51,33.0,113.0,10.0,6.97,4.26,,,,,,4.0,4.0,0.0,43.0,523.0,4.0,3.0,,22.0,0,0,0,False,skill_pass,False,False,False,False,9.09,0,1,True,94.26672941992533,73.0,5.615,27.976530612244897,-1.619770109867742,-0.9804300624768947,-0.5303068816337965,-0.37514566843236774,-0.6740312530901539,-1.481136605212346,-0.24774067812243963,0.023122977388769096,-0.26426548207085676,-0.6230903766670398,-0.15025579307976178,-0.0533568696795676,0,1,0,0.9924098671726755,12.162790697674419,0.09302325581395349,False,,,,True
MumpKe00,keith-mumphery-1,00-0031600,Keith Mumphery,WR,2015,5,175,HOU,michigan st.,72.0,215.0,4.54,32.5,121.0,,7.07,4.25,,,,,,626.0,38285.0,1.0,2421826.0,39515299495.0,133.0,2.0,2.0,27.0,0,0,0,False,skill_pass,False,True,False,False,11.28,0,1,True,101.21503838570821,76.75,5.66,29.156057098765434,-0.8239222488023566,-0.1900409093611196,-0.37622610328222894,-0.5141151770838972,0.4280344453930183,,0.18518464669189638,-0.038382270159493886,0.29748374144213424,0.11585431084539077,0.1053771155181902,0.5208647927653923,0,1,0,0.999999031135702,16316.32474628648,5.491724013203261e-05,False,,,,True
LaulKy00,,00-0034369,Kyle Lauletta,QB,2018,4,108,NYG,richmond,75.0,222.0,4.81,31.0,113.0,,6.95,4.07,1824.0,3035.0,220337.0,3.0,0.0,115.0,,10.0,,,,0.0,0.0,2.0,0,0,0,False,skill_pass,False,True,False,False,35.0,0,0,True,82.94737843265571,72.0,5.51,27.745066666666666,0.3698495427957216,0.0865952942294017,1.010500901881865,-0.9310237030384854,-0.6740312530901539,,-0.33432574308530455,-1.1454767260282495,-1.1793998923400277,-0.8201422933370213,-0.7467325798083198,-0.1660390460824687,1,0,0,,,,True,0.6009884678747941,72.5986820428336,10.0,False
PettDa00,dante-pettis-1,00-0034860,Dante Pettis,WR,2018,2,44,SFO,washington,72.0,186.0,,,,,,,21.0,41.0,8936.0,10.0,0.0,13.0,-850.0,0.0,17305363.0,259414822761.0,11157.0,11.0,5.0,66.0,0,0,0,False,skill_pass,False,True,False,False,69.87,0,0,True,,,,25.22337962962963,-0.8239222488023566,-1.3361051813789935,,,,,,,,,,-1.3936565172634356,0,1,0,1.0,14990.429427051025,0.0006447134336332616,False,,,,False
SmitLe00,lee-smith-2,00-0028097,Lee Smith,TE,2011,5,159,NWE,marshall,78.0,266.0,4.94,29.0,108.0,25.0,7.13,4.28,,,,,,1.0,0.0,0.0,2122338.0,989335358.0,3.0,5.0,,149.0,0,0,4,False,skill_pass,False,False,False,False,15.76,0,1,True,89.3313375317258,68.5,5.705,30.73602892833662,1.5636213343937997,1.8254514310841068,1.6781842747386557,-1.486901737644603,-1.3628223146421365,1.4000187377872655,0.44493984158049493,0.14613347248530054,-0.663276604716872,-1.5098240016819566,0.3610100241161422,1.290032811424187,0,0,1,1.0,466.1535335088002,1.413535450055552e-06,False,,,,True
DaviCo03,corey-davis-3,00-0033871,Corey Davis,WR,2017,1,5,TEN,western michigan,75.0,209.0,,,,,,,11.0,11.0,1822.0,0.0,0.0,111.0,2110.0,0.0,67789097.0,941140814361500.0,6151219.0,31.0,24.0,78.0,0,0,5,False,skill_pass,False,True,False,False,96.97,1,0,True,,,,26.120355555555555,0.3698495427957216,-0.4271576552958521,,,,,,,,,,-0.9569872154339643,0,1,0,0.999999999997758,13883365.555990515,0.09074053604814945,False,,,,False
BrisDe00,dezmon-briscoe-1,00-0027789,Dezmon Briscoe,WR,2010,6,191,CIN,kansas,74.0,207.0,4.66,33.0,115.0,9.0,7.1,4.57,,,,,,22.0,1819.0,1.0,429184.0,49613991337.0,7159.0,4.0,,25.0,0,0,0,False,skill_pass,False,False,False,False,7.55,0,1,True,87.79235002271086,74.0,5.835,26.574324324324323,-0.028074387736971164,-0.5061965706074296,0.24009701012403648,-0.37514566843236774,-0.3985148284693608,-1.6732136280789869,0.3150622441361937,1.9297856513849654,-0.7876989702798749,-0.4260384599970583,1.099505093399115,-0.7359843773633546,0,1,0,0.9999999633369563,115600.74778416716,0.01668049135102893,False,,,,True
EscoGa00,gavin-escobar-1,00-0030544,Gavin Escobar,TE,2013,2,47,DAL,san diego st.,78.0,254.0,4.84,32.0,114.0,,7.07,4.31,,,,,,2.0,7.0,0.0,295142.0,323780543.0,476.0,2.0,2.0,64.0,0,0,0,False,skill_pass,False,True,False,False,67.97,0,0,True,92.57255826036898,73.0,5.6899999999999995,29.349441157133466,1.5636213343937997,1.3512179392146417,1.1645816802334323,-0.6530846857354266,-0.5362730407797573,,0.18518464669189638,0.3306492151300895,-0.4012339643397869,-0.6230903766670398,0.2757990545834882,0.6150087706713189,0,0,1,0.9999999783804184,1097.0330993216824,0.001612782999369795,False,,,,True
SmitJo01,jonnu-smith-1,00-0033858,Jonnu Smith,TE,2017,3,100,TEN,florida international,75.0,248.0,4.62,38.0,127.0,22.0,,4.18,,,,,,1.0,5.0,0.0,39613642.0,388710397506.0,2844.0,29.0,10.0,141.0,1,0,5,False,skill_pass,False,True,False,False,38.71,0,0,True,108.87139163371842,82.5,,30.99448888888889,0.3698495427957216,1.1141011932799092,0.03465597232194799,1.0145494180829262,1.2545837192553975,0.8237876691873433,,-0.46891900299734574,0.916476148543061,1.2489028316977844,,1.4158572926205224,0,0,1,0.999999999987137,9812.53875889523,7.179344933747823e-05,False,,,,True
TaylTa00,taywan-taylor-1,00-0033911,Taywan Taylor,WR,2017,3,72,TEN,western kentucky,71.0,203.0,4.5,33.5,132.0,13.0,6.57,4.21,,,,,,176.0,,0.0,24458698.0,27076714671730.0,71717.0,6.0,6.0,35.0,0,0,0,False,skill_pass,False,False,False,False,53.15,0,0,True,99.00929736320683,82.75,5.390000000000001,28.309660781590953,-1.2218461793350492,-0.6642744012305847,-0.5816671410843175,-0.23617615978083836,1.94337478080738,-0.9049055366124238,-1.9794419773797722,-0.2844032603525513,0.11915642284378891,1.2981658108652798,-1.4284203360695218,0.10881885239069107,0,1,0,1.0,1107038.2680112408,0.0029321675258429537,False,,,,True
BrowVi00,vincent-brown-3,00-0028020,Vincent Brown,WR,2011,3,82,SDG,san diego st.,71.0,187.0,4.68,33.5,121.0,12.0,6.64,4.25,,,,,,331.0,,0.0,31644569.0,3496317781352.0,25610.0,9.0,8.0,38.0,0,0,1,False,skill_pass,False,False,False,False,47.73,0,0,True,77.96293673406312,77.25,5.445,26.0783574687562,-1.2218461793350492,-1.2965857237232046,0.34281752902507845,-0.23617615978083836,0.4280344453930183,-1.0969825594790645,-1.676394250009741,-0.038382270159493886,-1.582376539984636,0.21438026918038153,-1.1159801144498038,-0.9774328870632417,0,1,0,1.0,110487.13544975127,0.0008093015897925486,False,,,,True
HousRo01,rob-housler-1,00-0028007,Rob Housler,TE,2011,3,69,ARI,florida atlantic,77.0,248.0,4.46,37.0,117.0,22.0,6.9,4.21,,,,,,311.0,,100.0,253239.0,1664519629.0,44.0,9.0,9.0,65.0,0,0,3,False,skill_pass,False,False,False,False,54.83,0,0,True,125.3551675325089,77.0,5.555,29.4052960026986,1.165697403861107,1.1141011932799092,-0.7871081788864059,0.7366104007798674,-0.12299840384856776,0.8237876691873433,-0.5507884054924707,-0.2844032603525513,2.249138290843808,0.16511729001288614,-0.4910996712103678,0.6422002433873142,0,0,1,1.0,6572.919767492369,0.00017374890913326936,False,,,,True
KingTa00,tavarres-king-1,00-0030091,Tavarres King,WR,2013,5,161,DEN,georgia,72.0,189.0,4.47,36.5,123.0,11.0,6.91,4.33,,,,,,21.0,50.0,0.0,218274742.0,66377504705950.0,1389.0,2.0,,17.0,0,0,0,False,skill_pass,False,False,False,False,15.16,0,1,True,94.6807538887129,79.75,5.62,25.630208333333332,-0.8239222488023566,-1.2175468084116272,-0.7357479194358849,0.597640892128338,0.7035508700138113,-1.2890595823457054,-0.5074958730110382,0.45365971022662094,-0.23079288823512872,0.7070100608553352,-0.12185213656887879,-1.1956025886397645,0,1,0,0.9999999999992467,304100.7131551208,6.363539763111941e-06,False,,,,True
KendLa00,lance-kendricks-1,00-0027985,Lance Kendricks,TE,2011,2,47,STL,wisconsin,75.0,243.0,4.65,34.5,122.0,25.0,6.94,4.15,,,,,,72.0,,0.0,62943.0,141356663.0,35.0,16.0,13.0,137.0,0,0,6,False,skill_pass,False,False,False,False,67.97,0,0,True,103.9499913916413,78.25,5.545,30.3696,0.3698495427957216,0.9165039050009656,0.18873675067351547,0.04176285752222043,0.5657926577034149,1.4000187377872655,-0.377618275566737,-0.6534347456421347,0.5185962070784879,0.411432185850363,-0.5479069842321338,1.111646458254562,0,0,1,1.0,2245.788459399774,0.0005560586562445388,False,,,,True
HamiCo00,cobi-hamilton-1,00-0030290,Cobi Hamilton,WR,2013,6,197,CIN,arkansas,74.0,212.0,4.56,29.5,107.0,11.0,,4.31,,,,,,1.0,-8.0,0.0,19323490.0,3476305421335.0,3645.0,2.0,0.0,14.0,0,0,1,False,skill_pass,False,True,False,False,6.35,0,1,True,98.06329593943771,68.25,,27.216216216216218,-0.028074387736971164,-0.3085992823284858,-0.273505584381187,-1.3479322289930735,-1.500580526952533,-1.2890595823457054,,0.3306492151300895,0.04267514259827091,-1.5590869808494519,,-0.4234960750791086,0,1,0,1.0,179900.49526948808,0.00018863052171217519,False,,,,True
StilKe00,kenny-stills-1,00-0030085,Kenny Stills,WR,2013,5,144,NOR,oklahoma,72.0,194.0,4.38,33.5,124.0,16.0,,4.35,,,,,,12.0,122.0,0.0,616182.0,786849959.0,5811.0,35.0,14.0,130.0,0,0,5,False,skill_pass,False,True,False,False,20.63,0,1,True,105.42297885611393,78.75,,26.308256172839506,-0.8239222488023566,-1.0199495201326834,-1.197990254490583,-0.23617615978083836,0.8413090823242079,-0.32867446801250144,,0.5766702053231468,0.6376826737981833,0.5099581441853538,,-0.8655127076003108,0,1,0,0.9999998449514044,1276.976541021971,0.009430655228487687,False,,,,True
PattQu00,quinton-patton-1,00-0030450,Quinton Patton,WR,2013,4,128,SFO,louisiana tech,72.0,204.0,4.53,33.0,118.0,8.0,6.91,4.01,,,,,,101.0,,0.0,79104.0,12021392.0,1113.0,6.0,6.0,40.0,0,0,1,False,skill_pass,False,False,False,False,26.55,0,0,True,96.88741191039519,75.5,5.46,27.66435185185185,-0.8239222488023566,-0.6247549435747959,-0.42758636273274997,-0.37514566843236774,0.014759808461828759,-1.8652906509456277,-0.5074958730110382,-1.5145082113178383,-0.0523914330978974,-0.1304605849920861,-1.0307691449171548,-0.20533294552140535,0,1,0,1.0,151.9694579288026,0.014070084951456311,False,,,,True
HarpCh00,chris-harper-2,00-0030077,Chris Harper,WR,2013,4,123,SEA,kansas st.,73.0,229.0,4.55,35.5,116.0,20.0,6.89,4.39,,,,,,530.0,,0.0,254058.0,330547857.0,453.0,0.0,,4.0,0,0,0,False,skill_pass,False,False,False,False,28.55,0,0,True,106.86116175844418,75.75,5.64,30.209607806342653,-0.4259983182696639,0.363231497819923,-0.32486584383170797,0.31970187482527923,-0.2607566161589643,0.43963362345406165,-0.5940809379739069,0.8226911955162043,0.7539552996460255,-0.08119760582459072,-0.00823751052534682,1.0337584375360573,0,1,0,1.0,1301.072420470916,0.0017830574120870038,False,,,,True
DaviFr01,fred-davis-1,00-0026188,Fred Davis,TE,2008,2,48,WAS,southern california,75.0,255.0,4.68,,,24.0,,,16.0,26.0,312.0,2.0,1.0,5.0,-15.0,0.0,,,,14.0,14.0,72.0,0,0,3,False,skill_pass,False,True,False,True,67.34,0,0,True,106.3130955464497,,,31.869333333333334,0.3698495427957216,1.3907373968704306,0.34281752902507845,,,1.2079417149206249,,,0.7096458467219042,,,1.8417524607328666,0,0,1,,,,True,,,,False
RyanMa00,matt-ryan-1,00-0026143,Matt Ryan,QB,2008,1,3,ATL,boston col.,77.0,228.0,4.89,,,,7.4,4.51,61225266.0,141403411.0,89236243869.0,73032.0,5712.0,335844.0,,124.0,,,,146.0,144.0,234.0,4,1,15,False,skill_pass,False,True,False,False,98.48,1,0,True,79.7497639316089,,5.955,27.033901163771294,1.165697403861107,0.32371204016413424,1.4213829774860418,,,,1.613838218579198,1.5607541660953765,-1.4379171044995103,,1.7811928496603222,-0.5122513965577175,1,0,0,,,,True,0.4329829497535954,631.0756101138182,12.785714285714286,False
JeffD.00,dc-jefferson-1,00-0030291,D.C. Jefferson,TE,2013,7,219,ARI,rutgers,78.0,255.0,4.97,,,3.0,,,0.0,2.0,0.0,0.0,0.0,,,,5101220.0,108166118168.0,101.0,0.0,0.0,4.0,0,0,0,False,skill_pass,False,True,False,False,2.82,0,1,True,83.58813224923179,,,29.464990138067062,1.5636213343937997,1.3907373968704306,1.8322650530902187,,,-2.8256757652788314,,,-1.127596934138666,,,0.6712607740673912,0,0,1,1.0,21203.97045569491,1.9799185292929927e-05,False,,,,False
EbroEr00,eric-ebron-1,00-0031387,Eric Ebron,TE,2014,1,10,DET,north carolina,76.0,250.0,4.6,32.0,120.0,24.0,,,,,,,,2.0,7.0,0.0,104062.0,207625973.0,143.0,29.0,15.0,106.0,1,0,4,False,skill_pass,False,True,False,False,93.25,1,0,True,111.67055577988933,76.0,,30.42763157894737,0.7677734733284143,1.1931401085914868,-0.06806454657909854,-0.6530846857354266,0.2902762330826218,1.2079417149206249,,,1.1427798856595845,-0.03193462665709535,,1.139897616764588,0,0,1,0.9999999662855293,1995.2141319597931,0.0013741807768445735,False,,,,True
HardMe00,mecole-hardman-1,00-0035140,Mecole Hardman,WR,2019,2,56,KAN,georgia,70.0,187.0,4.33,36.5,119.0,17.0,,,,,,,,85.0,6136.0,20.0,2534.0,418532.0,47.0,23.0,23.0,82.0,1,0,0,False,skill_pass,False,True,False,False,62.42,0,0,True,106.3947055014808,77.75,,26.828775510204082,-1.619770109867742,-1.2965857237232046,-1.4547915517431924,0.597640892128338,0.1525180207722253,-0.13659744514586067,,,0.7162437584001862,0.3129062275153723,,-0.6121114634129626,0,1,0,0.9855510657737339,165.16653512233623,0.018547750591949488,False,,,,True
HaskDw00,dwayne-haskins-1,00-0035232,Dwayne Haskins,QB,2019,1,15,WAS,ohio st.,75.0,231.0,5.04,28.5,,,,,40371.0,57531.0,5654751.0,449.0,18.0,2479.0,86108.0,4.0,,,,4.0,4.0,16.0,0,0,0,False,skill_pass,False,True,False,False,89.6,1,0,True,71.60112232233672,,,28.869866666666667,0.3698495427957216,0.4422704131315005,2.1917868692438747,-1.6258712462961322,,,,,-2.0967094983375314,,,0.3815404557762592,1,0,0,,,,True,0.7017260259686082,98.29050424988267,24.944444444444443,False
ValdMa00,marquez-valdes-scantling-1,00-0034272,Marquez Valdes-Scantling,WR,2018,5,174,GNB,south florida,76.0,206.0,4.37,30.5,124.0,15.0,,,,,,,,28.0,4108.0,1.0,22222253.0,281257415879.0,156.0,29.0,18.0,116.0,0,0,5,False,skill_pass,False,True,False,False,11.54,0,1,True,112.97216928983512,77.25,,25.07236842105263,0.7677734733284143,-0.5457160282632184,-1.2493505139411039,-1.0699932116900148,0.8413090823242079,-0.5207514908791422,,,1.248011299824784,0.21438026918038153,,-1.467172379965852,0,1,0,0.9999999853941631,12656.566185210833,7.019990277313466e-06,False,,,,True
SmitGe00,geno-smith-1,00-0030565,Geno Smith,QB,2013,2,39,NYJ,west virginia,74.0,218.0,4.58,33.5,124.0,,,,32241346369.0,49372526518.0,309276343854205.0,1243142.0,1776.0,171065666.0,,22.0,,,,57.0,12.0,109.0,2,0,5,False,skill_pass,False,True,False,False,73.1,0,0,True,99.08880188646431,78.75,,27.986486486486488,-0.028074387736971164,-0.07148253639375332,-0.1707850654801405,-0.23617615978083836,0.8413090823242079,,,,0.12558411689504642,0.5099581441853538,,-0.04851011233801492,1,0,0,,,,True,0.6530220072340354,6264.1384929217775,699.9673423423424,False
LeexMa00,marqise-lee-1,00-0031431,Marqise Lee,WR,2014,2,39,JAX,southern california,72.0,192.0,4.52,38.0,127.0,,,4.01,,,,,,5136.0,331067.0,0.0,7311857.0,11431721791.0,11144.0,17.0,17.0,59.0,0,0,2,False,skill_pass,False,True,False,False,73.1,0,0,True,91.99780915190651,82.5,,26.037037037037038,-0.8239222488023566,-1.098988435444261,-0.4789466221832755,1.0145494180829262,1.2545837192553975,,,-1.5145082113178383,-0.44770064666256965,1.2489028316977844,,-0.9975486600160917,0,1,0,0.9999710404593023,1563.4498583601949,0.0015240998285387694,False,,,,True
BennAr00,arrelious-benn-1,00-0027654,Arrelious Benn,WR,2010,2,39,TAM,illinois,73.0,219.0,4.57,37.0,118.0,20.0,,,,,,,,32237.0,15810123.0,21.0,546738.0,6761055490.0,232.0,8.0,7.0,61.0,0,0,2,False,skill_pass,False,True,False,False,73.1,0,0,True,100.41747809719602,77.5,,28.89041095890411,-0.4259983182696639,-0.03196307873796456,-0.22214532493066147,0.7366104007798674,0.014759808461828759,0.43963362345406165,,,0.23300346645971087,0.2636432483478769,,0.39154190786500287,0,1,0,0.9976670449286066,12366.170798444593,0.00042433487337627897,False,,,,True
CharDJ00,dj-chark-1,00-0034777,DJ Chark,WR,2018,2,61,JAX,louisiana state,75.0,199.0,4.34,40.0,129.0,16.0,,,,,,,,11212.0,7912263.0,121.0,2640.0,11466874.0,33.0,21.0,13.0,76.0,1,0,4,False,skill_pass,False,True,False,False,59.44,0,0,True,112.18225200728337,84.5,,24.87057777777778,0.3698495427957216,-0.8223522318537396,-1.4034312922926713,1.5704274526890438,1.5301001438761905,-0.32867446801250144,,,1.1841489381626695,1.6430066650377473,,-1.5654088841658833,0,1,0,0.5917123141242048,4343.512878787878,0.0125,False,,,,True
McCoCo00,colt-mccoy-1,00-0027688,Colt McCoy,QB,2010,3,85,CLE,texas,73.0,216.0,4.79,,114.0,,,,217276332332.0,318424433470.0,2570330338593521.0,29223427.0,718812.0,68114136129.0,170492561348.0,24113.0,,,,17.0,9.0,56.0,0,0,2,False,skill_pass,False,True,False,False,46.16,0,0,True,82.06192363424101,,,28.494651904672548,-0.4259983182696639,-0.15052145170533082,0.9077803829808229,,-0.5362730407797573,,,,-1.2509861657649408,,,0.1988769489636874,1,0,0,,,,True,0.6823481790145681,8072.026102342683,40.65517409280869,False
McClRa00,ray-ray-mccloud-1,00-0034407,Ray-Ray McCloud,WR,2018,6,187,BUF,clemson,69.0,190.0,4.53,34.5,113.0,13.0,,,,,,,,756.0,482830.0,0.0,294949.0,251472503.0,121.0,14.0,0.0,100.0,0,0,1,False,skill_pass,False,True,False,False,8.41,0,1,True,90.23827579889748,73.75,,28.0550304557866,-2.0176940404004347,-1.1780273507558385,-0.42758636273274997,0.04176285752222043,-0.6740312530901539,-0.9049055366124238,,,-0.5899534594930749,-0.4753014391645537,,-0.015141271153115065,0,1,0,0.9980836682667082,852.596560761352,0.0004102404144445311,False,,,,True
HarnCh00,chandler-harnish-1,00-0029554,Chandler Harnish,QB,2012,7,253,IND,northern illinois,74.0,219.0,4.68,32.5,112.0,,6.78,4.15,118143189228.0,211223292365.0,1528167025303118.0,8112127.0,9656.0,11889137177.0,5392298361231.0,42710.0,,,,,,,0,0,0,False,skill_pass,True,True,False,False,0.15,0,1,True,91.3041879398921,72.25,5.465,28.114864864864863,-0.028074387736971164,-0.03196307873796456,0.34281752902507845,-0.5141151770838972,-0.8117894654005504,,-1.0702987952696714,-0.6534347456421347,-0.5037777697697933,-0.7708793141695259,-1.0023654884062718,0.013987548118832571,1,0,0,,,,True,0.5593284145190064,7234.841423939179,840.1125724937863,False
MattRi00,rishard-matthews-1,00-0029580,Rishard Matthews,WR,2012,7,227,MIA,nevada,72.0,217.0,4.54,36.0,,20.0,6.88,4.19,,,,,,55.0,,20.0,5691.0,8791364.0,58.0,22.0,8.0,87.0,0,0,4,False,skill_pass,False,True,False,False,1.89,0,1,True,102.1565736265055,,5.535,29.427276234567902,-0.8239222488023566,-0.11100199404954207,-0.37622610328222894,0.45867138347680864,,0.43963362345406165,-0.6373734704553393,-0.40741375544907726,0.3736039446502256,,-0.6047142972538998,0.652900745181173,0,1,0,1.0,1544.7836935512212,0.010191530486733439,False,,,,True
ColeSt00,stacy-coley-1,00-0033968,Stacy Coley,WR,2017,7,219,MIN,miami,73.0,195.0,4.45,34.0,122.0,10.0,,,,,,,,251.0,803015.0,100.0,33234863.0,591184693754.0,7049.0,0.0,0.0,7.0,0,0,0,False,skill_pass,False,True,False,False,2.82,0,1,True,99.45452856871974,78.0,,25.724338525051603,-0.4259983182696639,-0.9804300624768947,-0.8384684383369269,-0.09720665112930897,0.5657926577034149,-1.481136605212346,,,0.15515198452826423,0.3621692066828676,,-1.1497777633455277,0,1,0,0.9999986416869081,17788.08878357645,0.0002120965565586956,False,,,,True
HuffJo00,josh-huff-1,00-0030990,Josh Huff,WR,2014,3,86,PHI,oregon,71.0,206.0,4.51,35.5,116.0,14.0,,,,,,,,126.0,21428.0,20.0,19313262.0,3034304931140.0,32712.0,6.0,6.0,37.0,0,0,0,False,skill_pass,False,True,False,False,45.64,0,0,True,99.58433979745958,75.75,,28.728030152747472,-1.2218461793350492,-0.5457160282632184,-0.5303068816337965,0.31970187482527923,-0.2607566161589643,-0.712828513745783,,,0.16564681964670458,-0.08119760582459072,,0.31249105353830475,0,1,0,0.9999999929380862,157109.9139617119,0.0016937584132602768,False,,,,True
CunnB.00,bj-cunningham-1,00-0029564,B.J. Cunningham,WR,2012,6,183,MIA,michigan st.,73.0,211.0,4.52,31.5,116.0,12.0,7.1,,,,,,,413.0,56026.0,0.0,41485079.0,5286416111306.0,4912.0,0.0,,2.0,0,0,0,False,skill_pass,False,True,False,False,9.32,0,1,True,101.10175901589726,73.75,,27.835053480953274,-0.4259983182696639,-0.3481187399842746,-0.4789466221832755,-0.7920541943869559,-0.2607566161589643,-1.0969825594790645,0.3150622441361937,,0.2883254558298055,-0.4753014391645537,,-0.12223131587184066,0,1,0,0.9999999894018938,127429.33697453004,0.00011840401702019176,False,,,,True
DarbAm00,amara-darboh-1,00-0033937,Amara Darboh,WR,2017,3,106,SEA,michigan,74.0,214.0,4.45,36.0,124.0,17.0,,,,,,,,2.0,2.0,0.0,365857.0,473727862.0,257.0,1.0,1.0,16.0,0,0,0,False,skill_pass,False,True,False,False,35.91,0,0,True,109.14496981387704,80.0,,27.472972972972972,-0.028074387736971164,-0.22956036701690832,-0.8384684383369269,0.45867138347680864,0.8413090823242079,-0.13659744514586067,,,0.9385940956624271,0.7562730400228306,,-0.29850075416541183,0,1,0,0.9999999957781669,1294.8443298884538,0.0007024602508630422,False,,,,True
SmitJu00,juju-smith-1,00-0033857,JuJu Smith-Schuster,WR,2017,2,62,PIT,southern california,73.0,215.0,4.54,32.5,120.0,15.0,,,,,,,,215.0,3427.0,0.0,548970.0,7241454914.0,51010.0,43.0,30.0,121.0,1,0,4,False,skill_pass,False,True,False,False,58.86,0,0,True,101.21503838570821,76.25,,28.36273221992869,-0.4259983182696639,-0.1900409093611196,-0.37622610328222894,-0.5141151770838972,0.2902762330826218,-0.5207514908791422,,,0.29748374144213424,0.017328352510400026,,0.1346552959965811,0,1,0,0.9999995267527839,13190.98477876751,0.09291946736615844,False,,,,True
CoreCo00,cody-core-1,00-0032795,Cody Core,WR,2016,6,199,CIN,mississippi,75.0,205.0,4.47,31.5,119.0,14.0,,,,,,,,41.0,861.0,0.0,144137.0,491558644.0,64.0,3.0,3.0,51.0,0,0,0,False,skill_pass,False,True,False,False,5.97,0,1,True,102.6960558052177,75.25,,25.620444444444445,0.3698495427957216,-0.5852354859190071,-0.7357479194358849,-0.7920541943869559,0.1525180207722253,-0.712828513745783,,,0.4172194051145005,-0.17972356415958146,,-1.2003558829267318,0,1,0,0.9999982484317946,3410.357118574689,0.00044402200684071406,False,,,,True
MallRy00,ryan-mallett-1,00-0028012,Ryan Mallett,QB,2011,3,74,NWE,arkansas,79.0,253.0,5.37,24.0,103.0,,,,61225266.0,141403411.0,89236243869.0,73032.0,5712.0,335844.0,,124.0,,,,4.0,0.0,21.0,0,0,0,False,skill_pass,False,True,False,False,52.04,0,0,True,60.84899000541282,63.5,,28.49847780804358,1.9615452649264924,1.311698481558853,3.8866754311111036,-2.876596824159897,-2.051613376194119,,,,-2.9659860388432966,-2.495083585031864,,0.20073949009283962,1,0,0,,,,True,0.4329829497535954,631.0756101138182,12.785714285714286,False
HiggRa00,rashard-higgins-1,00-0032977,Rashard Higgins,WR,2016,5,172,CLE,colorado st.,73.0,196.0,4.64,32.0,116.0,13.0,,,,,,,,1.0,20.0,0.0,689675.0,83717501062.0,6178.0,13.0,13.0,85.0,0,0,0,False,skill_pass,False,True,False,False,12.06,0,1,True,84.5695743629477,74.0,,25.85625820979546,-0.4259983182696639,-0.9409106048211059,0.13737649122298995,-0.6530846857354266,-0.2607566161589643,-0.9049055366124238,,,-1.0482503840618238,-0.4260384599970583,,-1.0855561103784215,0,1,0,0.9999999997611013,121386.88666690832,0.008957842462029216,False,,,,True
JohnRo05,ronald-johnson-2,00-0028120,Ronald Johnson,WR,2011,6,182,SFO,southern california,71.0,199.0,4.46,,,16.0,,,0.0,1.0,0.0,0.0,0.0,4615.0,2732425.0,0.0,7333464.0,110570378692.0,1838.0,,,,0,0,0,False,skill_pass,True,True,False,False,9.56,0,1,True,100.58741265713415,,,27.751834953382264,-1.2218461793350492,-0.8223522318537396,-0.7871081788864059,,,-0.32867446801250144,,,0.2467421484272749,,,-0.16274408247279212,0,1,0,0.999975288522025,15077.510258726299,0.00025063189783163865,False,,,,False
JoneCa01,cardale-jones-1,00-0033098,Cardale Jones,QB,2016,4,139,BUF,ohio st.,77.0,253.0,4.81,36.0,,,,,156110.0,292176.0,38601460.0,78.0,25.0,177264.0,128296193.0,112.0,,,,0.0,0.0,1.0,0,0,0,False,skill_pass,False,True,False,False,22.4,0,0,True,94.53012046604456,,,29.998144712430427,1.165697403861107,1.311698481558853,1.010500901881865,0.45867138347680864,,,,,-0.24297113313410282,,,0.9308131533735733,1,0,0,,,,True,0.534301243086359,132.11714856798642,3.12,False
ColeCo00,corey-coleman-1,00-0032966,Corey Coleman,WR,2016,1,15,CLE,baylor,71.0,194.0,4.42,40.5,129.0,17.0,,,,,,,,1122.0,53111.0,10.0,356474.0,52711191363.0,21120.0,6.0,5.0,27.0,0,0,2,False,skill_pass,False,True,False,False,89.6,1,0,True,101.65825443493327,84.75,,27.054552668121403,-1.2218461793350492,-1.0199495201326834,-0.9925492166884944,1.7093969613405733,1.5301001438761905,-0.13659744514586067,,,0.33331638399253916,1.6922696442052427,,-0.5021977510521466,0,1,0,0.9999989924161243,147868.26350028333,0.05924695770238503,False,,,,True
LouiRi00,ricardo-louis-1,00-0033079,Ricardo Louis,WR,2016,4,114,CLE,auburn,74.0,215.0,4.43,38.0,132.0,18.0,,,,,,,,2191829.0,2198220158.0,11.0,3282146.0,36325261716.0,233.0,3.0,3.0,32.0,0,0,1,False,skill_pass,False,True,False,False,32.34,0,0,True,111.6486691579471,85.0,,27.60135135135135,-0.028074387736971164,-0.1900409093611196,-0.9411889572379735,1.0145494180829262,1.94337478080738,0.05547957772078011,,,1.1410104201764122,1.7415326233727382,,-0.2360030937085626,0,1,0,0.9429381755992413,11067.533776986154,7.099013876896397e-05,False,,,,True
FloyMi00,michael-floyd-1,00-0029638,Michael Floyd,WR,2012,1,13,ARI,notre dame,75.0,220.0,4.4,36.5,122.0,16.0,,,,,,,,112.0,8913.0,1.0,484479100.0,71979510251147.0,79129.0,28.0,27.0,102.0,0,0,3,False,skill_pass,False,True,False,False,91.05,1,0,True,117.3929376408715,79.25,,27.49511111111111,0.3698495427957216,0.007556378917824189,-1.0952697355895364,0.597640892128338,0.5657926577034149,-0.32867446801250144,,,1.6054167060545401,0.6084841025203445,,-0.2877233798288525,0,1,0,0.999999999876173,148570.92958426278,0.00016332799495375548,False,,,,True
NelsJJ00,,00-0032112,JJ Nelson,WR,2015,5,159,ARI,ala-birmingham,70.0,156.0,4.28,36.0,127.0,,7.02,4.15,,,,,,10125.0,2302245.0,1000.0,17224235.0,358414846655.0,4484.0,12.0,12.0,58.0,0,0,0,False,skill_pass,False,True,False,False,15.76,0,1,True,92.97785396829212,81.5,5.585,22.38122448979592,-1.619770109867742,-2.521688911052656,-1.7115928489958019,0.45867138347680864,1.2545837192553975,,-0.03127801571527355,-0.6534347456421347,-0.36846706373991966,1.0518509150278028,-0.3206777321450648,-2.7772855141298707,0,1,0,0.9999935766326833,20808.752705417686,0.0002603308652024313,False,,,,True
WyliDe00,devon-wylie-1,00-0029274,Devon Wylie,WR,2012,4,107,KAN,fresno st.,69.0,187.0,4.36,39.0,123.0,17.0,,,,,,,,24318.0,-15116448.0,0.0,12217256.0,4426925939716.0,2411.0,0.0,0.0,8.0,0,0,0,False,skill_pass,False,True,False,False,35.45,0,0,True,103.49649567905603,81.0,,27.612056290695232,-2.0176940404004347,-1.2965857237232046,-1.3007107733916248,1.292488435385985,0.7035508700138113,-0.13659744514586067,,,0.4819324856369431,0.9533249566928121,,-0.23079167358645158,0,1,0,1.0,362350.264225944,0.00019734382254083896,False,,,,True
MontTy01,ty-montgomery-1,00-0032200,Ty Montgomery,WR,2015,3,94,GNB,stanford,72.0,221.0,4.55,40.5,121.0,,6.97,4.21,,,,,,211323.0,,1021.0,24266161.0,350213958604.0,20103.0,17.0,13.0,92.0,0,0,1,False,skill_pass,False,True,False,False,41.61,0,0,True,103.12802073631514,80.75,5.59,29.96971450617284,-0.8239222488023566,0.047075836573612945,-0.32486584383170797,1.7093969613405733,0.4280344453930183,,-0.24774067812243963,-0.2844032603525513,0.45214242966965407,0.9040619775253167,-0.2922740756341818,0.9169726500127345,0,1,0,1.0,14432.19463531953,0.0008284375925800542,False,,,,True
JenkA.00,aj-jenkins-1,00-0029654,A.J. Jenkins,WR,2012,1,30,SFO,illinois,72.0,190.0,4.37,38.5,124.0,12.0,,,,,,,,15.0,-126.0,0.0,11105690.0,2871237461276.0,3178.0,2.0,0.0,28.0,0,0,0,False,skill_pass,False,True,False,False,79.09,1,0,True,104.19763186926541,81.25,,25.765817901234566,-0.8239222488023566,-1.1780273507558385,-1.2493505139411039,1.1535189267344557,0.8413090823242079,-1.0969825594790645,,,0.5386171714168305,1.0025879358603076,,-1.129584612431874,0,1,0,1.0,258537.51196692867,0.0002861596172772696,False,,,,True
RyanSe00,sean-ryan-1,00-0022817,Sean Ryan,TE,2004,5,144,DAL,boston col.,76.0,268.0,4.97,32.5,115.0,22.0,,,,,,,,11.0,242.0,0.0,11192525.0,151219264399.0,1003.0,1.0,0.0,53.0,0,0,0,False,skill_pass,False,True,False,False,20.63,0,1,True,87.84948801095733,73.75,,32.61842105263158,0.7677734733284143,1.9044903463956844,1.8322650530902187,-0.5141151770838972,-0.3985148284693608,0.8237876691873433,,,-0.7830795411945233,-0.4753014391645537,,2.206426251790677,0,0,1,0.9999999983996748,13510.73724642116,8.961338035876624e-05,False,,,,True
FullCo00,corey-fuller-2,00-0030095,Corey Fuller,WR,2013,6,171,DET,virginia tech,74.0,204.0,4.43,31.5,120.0,12.0,,,,,,,,1.0,10.0,0.0,243.0,19815.0,6.0,3.0,3.0,28.0,0,0,0,False,skill_pass,False,True,False,False,12.33,0,1,True,105.93641166614515,75.75,,26.18918918918919,-0.028074387736971164,-0.6247549435747959,-0.9411889572379735,-0.7920541943869559,0.2902762330826218,-1.0969825594790645,,,0.6791921236199262,-0.08119760582459072,,-0.9234773587339007,0,1,0,0.9994955863808322,81.54320987654322,0.024691358024691357,False,,,,True
WilsTy00,tyler-wilson-1,00-0030568,Tyler Wilson,QB,2013,4,112,OAK,arkansas,74.0,215.0,4.95,28.5,112.0,,7.22,4.39,112234277249.0,223651438401.0,6921845336383387.0,1242421.0,223613.0,3246041.0,,40.0,,,,,,,0,0,0,False,skill_pass,True,True,False,False,33.22,0,0,True,71.62220047114289,70.25,5.805,27.60135135135135,-0.028074387736971164,-0.1900409093611196,1.7295445341891769,-1.6258712462961322,-0.8117894654005504,,0.8345726339133946,0.8226911955162043,-2.0950053953992103,-1.164983147509489,0.9290831543338122,-0.2360030937085626,1,0,0,,,,True,0.501826762445263,30949.25472365054,5.556121513507712,False
RiveMy00,mychal-rivera-1,00-0030514,Mychal Rivera,TE,2013,6,184,OAK,tennessee,75.0,242.0,4.81,31.0,112.0,17.0,7.17,4.43,,,,,,,,,112936.0,112344562.0,15.0,10.0,10.0,61.0,0,0,1,False,skill_pass,False,False,False,False,9.09,0,1,True,90.42011522839046,71.5,5.8,30.244622222222223,0.3698495427957216,0.8769844473451768,1.010500901881865,-0.9310237030384854,-0.8117894654005504,-0.13659744514586067,0.6181099715062286,1.0687121857092616,-0.5752523057555599,-0.918668251672012,0.9006794978229292,1.050804291381371,0,0,1,1.0,994.7630693490119,0.0001328185875185946,False,,,,True
BrowJu00,justin-brown-1,00-0030466,Justin Brown,WR,2013,6,186,PIT,oklahoma,,,,,,,,,0.0,1.0,0.0,0.0,1.0,21.0,-120.0,0.0,5333573.0,78452517879.0,125.0,1.0,1.0,8.0,0,0,0,False,skill_pass,False,True,True,False,8.64,0,1,True,,,,,,,,,,,,,,,,,0,1,0,1.0,14709.18610826176,2.3436446824670817e-05,False,,,,False
MoreFo00,foster-moreau-1,00-0034981,Foster Moreau,TE,2019,4,137,OAK,louisiana state,76.0,253.0,4.66,36.5,121.0,22.0,7.16,4.11,,,,,,,,,62422.0,79278272.0,132.0,13.0,8.0,104.0,0,0,5,False,skill_pass,False,False,False,False,23.13,0,0,True,107.30176113886884,78.75,5.635,30.792763157894736,0.7677734733284143,1.311698481558853,0.24009701012403648,0.597640892128338,0.4280344453930183,0.8237876691873433,0.5748174390247961,-0.8994557358351921,0.7895763926418475,0.5099581441853538,-0.03664116703622981,1.317652389268935,0,0,1,1.0,1270.037358623562,0.0021146390695588094,False,,,,True
GentZa00,zach-gentry-2,00-0035222,Zach Gentry,TE,2019,5,141,PIT,michigan,80.0,265.0,4.9,29.5,110.0,12.0,7.4,4.53,,,,,,,,,1732.0,303514.0,22.0,2.0,2.0,41.0,0,0,2,False,skill_pass,False,False,False,False,21.68,0,1,True,91.93725854543804,69.75,5.965,29.10859375,2.359469195459185,1.785931973428318,1.4727432369365674,-1.3479322289930735,-1.0873058900213435,-1.0969825594790645,1.613838218579198,1.683764661191908,-0.45259597534389434,-1.2635091058444796,1.838000162682088,0.49775850109263015,0,0,1,1.0,175.2390300230947,0.012702078521939953,False,,,,True
OsweBr00,brock-osweiler-1,00-0029682,Brock Osweiler,QB,2012,2,57,DEN,arizona st.,79.0,242.0,4.83,,,,,,2462326.0,55109516.0,2497974036.0,2526.0,2013.0,163883.0,712490.0,13.0,,,,14.0,7.0,49.0,0,0,1,False,skill_pass,False,True,False,False,61.82,0,0,True,88.93175003825182,,,27.25941355551995,1.9615452649264924,0.8769844473451768,1.1132214207829114,,,,,,-0.6955820138876363,,,-0.4024665786908089,1,0,0,,,,True,0.044680595634336545,45.32745371960806,1.2548435171385992,False
BrowDa03,daron-brown-1,00-0031960,Da'Ron Brown,WR,2015,7,233,KAN,northern illinois,72.0,205.0,4.54,37.0,120.0,17.0,7.04,4.11,,,,,,14710.0,3445108.0,101.0,23174668.0,3171567521065.0,2296.0,,,,0,0,0,False,skill_pass,True,False,False,False,1.31,0,1,True,96.50736218172179,78.5,5.575,27.799961419753085,-0.8239222488023566,-0.5852354859190071,-0.37622610328222894,0.7366104007798674,0.2902762330826218,-0.13659744514586067,0.05530704924759519,-0.8994557358351921,-0.08311727459831918,0.4606951650178584,-0.3774850451668308,-0.13931496931351495,0,1,0,0.9999989137534563,136854.9280216226,9.90736954678272e-05,False,,,,True
WallDa01,darren-waller-1,00-0031610,Darren Waller,WR,2015,6,204,BAL,georgia tech,78.0,238.0,4.46,37.0,125.0,12.0,7.07,4.25,,,,,,,,,81726.0,162367442.0,36.0,33.0,1.0,95.0,1,0,4,False,skill_pass,False,False,False,False,5.07,0,1,True,120.3005236803916,81.0,5.66,27.500657462195925,1.5636213343937997,0.7189066167220217,-0.7871081788864059,0.7366104007798674,0.9790672946346044,-1.0969825594790645,0.18518464669189638,-0.038382270159493886,1.8404860168812505,0.9533249566928121,0.1053771155181902,-0.2850232836658406,0,1,0,1.0,1986.7293395002814,0.0004404962924895382,False,,,,True
JoneMa00,matt-jones-1,00-0023456,Matt Jones,WR,2005,1,21,JAX,arkansas,78.0,242.0,4.37,39.5,129.0,,,,,,,,,5279166.0,275339817.0,326.0,3511.0,102565.0,1.0,22.0,22.0,54.0,0,0,1,False,skill_pass,False,True,False,False,85.32,1,0,True,132.714878486117,84.25,,27.96285338593031,1.5636213343937997,0.8769844473451768,-1.2493505139411039,1.4314579440375144,1.5301001438761905,,,,2.8441480887426804,1.593743685870252,,-0.06001527008155117,0,1,0,0.00037236462760476707,29.212475078325262,0.0002848191398461977,False,,,,True
FuncDe00,devin-funchess-1,00-0032055,Devin Funchess,WR,2015,2,41,CAR,michigan,76.0,232.0,4.7,38.5,122.0,17.0,,,,,,,,62.0,,0.0,154962.0,234748733.0,564.0,20.0,20.0,62.0,0,0,2,False,skill_pass,False,True,False,False,71.8,0,0,True,95.08818301852108,80.25,,28.236842105263158,0.7677734733284143,0.48178987078728924,0.44553804792612495,1.1535189267344557,0.5657926577034149,-0.13659744514586067,,,-0.19785350709456506,0.805536019190326,,0.07336898173849857,0,1,0,1.0,1514.8793446135182,0.003639601966933829,False,,,,True
RandRu00,rueben-randle-1,00-0029262,Rueben Randle,WR,2012,2,63,NYG,louisiana state,75.0,210.0,4.55,31.0,121.0,15.0,6.99,4.36,,,,,,,,,113353.0,173544917.0,238.0,21.0,21.0,64.0,0,0,2,False,skill_pass,False,False,False,False,58.27,0,0,True,97.99495183088769,76.0,5.675000000000001,26.245333333333335,0.3698495427957216,-0.38763819764006335,-0.32486584383170797,-0.9310237030384854,0.4280344453930183,-0.5207514908791422,-0.1611556131595709,0.6381754528714153,0.03714973345214255,-0.03193462665709535,0.19058808505084424,-0.8961450485607715,0,1,0,1.0,1531.0130036258413,0.002099635651460482,False,,,,True
AlleDw00,dwayne-allen-1,00-0029689,Dwayne Allen,TE,2012,3,64,IND,clemson,75.0,255.0,4.85,32.0,110.0,27.0,7.12,4.37,,,,,,,,,103350.0,108373598.0,318.0,12.0,11.0,86.0,0,0,4,False,skill_pass,False,False,False,False,57.69,0,0,True,92.17289362149008,71.0,5.745,31.869333333333334,0.3698495427957216,1.3907373968704306,1.2159419396839533,-0.6530846857354266,-1.0873058900213435,1.7841727835205472,0.4016473090990625,0.6996807004196783,-0.4335456104772047,-1.0171942100070028,0.5882392762032111,1.8417524607328666,0,0,1,1.0,1048.6076245766812,0.003076923076923077,False,,,,True
CoatSa00,sammie-coates-1,00-0032166,Sammie Coates,WR,2015,3,87,PIT,auburn,73.0,212.0,4.43,41.0,131.0,23.0,6.98,4.06,,,,,,,,,64234.0,114902741.0,274.0,4.0,4.0,44.0,0,0,0,False,skill_pass,False,False,False,False,45.13,0,0,True,110.09078075109203,86.0,5.52,27.96697316569713,-0.4259983182696639,-0.3085992823284858,-0.9411889572379735,1.8483664699921025,1.8056165684969836,1.015864692053984,-0.20444814564100333,-1.206981973576518,1.0150599756610073,1.9385845400427195,-0.6899252667865539,-0.05800966290473435,0,1,0,1.0,1788.8149733785845,0.0042656537036460445,False,,,,True
WalfCl00,clive-walford-1,00-0032256,Clive Walford,TE,2015,3,68,OAK,miami,76.0,251.0,4.79,35.0,120.0,20.0,7.32,4.57,,,,,,,,,18253444.0,172451454676.0,1427.0,7.0,7.0,52.0,0,0,1,False,skill_pass,False,False,False,False,55.39,0,0,True,95.35899459349304,77.5,5.945,30.549342105263158,0.7677734733284143,1.2326595662472755,0.9077803829808229,0.18073236617374983,0.2902762330826218,0.43963362345406165,1.2674979587277306,1.9297856513849654,-0.17595923142144998,0.2636432483478769,1.724385536638556,1.1991492075993697,0,0,1,1.0,9447.611895924956,7.817702785293558e-05,False,,,,True
BoydTa00,tajh-boyd-1,,Tajh Boyd,QB,2014,6,213,NYJ,clemson,73.0,222.0,4.84,30.5,106.0,,7.33,4.23,33298287283.0,63499427413.0,329382838963851.0,4333634.0,3121311.0,23142186154.0,33218514400.0,151010.0,,,,,,,0,0,0,False,skill_pass,True,True,False,False,3.64,0,1,True,80.90987375512564,68.25,5.78,29.286170013135674,-0.4259983182696639,0.0865952942294017,1.1645816802334323,-1.0699932116900148,-1.6383387392629296,,1.310790491209163,-0.16139276525601987,-1.3441258243823488,-1.5590869808494519,0.7870648717793972,0.58420686676632,1,0,0,,,,True,0.524387205359004,5187.178095662917,1.3884018606284347,False
BellKe02,kenny-bell-2,00-0032113,Kenny Bell,WR,2015,5,162,TAM,nebraska,73.0,197.0,4.42,41.5,129.0,7.0,6.66,4.15,,,,,,321.0,10081.0,100.0,32505247.0,461863577788.0,3846.0,,,,0,0,0,False,skill_pass,True,False,False,False,14.86,0,1,True,103.23028929732914,85.25,5.405,25.988177894539312,-0.4259983182696639,-0.9013911471653171,-0.9925492166884944,1.987335978643632,1.5301001438761905,-2.0573676738122684,-1.5898091850468725,-0.6534347456421347,0.4604105255505822,1.7907956025402334,-1.3432093665368727,-1.0213344574113168,0,1,0,0.999999978173209,14208.893037730186,0.00011831935933297169,False,,,,True
HoopAu00,austin-hooper-1,00-0032392,Austin Hooper,TE,2016,3,81,ATL,stanford,76.0,254.0,4.72,33.0,117.0,19.0,7.0,4.32,,,,,,,,,4034.0,499438.0,26.0,33.0,18.0,155.0,2,0,5,False,skill_pass,False,False,False,False,48.25,0,0,True,102.35185491296333,75.0,5.66,30.914473684210527,0.7677734733284143,1.3512179392146417,0.5482585668271669,-0.37514566843236774,-0.12299840384856776,0.24755660058742088,-0.11786308067813844,0.3921544626783579,0.38939183082145357,-0.22898654332707685,0.1053771155181902,1.3769039801037186,0,0,1,1.0,123.80713931581556,0.006445215666831929,False,,,,True
DaviGe00,geremy-davis-1,00-0031953,Geremy Davis,WR,2015,6,186,NYG,connecticut,74.0,216.0,4.49,36.5,124.0,23.0,6.86,4.18,,,,,,,,,6447144.0,736081085521.0,133.0,0.0,0.0,36.0,0,0,0,False,skill_pass,False,False,False,False,8.64,0,1,True,106.29146252539253,80.25,5.52,27.72972972972973,-0.028074387736971164,-0.15052145170533082,-0.6330274005348384,0.597640892128338,0.8413090823242079,1.015864692053984,-0.7239585354182042,-0.46891900299734574,0.7078968840835199,0.805536019190326,-0.6899252667865539,-0.1735054332517134,0,1,0,1.0,114171.6526761307,2.062928949624826e-05,False,,,,True
ThomMi05,michael-thomas-3,00-0032765,Michael Thomas,WR,2016,2,47,NOR,ohio st.,75.0,212.0,4.57,35.0,126.0,18.0,6.8,4.13,,,,,,,,,35456.0,22799781.0,99.0,60.0,60.0,83.0,3,2,4,False,skill_pass,False,False,False,False,67.97,0,0,True,97.20778701646374,80.5,5.465,26.49528888888889,0.3698495427957216,-0.3085992823284858,-0.22214532493066147,0.18073236617374983,1.116825506945001,0.05547957772078011,-0.9837137303068066,-0.776445240738666,-0.026490099701070795,0.8547989983578214,-1.0023654884062718,-0.7744607148143877,0,1,0,1.0,643.0443648465704,0.002792193140794224,False,,,,True
JameJe00,jesse-james-1,00-0032135,Jesse James,TE,2015,5,160,PIT,penn st.,79.0,261.0,4.83,37.5,121.0,26.0,7.53,4.5,,,,,,,,,152538.0,276333396.0,533.0,12.0,10.0,104.0,0,0,4,False,skill_pass,False,False,False,False,15.46,0,1,True,95.91399487596581,79.25,6.015000000000001,29.39961544624259,1.9615452649264924,1.6278541428051632,1.1132214207829114,0.8755799094313969,0.4280344453930183,1.5920957606539063,2.1766411408378312,1.4992489185471136,-0.13108918041135587,0.6084841025203445,2.122036727790928,0.6394348128445845,0,0,1,1.0,1811.5708610313495,0.0034942112785010947,False,,,,True
WhalRy00,ryan-whalen-1,00-0028105,Ryan Whalen,WR,2011,6,167,CIN,stanford,73.0,202.0,4.53,38.5,123.0,18.0,6.67,4.09,,,,,,,,,1415741.0,11508926439.0,142.0,0.0,0.0,17.0,0,0,0,False,skill_pass,False,False,False,False,13.43,0,1,True,95.93753532303836,80.75,5.38,26.647776318258586,-0.4259983182696639,-0.7037938588863734,-0.42758636273274997,1.1535189267344557,0.7035508700138113,0.05547957772078011,-1.54651665256544,-1.0224662309317234,-0.12918600829720928,0.9040619775253167,-1.4852276490912928,-0.7002261925757888,0,1,0,1.0,8129.259828598592,0.00010030083186119494,False,,,,True
WillD.00,dj-williams-1,00-0028079,D.J. Williams,TE,2011,5,141,GNB,arkansas,74.0,245.0,4.59,33.5,111.0,20.0,7.29,4.51,,,,,,,,,5583254.0,94699411627.0,334.0,4.0,3.0,35.0,0,0,0,False,skill_pass,False,False,False,False,21.68,0,1,True,110.39396646925579,72.25,5.9,31.4527027027027,-0.028074387736971164,0.995542820312543,-0.11942480602961951,-0.23617615978083836,-0.949547677710947,0.43963362345406165,1.1376203612834295,1.5607541660953765,1.0395716003739321,-0.7708793141695259,1.4687526280406042,1.6389267199969055,0,0,1,1.0,16961.32965238551,5.982174552689167e-05,False,,,,True
SharTa00,tajae-sharpe-1,00-0032778,Tajae Sharpe,WR,2016,5,140,TEN,massachusetts,74.0,194.0,4.55,33.5,114.0,11.0,,,,,,,,31.0,,0.0,206185111.0,20668012811319.0,475.0,12.0,11.0,66.0,0,0,3,False,skill_pass,False,True,False,False,22.04,0,1,True,90.52866978662958,73.75,,24.905405405405407,-0.028074387736971164,-1.0199495201326834,-0.32486584383170797,-0.23617615978083836,-0.5362730407797573,-1.2890595823457054,,,-0.5664760065006014,-0.4753014391645537,,-1.5484539633023895,0,1,0,1.0,100240.08383087856,2.303755095099956e-06,False,,,,True
RobiAl00,aldrick-robinson-1,00-0028116,Aldrick Robinson,WR,2011,6,178,WAS,southern methodist,70.0,184.0,4.35,40.0,126.0,17.0,6.65,4.09,,,,,,,,,10594765.0,16610478001301.0,11514.0,12.0,5.0,82.0,0,0,0,False,skill_pass,False,False,False,False,10.53,0,1,True,102.77578222049141,83.0,5.37,26.398367346938777,-1.619770109867742,-1.4151440966905708,-1.3520710328421504,1.5704274526890438,1.116825506945001,-0.13659744514586067,-1.633101717528305,-1.0224662309317234,0.42366503844687425,1.347428790032775,-1.5420349621130587,-0.8216444360629855,0,1,0,1.0,1567800.512923222,0.0010867631325470646,False,,,,True
ToonNi00,nick-toon-1,00-0029667,Nick Toon,WR,2012,4,122,NOR,wisconsin,74.0,215.0,4.49,37.5,,18.0,,,,,,,,42.0,2410.0,0.0,17543664.0,257805459926.0,14310.0,3.0,3.0,17.0,0,0,0,False,skill_pass,False,True,False,False,28.96,0,0,True,105.7993724211083,,,27.60135135135135,-0.028074387736971164,-0.1900409093611196,-0.6330274005348384,0.8755799094313969,,0.05547957772078011,,,0.668112925808005,,,-0.2360030937085626,0,1,0,0.9999999906518661,14695.075095259463,0.0008156790964532837,False,,,,True
WhitKe00,kevin-white-6,00-0031545,Kevin White,WR,2015,1,7,CHI,west virginia,75.0,215.0,4.35,36.5,123.0,23.0,6.92,4.14,,,,,,,,,35109.0,5071447.0,510.0,3.0,2.0,30.0,0,0,0,False,skill_pass,False,False,False,False,95.47,1,0,True,120.09126726850899,79.75,5.529999999999999,26.87022222222222,0.3698495427957216,-0.1900409093611196,-1.3520710328421504,0.597640892128338,0.7035508700138113,1.015864692053984,-0.4642033405296057,-0.7149399931904031,1.8235682851757302,0.7070100608553352,-0.6331179537647879,-0.5919342141948128,0,1,0,1.0,144.44863140505282,0.014526189865846363,False,,,,True
GallJe00,jeremy-gallon-1,,Jeremy Gallon,WR,2014,7,244,NWE,michigan,67.0,185.0,4.49,,,15.0,,,0.0,1.0,0.0,0.0,0.0,3113.0,26674.0,0.0,4294989.0,494398291373.0,1349.0,,,,0,0,0,False,skill_pass,True,True,False,False,0.53,0,1,True,91.03666929258156,,,28.971931387836936,-2.81354190146582,-1.3756246390347822,-0.6330274005348384,,,-0.5207514908791422,,,-0.5254058224574314,,,0.43122799949582336,0,1,0,0.999999946047551,115110.49070742672,0.00031408695109580025,False,,,,False
ConlCh00,chris-conley-1,00-0032128,Chris Conley,WR,2015,3,76,KAN,georgia,74.0,213.0,4.35,45.0,139.0,18.0,7.06,4.3,,,,,,,,,16204536.0,288342651657.0,2648.0,23.0,11.0,132.0,0,0,3,False,skill_pass,False,False,False,False,50.94,0,0,True,118.97413920089494,92.0,5.68,27.344594594594593,-0.028074387736971164,-0.2690798246726971,-1.3520710328421504,2.9601225392043378,2.9076822669801556,0.05547957772078011,0.14189211421046008,0.2691439675818265,1.7332519466770935,3.1208960400626085,0.2189917415617222,-0.36099841462226107,0,1,0,1.0,17793.946809522964,0.00016341103503364737,False,,,,True
SaunJa00,jalen-saunders-1,00-0031053,Jalen Saunders,WR,2014,4,104,NYJ,oklahoma,69.0,165.0,4.44,34.0,122.0,,,,,,,,,1985.0,1669144.0,20.0,30506261.0,4621065829729.0,31238.0,0.0,0.0,9.0,0,0,0,False,skill_pass,False,True,False,False,36.83,0,0,True,84.91453963587892,78.0,,24.363579080025204,-2.0176940404004347,-2.166013792150557,-0.8898286977874479,-0.09720665112930897,0.5657926577034149,,,,-1.0203610119624607,0.3621692066828676,,-1.8122279580975855,0,1,0,0.9999996387968796,151479.25960933068,0.0010239865187018494,False,,,,True
SalaGr00,greg-salas-1,00-0028050,Greg Salas,WR,2011,4,112,STL,hawaii,73.0,210.0,4.53,37.0,120.0,15.0,6.65,4.1,,,,,,,,,357106119.0,3583115901889.0,13814.0,4.0,1.0,29.0,0,0,0,False,skill_pass,False,False,False,False,33.22,0,0,True,99.73704167246562,78.5,5.375,27.70313379620942,-0.4259983182696639,-0.38763819764006335,-0.42758636273274997,0.7366104007798674,0.2902762330826218,-0.5207514908791422,-1.633101717528305,-0.9609609833834605,0.1779922925000348,0.4606951650178584,-1.5136313056021757,-0.18645296883894524,0,1,0,1.0,10033.756665729383,3.8683179214859657e-05,False,,,,True
StocLu00,luke-stocker-1,00-0028042,Luke Stocker,TE,2011,4,104,TAM,tennessee,77.0,258.0,4.68,33.0,115.0,27.0,7.03,4.4,,,,,,,,,4132939.0,11139389417.0,1052.0,5.0,3.0,142.0,0,0,7,False,skill_pass,False,False,False,False,36.83,0,0,True,107.56383784699617,74.0,5.715,30.590993422162253,1.165697403861107,1.509295769837797,0.34281752902507845,-0.37514566843236774,-0.3985148284693608,1.7841727835205472,0.012014516766162744,0.8841964430644728,0.8107644814295455,-0.4260384599970583,0.4178173371379082,1.2194260633598308,0,0,1,1.0,2695.2707061488204,0.0002545404130087572,False,,,,True
GranJa00,jakeem-grant-1,00-0032791,Jakeem Grant,WR,2016,6,186,MIA,texas tech,,,,,,,,,1.0,1.0,72.0,1.0,0.0,81258.0,19773568.0,2.0,32656790.0,2847969381268.0,37710.0,14.0,12.0,81.0,1,0,0,False,skill_pass,False,True,True,False,8.64,0,1,True,,,,,,,,,,,,,,,,,0,1,0,0.999993057007269,87209.10356676207,0.0011547368862646942,False,,,,False
SudfNa00,nate-sudfeld-1,00-0032792,Nate Sudfeld,QB,2016,6,187,WAS,indiana,78.0,234.0,5.02,29.0,105.0,,,,51194101247.0,82322167412.0,632252311513573.0,721627.0,1937.0,15383646.0,,125.0,,,,1.0,,6.0,0,0,0,False,skill_pass,False,True,False,False,8.41,0,1,True,73.69380562025653,67.0,,27.03846153846154,1.5636213343937997,0.5608287860988668,2.0890663503428284,-1.486901737644603,-1.776096951573326,,,,-1.9275225460223502,-1.8054018766869289,,-0.5100312972501301,1,0,0,,,,True,0.6218750411512792,7680.219452305265,372.5487867836861,False
BravDa00,daniel-braverman-1,00-0032801,Daniel Braverman,WR,2016,7,230,CHI,western michigan,,,,,,,,,1.0,1.0,11.0,0.0,0.0,462.0,55813.0,110.0,1886108.0,1359971367.0,613.0,0.0,0.0,3.0,0,0,0,False,skill_pass,False,True,True,False,1.59,0,1,True,,,,,,,,,,,,,,,,,0,1,0,0.9999589618495712,721.0463912989076,0.0003250078998657553,False,,,,False
DuarTh00,thomas-duarte-1,00-0033061,Thomas Duarte,TE,2016,7,231,MIA,ucla,74.0,231.0,4.72,33.5,118.0,12.0,6.97,4.24,,,,,,,,,162853.0,214540872.0,3410.0,0.0,0.0,1.0,0,0,0,False,skill_pass,False,False,False,False,1.49,0,1,True,93.0837735625769,75.75,5.605,29.655405405405407,-0.028074387736971164,0.4422704131315005,0.5482585668271669,-0.23617615978083836,0.014759808461828759,-1.0969825594790645,-0.24774067812243963,-0.09988751770775688,-0.35990379314598214,-0.08119760582459072,-0.20706310610152778,0.7639594736010216,0,0,1,1.0,1317.38974412507,0.02093912915328548,False,,,,True
HankLe00,leonard-hankerson-1,00-0028017,Leonard Hankerson,WR,2011,3,79,WAS,miami,73.0,209.0,4.4,36.0,117.0,14.0,6.94,4.21,,,,,,,,,6114572.0,631408011156.0,12613.0,12.0,9.0,41.0,0,0,1,False,skill_pass,False,False,False,False,49.32,0,0,True,111.52329075882791,76.5,5.575,27.571214111465565,-0.4259983182696639,-0.4271576552958521,-1.0952697355895364,0.45867138347680864,-0.12299840384856776,-0.712828513745783,-0.377618275566737,-0.2844032603525513,1.1308739655804314,0.0665913316778954,-0.3774850451668308,-0.25067462180605155,0,1,0,1.0,103262.83035934485,0.0020627772475326155,False,,,,True
EngrEv00,evan-engram-1,00-0033881,Evan Engram,TE,2017,1,23,NYG,mississippi,75.0,234.0,4.42,36.0,125.0,19.0,6.92,4.23,,,,,,,,,21383865.0,268662464926.0,3228.0,37.0,18.0,124.0,2,0,8,False,skill_pass,False,False,False,False,83.91,1,0,True,122.61871926687827,80.5,5.575,29.2448,0.3698495427957216,0.5608287860988668,-0.9925492166884944,0.45867138347680864,0.9790672946346044,0.24755660058742088,-0.4642033405296057,-0.16139276525601987,2.027904938099789,0.8547989983578214,-0.3774850451668308,0.5640669563958358,0,0,1,1.0,12563.793539007098,0.00015095493728565907,False,,,,True
NjokDa00,david-njoku-1,00-0033885,David Njoku,TE,2017,1,29,CLE,miami,76.0,246.0,4.64,37.5,133.0,21.0,6.97,4.34,,,,,,,,,2143.0,362698.0,18.0,27.0,27.0,118.0,1,0,5,False,skill_pass,False,False,False,False,79.77,1,0,True,106.14344537390376,85.25,5.654999999999999,29.94078947368421,0.7677734733284143,1.0350622779683318,0.13737649122298995,0.8755799094313969,2.0811329931177767,0.6317106463207024,-0.24774067812243963,0.5151649577748839,0.6959301565927175,1.7907956025402334,0.07697345900730217,0.9028912534254556,0,0,1,1.0,169.24778348110127,0.008399440037330844,False,,,,True
RossJo00,john-ross-1,00-0033460,John Ross,WR,2017,1,9,CIN,washington,71.0,188.0,4.22,37.0,133.0,,,,,,,,,668.0,3954102.0,11.0,161781.0,2083711150.0,1417.0,7.0,5.0,38.0,0,0,1,False,skill_pass,False,True,False,False,93.99,1,0,True,118.55995917251086,85.0,,26.217813925808372,-1.2218461793350492,-1.257066266067416,-2.019754405698937,0.7366104007798674,2.0811329931177767,,,,1.6997667763305946,1.7415326233727382,,-0.9095421533473704,0,1,0,0.998105969337655,12879.826122968705,0.008758754118221546,False,,,,True
HansCh00,chad-hansen-1,00-0033840,Chad Hansen,WR,2017,4,141,NYJ,california,74.0,202.0,4.53,35.0,119.0,11.0,6.74,4.13,,,,,,,,,41992.0,282491249.0,111.0,3.0,1.0,20.0,0,0,0,False,skill_pass,False,False,False,False,21.68,0,0,True,95.93753532303836,77.0,5.4350000000000005,25.93243243243243,-0.028074387736971164,-0.7037938588863734,-0.42758636273274997,0.18073236617374983,0.1525180207722253,-1.2890595823457054,-1.2434689251954052,-0.776445240738666,-0.12918600829720928,0.16511729001288614,-1.1727874274715697,-1.0484726796475992,0,1,0,1.0,6727.263502571918,0.002643360640121928,False,,,,True
BeatC.00,cj-beathard-1,00-0033936,C.J. Beathard,QB,2017,3,104,SFO,iowa,74.0,219.0,,31.0,113.0,,,,952223170.0,2792362301.0,17964528091929.0,151717.0,22510.0,132810083.0,,2062.0,,,,9.0,8.0,32.0,0,0,0,False,skill_pass,False,True,False,False,36.83,0,0,True,,72.0,,28.114864864864863,-0.028074387736971164,-0.03196307873796456,,-0.9310237030384854,-0.6740312530901539,,,,,-0.8201422933370213,,0.013987548118832571,1,0,0,,,,True,0.34100989318577685,6433.451735648898,6.739982230119947,False
HowaO.00,oj-howard-1,00-0033879,O.J. Howard,TE,2017,1,19,TAM,alabama,78.0,251.0,4.51,30.0,121.0,22.0,6.85,4.16,,,,,,,,,14173845.0,269260602595.0,2023.0,13.0,12.0,72.0,0,0,4,False,skill_pass,False,False,False,False,86.73,1,0,True,121.33820043282697,75.5,5.505,29.002794214332678,1.5636213343937997,1.2326595662472755,-0.5303068816337965,-1.208962720341544,0.4280344453930183,0.8237876691873433,-0.7672510678996406,-0.5919294980938716,1.924378963036728,-0.1304605849920861,-0.7751362363192028,0.44625276048310175,0,0,1,1.0,18997.00487729335,0.00014272767904545308,False,,,,True
HendCa01,carlos-henderson-1,00-0033919,Carlos Henderson,WR,2017,3,82,DEN,louisiana tech,71.0,199.0,4.46,36.0,131.0,13.0,7.18,4.35,,,,,,13514.0,7054133.0,102.0,293682.0,5697741535.0,4519.0,,,,0,0,0,False,skill_pass,True,False,False,False,47.73,0,0,True,100.58741265713415,83.5,5.765,27.751834953382264,-1.2218461793350492,-0.8223522318537396,-0.7871081788864059,0.45867138347680864,1.8056165684969836,-0.9049055366124238,0.661402503987661,0.5766702053231468,0.2467421484272749,1.445954748367766,0.7018539022467432,-0.16274408247279212,0,1,0,0.998763473153023,19401.058066207668,0.015387391804741182,False,,,,True
MoncDo00,donte-moncrief-1,00-0031339,Donte Moncrief,WR,2014,3,90,IND,mississippi,74.0,221.0,4.4,39.5,132.0,13.0,7.02,4.3,,,,,,,,,316659.0,454979938.0,4106.0,18.0,15.0,83.0,0,0,3,False,skill_pass,False,False,False,False,43.6,0,0,True,117.92654190287546,85.75,5.66,28.37162162162162,-0.028074387736971164,0.047075836573612945,-1.0952697355895364,1.4314579440375144,1.94337478080738,-0.9049055366124238,-0.03127801571527355,0.2691439675818265,1.64855695518855,1.8893215608752243,0.1053771155181902,0.13898286903253101,0,1,0,1.0,1436.81353759091,0.012966629718403708,False,,,,True
HannJa00,james-hanna-1,00-0029634,James Hanna,TE,2012,6,186,DAL,oklahoma,76.0,252.0,4.43,36.0,122.0,24.0,6.76,4.11,,,,,,,,,161827.0,-148292381.0,72.0,3.0,3.0,78.0,0,0,4,False,skill_pass,False,False,False,False,8.64,0,1,True,130.86262617582636,79.0,5.4350000000000005,30.67105263157895,0.7677734733284143,1.2721790239030644,-0.9411889572379735,0.45867138347680864,0.5657926577034149,1.2079417149206249,-1.1568838602325402,-0.8994557358351921,2.694399235866409,0.5592211233528491,-1.1727874274715697,1.2584007984341532,0,0,1,1.0,-916.3636537784176,0.0004449195746074512,False,,,,True
CanfSe00,sean-canfield-1,00-0027830,Sean Canfield,QB,2010,7,239,NOR,oregon st.,76.0,223.0,4.93,29.5,100.0,,7.26,4.39,2816556303.0,4528684446.0,33516617033271.0,29621.0,21527.0,336648.0,,1002.0,,,,,,,0,0,0,False,skill_pass,True,True,False,False,0.84,0,1,True,75.5000399798866,64.75,5.824999999999999,27.14144736842105,0.7677734733284143,0.12611475188519045,1.6268240152881304,-1.3479322289930735,-2.4648880131253086,,1.0077427638391283,0.8226911955162043,-1.7814941016913128,-2.248768689194387,1.042697780377344,-0.4598953357745461,1,0,0,,,,True,0.6219369745418557,7400.961014820727,1.3759929390997352,False
SpriJe00,jeremy-sprinkle-1,00-0033528,Jeremy Sprinkle,TE,2017,5,154,WAS,arkansas,77.0,252.0,4.69,29.0,116.0,,,,,,,,,11.0,14.0,0.0,472733.0,6884389380.0,164.0,2.0,2.0,76.0,0,0,2,False,skill_pass,False,True,False,False,17.31,0,1,True,104.16916083385566,72.5,,29.87957497048406,1.165697403861107,1.2721790239030644,0.394177788475604,-1.486901737644603,-0.2607566161589643,,,,0.5363153765322335,-0.7216163350020306,,0.8730905713763212,0,0,1,0.9999999979664137,14562.954944968937,0.0003469188738674897,False,,,,True
BrowNo00,noah-brown-2,00-0033591,Noah Brown,WR,2017,7,239,DAL,ohio st.,74.0,222.0,,,,19.0,7.07,4.33,,,,,,1.0,-4.0,0.0,132.0,9402.0,7.0,19.0,9.0,91.0,0,0,2,False,skill_pass,False,True,False,False,0.84,0,1,True,,,5.7,28.5,-0.028074387736971164,0.0865952942294017,,,,0.24755660058742088,0.18518464669189638,0.45365971022662094,,,0.3326063676052592,0.20148052948938025,0,1,0,1.0,71.22727272727273,0.05303030303030303,False,,,,True
DissWi00,will-dissly-1,00-0034159,Will Dissly,TE,2018,4,120,SEA,washington,76.0,262.0,4.87,28.0,111.0,15.0,7.07,4.4,,,,,,,,,420.0,47281.0,12.0,16.0,10.0,96.0,0,0,5,False,skill_pass,False,False,False,False,29.79,0,0,True,93.15698883006677,69.5,5.735,31.888157894736842,0.7677734733284143,1.6673736004609518,1.3186624585849998,-1.7648407549476617,-0.949547677710947,-0.5207514908791422,0.18518464669189638,0.8841964430644728,-0.35398456591180616,-1.312772085011975,0.5314319631814453,1.8509167067819796,0,0,1,1.0,112.57380952380953,0.02857142857142857,False,,,,True
AndrMa00,mark-andrews-1,00-0034753,Mark Andrews,TE,2018,3,86,BAL,oklahoma,77.0,256.0,4.67,31.0,113.0,17.0,7.34,4.38,,,,,,,,,193162.0,318489958.0,778.0,51.0,51.0,121.0,3,1,3,False,skill_pass,False,False,False,False,45.64,0,0,True,107.64712583654901,72.0,5.859999999999999,30.353853938269523,1.165697403861107,1.4302568545262193,0.2914572695745574,-0.9310237030384854,-0.6740312530901539,-0.13659744514586067,1.3540830236905956,0.7611859479679413,0.8174980569929914,-0.8201422933370213,1.2415233759535302,1.1039808993653282,0,0,1,1.0,1648.8230500823142,0.004027707313032584,False,,,,True
WebbJo00,joe-webb-2,00-0027796,Joe Webb,WR,2010,6,199,MIN,ala-birmingham,,,,,,,,,3365208162.0,51117353271.0,42667923672299.0,151021.0,1168.0,2467198227.0,3828810211427.0,111111.0,302.0,45912.0,31.0,4.0,4.0,104.0,0,0,0,False,skill_pass,False,True,True,False,5.97,0,1,True,,,,,,,,,,,,,,,,,0,1,0,1.199119228015978e-08,152.02649006622516,0.10264900662251655,False,,,,False
GesiMi00,mike-gesicki-1,00-0034829,Mike Gesicki,TE,2018,2,42,MIA,penn st.,77.0,247.0,4.54,41.5,129.0,22.0,6.76,4.1,,,,,,,,,11134857.0,114125679563.0,159.0,28.0,19.0,128.0,0,0,2,False,skill_pass,False,False,False,False,71.15,0,0,True,116.27960223846479,85.25,5.43,29.286726260752236,1.165697403861107,1.0745817356241205,-0.37622610328222894,1.987335978643632,1.5301001438761905,0.8237876691873433,-1.1568838602325402,-0.9609609833834605,1.515406992771587,1.7907956025402334,-1.2011910839824578,0.5844776613900636,0,0,1,1.0,10249.406845817597,1.4279482888734e-05,False,,,,True
NiklTr00,troy-niklas-1,00-0031044,Troy Niklas,TE,2014,2,52,ARI,notre dame,78.0,270.0,4.84,32.0,114.0,27.0,7.57,4.55,,,,,,,,,532.0,75498.0,15.0,1.0,1.0,41.0,0,0,1,False,skill_pass,False,False,False,False,64.86,0,0,True,98.40390051299065,73.0,6.0600000000000005,31.198224852071007,1.5636213343937997,1.983529261707262,1.1645816802334323,-0.6530846857354266,-0.5362730407797573,1.7841727835205472,2.3498112707635648,1.806775156288434,0.070211965681494,-0.6230903766670398,2.3776696363888803,1.5150408250084784,0,0,1,1.0,141.91353383458647,0.02819548872180451,False,,,,True
AdamDa01,davante-adams-1,00-0031381,Davante Adams,WR,2014,2,53,GNB,fresno st.,73.0,212.0,4.56,39.5,123.0,14.0,6.82,4.3,,,,,,,,,102131.0,13121718.0,1424.0,92.0,59.0,178.0,6,3,10,False,skill_pass,False,False,False,False,64.24,0,0,True,98.06329593943771,81.25,5.5600000000000005,27.96697316569713,-0.4259983182696639,-0.3085992823284858,-0.273505584381187,1.4314579440375144,0.7035508700138113,-0.712828513745783,-0.8971286653439379,0.2691439675818265,0.04267514259827091,1.0025879358603076,-0.46269601469947974,-0.05800966290473435,0,1,0,1.0,128.4792864066738,0.013942877285055468,False,,,,True
PaulDa01,david-paulson-1,00-0029218,David Paulson,TE,2012,7,240,PIT,oregon,75.0,246.0,4.79,32.0,110.0,21.0,7.18,4.4,,,,,,,,,122431.0,185418438.0,46.0,1.0,1.0,32.0,0,0,0,False,skill_pass,False,False,False,False,0.77,0,1,True,93.4594130278856,71.0,5.79,30.744533333333333,0.3698495427957216,1.0350622779683318,0.9077803829808229,-0.6530846857354266,-1.0873058900213435,0.6317106463207024,0.661402503987661,0.8841964430644728,-0.32953450775623455,-1.0171942100070028,0.8438721848011632,1.2941729588741386,0,0,1,1.0,1514.4729521118018,0.00037572183515612875,False,,,,True
NorwKe00,kevin-norwood-1,00-0031327,Kevin Norwood,WR,2014,4,123,SEA,alabama,74.0,198.0,4.48,33.0,121.0,8.0,6.68,4.32,,,,,,,,,3112938.0,56190461568.0,1047.0,1.0,1.0,10.0,0,0,0,False,skill_pass,False,False,False,False,28.55,0,0,True,98.30670275324731,77.0,5.5,25.41891891891892,-0.028074387736971164,-0.8618716895095284,-0.6843876599853594,-0.37514566843236774,0.4280344453930183,-1.8652906509456277,-1.5032241200840075,0.3921544626783579,0.06235382835169114,0.16511729001288614,-0.8035398928300858,-1.2984633214749943,0,1,0,1.0,18050.620207662345,0.00033633821168298244,False,,,,True
PittDe00,dennis-pitta-1,00-0027714,Dennis Pitta,TE,2010,4,114,BAL,byu,76.0,245.0,4.68,34.0,113.0,27.0,6.72,4.17,,,,,,,,,17598362.0,1768131083829.0,2568.0,16.0,16.0,66.0,0,0,1,False,skill_pass,False,False,False,False,32.34,0,0,True,102.14395454462814,73.5,5.445,29.81907894736842,0.7677734733284143,0.995542820312543,0.34281752902507845,-0.09720665112930897,-0.6740312530901539,1.7841727835205472,-1.330053990158274,-0.5304242505456087,0.3725837310297659,-0.524564418332049,-1.1159801144498038,0.8436396625906738,0,0,1,1.0,100471.34408469379,0.000145922671666829,False,,,,True
GrahGa00,garrett-graham-1,00-0027718,Garrett Graham,TE,2010,4,118,HOU,wisconsin,75.0,243.0,4.71,34.5,112.0,20.0,7.09,4.35,,,,,,,,,304051.0,328540624.0,457.0,7.0,7.0,60.0,0,0,2,False,skill_pass,False,False,False,False,30.63,0,0,True,98.7535327451021,73.25,5.72,30.3696,0.3698495427957216,0.9165039050009656,0.4968983073766459,0.04176285752222043,-0.8117894654005504,0.43963362345406165,0.27176971165476127,0.5766702053231468,0.09847864695184784,-0.5738273974995445,0.4462209936487912,1.111646458254562,0,0,1,1.0,1080.5444612910335,0.0015030373193970748,False,,,,True
MoeaTo00,tony-moeaki-1,00-0027695,Tony Moeaki,TE,2010,3,93,KAN,iowa,75.0,245.0,4.69,34.0,113.0,18.0,7.1,4.42,,,,,,,,,811141330.0,112140170144387.0,3314.0,10.0,9.0,49.0,0,0,2,False,skill_pass,False,False,False,False,42.1,0,0,True,101.27557303291522,73.5,5.76,30.619555555555557,0.3698495427957216,0.995542820312543,0.394177788475604,-0.09720665112930897,-0.6740312530901539,0.05547957772078011,0.3150622441361937,1.0072069381609987,0.3023777798666817,-0.524564418332049,0.6734502457358602,1.2333307920009475,0,0,1,1.0,138249.85362832763,4.085601210827218e-06,False,,,,True
ThomJo05,jordan-thomas-6,00-0034420,Jordan Thomas,TE,2018,6,211,HOU,mississippi st.,77.0,265.0,4.74,27.0,111.0,16.0,7.5,4.75,,,,,,,,,922.0,48263.0,13.0,2.0,2.0,27.0,0,0,1,False,skill_pass,False,False,False,False,3.94,0,1,True,104.99352165248399,69.0,6.125,31.42098161578681,1.165697403861107,1.785931973428318,0.6509790857282134,-2.0427797722507206,-0.949547677710947,-0.32867446801250144,2.04676354339353,3.036880107253721,0.6029623912288264,-1.4112980433469657,2.746917171030364,1.6234841373405926,0,0,1,1.0,52.34598698481562,0.014099783080260303,False,,,,True
SmytDu00,durham-smythe-1,00-0034798,Durham Smythe,TE,2018,4,123,MIA,notre dame,77.0,253.0,4.81,31.0,110.0,18.0,7.17,4.23,,,,,,,,,13915.0,718112244.0,141.0,10.0,10.0,129.0,0,0,5,False,skill_pass,False,False,False,False,28.55,0,0,True,94.53012046604456,70.5,5.7,29.998144712430427,1.165697403861107,1.311698481558853,1.010500901881865,-0.9310237030384854,-1.0873058900213435,0.05547957772078011,0.6181099715062286,-0.16139276525601987,-0.24297113313410282,-1.1157201683419935,0.3326063676052592,0.9308131533735733,0,0,1,1.0,51607.060294646064,0.01013295005389867,False,,,,True
ScotJa02,jaleel-scott-1,00-0034267,Jaleel Scott,WR,2018,4,132,BAL,new mexico st.,77.0,218.0,4.56,34.5,124.0,16.0,7.2,4.4,,,,,,,,,2376.0,2831079.0,59.0,0.0,0.0,4.0,0,0,0,False,skill_pass,False,False,False,False,25.0,0,0,True,100.83867223961046,79.25,5.800000000000001,25.84820374430764,1.165697403861107,-0.07148253639375332,-0.273505584381187,0.04176285752222043,0.8413090823242079,-0.32867446801250144,0.7479875689505298,0.8841964430644728,0.26705570616504043,0.6084841025203445,0.9006794978229342,-1.0894772165302342,0,1,0,1.0,1191.5315656565656,0.024831649831649833,False,,,,True
HamiDa01,daesean-hamilton-1,00-0034370,DaeSean Hamilton,WR,2018,4,113,DEN,penn st.,73.0,203.0,,34.5,118.0,,6.84,4.15,,,,,,811.0,,0.0,82453453.0,899580506857.0,2619.0,6.0,6.0,46.0,0,0,0,False,skill_pass,False,True,False,False,32.78,0,0,True,,76.25,5.495,26.77969600300244,-0.4259983182696639,-0.6642744012305847,,0.04176285752222043,0.014759808461828759,,-0.810543600381073,-0.6534347456421347,,0.017328352510400026,-0.8319435493409688,-0.6360045396086842,0,1,0,1.0,10910.16172308757,3.176337563449283e-05,False,,,,True
CantDy00,dylan-cantrell-1,00-0034409,Dylan Cantrell,WR,2018,6,191,LAC,texas tech,75.0,226.0,4.59,38.5,130.0,18.0,6.56,4.03,,,,,,1.0,3.0,1.0,9205871.0,70312675816.0,1287.0,,,,0,0,0,False,skill_pass,True,False,False,False,7.55,0,1,True,101.83280172266045,84.25,5.295,28.244977777777777,0.3698495427957216,0.2446731248525567,-0.11942480602961951,1.1535189267344557,1.6678583561865872,0.05547957772078011,-2.0227345098612086,-1.391497716221307,0.34742799069136326,1.593743685870252,-1.9680898097763138,0.0773296214102989,0,1,0,0.9999999999573335,7637.808070089185,0.0001398020893405958,False,,,,True
GageRu00,russell-gage-1,00-0034411,Russell Gage,WR,2018,6,194,ATL,louisiana state,,,,,,,,,0.0,1.0,0.0,0.0,0.0,28.0,232.0,1.0,521.0,62285.0,13.0,20.0,17.0,75.0,0,0,0,False,skill_pass,False,True,True,False,6.94,0,1,True,,,,,,,,,,,,,,,,,0,1,0,0.9962890093894461,119.5489443378119,0.02495201535508637,False,,,,False
ErtzZa00,zach-ertz-1,00-0030061,Zach Ertz,TE,2013,2,35,PHI,stanford,77.0,249.0,4.76,30.5,111.0,24.0,7.08,4.47,,,,,,,,,162769.0,190346898.0,546.0,57.0,40.0,181.0,3,0,8,False,skill_pass,False,False,False,False,75.73,0,0,True,97.0066555473176,70.75,5.775,29.523865744644965,1.165697403861107,1.153620650935698,0.7536996046292553,-1.0699932116900148,-0.949547677710947,1.2079417149206249,0.22847717917332883,1.314733175902319,-0.042750954993094684,-1.0664571891744983,0.7586612152685142,0.6999228253845663,0,0,1,1.0,1169.4296702689087,0.003354447099877741,False,,,,True
EifeTy00,tyler-eifert-1,00-0030549,Tyler Eifert,TE,2013,1,21,CIN,notre dame,77.0,250.0,4.68,35.5,119.0,22.0,6.92,4.32,,,,,,,,,276350.0,352803685.0,254.0,19.0,17.0,74.0,1,0,2,False,skill_pass,False,False,False,False,85.32,1,0,True,104.22852504553892,77.25,5.62,29.64243548659133,1.165697403861107,1.1931401085914868,0.34281752902507845,0.31970187482527923,0.1525180207722253,0.8237876691873433,-0.4642033405296057,0.3921544626783579,0.5411147888758345,0.21438026918038153,-0.12185213656887879,0.7576454073818185,0,0,1,1.0,1276.65527410892,0.0009191242988963271,False,,,,True
FiedC.00,cj-fiedorowicz-1,00-0031302,C.J. Fiedorowicz,TE,2014,3,65,HOU,iowa,77.0,265.0,4.76,31.5,116.0,25.0,7.1,4.26,,,,,,,,,164530.0,167433299.0,316.0,6.0,6.0,51.0,0,0,2,False,skill_pass,False,False,False,False,57.11,0,0,True,103.24001493991634,73.75,5.68,31.42098161578681,1.165697403861107,1.785931973428318,0.7536996046292553,-0.7920541943869559,-0.2607566161589643,1.4000187377872655,0.3150622441361937,0.023122977388769096,0.4611968135810121,-0.4753014391645537,0.2189917415617222,1.6234841373405926,0,0,1,1.0,1017.6460159241476,0.0019206223788974656,False,,,,True
AmarJa00,jace-amaro-1,00-0031042,Jace Amaro,TE,2014,2,49,NYJ,texas tech,77.0,265.0,4.74,33.0,118.0,28.0,7.42,4.3,,,,,,,,,725106.0,574091352.0,247.0,4.0,3.0,17.0,0,0,0,False,skill_pass,False,False,False,False,66.72,0,0,True,104.99352165248399,75.5,5.859999999999999,31.42098161578681,1.165697403861107,1.785931973428318,0.6509790857282134,-0.37514566843236774,0.014759808461828759,1.9762498063871878,1.7004232835420627,0.2691439675818265,0.6029623912288264,-0.1304605849920861,1.2415233759535302,1.6234841373405926,0,0,1,1.0,791.7343836625266,0.00034063985127691674,False,,,,True
ConkTy00,tyler-conklin-1,00-0034270,Tyler Conklin,TE,2018,5,157,MIN,central michigan,75.0,254.0,4.8,38.0,120.0,18.0,7.13,4.23,,,,,,,,,64235.0,95560504.0,65.0,20.0,8.0,127.0,0,0,4,False,skill_pass,False,False,False,False,16.37,0,1,True,95.69709683641976,79.0,5.68,31.744355555555554,0.3698495427957216,1.3512179392146417,0.9591406424313439,1.0145494180829262,0.2902762330826218,0.05547957772078011,0.44493984158049493,-0.16139276525601987,-0.14862471400614854,0.5592211233528491,0.2189917415617222,1.7809102938596737,0,0,1,1.0,1487.6703354868841,0.0010119093951895385,False,,,,True
SchuDa00,dalton-schultz-1,00-0034383,Dalton Schultz,TE,2018,4,137,DAL,stanford,77.0,244.0,4.75,32.0,120.0,15.0,7.0,4.4,,,,,,,,,102322.0,121222212.0,113.0,30.0,18.0,124.0,0,0,4,False,skill_pass,False,False,False,False,23.13,0,0,True,95.86175673912877,76.0,5.7,28.93101703491314,1.165697403861107,0.9560233626567542,0.7023393451787344,-0.6530846857354266,0.2902762330826218,-0.5207514908791422,-0.11786308067813844,0.8841964430644728,-0.13531247171151042,-0.03193462665709535,0.3326063676052592,0.41130991539830886,0,0,1,1.0,1184.7130822306053,0.0011043568343073826,False,,,,True
EtliDa00,danny-etling-1,00-0034423,Danny Etling,QB,2018,7,219,NWE,louisiana state,74.0,222.0,4.76,30.5,114.0,,7.09,4.37,14989160165.0,267162269275.0,169080021232463.0,1061116.0,7552.0,55334172.0,,1312.0,,,,,,,0,0,0,False,skill_pass,True,True,False,False,2.82,0,1,True,86.48786157230727,72.25,5.73,28.5,-0.028074387736971164,0.0865952942294017,0.7536996046292553,-1.0699932116900148,-0.5362730407797573,,0.27176971165476127,0.6996807004196783,-0.8931628144618987,-0.7708793141695259,0.5030283066705622,0.20148052948938025,1,0,0,,,,True,0.0561050787810576,632.8738773304201,140.50794491525423,False
LeexTa00,tanner-lee-1,00-0034416,Tanner Lee,QB,2018,6,203,JAX,nebraska,76.0,218.0,4.98,32.0,115.0,,7.0,4.41,185143246.0,336276428.0,196216393143.0,121123.0,14716.0,362330.0,,2.0,,,,,,,0,0,0,False,skill_pass,True,True,False,False,5.24,0,1,True,70.88741152187403,73.5,5.705,26.532894736842106,0.7677734733284143,-0.07148253639375332,1.8836253125407443,-0.6530846857354266,-0.3985148284693608,,-0.11786308067813844,0.9457016906127357,-2.154410802345043,-0.524564418332049,0.3610100241161422,-0.7561532899484584,1,0,0,,,,True,0.5505686113687398,583.4973159135615,8.230701277521066,False
SmitIr01,irv-smith-jr-1,00-0034970,Irv Smith Jr.,TE,2019,2,50,MIN,alabama,74.0,242.0,4.63,32.5,110.0,19.0,7.32,4.33,,,,,,,,,1444.0,128710.0,37.0,9.0,8.0,54.0,0,0,0,False,skill_pass,False,False,False,False,66.09,0,0,True,105.3225577993023,71.25,5.825,31.06756756756757,-0.028074387736971164,0.8769844473451768,0.08601623177246896,-0.5141151770838972,-1.0873058900213435,0.24755660058742088,1.2674979587277306,0.45365971022662094,0.6295639429003369,-0.9679312308395074,1.0426977803773492,1.4514337386263596,0,0,1,1.0,89.13434903047091,0.025623268698060944,False,,,,True
GragCh00,chris-gragg-1,00-0030049,Chris Gragg,TE,2013,7,222,BUF,arkansas,75.0,244.0,4.5,37.5,125.0,18.0,7.08,4.51,,,,,,,,,184122.0,25171518289.0,223.0,1.0,1.0,32.0,0,0,0,False,skill_pass,False,False,False,False,2.45,0,1,True,119.00624904740131,81.25,5.795,30.494577777777778,0.3698495427957216,0.9560233626567542,-0.5816671410843175,0.8755799094313969,0.9790672946346044,0.05547957772078011,0.22847717917332883,1.5607541660953765,1.7358479281498378,1.0025879358603076,0.8722758413120462,1.1724886251277549,0,0,1,1.0,136711.08443857878,0.001211153474326805,False,,,,True
ToilLe00,levine-toilolo-1,00-0030443,Levine Toilolo,TE,2013,4,133,ATL,stanford,80.0,260.0,4.86,31.0,113.0,17.0,7.09,4.57,,,,,,,,,12524.0,27343393.0,64.0,8.0,6.0,124.0,0,0,5,False,skill_pass,False,False,False,False,24.62,0,0,True,93.20908970075433,72.0,5.83,28.559375,2.359469195459185,1.5883346851493743,1.2673021991344788,-0.9310237030384854,-0.6740312530901539,-0.13659744514586067,0.27176971165476127,1.9297856513849654,-0.34977237215398377,-0.8201422933370213,1.0711014368882321,0.23038569745067256,0,0,1,1.0,2183.2795432769085,0.005110188438198659,False,,,,True
MetcDK00,dk-metcalf-1,00-0035640,D.K. Metcalf,WR,2019,2,64,SEA,mississippi,75.0,228.0,4.33,40.5,134.0,27.0,7.38,4.5,,,,,,,,,23926.0,13646569.0,275.0,57.0,50.0,112.0,2,0,6,False,skill_pass,False,False,False,False,57.69,0,0,True,129.72188692159156,87.25,5.9399999999999995,28.494933333333332,0.3698495427957216,0.32371204016413424,-1.4547915517431924,1.7093969613405733,2.2188912054281733,1.7841727835205472,1.5272531536163292,1.4992489185471136,2.602174006180615,2.1848994358801965,1.695981880127668,0.1990139551566827,0,1,0,1.0,570.3656691465352,0.011493772465100728,False,,,,True
SmitMa01,marcus-smith-4,00-0026246,Marcus Smith,WR,2008,4,106,BAL,new mexico,73.0,221.0,4.51,26.5,111.0,20.0,7.1,4.42,,,,,,,,,16.0,495.0,0.0,0.0,0.0,21.0,0,0,0,False,skill_pass,False,False,False,False,35.91,0,0,True,106.83562667591538,68.75,5.76,29.154250328391818,-0.4259983182696639,0.047075836573612945,-0.5303068816337965,-2.18174928090225,-0.949547677710947,0.43963362345406165,0.3150622441361937,1.0072069381609987,0.7518908674433794,-1.4605610225144612,0.6734502457358602,0.5199852137992137,0,1,0,1.0,30.9375,0.0,False,,,,True
McLaTe00,terry-mclaurin-1,00-0035659,Terry McLaurin,WR,2019,3,76,WAS,ohio st.,72.0,208.0,4.35,37.5,125.0,18.0,7.01,4.15,,,,,,,,,112935.0,114436701.0,2611.0,51.0,51.0,107.0,2,0,6,False,skill_pass,False,False,False,False,50.94,0,0,True,116.18131903185986,81.25,5.58,28.20679012345679,-0.8239222488023566,-0.4666771129516409,-1.3520710328421504,0.8755799094313969,0.9790672946346044,0.05547957772078011,-0.074570548196706,-0.6534347456421347,1.5074611004305047,1.0025879358603076,-0.3490813886559478,0.05873895931015791,0,1,0,1.0,1013.2970381192722,0.023119493513968213,False,,,,True
WarrKa00,kahale-warring-1,00-0035660,Kahale Warring,TE,2019,3,86,HOU,san diego st.,77.0,252.0,4.67,36.5,122.0,19.0,7.21,4.25,,,,,,,,,21831.0,17248372.0,233.0,0.0,0.0,9.0,0,0,0,False,skill_pass,False,False,False,False,45.64,0,0,True,105.96513949535293,79.25,5.73,29.87957497048406,1.165697403861107,1.2721790239030644,0.2914572695745574,0.597640892128338,0.5657926577034149,0.24755660058742088,0.7912801014319621,-0.038382270159493886,0.6815146794864192,0.6084841025203445,0.5030283066705622,0.8730905713763212,0,0,1,1.0,790.0862076863176,0.010672896340066877,False,,,,True
CoolCh00,chris-cooley-1,00-0022738,Chris Cooley,TE,2004,3,81,WAS,utah st.,75.0,265.0,4.87,33.0,115.0,22.0,7.21,4.19,,,,,,,,,16204536.0,288342651657.0,2648.0,34.0,34.0,117.0,2,0,6,False,skill_pass,False,False,False,False,48.25,0,0,True,94.22367190827364,74.0,5.7,33.11911111111111,0.3698495427957216,1.785931973428318,1.3186624585849998,-0.37514566843236774,-0.3985148284693608,0.8237876691873433,0.7912801014319621,-0.40741375544907726,-0.2677465483066626,-0.4260384599970583,0.3326063676052592,2.4501741294647856,0,0,1,1.0,17793.946809522964,0.00016341103503364737,False,,,,True
IzzoRy00,ryan-izzo-1,00-0034439,Ryan Izzo,TE,2018,7,250,NWE,florida st.,77.0,256.0,4.94,33.0,110.0,18.0,7.15,4.43,,,,,,,,,1141920.0,7210227317.0,213.0,3.0,3.0,19.0,0,0,1,False,skill_pass,False,False,False,False,0.25,0,1,True,85.97301657188648,71.5,5.79,30.353853938269523,1.165697403861107,1.4302568545262193,1.6781842747386557,-0.37514566843236774,-1.0873058900213435,0.05547957772078011,0.5315249065433636,1.0687121857092616,-0.9347864354954718,-0.918668251672012,0.8438721848011632,1.1039808993653282,0,0,1,1.0,6314.126486093597,0.00018652795292139554,False,,,,True
GoodMa00,marquise-goodwin-1,00-0030068,Marquise Goodwin,WR,2013,3,78,BUF,texas,69.0,183.0,4.27,,132.0,13.0,,,,,,,,292213.0,837220140.0,3.0,30313326.0,279324421340.0,1123.0,24.0,5.0,114.0,0,0,3,False,skill_pass,False,True,False,False,49.86,0,0,True,110.0955043453127,,,27.02142407057341,-2.0176940404004347,-1.4546635543463597,-1.7629531084463272,,1.94337478080738,-0.9049055366124238,,,1.0154418635993134,,,-0.5183255434975664,0,1,0,0.9970116532171313,9214.575178586474,3.7046413184749176e-05,False,,,,True
HarmKe00,kelvin-harmon-1,00-0035297,Kelvin Harmon,WR,2019,6,206,WAS,north carolina st.,74.0,221.0,4.6,32.5,117.0,18.0,7.15,4.32,,,,,,,,,276974.0,46210171086.0,546.0,3.0,3.0,16.0,0,0,1,False,skill_pass,False,False,False,False,4.73,0,1,True,98.71677130942217,74.75,5.735,28.37162162162162,-0.028074387736971164,0.047075836573612945,-0.06806454657909854,-0.5141151770838972,-0.12299840384856776,0.05547957772078011,0.5315249065433636,0.3921544626783579,0.09550659892546887,-0.2782495224945722,0.5314319631814453,0.13898286903253101,0,1,0,1.0,166839.38234635742,0.001971304165733968,False,,,,True
MillSc01,scott-miller-3,00-0035298,Scott Miller,WR,2019,6,208,TAM,bowling green,,,,,,,,,1.0,1.0,24.0,0.0,0.0,24.0,2216.0,0.0,7746370.0,299687221106.0,1049.0,11.0,9.0,93.0,0,0,1,False,skill_pass,False,True,True,False,4.41,0,1,True,,,,,,,,,,,,,,,,,0,1,0,0.999999992605624,38687.43954987949,0.00013541826687855086,False,,,,False
BoykMi00,miles-boykin-1,00-0035703,Miles Boykin,WR,2019,3,93,BAL,notre dame,76.0,220.0,4.42,43.5,140.0,12.0,6.77,4.07,,,,,,,,,61259.0,81253872.0,128.0,6.0,6.0,73.0,0,0,2,False,skill_pass,False,False,False,False,42.1,0,0,True,115.28255657569751,91.75,5.42,26.776315789473685,0.7677734733284143,0.007556378917824189,-0.9925492166884944,2.5432140132497496,3.0454404792905523,-1.0969825594790645,-1.1135913277511078,-1.1454767260282495,1.4347989441622508,3.0716330608951132,-1.2579983970042237,-0.6376501082788932,0,1,0,1.0,1326.3989291369433,0.002089488891428198,False,,,,True
SlayDa01,darius-slayton-1,00-0035535,Darius Slayton,WR,2019,5,171,NYG,auburn,73.0,190.0,4.39,40.5,135.0,11.0,7.0,4.15,,,,,,,,,152935.0,292643670.0,155.0,32.0,32.0,106.0,0,0,5,False,skill_pass,False,False,False,False,12.33,0,1,True,102.31175058709631,87.75,5.575,25.064740101332333,-0.4259983182696639,-1.1780273507558385,-1.1466299950400618,1.7093969613405733,2.3566494177385695,-1.2890595823457054,-0.11786308067813844,-0.6534347456421347,0.3861495204944009,2.283425394215187,-0.3774850451668308,-1.470886028181054,0,1,0,1.0,1913.516657403472,0.001013502468368915,False,,,,True
WilsMa21,mark-wilson-1,00-0022718,Mark Wilson,TE,2004,5,151,WAS,california,79.0,314.0,5.36,28.5,108.0,24.0,7.53,4.49,,,,,,,,,1.0,1.0,1.0,0.0,0.0,2.0,0,0,0,False,skill_pass,False,False,False,False,18.27,0,1,True,76.08525227951337,68.25,6.01,35.36965229931101,1.9615452649264924,3.722385398561967,3.8353151716605827,-1.6258712462961322,-1.3628223146421365,1.2079417149206249,2.1766411408378312,1.4377436709988505,-1.734181502823805,-1.5590869808494519,2.09363307128004,3.545791326074893,0,0,1,1.0,1.0,1.0,False,,,,True
GrahJi00,jimmy-graham-1,00-0027696,Jimmy Graham,TE,2010,3,95,NOR,miami,78.0,260.0,4.53,38.5,120.0,,6.9,4.45,,,,,,,,,17.0,213.0,5.0,61.0,39.0,197.0,5,1,10,False,skill_pass,False,True,False,False,41.12,0,0,True,123.48395635638602,79.25,5.675000000000001,30.042735042735043,1.5636213343937997,1.5883346851493743,-0.42758636273274997,1.1535189267344557,0.2902762330826218,,-0.5507884054924707,1.191722680805793,2.0978566724828114,0.6084841025203445,0.19058808505084424,0.952520791047753,0,0,1,1.0,12.529411764705882,0.29411764705882354,False,,,,True
ClauJi00,jimmy-clausen-1,00-0027659,Jimmy Clausen,QB,2010,2,48,CAR,notre dame,75.0,222.0,4.76,,,,,,138268289.0,245440425.0,125431723722.0,72528.0,6174.0,625459.0,,203.0,,,,3.0,0.0,21.0,0,0,1,False,skill_pass,False,True,False,False,67.34,0,0,True,86.48786157230727,,,27.745066666666666,0.3698495427957216,0.0865952942294017,0.7536996046292553,,,,,,-0.8931628144618987,,,-0.1660390460824687,1,0,0,,,,True,0.5633476596204557,511.0475331111409,11.747327502429544,False
BradSa00,sam-bradford-1,00-0027854,Sam Bradford,QB,2010,1,1,STL,oklahoma,76.0,236.0,4.79,,,,,,23832839.0,34248369.0,31244720562.0,36502.0,880.0,31424.0,,50.0,,,,44.0,25.0,83.0,0,0,5,False,skill_pass,False,True,False,False,100.0,1,0,True,89.66024989667073,,,28.723684210526315,0.7677734733284143,0.6398677014104442,0.9077803829808229,,,,,,-0.6366850604258038,,,0.31037534507762915,1,0,0,,,,True,0.695882452095748,912.2980589820204,41.47954545454545,False
SiemTr00,trevor-siemian-1,00-0032156,Trevor Siemian,QB,2015,7,250,DEN,northwestern,,,,,,,,,16128178228.0,26218298392.0,256131221492214.0,36117.0,13911.0,5214868.0,,105.0,1.0,17.0,1.0,16.0,13.0,40.0,0,0,2,False,skill_pass,False,True,True,False,0.25,0,1,True,,,,,,,,,,,,,,,,,1,0,0,,,,False,0.6151496938077872,9769.17791012583,2.596290705197326,False
PaytJo00,jordan-payton-1,00-0032974,Jordan Payton,WR,2016,5,154,CLE,ucla,73.0,207.0,4.47,34.5,121.0,,7.08,4.33,,,,,,,,,18386778.0,2024409541106.0,1175.0,0.0,0.0,4.0,0,0,0,False,skill_pass,False,True,False,False,17.31,0,1,True,103.69796854478079,77.75,5.705,27.307374741977856,-0.4259983182696639,-0.5061965706074296,-0.7357479194358849,0.04176285752222043,0.4280344453930183,,0.22847717917332883,0.45365971022662094,0.49822094178320386,0.3129062275153723,0.3610100241161422,-0.37911792774026243,0,1,0,1.0,110101.37508083254,6.390461667617894e-05,False,,,,True
SmitTr01,trent-smith-1,00-0022110,Trent Smith,TE,2003,7,223,BAL,oklahoma,77.0,243.0,4.79,35.5,118.0,16.0,7.23,4.37,,,,,,1.0,4.0,0.0,,,,0.0,,5.0,0,0,0,False,skill_pass,False,False,False,True,2.33,0,1,True,92.31966408852114,76.75,5.800000000000001,28.812447292966773,1.165697403861107,0.9165039050009656,0.9077803829808229,0.31970187482527923,0.014759808461828759,-0.32867446801250144,0.8778651663948309,0.6996807004196783,-0.4216796735571058,0.11585431084539077,0.9006794978229342,0.3535873334010567,0,0,1,,,,True,,,,True
RudoJa00,jake-rudock-1,00-0032431,Jake Rudock,QB,2016,6,191,DET,michigan,,,,,,,,,204213249.0,346345389.0,238324363017.0,181620.0,1359.0,676758.0,218176166.0,534.0,1.0,,0.0,0.0,0.0,3.0,0,0,0,False,skill_pass,False,True,True,False,7.55,0,1,True,,,,,,,,,,,,,,,,,1,0,0,,,,True,0.5896231204048165,688.1118403369303,133.64238410596028,False
HemiTe00,,00-0033112,Temarrick Hemingway,TE,2016,6,177,LAR,south carolina st.,77.0,244.0,4.71,30.5,115.0,18.0,6.88,4.31,,,,,,,,,22.0,3217.0,0.0,0.0,0.0,23.0,0,0,0,False,skill_pass,False,False,False,False,10.77,0,1,True,99.15992588397084,72.75,5.595,28.93101703491314,1.165697403861107,0.9560233626567542,0.4968983073766459,-1.0699932116900148,-0.3985148284693608,0.05547957772078011,-0.6373734704553393,0.3306492151300895,0.13133427143900644,-0.6723533558345351,-0.2638704191232988,0.41130991539830886,0,0,1,1.0,146.22727272727272,0.0,False,,,,True
RenfSe00,sean-renfree-1,00-0030569,Sean Renfree,QB,2013,7,249,ATL,duke,75.0,219.0,4.76,,,,,,34285282297.0,50464434441.0,330313128913113.0,4141419.0,2171110.0,6515838.0,,441.0,,,,0.0,0.0,2.0,0,0,0,False,skill_pass,False,True,False,False,0.29,0,1,True,85.31910668619501,,,27.37013333333333,0.3698495427957216,-0.03196307873796456,0.7536996046292553,,,,,,-0.9876530210695431,,,-0.34856554670204526,1,0,0,,,,True,0.6793949575930411,6545.463801824538,1.9075122863420093,False
SmitRu01,rusty-smith-1,00-0027775,Rusty Smith,QB,2010,6,176,TEN,florida atlantic,,,,,,,,,108281234145.0,194479435253.0,1285368832241915.0,6322414.0,89145.0,25393714.0,,221.0,1.0,7.0,0.0,1.0,1.0,3.0,0,0,0,False,skill_pass,False,True,True,False,11.03,0,1,True,,,,,,,,,,,,,,,,,1,0,0,,,,False,0.5567747253283413,6609.278922317763,70.922811150373,False
AdamJe01,jerell-adams-1,00-0032429,Jerell Adams,TE,2016,6,184,NYG,south carolina,77.0,247.0,4.64,32.5,117.0,,7.05,4.31,,,,,,,,,4132128.0,90187279421.0,1213.0,2.0,2.0,30.0,0,0,0,False,skill_pass,False,True,False,False,9.09,0,1,True,106.57492279412287,74.75,5.68,29.286726260752236,1.165697403861107,1.0745817356241205,0.13737649122298995,-0.5141151770838972,-0.12299840384856776,,0.09859958172902764,0.3306492151300895,0.7308137674058075,-0.2782495224945722,0.2189917415617222,0.5844776613900636,0,0,1,1.0,21825.867790397588,0.0002935533458789273,False,,,,True
ThomMi01,mike-thomas-9,00-0027076,Mike Thomas,WR,2009,4,107,JAX,arizona,68.0,195.0,4.3,40.5,126.0,,6.65,4.28,,,,,,,,,64.0,4142.0,0.0,21.0,20.0,61.0,0,0,2,False,skill_pass,False,True,False,False,35.45,0,0,True,114.07508070811961,83.25,5.465,29.646410034602077,-2.4156179709331274,-0.9804300624768947,-1.6088723300947598,1.7093969613405733,1.116825506945001,,-1.633101717528305,0.14613347248530054,1.33717826633073,1.3966917692002705,-1.0023654884062718,0.7595803122714324,0,1,0,1.0,64.71875,0.0,False,,,,True
BoylNi00,,00-0031598,Nick Boyle,TE,2015,5,171,BAL,delaware,76.0,268.0,5.04,30.5,112.0,20.0,7.13,4.23,,,,,,,,,4.0,47.0,0.0,9.0,9.0,90.0,0,0,4,False,skill_pass,False,False,False,False,12.33,0,1,True,83.0697003566504,71.25,5.68,32.61842105263158,0.7677734733284143,1.9044903463956844,2.1917868692438747,-1.0699932116900148,-0.8117894654005504,0.43963362345406165,0.44493984158049493,-0.16139276525601987,-1.1695105442754818,-0.9679312308395074,0.2189917415617222,2.206426251790677,0,0,1,1.0,11.75,0.0,False,,,,True
SpenEv00,evan-spencer-1,00-0031954,Evan Spencer,WR,2015,6,187,WAS,ohio st.,,,,,,,,,1.0,1.0,13.0,1.0,0.0,1.0,9.0,0.0,3122215.0,78136216149.0,1033.0,0.0,,1.0,0,0,0,False,skill_pass,False,True,True,False,8.41,0,1,True,,,,,,,,,,,,,,,,,0,1,0,0.9999999998848166,25025.892242846825,0.0003308548578493153,False,,,,False
EvanMi00,mike-evans-4,00-0031408,Mike Evans,WR,2014,1,7,TAM,texas a&m,77.0,231.0,4.53,37.0,,12.0,7.08,4.26,,,,,,,,,8269.0,11051394.0,512.0,80.0,80.0,176.0,6,0,11,False,skill_pass,False,True,False,False,95.47,1,0,True,109.71074583971219,,5.67,27.38961038961039,1.165697403861107,0.4422704131315005,-0.42758636273274997,0.7366104007798674,,-1.0969825594790645,0.22847717917332883,0.023122977388769096,0.9843353320928009,,0.16218442853995618,-0.3390836505659626,0,1,0,1.0,1336.4849437658725,0.061918007014149234,False,,,,True
LawlKe00,kenny-lawler-1,00-0032453,Kenny Lawler,WR,2016,7,243,SEA,california,74.0,203.0,4.64,31.0,111.0,,7.13,4.2,,,,,,1.0,5.0,0.0,375452.0,347701658.0,5913.0,,,,0,0,0,False,skill_pass,True,True,False,False,0.58,0,1,True,87.58991630448155,71.0,5.665,26.06081081081081,-0.028074387736971164,-0.6642744012305847,0.13737649122298995,-0.9310237030384854,-0.949547677710947,,0.44493984158049493,-0.3459085079008143,-0.8040651083701883,-1.0171942100070028,0.1337807720290732,-0.9859750191907499,0,1,0,0.9999999856198559,926.0881763847309,0.01574901718462014,False,,,,True
UzomC.00,cj-uzomah-1,00-0032134,C.J. Uzomah,TE,2015,5,157,CIN,auburn,,,,,,,,,11.0,31.0,,10.0,10.0,1.0,1.0,0.0,71111.0,136154145.0,133.0,14.0,13.0,113.0,0,0,4,False,skill_pass,False,True,True,False,16.37,0,1,True,,,,,,,,,,,,,,,,,0,0,1,0.9999999926553834,1914.6706557353996,0.0018703154223678475,False,,,,True
PruiMy00,,00-0031585,MyCole Pruitt,TE,2015,5,143,MIN,southern illinois,74.0,251.0,4.58,38.0,118.0,17.0,7.25,4.37,,,,,,,,,26510.0,146683136.0,10.0,7.0,1.0,121.0,0,0,1,False,skill_pass,False,False,False,False,20.98,0,1,True,114.08848290597496,78.0,5.8100000000000005,32.222972972972975,-0.028074387736971164,1.2326595662472755,-0.1707850654801405,1.0145494180829262,0.014759808461828759,-0.13659744514586067,0.9644502313576958,0.6996807004196783,1.3382617924484776,0.3621692066828676,0.9574868108447002,2.0139126827380007,0,0,1,1.0,5533.124707657487,0.0003772161448509996,False,,,,True
YounTi00,titus-young-1,00-0027982,Titus Young,WR,2011,2,44,DET,boise st.,71.0,174.0,4.43,,123.0,,,,,,,,,1351514.0,665213894.0,2231.0,44107971.0,63916810411215.0,51109.0,8.0,8.0,26.0,0,0,2,False,skill_pass,False,True,False,False,69.87,0,0,True,90.3575275975944,,,24.26542352707796,-1.2218461793350492,-1.8103386732484585,-0.9411889572379735,,0.7035508700138113,,,,-0.5803123215341246,,,-1.8600124253695625,0,1,0,0.9999895926131704,1449098.8581455038,0.0011587248028253215,False,,,,True
ReynJo00,josh-reynolds-1,00-0033943,Josh Reynolds,WR,2017,4,117,LAR,texas a&m,75.0,194.0,4.52,37.0,124.0,,6.83,4.13,,,,,,,,,525161.0,8429071039.0,13512.0,26.0,9.0,121.0,0,0,3,False,skill_pass,False,True,False,False,31.05,0,0,True,92.95611966390554,80.5,5.48,24.24568888888889,0.3698495427957216,-1.0199495201326834,-0.4789466221832755,0.7366104007798674,0.8413090823242079,,-0.8538361328625055,-0.776445240738666,-0.37022421482126666,0.8547989983578214,-0.9171545188736178,-1.8696197185318435,0,1,0,1.0,16050.451269229818,0.025729252553026594,False,,,,True
RobeMi01,michael-roberts-3,00-0033559,Michael Roberts,TE,2017,4,127,DET,toledo,76.0,270.0,4.86,30.0,110.0,,7.05,4.51,,,,,,,,,42145.0,65234533.0,2416.0,1.0,1.0,23.0,0,0,0,False,skill_pass,False,True,False,False,26.94,0,0,True,96.79405468924487,70.0,5.779999999999999,32.86184210526316,0.7677734733284143,1.983529261707262,1.2673021991344788,-1.208962720341544,-1.0873058900213435,,0.09859958172902764,1.5607541660953765,-0.059939074797306216,-1.2142461266769844,0.7870648717793921,2.324929433460241,0,0,1,1.0,1547.8593664728912,0.057325898683117806,False,,,,True
PilaKe00,kealoha-pilares-1,00-0028070,Kealoha Pilares,WR,2011,5,132,CAR,hawaii,70.0,199.0,4.42,,,19.0,,,,,,,,68561.0,38830013.0,350.0,26296688.0,2492466901306.0,12415.0,1.0,1.0,20.0,0,0,0,False,skill_pass,False,True,False,False,25.0,0,1,True,104.27831253892639,,,28.550408163265306,-1.619770109867742,-0.8223522318537396,-0.9925492166884944,,,0.24755660058742088,,,0.5451399532559447,,,0.22602042718713075,0,1,0,0.9999844212943978,94782.54072550885,0.0004721126858256827,False,,,,True
LeggJo00,jordan-leggett-1,00-0033953,Jordan Leggett,TE,2017,5,150,NYJ,clemson,77.0,258.0,,33.0,114.0,18.0,7.12,4.33,,,,,,,,,12144046.0,176161525736.0,2187.0,1.0,1.0,15.0,0,0,0,False,skill_pass,False,True,False,False,18.6,0,1,True,,73.5,5.725,30.590993422162253,1.165697403861107,1.509295769837797,,-0.37514566843236774,-0.5362730407797573,0.05547957772078011,0.4016473090990625,0.45365971022662094,,-0.524564418332049,0.47462465015967414,1.2194260633598308,0,0,1,1.0,14505.99954380937,0.00018008825065385953,False,,,,True
HeueJe00,jeff-heuerman-1,00-0032227,Jeff Heuerman,TE,2015,3,92,DEN,ohio st.,77.0,254.0,4.81,,,26.0,,,,,,,,1.0,6.0,0.0,182617.0,2594466207.0,142.0,5.0,5.0,51.0,0,0,3,False,skill_pass,False,True,False,False,42.6,0,0,True,94.9037573058313,,,30.11671445437679,1.165697403861107,1.3512179392146417,1.010500901881865,,,1.5920957606539063,,,-0.21276375380487914,,,0.9885357353708237,0,0,1,0.9999999976873856,14207.14504673716,0.0007775836860752285,False,,,,True
HodgBu00,bucky-hodges-1,00-0033966,Bucky Hodges,TE,2017,6,201,MIN,virginia tech,78.0,257.0,4.57,39.0,134.0,18.0,,4.45,,,,,,759.0,202742.0,10.0,454048.0,526530691.0,767.0,,,,0,0,0,False,skill_pass,True,True,False,False,5.6,0,1,True,117.8415153925999,86.5,,29.696088099934254,1.5636213343937997,1.469776312182008,-0.22214532493066147,1.292488435385985,2.2188912054281733,0.05547957772078011,,1.191722680805793,1.6416828256182439,2.0371104983777104,,0.7837647808595359,0,0,1,0.9996150956303547,1159.6366265240679,0.0016892487137923743,False,,,,True
GrayGa00,garrett-grayson-1,00-0032148,Garrett Grayson,QB,2015,3,75,NOR,colorado st.,74.0,213.0,4.75,,,,,,4378297270.0,77138478420.0,54294636964006.0,272332.0,63117.0,47396957.0,,1120.0,21.0,-839.0,1.0,,,,0,0,0,False,skill_pass,True,True,False,False,51.49,0,0,True,83.6825991206329,,,27.344594594594593,-0.028074387736971164,-0.2690798246726971,0.7023393451787344,,,,,,-1.119959580659049,,,-0.36099841462226107,1,0,0,,,,False,0.05675892705792368,703.8593199672034,4.314717112663783,False
BarkMa00,matt-barkley-1,00-0030533,Matt Barkley,QB,2013,4,98,PHI,southern california,74.0,227.0,4.91,,,,,,211236308246.0,352377446387.0,2735279135283273.0,15263936.0,1412715.0,45342825.0,,2220.0,,,,5.0,1.0,20.0,0,0,1,False,skill_pass,False,True,False,False,39.66,0,0,True,78.11418112004904,,,29.14189189189189,-0.028074387736971164,0.28419258250834545,1.5241034963870883,,,,,,-1.5701489005968823,,,0.5139688317736246,1,0,0,,,,True,0.599460352561863,7762.3558582669375,10.80468176525343,False
JackLa00,lamar-jackson-1,00-0034796,Lamar Jackson,QB,2018,1,32,BAL,louisville,74.0,216.0,,,,,,,135230254.0,247409430.0,184035433660.0,123027.0,8910.0,163260232.0,96015711601.0,112118.0,,,,110.0,110.0,116.0,4,3,6,False,skill_pass,False,True,False,False,77.74,1,0,True,,,,27.72972972972973,-0.028074387736971164,-0.15052145170533082,,,,,,,,,,-0.1735054332517134,1,0,0,,,,True,0.546584881586769,743.8497136507691,13.807744107744108,False
SampDe00,demarco-sampson-1,00-0028187,DeMarco Sampson,WR,2011,7,249,ARI,san diego st.,74.0,204.0,4.41,,,14.0,,,,,,,,44.0,-211.0,0.0,6116267.0,601118511220.0,1188.0,0.0,0.0,12.0,0,0,0,False,skill_pass,False,True,False,False,0.29,0,1,True,107.871273323322,,,26.18918918918919,-0.028074387736971164,-0.6247549435747959,-1.0439094761390153,,,-0.712828513745783,,,0.835619685905463,,,-0.9234773587339007,0,1,0,1.0,98281.92772159881,0.00019423612474733364,False,,,,True
ThomIa00,ian-thomas-3,00-0034365,Ian Thomas,TE,2018,4,101,CAR,indiana,76.0,259.0,4.74,36.0,123.0,,7.15,4.2,,,,,,,,,325.0,28376.0,5.0,8.0,7.0,114.0,0,0,2,False,skill_pass,False,True,False,False,38.23,0,0,True,102.61630984148435,79.5,5.675000000000001,31.523026315789473,0.7677734733284143,1.5488152274935856,0.6509790857282134,0.45867138347680864,0.7035508700138113,,0.5315249065433636,-0.3459085079008143,0.41077219134981235,0.6577470816878399,0.19058808505084424,1.673161934277631,0,0,1,1.0,87.31076923076922,0.015384615384615385,False,,,,True
WeedBr00,brandon-weeden-1,00-0029677,Brandon Weeden,QB,2012,1,22,CLE,oklahoma st.,75.0,221.0,4.89,,,,,,115342408.0,324511564.0,824842774727.0,43437.0,11313.0,141717.0,,1.0,,,,13.0,10.0,35.0,0,0,1,False,skill_pass,False,True,False,False,84.61,1,0,True,77.30130626704195,,,27.62008888888889,0.3698495427957216,0.047075836573612945,1.4213829774860418,,,,,,-1.6358673106069526,,,-0.22688121295565974,1,0,0,,,,True,0.35543389140979886,2541.797785446561,3.839565102094935,False
AghoNe00,nelson-agholor-1,00-0031549,Nelson Agholor,WR,2015,1,20,PHI,southern california,72.0,198.0,4.42,,,12.0,,,,,,,,124.0,783.0,0.0,1956104.0,3409181313.0,2612.0,36.0,18.0,149.0,0,0,7,False,skill_pass,False,True,False,False,86.02,1,0,True,103.75430091812777,,,26.850694444444443,-0.8239222488023566,-0.8618716895095284,-0.9925492166884944,,,-1.0969825594790645,,,0.502775239403264,,,-0.6014408027687493,0,1,0,0.9999997703261434,1742.842565119237,0.0013353073251728947,False,,,,True
BlacJu00,justin-blackmon-1,00-0029707,Justin Blackmon,WR,2012,1,5,JAX,oklahoma st.,73.0,207.0,4.46,,,14.0,,,,,,,,45.0,777.0,10.0,20111121.0,26017821522.0,22018.0,9.0,9.0,20.0,0,0,1,False,skill_pass,False,True,False,False,96.97,1,0,True,104.631127738828,,,27.307374741977856,-0.4259983182696639,-0.5061965706074296,-0.7871081788864059,,,-0.712828513745783,,,0.573663967597322,,,-0.37911792774026243,0,1,0,0.9999999701358557,1293.7031964553344,0.0010948171412225106,False,,,,True
MitcDi00,dillon-mitchell-1,00-0035002,Dillon Mitchell,WR,2019,7,239,MIN,oregon,73.0,197.0,4.46,36.5,122.0,12.0,,4.29,,,,,,41.0,65.0,0.0,24275.0,95171184.0,410.0,,,,0,0,0,False,skill_pass,True,True,False,False,0.84,0,1,True,99.5764838867107,79.25,,25.988177894539312,-0.4259983182696639,-0.9013911471653171,-0.7871081788864059,0.597640892128338,0.5657926577034149,-1.0969825594790645,,0.2076387200335635,0.16501169363476428,0.6084841025203445,,-1.0213344574113168,0,1,0,0.9999993170206267,3920.5431101956747,0.016889804325437692,False,,,,True
FalkLu00,luke-falk-1,00-0034412,Luke Falk,QB,2018,6,199,TEN,washington st.,76.0,215.0,,26.5,103.0,,,,156448443357.0,243645633534.0,1859456644683592.8,13383830.0,781113.0,36826667.0,,1300.0,,,,1.0,,3.0,0,0,0,False,skill_pass,False,True,False,False,5.97,0,1,True,,64.75,,26.167763157894736,0.7677734733284143,-0.1900409093611196,,-2.18174928090225,-2.051613376194119,,,,,-2.248768689194387,,-0.9339080624528073,1,0,0,,,,True,0.6421147019454716,7631.807792788173,17.134307072088163,False
EnunQu00,quincy-enunwa-1,00-0031023,Quincy Enunwa,WR,2014,6,209,NYJ,nebraska,74.0,225.0,4.41,,,19.0,,,,,,,,3.0,-1.0,0.0,1214251.0,10293470753.0,2112.0,13.0,13.0,41.0,0,0,2,False,skill_pass,False,True,False,False,4.25,0,1,True,118.97566910660515,,,28.885135135135137,-0.028074387736971164,0.20515366719676795,-1.0439094761390153,,,0.24755660058742088,,,1.7333756348073988,,,0.38897351085992793,0,1,0,1.0,8477.218262945635,0.0017393438424180832,False,,,,True
CoalDa00,danny-coale-1,00-0029633,Danny Coale,WR,2012,5,152,DAL,virginia tech,72.0,201.0,4.42,35.0,115.0,12.0,6.69,4.15,,,,,,6214.0,,0.0,36303960.0,408614732904.0,233.0,,,,0,0,0,False,skill_pass,True,False,False,False,17.95,0,1,True,105.32633578052365,75.0,5.42,27.25752314814815,-0.8239222488023566,-0.7433133165421622,-0.9925492166884944,0.18073236617374983,-0.3985148284693608,-1.0969825594790645,-1.4599315876025711,-0.6534347456421347,0.6298693809613083,-0.22898654332707685,-1.2579983970042237,-0.40338687414507646,0,1,0,1.0,11255.376352992896,6.418032633354598e-06,False,,,,True
MurrKy00,kyler-murray-1,00-0035228,Kyler Murray,QB,2019,1,1,ARI,oklahoma,70.0,207.0,,,,,,,7218259.0,12121376.0,6863594364.0,5342.0,707.0,5314140.0,3351421001.0,1012.0,,,,71.0,71.0,87.0,2,0,5,False,skill_pass,False,True,False,False,100.0,1,0,True,,,,29.69816326530612,-1.619770109867742,-0.5061965706074296,,,,,,,,,,0.7847750209205258,1,0,0,,,,True,0.5954983163627627,566.2388794803494,7.555869872701556,False
HazeMa01,,00-0031315,Matt Hazel,WR,2014,6,190,MIA,coastal carolina,73.0,198.0,4.5,36.5,118.0,15.0,7.08,4.2,,,,,,,,,346.0,284583.0,0.0,0.0,0.0,9.0,0,0,0,False,skill_pass,False,False,False,False,7.76,0,1,True,96.57064471879286,77.25,5.640000000000001,26.12009757928317,-0.4259983182696639,-0.8618716895095284,-0.5816671410843175,0.597640892128338,0.014759808461828759,-0.5207514908791422,0.22847717917332883,-0.3459085079008143,-0.07800107780329038,0.21438026918038153,-0.008237510525341774,-0.9571128044442105,0,1,0,1.0,822.4942196531792,0.0,False,,,,True
MurrAa00,aaron-murray-1,00-0031287,Aaron Murray,QB,2014,5,163,KAN,georgia,72.0,207.0,4.84,,,,,,209238249225.0,342403386347.0,3049314938933075.0,24353626.0,814109.0,87875953.0,,4237.0,1.0,-3.0,0.0,,,,0,0,0,False,skill_pass,True,True,False,False,14.57,0,1,True,75.44299039329283,,,28.071180555555557,-0.8239222488023566,-0.5061965706074296,1.1645816802334323,,,,,,-1.7861063837772997,,,-0.0072790168977324736,1,0,0,,,,False,0.6110869739265745,8905.621441029863,29.91445371565724,False
SampDr00,drew-sample-1,00-0035631,Drew Sample,TE,2019,2,52,CIN,washington,77.0,255.0,4.71,33.5,115.0,,7.15,4.31,,,,,,,,,59724.0,4510684245.0,2003.0,7.0,7.0,95.0,0,0,3,False,skill_pass,False,True,False,False,64.86,0,0,True,103.6302504115269,74.25,5.73,30.235284196323157,1.165697403861107,1.3907373968704306,0.4968983073766459,-0.23617615978083836,-0.3985148284693608,,0.5315249065433636,0.3306492151300895,0.49274614079774764,-0.37677548082956297,0.5030283066705622,1.046258317368076,0,0,1,1.0,75525.48799477598,0.03353760632241645,False,,,,True
EberJe00,jeremy-ebert-1,00-0029552,Jeremy Ebert,WR,2012,7,235,NWE,northwestern,,,,,,,,,20.0,21.0,600.0,0.0,0.0,54.0,2126.0,0.0,15216275.0,1612269531060.0,20811.0,0.0,,5.0,0,0,0,False,skill_pass,False,True,True,False,1.14,0,1,True,,,,,,,,,,,,,,,,,0,1,0,0.9999999986813619,105956.9133089406,0.0013676803291212862,False,,,,False
SmitKa00,kaden-smith-1,00-0034988,Kaden Smith,TE,2019,6,176,SFO,stanford,77.0,255.0,4.92,32.0,108.0,15.0,7.08,4.47,,,,,,,,,2347.0,414635.0,52.0,3.0,,33.0,0,0,1,False,skill_pass,False,False,False,False,11.03,0,1,True,87.03817275207426,70.0,5.775,30.235284196323157,1.165697403861107,1.3907373968704306,1.5754637558376092,-0.6530846857354266,-1.3628223146421365,-0.5207514908791422,0.22847717917332883,1.314733175902319,-0.8486718628581376,-1.2142461266769844,0.7586612152685142,1.046258317368076,0,0,1,1.0,176.66595654026418,0.022155943757988922,False,,,,True
LatiCo00,cody-latimer-1,00-0031344,Cody Latimer,WR,2014,2,56,DEN,indiana,74.0,215.0,4.52,,,23.0,,,,,,,,2.0,3.0,0.0,125172.0,1418051096.0,269.0,6.0,3.0,66.0,0,0,1,False,skill_pass,False,True,False,False,62.42,0,0,True,103.01838003989532,,,27.60135135135135,-0.028074387736971164,-0.1900409093611196,-0.4789466221832755,,,1.015864692053984,,,0.44327831951241153,,,-0.2360030937085626,0,1,0,0.9999999978844204,11328.820311251719,0.002149042916946282,False,,,,True
CunnJu00,justice-cunningham-1,00-0030129,Justice Cunningham,TE,2013,7,254,IND,south carolina,75.0,258.0,4.94,31.5,116.0,,7.12,4.45,,,,,,,,,271823.0,2392142324.0,10.0,0.0,0.0,3.0,0,0,0,False,skill_pass,False,True,False,False,0.12,0,1,True,86.64468076385434,73.75,5.785,32.24426666666667,0.3698495427957216,1.509295769837797,1.6781842747386557,-0.7920541943869559,-0.2607566161589643,,0.4016473090990625,1.191722680805793,-0.8804844693397519,-0.4753014391645537,0.8154685282902802,2.0242789613524432,0,0,1,1.0,8800.367606861819,3.6788645552436696e-05,False,,,,True
FulgTr00,travis-fulgham-1,00-0035592,Travis Fulgham,WR,2019,6,184,DET,old dominion,74.0,215.0,4.58,36.5,126.0,15.0,,,,,,,,,,,6293063.0,894783941083.0,819.0,4.0,0.0,17.0,0,0,1,False,skill_pass,False,True,False,False,9.09,0,1,True,97.72519452105425,81.25,,27.60135135135135,-0.028074387736971164,-0.1900409093611196,-0.1707850654801405,0.597640892128338,1.116825506945001,-0.5207514908791422,,,0.015340691844734296,1.0025879358603076,,-0.2360030937085626,0,1,0,1.0,142185.759316727,0.00013014330223612888,False,,,,True
HernAa00,aaron-hernandez-1,00-0027713,Aaron Hernandez,TE,2010,4,113,NWE,florida,74.0,245.0,4.64,,,,,,,,,,,1.0,16.0,0.0,93468.0,151381850.0,255.0,21.0,21.0,38.0,0,0,2,False,skill_pass,False,True,False,False,32.78,0,0,True,105.71196795368463,,,31.4527027027027,-0.028074387736971164,0.995542820312543,0.13737649122298995,,,,,,0.6610465457796264,,,1.6389267199969055,0,0,1,0.9999998943070235,1619.6115247999314,0.0027282064449865194,False,,,,True
BryaDe01,dez-bryant-1,00-0027902,Dez Bryant,WR,2010,1,24,DAL,oklahoma st.,74.0,225.0,4.52,,,,,,,,,,,1.0,7.0,0.0,388717.0,5531480323.0,6194.0,61.0,61.0,119.0,3,1,7,False,skill_pass,False,True,False,False,83.21,1,0,True,107.80993259989044,,,28.885135135135137,-0.028074387736971164,0.20515366719676795,-0.4789466221832755,,,,,,0.8306604787189242,,,0.38897351085992793,0,1,0,0.999999998734516,14230.096247398493,0.015934471607879253,False,,,,True
QuarAn00,andrew-quarless-1,00-0027753,Andrew Quarless,TE,2010,5,154,GNB,penn st.,76.0,254.0,4.68,32.0,112.0,23.0,,,,,,,,,,,21141141.0,288205117536.0,2213.0,9.0,9.0,60.0,0,0,2,False,skill_pass,False,True,False,False,17.31,0,1,True,105.89618144626755,72.0,,30.914473684210527,0.7677734733284143,1.3512179392146417,0.34281752902507845,-0.6530846857354266,-0.8117894654005504,1.015864692053984,,,0.6759396351526905,-0.8201422933370213,,1.3769039801037186,0,0,1,1.0,13632.429656280141,0.00010467741547156797,False,,,,True
CarrLe00,leonte-carroo-1,00-0033060,Leonte Carroo,WR,2016,3,86,MIA,rutgers,72.0,211.0,4.5,35.5,120.0,14.0,,,,,,,,,,,285539.0,4781086809.0,91010.0,2.0,2.0,37.0,0,0,0,False,skill_pass,False,True,False,False,45.64,0,0,True,102.91114159426917,77.75,,28.613618827160494,-0.8239222488023566,-0.3481187399842746,-0.5816671410843175,0.31970187482527923,0.2902762330826218,-0.712828513745783,,,0.43460842387911575,0.3129062275153723,,0.25679288793382904,0,1,0,1.0,16744.076322323745,0.3187305411870182,False,,,,True
DorsKe00,ken-dorsey-1,00-0022039,Ken Dorsey,QB,2003,7,241,SFO,miami,77.0,208.0,4.7,,,,,,,,,,,1.0,4.0,0.0,3154518.0,17187573311.0,234.0,2.0,1.0,16.0,0,0,0,False,skill_pass,False,True,False,True,0.71,0,1,True,85.2514744303982,,,24.66250632484399,1.165697403861107,-0.4666771129516409,0.44553804792612495,,,,,,-0.9931208791290197,,,-1.666703036502749,1,0,0,,,,False,,,,True
HuntJu00,justin-hunter-1,00-0030521,Justin Hunter,WR,2013,2,34,TEN,tennessee,76.0,196.0,4.44,39.5,136.0,,,4.33,,,,,,,,,161773.0,4153141083.0,729.0,9.0,7.0,60.0,0,0,1,False,skill_pass,False,True,False,False,76.4,0,0,True,100.86818041595315,87.75,,23.855263157894736,0.7677734733284143,-0.9409106048211059,-0.8898286977874479,1.4314579440375144,2.494407630048966,,,0.45365971022662094,0.26944135067644875,2.283425394215187,,-2.0596882883136782,0,1,0,1.0,25672.646751930173,0.004506314403516038,False,,,,True
KasaNi00,nick-kasa-1,00-0030512,Nick Kasa,TE,2013,6,172,OAK,colorado,78.0,269.0,4.71,31.5,113.0,22.0,,,,,,,,,,,125.0,8391.0,3.0,0.0,0.0,16.0,0,0,0,False,skill_pass,False,True,False,False,12.06,0,1,True,109.31975435568916,72.25,,31.08267587113741,1.5636213343937997,1.944009804051473,0.4968983073766459,-0.7920541943869559,-0.6740312530901539,0.8237876691873433,,,0.9527248836179635,-0.7708793141695259,,1.4587888216124059,0,0,1,1.0,67.128,0.024,False,,,,True
SwopRy00,ryan-swope-1,,Ryan Swope,WR,2013,6,174,ARI,texas a&m,72.0,205.0,4.34,37.0,125.0,16.0,6.76,4.25,,,,,,1171.0,,0.0,19728972.0,1728251207913.0,14118.0,,,,0,0,0,False,skill_pass,True,False,False,False,11.54,0,1,True,115.5646314647894,81.0,5.505,27.799961419753085,-0.8239222488023566,-0.5852354859190071,-1.4034312922926713,0.7366104007798674,0.9790672946346044,-0.32867446801250144,-1.1568838602325402,-0.038382270159493886,1.457603823838759,0.9533249566928121,-0.7751362363192028,-0.13931496931351495,0,1,0,1.0,87599.65840658094,0.0007155973458728615,False,,,,True
ThorCl00,clayton-thorson-1,00-0035283,Clayton Thorson,QB,2019,5,167,PHI,northwestern,76.0,222.0,,,,,,,150280262298.0,295478434490.0,1522318228443181.0,7221517.0,991215.0,100978778.0,,5589.0,11.0,24.0,0.0,,,,0,0,0,False,skill_pass,True,True,False,False,13.43,0,1,True,,,,27.019736842105264,0.7677734733284143,0.0865952942294017,,,,,,,,,,-0.5191469266093279,1,0,0,,,,False,0.5085997648437047,5152.045126645957,7.285520295798591,False
MaylVi00,vince-mayle-1,00-0032188,Vince Mayle,WR,2015,4,123,CLE,washington st.,74.0,224.0,4.67,35.5,117.0,,6.93,4.13,,,,,,,,,42106.0,5391483.0,79.0,0.0,,23.0,0,0,0,False,skill_pass,False,True,False,False,28.55,0,0,True,94.19123510698039,76.25,5.529999999999999,28.756756756756758,-0.028074387736971164,0.1656342095409792,0.2914572695745574,0.31970187482527923,-0.12299840384856776,,-0.42091080804817327,-0.776445240738666,-0.27036896305958513,0.017328352510400026,-0.6331179537647879,0.3264758504030787,0,1,0,1.0,128.04548045409206,0.0018762171661995915,False,,,,True
KittGe00,george-kittle-1,00-0033288,George Kittle,TE,2017,5,146,SFO,iowa,76.0,247.0,4.52,35.0,132.0,18.0,,,,,,,,,,,512022.0,10825290314.0,64.0,60.0,60.0,124.0,7,2,7,False,skill_pass,False,True,False,False,19.94,0,1,True,118.35134823187973,83.5,,30.0625,0.7677734733284143,1.0745817356241205,-0.4789466221832755,0.18073236617374983,1.94337478080738,0.05547957772078011,,,1.6829012289732528,1.445954748367766,,0.9621428442602391,0,0,1,1.0,21142.236689048517,0.00012499462913702927,False,,,,True
ParkDe01,devante-parker-1,00-0031547,DeVante Parker,WR,2015,1,14,MIA,louisville,75.0,209.0,4.45,36.5,125.0,17.0,,,,,,,,,,,18405543.0,291744885855.0,610125.0,36.0,32.0,119.0,0,0,6,False,skill_pass,False,True,False,False,90.32,1,0,True,106.59485369673038,80.75,,26.120355555555555,0.3698495427957216,-0.4271576552958521,-0.8384684383369269,0.597640892128338,0.9790672946346044,-0.13659744514586067,,,0.7324251190481739,0.9040619775253167,,-0.9569872154339643,0,1,0,1.0,15850.925226981894,0.03314898126069956,False,,,,True
WimsJa00,javon-wims-1,00-0034426,Javon Wims,WR,2018,7,224,CHI,georgia,75.0,215.0,4.53,33.5,113.0,,7.0,,,,,,,,,,1746.0,190724.0,17.0,1.0,1.0,34.0,0,0,0,False,skill_pass,False,True,False,False,2.22,0,1,True,102.11173314085767,73.25,,26.87022222222222,0.3698495427957216,-0.1900409093611196,-0.42758636273274997,-0.23617615978083836,-0.6740312530901539,,-0.11786308067813844,,0.36997873049831276,-0.5738273974995445,,-0.5919342141948128,0,1,0,1.0,109.2348224513173,0.009736540664375716,False,,,,True
DobsAa00,aaron-dobson-1,00-0030540,Aaron Dobson,WR,2013,2,59,NWE,marshall,75.0,210.0,4.37,,,,,,,,,,,21.0,181.0,0.0,15444957.0,362689668679.0,45123.0,6.0,6.0,24.0,0,0,1,False,skill_pass,False,True,False,False,60.63,0,0,True,115.16580364497754,,,26.245333333333335,0.3698495427957216,-0.38763819764006335,-1.2493505139411039,,,,,,1.425359831926772,,,-0.8961450485607715,0,1,0,0.9999999995009508,23482.724405059853,0.0029215361363582946,False,,,,True
LandJa00,jarvis-landry-1,00-0031382,Jarvis Landry,WR,2014,2,63,MIA,louisiana state,71.0,205.0,4.65,28.5,110.0,12.0,,,,,,,,,,,45677.0,435731193.0,510.0,56.0,28.0,132.0,5,0,8,False,skill_pass,False,True,False,False,58.27,0,0,True,87.69443718224883,69.25,,28.5885736956953,-1.2218461793350492,-0.5852354859190071,0.18873675067351547,-1.6258712462961322,-1.0873058900213435,-1.0969825594790645,,,-0.7956149196673241,-1.3620350641794705,,0.24460031982243352,0,1,0,1.0,9539.400420342841,0.011165356744094402,False,,,,True
StreTo00,tommy-streeter-1,00-0029300,Tommy Streeter,WR,2012,6,198,BAL,miami,77.0,219.0,4.37,33.0,125.0,17.0,7.08,,,,,,,,,,5146.0,11442811.0,18.0,0.0,,2.0,0,0,0,False,skill_pass,False,True,False,False,6.15,0,1,True,120.10148094404802,79.0,,25.966773486254006,1.165697403861107,-0.03196307873796456,-1.2493505139411039,-0.37514566843236774,0.9790672946346044,-0.13659744514586067,0.22847717917332883,,1.824394029156247,0.5592211233528491,,-1.031754634532982,0,1,0,1.0,2223.6321414691024,0.003497862417411582,False,,,,True
BrowAJ00,aj-brown-3,00-0035676,A.J. Brown,WR,2019,2,51,TEN,mississippi,72.0,226.0,4.49,36.5,120.0,19.0,,,,,,,,,,,297585.0,41212521355.0,2116.0,73.0,25.0,105.0,3,0,6,False,skill_pass,False,True,False,False,65.47,0,0,True,111.21236356823478,78.25,,30.647762345679013,-0.8239222488023566,0.2446731248525567,-0.6330274005348384,0.597640892128338,0.2902762330826218,0.24755660058742088,,,1.1057364668386653,0.411432185850363,,1.2470625310521881,0,1,0,1.0,138489.9149990759,0.007110573449602635,False,,,,True
MettZa00,zach-mettenberger-1,00-0031266,Zach Mettenberger,QB,2014,6,178,TEN,louisiana state,77.0,224.0,,,,,,,8207192.0,11352296.0,9226093082.0,11222.0,78.0,24734.0,,0.0,,,,1.0,1.0,14.0,0,0,1,False,skill_pass,False,True,False,False,10.53,0,1,True,,,,26.55962219598583,1.165697403861107,0.1656342095409792,,,,,,,,,,-0.7431417245467244,1,0,0,,,,True,0.7229543697592099,812.7072340256103,143.87179487179486,False
KnoxDa00,dawson-knox-1,00-0035689,Dawson Knox,TE,2019,3,96,BUF,mississippi,76.0,254.0,,34.5,,16.0,7.12,4.27,,,,,,,,,2414.0,321278.0,0.0,25.0,25.0,102.0,1,0,6,False,skill_pass,False,True,False,False,40.63,0,0,True,,,5.695,30.914473684210527,0.7677734733284143,1.3512179392146417,,0.04176285752222043,,-0.32867446801250144,0.4016473090990625,0.08462822493703208,,,0.3042027110943762,1.3769039801037186,0,0,1,1.0,133.08947804473902,0.0,False,,,,True
PeelJu00,justin-peelle-1,00-0021227,Justin Peelle,TE,2002,4,103,SDG,oregon,76.0,255.0,4.75,29.0,110.0,21.0,7.34,4.29,,,,,,,,,,,,8.0,2.0,151.0,0,0,4,False,skill_pass,False,False,False,True,37.29,0,0,True,100.18339331343375,69.5,5.8149999999999995,31.036184210526315,0.7677734733284143,1.3907373968704306,0.7023393451787344,-1.486901737644603,-1.0873058900213435,0.6317106463207024,1.3540830236905956,0.2076387200335635,0.21407843791503595,-1.312772085011975,0.9858904673555782,1.4361555709385003,0,0,1,,,,True,,,,True
DreeJo00,joel-dreessen-1,00-0023630,Joel Dreessen,TE,2005,6,198,NYJ,colorado st.,76.0,260.0,4.72,36.0,113.0,22.0,7.09,4.01,,,,,,,,,,,,16.0,0.0,120.0,0,0,4,False,skill_pass,False,False,False,True,6.15,0,1,True,104.76961526523806,74.5,5.55,31.644736842105264,0.7677734733284143,1.5883346851493743,0.5482585668271669,0.45867138347680864,-0.6740312530901539,0.8237876691873433,0.27176971165476127,-1.5145082113178383,0.5848602544651327,-0.3275125016620676,-0.5195033277212509,1.7324135251124144,0,0,1,,,,True,,,,True
ButlHa00,hakeem-butler-1,00-0035529,Hakeem Butler,WR,2019,4,103,ARI,iowa st.,77.0,227.0,4.48,36.0,128.0,18.0,,,,,,,,,,,94160.0,1346971318.0,279.0,0.0,,2.0,0,0,0,False,skill_pass,False,True,False,False,37.29,0,0,True,112.70515921710677,82.0,,26.915331421824927,1.165697403861107,0.28419258250834545,-0.6843876599853594,0.45867138347680864,1.392341931565794,0.05547957772078011,,,1.2264243638143184,1.1503768733627937,,-0.5699739785549697,0,1,0,1.0,14305.132943925233,0.00296304163126593,False,,,,True
ScaiBo00,bo-scaife-1,00-0023612,Bo Scaife,TE,2005,6,179,TEN,texas,75.0,249.0,4.75,32.5,114.0,24.0,7.21,4.12,,,,,,,,,,,,20.0,20.0,90.0,0,0,4,False,skill_pass,False,False,False,True,10.28,0,1,True,97.82613700017649,73.25,5.665,31.119466666666668,0.3698495427957216,1.153620650935698,0.7023393451787344,-0.5141151770838972,-0.5362730407797573,1.2079417149206249,0.7912801014319621,-0.8379504882869291,0.02350157811873792,-0.5738273974995445,0.1337807720290732,1.476699459493715,0,0,1,,,,True,,,,True
DunsDr00,drake-dunsmore-1,00-0029147,Drake Dunsmore,TE,2012,7,233,TAM,northwestern,74.0,241.0,4.63,35.5,117.0,21.0,6.73,4.03,,,,,,,,,11474045.0,141523381522.0,356.0,,,,0,0,0,False,skill_pass,True,False,False,False,1.31,0,1,True,104.88734061831344,76.25,5.380000000000001,30.93918918918919,-0.028074387736971164,0.837464989689388,0.08601623177246896,0.31970187482527923,-0.12299840384856776,0.6317106463207024,-1.2867614576768376,-1.391497716221307,0.5943779840312127,0.017328352510400026,-1.4852276490912877,1.3889360781695104,0,0,1,1.0,12334.218797468548,3.102654730742297e-05,False,,,,True
BrowMa04,marquise-brown-1,00-0035662,Marquise Brown,WR,2019,1,25,BAL,oklahoma,69.0,166.0,,,,,,,,,,,,12.0,0.0,0.0,5775.0,10951318.0,710.0,39.0,24.0,90.0,0,0,4,False,skill_pass,False,True,False,False,82.52,1,0,True,,,,24.511237135055662,-2.0176940404004347,-2.1264943344947684,,,,,,,,,,-1.7403444906198056,0,1,0,1.0,1896.3321212121211,0.12294372294372294,False,,,,True
DaviVe00,vernon-davis-1,00-0024221,Vernon Davis,TE,2006,1,6,SFO,maryland,75.0,254.0,4.38,42.0,128.0,33.0,7.0,4.17,,,,,,,,,,,,51.0,42.0,198.0,2,0,11,False,skill_pass,False,False,False,True,96.22,1,0,True,138.02802386315946,85.0,5.585,31.744355555555554,0.3698495427957216,1.3512179392146417,-1.197990254490583,2.1263054872951614,1.392341931565794,2.9366349207203917,-0.11786308067813844,-0.5304242505456087,3.2736994090226585,1.7415326233727382,-0.3206777321450648,1.7809102938596737,0,0,1,,,,True,,,,True
BajeBi00,billy-bajema-1,00-0023679,Billy Bajema,TE,2005,7,249,SFO,oklahoma st.,77.0,261.0,4.74,31.5,113.0,16.0,7.05,4.25,,,,,,,,,,,,2.0,0.0,120.0,0,0,4,False,skill_pass,False,False,False,True,0.29,0,1,True,103.40871377848424,72.25,5.65,30.94670264800135,1.165697403861107,1.6278541428051632,0.6509790857282134,-0.7920541943869559,-0.6740312530901539,-0.32867446801250144,0.09859958172902764,-0.038382270159493886,0.4748355913094845,-0.7708793141695259,0.048569802496424216,1.3925938093515857,0,0,1,,,,True,,,,True
ProeAu00,austin-proehl-1,00-0034442,Austin Proehl,WR,2018,7,255,BUF,north carolina,,,,,,,,,10.0,11.0,80.0,0.0,0.0,11.0,4.0,0.0,15124321.0,106225597337.0,131.0,,,,0,0,0,False,skill_pass,True,True,True,False,0.09,0,1,True,,,,,,,,,,,,,,,,,0,1,0,0.9999999999623443,7023.495291920874,8.661545863777952e-06,False,,,,False
TateAu00,auden-tate-1,00-0034686,Auden Tate,WR,2018,7,253,CIN,florida st.,77.0,228.0,4.68,31.0,112.0,,,,,,,,,,,,2540.0,409548.0,610.0,5.0,5.0,35.0,0,0,1,False,skill_pass,False,True,False,False,0.15,0,1,True,95.05641484153149,71.5,,27.033901163771294,1.165697403861107,0.32371204016413424,0.34281752902507845,-0.9310237030384854,-0.8117894654005504,,,,-0.20042186564686976,-0.918668251672012,,-0.5122513965577175,0,1,0,1.0,161.23937007874017,0.24015748031496062,False,,,,True
LewiMa00,marcedes-lewis-1,00-0024243,Marcedes Lewis,TE,2006,1,28,JAX,ucla,78.0,261.0,4.8,37.0,118.0,23.0,7.24,4.82,,,,,,,,,,,,35.0,33.0,290.0,1,0,15,False,skill_pass,False,False,False,True,80.45,1,0,True,98.33441840277779,77.5,6.03,30.15828402366864,1.5636213343937997,1.6278541428051632,0.9591406424313439,0.7366104007798674,0.014759808461828759,1.015864692053984,0.9211576988762634,3.467416840091573,0.0645945526314512,0.2636432483478769,2.2072476973235773,1.0087727944438254,0,0,1,,,,True,,,,True
KlopJo00,joe-klopfenstein-1,00-0024261,Joe Klopfenstein,TE,2006,2,46,STL,colorado,78.0,255.0,4.63,36.0,112.0,27.0,7.39,4.21,,,,,,,,,,,,3.0,3.0,49.0,0,0,3,False,skill_pass,False,False,False,True,68.6,0,0,True,110.98038115215739,74.0,5.8,29.464990138067062,1.5636213343937997,1.3907373968704306,0.08601623177246896,0.45867138347680864,-0.8117894654005504,1.7841727835205472,1.5705456860977616,-0.2844032603525513,1.0869814081989468,-0.4260384599970583,0.9006794978229292,0.6712607740673912,0,0,1,,,,True,,,,True
JackTa00,tarvaris-jackson-1,00-0024279,Tarvaris Jackson,QB,2006,2,64,MIN,alabama st.,74.0,226.0,4.69,31.5,107.0,22.0,7.4,4.38,,,,,,,,,,,,22.0,13.0,59.0,0,0,2,False,skill_pass,False,False,False,True,57.69,0,0,True,93.42154900179118,69.25,5.890000000000001,29.013513513513512,-0.028074387736971164,0.2446731248525567,0.394177788475604,-0.7920541943869559,-1.500580526952533,0.8237876691873433,1.613838218579198,0.7611859479679413,-0.3325956967969586,-1.3620350641794705,1.4119453150188381,0.45147117131677544,1,0,0,,,,True,,,,True
FasaAn00,anthony-fasano-1,00-0024268,Anthony Fasano,TE,2006,2,53,DAL,notre dame,76.0,259.0,4.72,33.5,112.0,19.0,6.94,4.34,,,,,,,,,,,,22.0,2.0,180.0,0,0,8,False,skill_pass,False,False,False,True,64.24,0,0,True,104.3666552065256,72.75,5.640000000000001,31.523026315789473,0.7677734733284143,1.5488152274935856,0.5482585668271669,-0.23617615978083836,-0.8117894654005504,0.24755660058742088,-0.377618275566737,0.5151649577748839,0.552282183857853,-0.6723533558345351,-0.008237510525341774,1.673161934277631,0,0,1,,,,True,,,,True
JoneMa02,marvin-jones-1,00-0029293,Marvin Jones,WR,2012,5,166,CIN,california,74.0,199.0,4.46,33.0,112.0,22.0,6.81,4.11,,,,,,,,,,,,53.0,15.0,151.0,0,0,8,False,skill_pass,False,False,False,True,13.71,0,1,True,100.58741265713415,72.5,5.46,25.5472972972973,-0.028074387736971164,-0.8223522318537396,-0.7871081788864059,-0.37514566843236774,-0.8117894654005504,0.8237876691873433,-0.9404211978253741,-0.8994557358351921,0.2467421484272749,-0.7216163350020306,-1.0307691449171548,-1.235965661018145,0,1,0,,,,True,,,,True
ScheTo00,tony-scheffler-1,00-0024276,Tony Scheffler,TE,2006,2,61,DEN,western michigan,77.0,254.0,4.54,33.5,115.0,17.0,6.81,4.01,,,,,,,,,,,,24.0,16.0,107.0,0,0,2,False,skill_pass,False,False,False,True,59.44,0,0,True,119.57497558125529,74.25,5.41,30.11671445437679,1.165697403861107,1.3512179392146417,-0.37622610328222894,-0.23617615978083836,-0.3985148284693608,-0.13659744514586067,-0.9404211978253741,-1.5145082113178383,1.7818277039999046,-0.37677548082956297,-1.3148057100259898,0.9885357353708237,0,0,1,,,,True,,,,True
ThomDa02,david-thomas-1,00-0024301,David Thomas,TE,2006,3,86,NWE,texas,75.0,252.0,4.67,37.5,113.0,19.0,7.05,4.34,,,,,,,,,,,,9.0,3.0,80.0,0,0,3,False,skill_pass,False,False,False,True,45.64,0,0,True,105.96513949535293,75.25,5.695,31.4944,0.3698495427957216,1.2721790239030644,0.2914572695745574,0.8755799094313969,-0.6740312530901539,0.24755660058742088,0.09859958172902764,0.5151649577748839,0.6815146794864192,-0.17972356415958146,0.3042027110943762,1.65922596011329,0,0,1,,,,True,,,,True
PopeLe00,leonard-pope-1,00-0024287,Leonard Pope,TE,2006,3,72,ARI,georgia,80.0,258.0,4.62,37.5,118.0,22.0,7.47,4.67,,,,,,,,,,,,6.0,4.0,103.0,0,0,4,False,skill_pass,False,False,False,True,53.15,0,0,True,113.26136710281996,77.75,6.07,28.3396875,2.359469195459185,1.509295769837797,0.03465597232194799,0.8755799094313969,0.014759808461828759,0.8237876691873433,1.916885945949229,2.544838126867606,1.271392045799943,0.3129062275153723,2.434476949410646,0.1234365759938902,0,0,1,,,,True,,,,True
DaniOw00,owen-daniels-1,00-0024313,Owen Daniels,TE,2006,4,98,HOU,wisconsin,75.0,253.0,4.65,34.5,114.0,23.0,6.87,4.1,,,,,,,,,,,,41.0,35.0,131.0,2,0,9,False,skill_pass,False,False,False,True,39.66,0,0,True,108.22776881516563,74.25,5.484999999999999,31.61937777777778,0.3698495427957216,1.311698481558853,0.18873675067351547,0.04176285752222043,-0.5362730407797573,1.015864692053984,-0.6806660029367718,-0.9609609833834605,0.8644412404326483,-0.37677548082956297,-0.8887508623627398,1.7200681269864828,0,0,1,,,,True,,,,True
WilsTr00,travis-wilson-2,00-0024293,Travis Wilson,WR,2006,3,78,CLE,oklahoma,75.0,256.0,4.89,33.0,109.0,25.0,7.56,4.36,,,,,,,,,,,,0.0,0.0,4.0,0,0,0,False,skill_pass,False,False,False,True,49.86,0,0,True,89.54359458987665,71.0,5.96,31.99431111111111,0.3698495427957216,1.4302568545262193,1.4213829774860418,-0.37514566843236774,-1.22506410233174,1.4000187377872655,2.3065187382821284,0.6381754528714153,-0.6461162800697425,-1.0171942100070028,1.8095965061712052,1.9025946276060577,0,1,0,,,,True,,,,True
KingJe00,jeff-king-1,00-0024369,Jeff King,TE,2006,5,155,CAR,virginia tech,77.0,245.0,4.83,32.5,109.0,21.0,6.99,4.09,,,,,,,,,,,,10.0,8.0,108.0,0,0,6,False,skill_pass,False,False,False,True,16.99,0,1,True,90.03420974946982,70.75,5.54,29.049586776859503,1.165697403861107,0.995542820312543,1.1132214207829114,-0.5141151770838972,-1.22506410233174,0.6317106463207024,-0.1611556131595709,-1.0224662309317234,-0.6064515664966443,-1.0664571891744983,-0.5763106407430167,0.4690324973955593,0,0,1,,,,True,,,,True
PociJa00,jason-pociask-1,00-0024364,Jason Pociask,TE,2006,5,150,NYJ,wisconsin,75.0,266.0,4.84,32.5,115.0,23.0,7.31,4.3,,,,,,,,,,,,0.0,0.0,4.0,0,0,0,False,skill_pass,False,False,False,True,18.6,0,1,True,96.94606494983523,73.75,5.805,33.24408888888889,0.3698495427957216,1.8254514310841068,1.1645816802334323,-0.5141151770838972,-0.3985148284693608,1.015864692053984,1.2242054262462942,0.2691439675818265,-0.04764951682382595,-0.4753014391645537,0.9290831543338122,2.5110162963379783,0,0,1,,,,True,,,,True
SypnQu00,quinn-sypniewski-1,00-0024380,Quinn Sypniewski,TE,2006,5,166,BAL,colorado,78.0,268.0,4.77,32.5,114.0,20.0,7.09,4.52,,,,,,,,,,,,2.0,2.0,31.0,0,0,1,False,skill_pass,False,False,False,True,13.71,0,1,True,103.53597402727125,73.25,5.805,30.967126890203815,1.5636213343937997,1.9044903463956844,0.8050598640797764,-0.5141151770838972,-0.5362730407797573,0.43963362345406165,0.27176971165476127,1.6222594136436395,0.4851241876128756,-0.5738273974995445,0.9290831543338122,1.4025368182163336,0,0,1,,,,True,,,,True
MackAl00,alize-mack-1,00-0035309,Alizé Mack,TE,2019,7,231,NOR,notre dame,76.0,249.0,4.7,36.0,120.0,22.0,7.27,4.34,,,,,,,,,131936.0,190166360.0,13.0,,,,0,0,0,False,skill_pass,True,False,False,False,1.49,0,1,True,102.05585160177478,78.0,5.805,30.30592105263158,0.7677734733284143,1.153620650935698,0.44553804792612495,0.45867138347680864,0.2902762330826218,0.8237876691873433,1.0510352963205607,0.5151649577748839,0.36546088142983985,0.3621692066828676,0.9290831543338122,1.0806460259298045,0,0,1,1.0,1441.3530802813486,9.853262187727384e-05,False,,,,True
SmitL.00,lj-smith-1,00-0022126,L.J. Smith,TE,2003,2,61,PHI,rutgers,75.0,258.0,4.62,37.0,122.0,26.0,6.74,4.25,,,,,,,,,,,,21.0,21.0,98.0,0,0,4,False,skill_pass,False,False,False,True,59.44,0,0,True,113.26136710281996,79.5,5.495,32.24426666666667,0.3698495427957216,1.509295769837797,0.03465597232194799,0.7366104007798674,0.5657926577034149,1.5920957606539063,-1.2434689251954052,-0.038382270159493886,1.271392045799943,0.6577470816878399,-0.8319435493409688,2.0242789613524432,0,0,1,,,,True,,,,True
GrahT.00,tj-graham-1,00-0029660,T.J. Graham,WR,2012,3,69,BUF,north carolina st.,71.0,188.0,4.34,33.5,120.0,8.0,6.77,4.18,,,,,,,,,,,,7.0,6.0,47.0,0,0,1,False,skill_pass,False,False,False,True,54.83,0,0,True,105.98122300185564,76.75,5.475,26.217813925808372,-1.2218461793350492,-1.257066266067416,-1.4034312922926713,-0.23617615978083836,0.2902762330826218,-1.8652906509456277,-1.1135913277511078,-0.46891900299734574,0.682814981089839,0.11585431084539077,-0.9455581753845058,-0.9095421533473704,0,1,0,,,,True,,,,True
EuhuTi00,tim-euhus-1,00-0022215,Tim Euhus,TE,2004,4,109,BUF,oregon st.,77.0,260.0,4.93,34.5,115.0,25.0,6.99,4.13,,,,,,,,,,,,1.0,1.0,34.0,0,0,0,False,skill_pass,False,False,False,True,34.55,0,0,True,88.0269524429171,74.75,5.5600000000000005,30.828132906054982,1.165697403861107,1.5883346851493743,1.6268240152881304,0.04176285752222043,-0.3985148284693608,1.4000187377872655,-0.1611556131595709,-0.776445240738666,-0.7687320924346154,-0.2782495224945722,-0.46269601469947974,1.3348712273543335,0,0,1,,,,True,,,,True
FulcMo20,mondriel-fulcher-1,00-0019558,Mondriel Fulcher,TE,2000,7,227,OAK,miami,75.0,253.0,4.85,27.0,116.0,18.0,7.46,4.52,,,,,,,,,,,,0.0,0.0,25.0,0,0,0,False,skill_pass,False,False,False,True,1.89,0,1,True,91.44996896563525,71.5,5.99,31.61937777777778,0.3698495427957216,1.311698481558853,1.2159419396839533,-2.0427797722507206,-0.2607566161589643,0.05547957772078011,1.8735934134677965,1.6222594136436395,-0.4919918261081885,-0.918668251672012,1.9800184452365082,1.7200681269864828,0,0,1,,,,True,,,,True
PerrBr02,breshad-perriman-1,00-0032054,Breshad Perriman,WR,2015,1,26,BAL,central florida,74.0,212.0,,,,,,,,,,,,1.0,0.0,0.0,263950.0,3888111044.0,349.0,15.0,4.0,80.0,0,0,1,False,skill_pass,False,True,False,False,81.83,1,0,True,,,,27.216216216216218,-0.028074387736971164,-0.3085992823284858,,,,,,,,,,-0.4234960750791086,0,1,0,1.0,14730.483212729683,0.0013222201174464862,False,,,,True
OlseGr00,greg-olsen-1,00-0025418,Greg Olsen,TE,2007,1,31,CHI,miami,78.0,254.0,4.51,35.5,114.0,23.0,7.04,4.48,,,,,,,,,,,,60.0,11.0,199.0,3,0,11,False,skill_pass,False,False,False,True,78.41,1,0,True,122.78845780851813,74.75,5.76,29.349441157133466,1.5636213343937997,1.3512179392146417,-0.5303068816337965,0.31970187482527923,-0.5362730407797573,1.015864692053984,0.05530704924759519,1.3762384234505876,2.0416277725960637,-0.2782495224945722,0.6734502457358602,0.6150087706713189,0,0,1,,,,True,,,,True
WalkMi01,mike-walker-1,00-0025466,Mike Sims-Walker,WR,2007,3,79,JAX,central florida,74.0,209.0,4.35,36.5,121.0,18.0,6.92,4.39,,,,,,,,,,,,16.0,16.0,44.0,0,0,2,False,skill_pass,False,False,False,True,49.32,0,0,True,116.73988306566687,78.75,5.654999999999999,26.83108108108108,-0.028074387736971164,-0.4271576552958521,-1.3520710328421504,0.597640892128338,0.4280344453930183,0.05547957772078011,-0.4642033405296057,0.8226911955162043,1.5526192696798224,0.5099581441853538,0.07697345900730217,-0.6109890564496563,0,1,0,,,,True,,,,True
JoneJa04,james-jones-3,00-0025465,James Jones,WR,2007,3,78,GNB,san jose st.,73.0,207.0,4.54,34.0,119.0,22.0,7.06,4.2,,,,,,,,,,,,46.0,43.0,136.0,0,0,4,False,skill_pass,False,False,False,True,49.86,0,0,True,97.44889742251907,76.5,5.63,27.307374741977856,-0.4259983182696639,-0.5061965706074296,-0.37622610328222894,-0.09720665112930897,0.1525180207722253,0.8237876691873433,0.14189211421046008,-0.3459085079008143,-0.006997071390228957,0.0665913316778954,-0.0650448235471128,-0.37911792774026243,0,1,0,,,,True,,,,True
ChanSc00,scott-chandler-1,00-0025516,Scott Chandler,TE,2007,4,129,SDG,iowa,79.0,270.0,4.78,30.0,111.0,16.0,7.26,4.32,,,,,,,,,,,,18.0,0.0,90.0,0,0,2,False,skill_pass,False,False,False,True,26.16,0,0,True,103.43849031139057,70.5,5.79,30.41339528921647,1.9615452649264924,1.983529261707262,0.856420123530302,-1.208962720341544,-0.949547677710947,-0.32867446801250144,1.0077427638391283,0.3921544626783579,0.477242931616516,-1.1157201683419935,0.8438721848011632,1.1329670509402971,0,0,1,,,,True,,,,True
MilnMa00,martrez-milner-1,00-0025520,Martrez Milner,TE,2007,4,133,ATL,georgia,76.0,252.0,4.79,34.0,117.0,19.0,7.35,4.49,,,,,,,,,,,,0.0,0.0,8.0,0,0,0,False,skill_pass,False,False,False,True,24.62,0,0,True,95.73891090661452,75.5,5.92,30.67105263157895,0.7677734733284143,1.2721790239030644,0.9077803829808229,-0.09720665112930897,-0.12299840384856776,0.24755660058742088,1.397375556172028,1.4377436709988505,-0.1452441761544933,-0.1304605849920861,1.5823672540841363,1.2584007984341532,0,0,1,,,,True,,,,True
McKnSc00,scotty-mcknight-1,00-0028165,Scotty McKnight,WR,2011,7,227,NYJ,colorado,,,,,,,,,1100.0,1311.0,93800.0,0.0,0.0,20.0,22.0,1.0,47467650.0,555519893621.0,4567.0,,,,0,0,0,False,skill_pass,True,True,True,False,1.89,0,1,True,,,,,,,,,,,,,,,,,0,1,0,0.9999999999603975,11703.126100007057,9.621289446602054e-05,False,,,,False
CrumAl00,alge-crumpler-1,00-0020285,Alge Crumpler,TE,2001,2,35,ATL,north carolina,74.0,266.0,4.76,34.0,112.0,22.0,7.38,4.43,,,,,,,,,,,,41.0,38.0,155.0,4,0,10,False,skill_pass,False,False,False,True,75.73,0,0,True,103.62959990195375,73.0,5.904999999999999,34.148648648648646,-0.028074387736971164,1.8254514310841068,0.7536996046292553,-0.09720665112930897,-0.8117894654005504,0.8237876691873433,1.5272531536163292,1.0687121857092616,0.4926935491168936,-0.6230903766670398,1.497156284551482,2.9513775895907326,0,0,1,,,,True,,,,True
HartBe00,ben-hartsock-1,00-0022847,Ben Hartsock,TE,2004,3,68,IND,ohio st.,76.0,263.0,4.8,35.0,117.0,23.0,7.1,3.98,,,,,,,,,,,,2.0,0.0,131.0,0,0,2,False,skill_pass,False,False,False,True,55.39,0,0,True,99.08793885030865,76.0,5.54,32.00986842105263,0.7677734733284143,1.7068930581167405,0.9591406424313439,0.18073236617374983,-0.12299840384856776,1.015864692053984,0.3150622441361937,-1.69902395396263,0.1255143430993365,-0.03193462665709535,-0.5763106407430167,1.9101682976167615,0,0,1,,,,True,,,,True
RosaDa00,dante-rosario-1,00-0025542,Dante Rosario,TE,2007,5,155,CAR,oregon,75.0,244.0,4.78,36.0,115.0,20.0,6.96,4.47,,,,,,,,,,,,9.0,7.0,122.0,0,0,1,False,skill_pass,False,False,False,True,16.99,0,1,True,93.47774679992332,75.5,5.715,30.494577777777778,0.3698495427957216,0.9560233626567542,0.856420123530302,0.45867138347680864,-0.3985148284693608,0.43963362345406165,-0.2910332106038721,1.314733175902319,-0.3280522791655125,-0.1304605849920861,0.4178173371379082,1.1724886251277549,0,0,1,,,,True,,,,True
KellCh00,chad-kelly-1,00-0033597,Chad Kelly,QB,2017,7,253,DEN,mississippi,,,,,,,,,10298205.0,17458328.0,5840422758.0,3119.0,138.0,1610781.0,117500332.0,1105.0,,,,0.0,0.0,1.0,0,0,0,False,skill_pass,False,True,True,False,0.15,0,1,True,,,,,,,,,,,,,,,,,1,0,0,,,,True,0.5898734976224528,334.53505730903896,22.60144927536232,False
SchrMa00,mason-schreck-1,00-0033798,Mason Schreck,TE,2017,7,251,CIN,buffalo,,,,,,,,,1.0,2.0,23.0,0.0,0.0,,,,17102159.0,147106209651.0,2004.0,0.0,0.0,26.0,0,0,0,False,skill_pass,False,True,True,False,0.21,0,1,True,,,,,,,,,,,,,,,,,0,0,1,1.0,8601.616301836511,0.00011717818785335816,False,,,,False
JollDo00,doug-jolley-1,00-0021183,Doug Jolley,TE,2002,2,55,OAK,byu,76.0,251.0,4.6,38.0,117.0,18.0,6.9,4.18,,,,,,,,,,,,11.0,9.0,74.0,0,0,2,False,skill_pass,False,False,False,True,63.03,0,0,True,112.1172380030089,77.5,5.54,30.549342105263158,0.7677734733284143,1.2326595662472755,-0.06806454657909854,1.0145494180829262,-0.12299840384856776,0.05547957772078011,-0.5507884054924707,-0.46891900299734574,1.178892757615934,0.2636432483478769,-0.5763106407430167,1.1991492075993697,0,0,1,,,,True,,,,True
StroJa01,jaelen-strong-1,00-0031560,Jaelen Strong,WR,2015,3,70,HOU,arizona st.,74.0,217.0,4.44,42.0,123.0,,,,,,,,,,,,7582.0,11221165.0,710.0,2.0,2.0,20.0,0,0,0,False,skill_pass,False,True,False,False,54.26,0,0,True,111.67548546051955,82.5,,27.85810810810811,-0.028074387736971164,-0.11100199404954207,-0.8898286977874479,2.1263054872951614,0.7035508700138113,,,,1.1431784350447418,1.2489028316977844,,-0.11100777279486415,0,1,0,1.0,1479.9742811922974,0.09364283830123978,False,,,,True
SchoDe00,derek-schouman-1,00-0025609,Derek Schouman,TE,2007,7,222,BUF,boise st.,74.0,247.0,4.74,37.5,122.0,27.0,7.0,4.27,,,,,,,,,,,,2.0,2.0,25.0,0,0,1,False,skill_pass,False,False,False,True,2.45,0,1,True,97.86188621948509,79.75,5.635,31.70945945945946,-0.028074387736971164,1.0745817356241205,0.6509790857282134,0.8755799094313969,0.5657926577034149,1.7841727835205472,-0.11786308067813844,0.08462822493703208,0.02639179159178522,0.7070100608553352,-0.03664116703622981,1.763922040910604,0,0,1,,,,True,,,,True
JoneTe00,terry-jones-jr-1,00-0021268,Terry Jones,TE,2002,5,155,BAL,alabama,75.0,265.0,4.79,33.5,111.0,20.0,7.43,4.43,,,,,,,,,,,,5.0,4.0,53.0,0,0,3,False,skill_pass,False,False,False,True,16.99,0,1,True,100.67782297719384,72.25,5.93,33.11911111111111,0.3698495427957216,1.785931973428318,0.9077803829808229,-0.23617615978083836,-0.949547677710947,0.43963362345406165,1.7437158160234953,1.0687121857092616,0.25405154231594596,-0.7708793141695259,1.6391745671059021,2.4501741294647856,0,0,1,,,,True,,,,True
BrewSe20,sean-brewer-1,00-0020398,Sean Brewer,TE,2001,3,66,CIN,san jose st.,76.0,255.0,4.73,36.0,117.0,14.0,7.37,4.18,,,,,,,,,,,,0.0,0.0,12.0,0,0,0,False,skill_pass,False,False,False,True,56.54,0,0,True,101.88860429027191,76.5,5.775,31.036184210526315,0.7677734733284143,1.3907373968704306,0.5996188262776925,0.45867138347680864,-0.12299840384856776,-0.712828513745783,1.4839606211348968,-0.46891900299734574,0.35193945516137193,0.0665913316778954,0.7586612152685142,1.4361555709385003,0,0,1,,,,True,,,,True
KellDu00,dustin-keller-1,00-0026170,Dustin Keller,TE,2008,1,30,NYJ,purdue,74.0,242.0,4.53,38.0,131.0,26.0,6.88,4.14,,,,,,,,,,,,22.0,22.0,72.0,0,0,3,False,skill_pass,False,False,False,True,79.09,1,0,True,114.93506707017468,84.5,5.51,31.06756756756757,-0.028074387736971164,0.8769844473451768,-0.42758636273274997,1.0145494180829262,1.8056165684969836,1.5920957606539063,-0.6373734704553393,-0.7149399931904031,1.4067054956890124,1.6430066650377473,-0.7467325798083198,1.4514337386263596,0,0,1,,,,True,,,,True
HollJo01,johnathan-holland-1,00-0025641,Jonathan Holland,WR,2007,7,254,OAK,louisiana tech,72.0,191.0,4.45,35.5,120.0,15.0,7.12,4.4,,,,,,,,,,,,1.0,1.0,17.0,0,0,0,False,skill_pass,False,False,False,True,0.12,0,1,True,97.41443567500241,77.75,5.76,25.901427469135804,-0.8239222488023566,-1.1385078931000496,-0.8384684383369269,0.31970187482527923,0.2902762330826218,-0.5207514908791422,0.4016473090990625,0.8841964430644728,-0.00978319676313867,0.3129062275153723,0.6734502457358602,-1.063566636223982,0,1,0,,,,True,,,,True
RoyaEd00,eddie-royal-1,00-0026182,Eddie Royal,WR,2008,2,42,DEN,virginia tech,70.0,184.0,4.39,36.0,124.0,24.0,7.07,4.34,,,,,,,,,,,,35.0,19.0,116.0,0,0,6,False,skill_pass,False,False,False,True,71.15,0,0,True,99.08085320013538,80.0,5.705,26.398367346938777,-1.619770109867742,-1.4151440966905708,-1.1466299950400618,0.45867138347680864,0.8413090823242079,1.2079417149206249,0.18518464669189638,0.5151649577748839,0.12494149026528459,0.7562730400228306,0.3610100241161422,-0.8216444360629855,0,1,0,,,,True,,,,True
HardJa00,james-hardy-1,00-0026181,James Hardy,WR,2008,2,41,BUF,indiana,77.0,217.0,4.45,31.5,125.0,18.0,6.84,4.2,,,,,,,,,,,,1.0,1.0,16.0,0,0,0,False,skill_pass,False,False,False,True,71.8,0,0,True,110.67503948416504,78.25,5.52,25.729634002361276,1.165697403861107,-0.11100199404954207,-0.8384684383369269,-0.7920541943869559,0.9790672946346044,0.05547957772078011,-0.810543600381073,-0.3459085079008143,1.0622954816309798,0.411432185850363,-0.6899252667865539,-1.1471997985274847,0,1,0,,,,True,,,,True
CarlJo00,john-carlson-1,00-0026178,John Carlson,TE,2008,2,38,SEA,notre dame,77.0,251.0,4.88,30.5,113.0,20.0,7.12,4.28,,,,,,,,,,,,16.0,12.0,90.0,0,0,4,False,skill_pass,False,False,False,True,73.75,0,0,True,88.51653991259904,71.75,5.7,29.761005228537694,1.165697403861107,1.2326595662472755,1.370022718035521,-1.0699932116900148,-0.6740312530901539,0.43963362345406165,0.4016473090990625,0.14613347248530054,-0.7291504644025449,-0.8694052725045167,0.3326063676052592,0.815367989379069,0,0,1,,,,True,,,,True
ButtJa00,jake-butt-1,00-0033564,Jake Butt,TE,2017,5,145,DEN,michigan,77.0,246.0,,,,,,,,,,,,0.0,2.0,0.0,20215146.0,235211654546.0,2234.0,1.0,1.0,8.0,0,0,0,False,skill_pass,False,True,False,False,20.28,0,1,True,,,,29.16815651880587,1.165697403861107,1.0350622779683318,,,,,,,,,,0.5267550793928115,0,0,1,0.999999999991497,11635.41705540984,0.00011051119789092793,False,,,,True
BennEa00,earl-bennett-1,00-0026210,Earl Bennett,WR,2008,3,70,CHI,vanderbilt,71.0,209.0,4.48,26.0,110.0,15.0,7.15,4.22,,,,,,,,,,,,19.0,19.0,78.0,0,0,1,False,skill_pass,False,False,False,True,54.26,0,0,True,103.76818623953882,68.0,5.6850000000000005,29.146399523903987,-1.2218461793350492,-0.4271576552958521,-0.6843876599853594,-2.3207187895537795,-1.0873058900213435,-0.5207514908791422,0.5315249065433636,-0.2228980128042883,0.5038978245616528,-1.6083499600169473,0.2473953980726102,0.5161632546859167,0,1,0,,,,True,,,,True
BennMa00,martellus-bennett-1,00-0026201,Martellus Bennett,TE,2008,2,61,DAL,texas a&m,78.0,259.0,4.68,34.0,118.0,18.0,7.64,4.53,,,,,,,,,,,,35.0,4.0,144.0,1,0,8,False,skill_pass,False,False,False,True,59.44,0,0,True,107.98075194717832,76.0,6.085,29.927186061801446,1.5636213343937997,1.5488152274935856,0.34281752902507845,-0.09720665112930897,0.014759808461828759,0.05547957772078011,2.652858998133596,1.683764661191908,0.8444706929987592,-0.03193462665709535,2.519687918943295,0.8962687876516806,0,0,1,,,,True,,,,True
StevCr00,craig-stevens-1,00-0026225,Craig Stevens,TE,2008,3,85,TEN,california,75.0,254.0,4.59,27.5,114.0,27.0,7.07,4.31,,,,,,,,,,,,5.0,5.0,109.0,0,0,5,False,skill_pass,False,False,False,True,46.16,0,0,True,114.44925503343254,70.75,5.6899999999999995,31.744355555555554,0.3698495427957216,1.3512179392146417,-0.11942480602961951,-1.9038102635991911,-0.5362730407797573,1.7841727835205472,0.18518464669189638,0.3306492151300895,1.3674290996972551,-1.0664571891744983,0.2757990545834882,1.7809102938596737,0,0,1,,,,True,,,,True
MannMa01,mario-manningham-1,00-0026235,Mario Manningham,WR,2008,3,95,NYG,michigan,72.0,181.0,4.59,32.0,117.0,16.0,7.34,4.27,,,,,,,,,,,,22.0,18.0,67.0,0,0,4,False,skill_pass,False,False,False,True,41.12,0,0,True,81.55635890177673,74.5,5.805,24.545331790123456,-0.8239222488023566,-1.533702469657937,-0.11942480602961951,-0.6530846857354266,-0.12299840384856776,-0.32867446801250144,1.3540830236905956,0.08462822493703208,-1.291859505925249,-0.3275125016620676,0.9290831543338122,-1.7237463983028893,0,1,0,,,,True,,,,True
FinlJe00,jermichael-finley-1,00-0026231,Jermichael Finley,TE,2008,3,91,GNB,texas,76.0,243.0,4.82,27.5,117.0,20.0,7.15,4.38,,,,,,,,,,,,27.0,27.0,70.0,0,0,3,False,skill_pass,False,False,False,True,43.1,0,0,True,90.04261854534114,72.25,5.765000000000001,29.575657894736842,0.7677734733284143,0.9165039050009656,1.0618611613323903,-1.9038102635991911,-0.12299840384856776,0.43963362345406165,0.5315249065433636,0.7611859479679413,-0.6057717414378201,-0.7708793141695259,0.7018539022467483,0.7251364809211086,0,0,1,,,,True,,,,True
WalkAa00,aaron-walker-2,00-0022060,Aaron Walker,TE,2003,5,161,SFO,florida,78.0,252.0,4.72,33.5,115.0,24.0,7.57,4.3,,,,,,,,,,,,3.0,2.0,55.0,0,0,0,False,skill_pass,False,False,False,True,15.16,0,1,True,101.54593479553843,74.25,5.9350000000000005,29.118343195266274,1.5636213343937997,1.2721790239030644,0.5482585668271669,-0.23617615978083836,-0.3985148284693608,1.2079417149206249,2.3498112707635648,0.2691439675818265,0.32423568960689425,-0.37677548082956297,1.6675782236167902,0.5025047638791741,0,0,1,,,,True,,,,True
LeexDo00,donald-lee-1,00-0021929,Donald Lee,TE,2003,5,156,MIA,mississippi st.,75.0,249.0,4.82,39.0,120.0,26.0,7.42,4.42,,,,,,,,,,,,17.0,2.0,133.0,0,0,5,False,skill_pass,False,False,False,True,16.68,0,1,True,92.26589307732488,79.5,5.92,31.119466666666668,0.3698495427957216,1.153620650935698,1.0618611613323903,1.292488435385985,0.2902762330826218,1.5920957606539063,1.7004232835420627,1.0072069381609987,-0.4260268929936273,0.6577470816878399,1.5823672540841363,1.476699459493715,0,0,1,,,,True,,,,True
FineDe00,derek-fine-1,00-0026272,Derek Fine,TE,2008,4,132,BUF,kansas,75.0,251.0,4.83,29.0,115.0,24.0,6.8,4.19,,,,,,,,,,,,2.0,2.0,18.0,0,0,1,False,skill_pass,False,False,False,True,25.0,0,0,True,92.23912917190582,72.0,5.495,31.369422222222223,0.3698495427957216,1.2326595662472755,1.1132214207829114,-1.486901737644603,-0.3985148284693608,1.2079417149206249,-0.9837137303068066,-0.40741375544907726,-0.4281906717146614,-0.8201422933370213,-0.8319435493409688,1.598383793240099,0,0,1,,,,True,,,,True
DaviKe01,kellen-davis-1,00-0026298,Kellen Davis,TE,2008,5,158,CHI,michigan st.,78.0,262.0,4.59,28.0,118.0,22.0,7.25,4.38,,,,,,,,,,,,5.0,5.0,125.0,0,0,4,False,skill_pass,False,False,False,True,16.06,0,1,True,118.05395597936742,73.0,5.8149999999999995,30.273833004602235,1.5636213343937997,1.6673736004609518,-0.11942480602961951,-1.7648407549476617,0.014759808461828759,0.8237876691873433,0.9644502313576958,0.7611859479679413,1.6588579879846526,-0.6230903766670398,0.9858904673555782,1.0650247978398977,0,0,1,,,,True,,,,True
BurtKe00,keenan-burton-1,00-0026268,Keenan Burton,WR,2008,4,128,STL,kentucky,72.0,201.0,4.44,38.5,125.0,10.0,6.77,4.2,,,,,,,,,,,,3.0,3.0,22.0,0,0,1,False,skill_pass,False,False,False,True,26.55,0,0,True,103.44134828370704,81.75,5.484999999999999,27.25752314814815,-0.8239222488023566,-0.7433133165421622,-0.8898286977874479,1.1535189267344557,0.9790672946346044,-1.481136605212346,-1.1135913277511078,-0.3459085079008143,0.47747398981175576,1.1011138941952983,-0.8887508623627398,-0.40338687414507646,0,1,0,,,,True,,,,True
TammJa00,jacob-tamme-1,00-0026267,Jacob Tamme,TE,2008,4,127,IND,kentucky,75.0,236.0,4.58,30.0,109.0,18.0,6.99,4.27,,,,,,,,,,,,21.0,7.0,130.0,0,0,2,False,skill_pass,False,False,False,True,26.94,0,0,True,107.27044607892466,69.5,5.63,29.494755555555557,0.3698495427957216,0.6398677014104442,-0.1707850654801405,-1.208962720341544,-1.22506410233174,0.05547957772078011,-0.1611556131595709,0.08462822493703208,0.787044667196918,-1.312772085011975,-0.0650448235471128,0.6857512901422196,0,0,1,,,,True,,,,True
AndeCo00,courtney-anderson-1,00-0022704,Courtney Anderson,TE,2004,7,245,OAK,san jose st.,78.0,269.0,4.89,30.0,106.0,17.0,7.86,4.45,,,,,,,,,,,,6.0,6.0,43.0,0,0,2,False,skill_pass,False,False,False,True,0.47,0,1,True,94.09073025264382,68.0,6.155,31.08267587113741,1.5636213343937997,1.944009804051473,1.4213829774860418,-1.208962720341544,-1.6383387392629296,-0.13659744514586067,3.605294712725133,1.191722680805793,-0.27849446872735006,-1.6083499600169473,2.917339110095667,1.4587888216124059,0,0,1,,,,True,,,,True
MeieSh00,shad-meier-1,00-0020476,Shad Meier,TE,2001,3,90,TEN,kansas st.,77.0,256.0,4.85,34.0,113.0,20.0,7.14,4.15,,,,,,,,,,,,3.0,3.0,53.0,0,0,0,False,skill_pass,False,False,False,True,43.6,0,0,True,92.53435594941749,73.5,5.645,30.353853938269523,1.165697403861107,1.4302568545262193,1.2159419396839533,-0.09720665112930897,-0.6740312530901539,0.43963362345406165,0.4882323740619274,-0.6534347456421347,-0.4043225026617128,-0.524564418332049,0.020166145985536173,1.1039808993653282,0,0,1,,,,True,,,,True
SantTo00,tom-santi-1,00-0026336,Tom Santi,TE,2008,6,196,IND,virginia,75.0,250.0,4.8,36.0,121.0,14.0,7.08,4.27,,,,,,,,,,,,2.0,2.0,9.0,0,0,0,False,skill_pass,False,False,False,True,6.54,0,1,True,94.19005594135803,78.5,5.675,31.244444444444444,0.3698495427957216,1.1931401085914868,0.9591406424313439,0.45867138347680864,0.4280344453930183,-0.712828513745783,0.22847717917332883,0.08462822493703208,-0.2704642949419203,0.4606951650178584,0.19058808505083918,1.5375416263669062,0,0,1,,,,True,,,,True
BarnGa01,gary-barnidge-1,00-0026281,Gary Barnidge,TE,2008,5,141,CAR,louisville,78.0,243.0,4.61,31.0,117.0,22.0,6.92,4.23,,,,,,,,,,,,14.0,3.0,124.0,1,0,4,False,skill_pass,False,False,False,True,21.68,0,1,True,107.60502870953519,74.0,5.575,28.078402366863905,1.5636213343937997,0.9165039050009656,-0.01670428712857299,-0.9310237030384854,-0.12299840384856776,0.8237876691873433,-0.4642033405296057,-0.16139276525601987,0.8140946348756682,-0.4260384599970583,-0.3774850451668308,-0.003763266685478816,0,0,1,,,,True,,,,True
GainMi00,michael-gaines-1,00-0022706,Michael Gaines,TE,2004,7,232,CAR,central florida,74.0,275.0,5.06,33.0,109.0,18.0,7.44,4.18,,,,,,,,,,,,7.0,3.0,83.0,0,0,2,False,skill_pass,False,False,False,True,1.4,0,1,True,83.89974138233609,71.0,5.8100000000000005,35.304054054054056,-0.028074387736971164,2.181126549986206,2.2945073881449165,-0.37514566843236774,-1.22506410233174,0.05547957772078011,1.7870083485049315,-0.46891900299734574,-1.1024043024605246,-1.0171942100070028,0.9574868108447002,3.5138565337023753,0,0,1,,,,True,,,,True
WilsKr00,kris-wilson-1,00-0022714,Kris Wilson,TE,2004,2,61,KAN,pittsburgh,74.0,248.0,4.62,35.0,119.0,24.0,6.88,4.1,,,,,,,,,,,,3.0,2.0,97.0,0,0,2,False,skill_pass,False,False,False,True,59.44,0,0,True,108.87139163371842,77.0,5.49,31.83783783783784,-0.028074387736971164,1.1141011932799092,0.03465597232194799,0.18073236617374983,0.1525180207722253,1.2079417149206249,-0.6373734704553393,-0.9609609833834605,0.916476148543061,0.16511729001288614,-0.8603472058518518,1.8264197013674532,0,0,1,,,,True,,,,True
WillMi07,mike-williams-17,00-0033536,Mike Williams,WR,2017,1,7,LAC,clemson,76.0,218.0,,32.5,121.0,15.0,,,,,,,,,,,2057298.0,3161030201361.0,36111.0,38.0,37.0,106.0,0,0,4,False,skill_pass,False,True,False,False,95.47,1,0,True,,76.75,,26.532894736842106,0.7677734733284143,-0.07148253639375332,,-0.5141151770838972,0.4280344453930183,-0.5207514908791422,,,,0.11585431084539077,,-0.7561532899484584,0,1,0,1.0,1536496.0260307451,0.017552634572142685,False,,,,True
HeywDa00,darrius-heyward-bey-1,00-0026983,Darrius Heyward-Bey,WR,2009,1,7,OAK,maryland,74.0,210.0,4.3,38.5,126.0,16.0,6.8,4.18,,,,,,,,,,,,23.0,17.0,144.0,0,0,5,False,skill_pass,False,False,False,True,95.47,1,0,True,122.85008691643651,82.25,5.49,26.95945945945946,-0.028074387736971164,-0.38763819764006335,-1.6088723300947598,1.1535189267344557,1.116825506945001,-0.32867446801250144,-0.9837137303068066,-0.46891900299734574,2.0466102947736804,1.199639852530289,-0.8603472058518518,-0.548491395992807,0,1,0,,,,True,,,,True
PettBr00,brandon-pettigrew-1,00-0026996,Brandon Pettigrew,TE,2009,1,20,DET,oklahoma st.,77.0,263.0,4.8,33.0,118.0,22.0,7.12,4.37,,,,,,,,,,,,22.0,22.0,93.0,0,0,7,False,skill_pass,False,False,False,True,86.02,1,0,True,99.08793885030865,75.5,5.745,31.18384213189408,1.165697403861107,1.7068930581167405,0.9591406424313439,-0.37514566843236774,0.014759808461828759,0.8237876691873433,0.4016473090990625,0.6996807004196783,0.1255143430993365,-0.1304605849920861,0.5882392762032111,1.50803897334609,0,0,1,,,,True,,,,True
QuinRi00,richard-quinn-1,00-0027040,Richard Quinn,TE,2009,2,64,DEN,north carolina,76.0,264.0,4.88,32.5,119.0,24.0,7.5,4.62,,,,,,,,,,,,0.0,0.0,30.0,0,0,0,False,skill_pass,False,False,False,True,57.69,0,0,True,93.10106190010417,75.75,6.0600000000000005,32.13157894736842,0.7677734733284143,1.7464125157725294,1.370022718035521,-0.5141151770838972,0.1525180207722253,1.2079417149206249,2.04676354339353,2.2373118891262855,-0.358506084692083,-0.08119760582459072,2.3776696363888803,1.9694198884515433,0,0,1,,,,True,,,,True
WallMi00,mike-wallace-1,00-0026901,Mike Wallace,WR,2009,3,84,PIT,mississippi,72.0,199.0,4.33,40.0,129.0,14.0,6.9,4.27,,,,,,,,,,,,57.0,32.0,144.0,1,0,8,False,skill_pass,False,False,False,True,46.68,0,0,True,113.22217323419613,84.5,5.585,26.98630401234568,-0.8239222488023566,-0.8223522318537396,-1.4547915517431924,1.5704274526890438,1.5301001438761905,-0.712828513745783,-0.5507884054924707,0.08462822493703208,1.2682233431164083,1.6430066650377473,-0.3206777321450648,-0.5354228265608573,0,1,0,,,,True,,,,True
ButlDe00,deon-butler-1,00-0027063,Deon Butler,WR,2009,3,91,SEA,penn st.,70.0,182.0,4.31,34.5,118.0,12.0,7.01,4.48,,,,,,,,,,,,4.0,4.0,35.0,0,0,1,False,skill_pass,False,False,False,True,43.1,0,0,True,105.48538760000919,76.25,5.745,26.111428571428572,-1.619770109867742,-1.4941830120021484,-1.557512070644239,0.04176285752222043,0.014759808461828759,-1.0969825594790645,-0.074570548196706,1.3762384234505876,0.6427282271257957,0.017328352510400026,0.5882392762032111,-0.9613330844963347,0,1,0,,,,True,,,,True
HillAn00,anthony-hill-1,00-0026908,Anthony Hill,TE,2009,4,122,HOU,north carolina st.,77.0,262.0,4.84,30.5,107.0,21.0,7.31,4.56,,,,,,,,,,,,0.0,0.0,12.0,0,0,0,False,skill_pass,False,False,False,True,28.96,0,0,True,95.48822938667982,68.75,5.935,31.065272389947715,1.165697403861107,1.6673736004609518,1.1645816802334323,-1.0699932116900148,-1.500580526952533,0.6317106463207024,1.2242054262462942,1.868280403836697,-0.1655109993291459,-1.4605610225144612,1.667578223616785,1.4503163913488377,0,0,1,,,,True,,,,True
NelsSh00,shawn-nelson-1,00-0027088,Shawn Nelson,TE,2009,4,121,BUF,southern miss,77.0,240.0,4.52,33.0,115.0,19.0,6.96,4.46,,,,,,,,,,,,1.0,1.0,17.0,0,0,1,False,skill_pass,False,False,False,True,29.37,0,0,True,114.99726143988315,74.0,5.71,28.456738067127677,1.165697403861107,0.7979455320335993,-0.4789466221832755,-0.37514566843236774,-0.3985148284693608,0.24755660058742088,-0.2910332106038721,1.2532279283540562,1.4117337175286946,-0.4260384599970583,0.3894136806270252,0.18041958740930183,0,0,1,,,,True,,,,True
LuciDe00,devin-lucien-1,00-0032447,Devin Lucien,WR,2016,7,225,NWE,arizona st.,,,,,,,,,0.0,1.0,0.0,0.0,0.0,11.0,334.0,0.0,10192966.0,1883392251074.0,228.0,,,,0,0,0,False,skill_pass,True,True,True,False,2.1,0,1,True,,,,,,,,,,,,,,,,,0,1,0,0.9999999998226604,184773.72053178633,2.2368366577500603e-05,False,,,,False
GettDa00,david-gettis-1,00-0027795,David Gettis,WR,2010,6,198,CAR,baylor,75.0,217.0,4.43,34.5,124.0,15.0,6.94,4.41,,,,,,,,,,,,3.0,3.0,17.0,0,0,1,False,skill_pass,False,False,False,True,6.15,0,1,True,112.6872614291838,79.25,5.675000000000001,27.120177777777776,0.3698495427957216,-0.11100199404954207,-0.9411889572379735,0.04176285752222043,0.8413090823242079,-0.5207514908791422,-0.377618275566737,0.9457016906127357,1.2249773831866815,0.6084841025203445,0.19058808505084424,-0.4702498804484291,0,1,0,,,,True,,,,True
CollAu00,austin-collie-1,00-0027092,Austin Collie,WR,2009,4,127,IND,byu,73.0,200.0,4.53,34.0,120.0,17.0,6.78,4.24,,,,,,,,,,,,18.0,17.0,49.0,0,0,0,False,skill_pass,False,False,False,True,26.94,0,0,True,94.98765873568155,77.0,5.51,26.383936948770877,-0.4259983182696639,-0.7828327741979508,-0.42758636273274997,-0.09720665112930897,0.2902762330826218,-0.13659744514586067,-1.0702987952696714,-0.09988751770775688,-0.20598058349652001,0.16511729001288614,-0.7467325798083198,-0.8286694985099996,0,1,0,,,,True,,,,True
CaseJa00,james-casey-1,00-0027109,James Casey,TE,2009,5,152,HOU,rice,75.0,246.0,4.69,36.0,111.0,28.0,7.0,4.48,,,,,,,,,,,,7.0,7.0,95.0,0,0,1,False,skill_pass,False,False,False,True,17.95,0,1,True,101.68894271876385,73.5,5.74,30.744533333333333,0.3698495427957216,1.0350622779683318,0.394177788475604,0.45867138347680864,-0.949547677710947,1.9762498063871878,-0.11786308067813844,1.3762384234505876,0.3357974365331892,-0.524564418332049,0.5598356196923282,1.2941729588741386,0,0,1,,,,True,,,,True
DillJa00,jarett-dillard-1,00-0027105,Jarett Dillard,WR,2009,5,144,JAX,rice,70.0,191.0,4.5,42.5,129.0,13.0,7.1,4.41,,,,,,,,,,,,4.0,4.0,21.0,0,0,0,False,skill_pass,False,False,False,True,20.63,0,1,True,93.15653101661331,85.75,5.755,27.40265306122449,-1.619770109867742,-1.1385078931000496,-0.5816671410843175,2.2652749959466907,1.5301001438761905,-0.9049055366124238,0.3150622441361937,0.9457016906127357,-0.35402157870920137,1.8893215608752243,0.6450465892249772,-0.33273416654626425,0,1,0,,,,True,,,,True
DugaJe00,jeff-dugan-1,00-0022746,Jeff Dugan,TE,2004,7,220,MIN,maryland,76.0,263.0,5.0,28.0,109.0,21.0,7.4,4.32,,,,,,,,,,,,2.0,2.0,79.0,0,0,0,False,skill_pass,False,False,False,True,2.69,0,1,True,84.16,68.5,5.86,32.00986842105263,0.7677734733284143,1.7068930581167405,1.9863458314417863,-1.7648407549476617,-1.22506410233174,0.6317106463207024,1.613838218579198,0.3921544626783579,-1.0813632006463665,-1.5098240016819566,1.2415233759535351,1.9101682976167615,0,0,1,,,,True,,,,True
LuzaCh00,chris-luzar-1,00-0021090,Chris Luzar,TE,2002,4,118,JAX,virginia,79.0,270.0,4.76,32.5,115.0,22.0,6.84,4.17,,,,,,,,,,,,0.0,0.0,23.0,0,0,0,False,skill_pass,False,False,False,True,30.63,0,0,True,105.18793975010344,73.75,5.505,30.41339528921647,1.9615452649264924,1.983529261707262,0.7536996046292553,-0.5141151770838972,-0.3985148284693608,0.8237876691873433,-0.810543600381073,-0.5304242505456087,0.6186804912604206,-0.4753014391645537,-0.7751362363192028,1.1329670509402971,0,0,1,,,,True,,,,True
McMiRa01,randy-mcmichael-1,00-0021236,Randy McMichael,TE,2002,4,114,MIA,georgia,75.0,247.0,4.88,29.5,112.0,18.0,7.58,4.28,,,,,,,,,,,,33.0,25.0,164.0,0,0,10,False,skill_pass,False,False,False,True,32.34,0,0,True,87.10591776259746,70.75,5.93,30.869511111111112,0.3698495427957216,1.0745817356241205,1.370022718035521,-1.3479322289930735,-0.8117894654005504,0.05547957772078011,2.393103803244997,0.14613347248530054,-0.8431948889288416,-1.0664571891744983,1.6391745671059021,1.3550151257473313,0,0,1,,,,True,,,,True
ChriGe00,gerald-christian-1,00-0032190,Gerald Christian,TE,2015,7,256,ARI,louisville,75.0,244.0,4.87,,,28.0,7.62,4.7,,,,,,,,,42832.0,72426384.0,145.0,0.0,,3.0,0,0,0,False,skill_pass,False,True,False,False,0.07,0,1,True,86.75689036082554,,6.16,30.494577777777778,0.3698495427957216,0.9560233626567542,1.3186624585849998,,,1.9762498063871878,2.566273933170731,2.7293538695124004,-0.8714126715426639,,2.9457427666065503,1.1724886251277549,0,0,1,1.0,1690.9409787075083,0.003385319387373926,False,,,,True
DyseZa00,zac-dysert-1,00-0030394,Zac Dysert,QB,2013,7,234,DEN,miami (oh),75.0,231.0,4.81,,,,,,247222295302.0,401343448480.0,2611240635133483.0,12132325.0,16121112.0,14979125108.0,25827115265.0,5142.0,,,,,,,0,0,0,False,skill_pass,True,True,False,False,1.23,0,1,True,86.31010999073635,,,28.869866666666667,0.3698495427957216,0.4422704131315005,1.010500901881865,,,,,,-0.9075334783770169,,,0.3815404557762592,1,0,0,,,,True,0.6159868716888243,6506.249560128569,0.7525737058336919,False
WatsBe00,benjamin-watson-1,00-0022943,Ben Watson,TE,2004,1,32,NWE,georgia,75.0,258.0,4.5,35.5,123.0,34.0,7.38,4.11,,,,,,,,,,,,40.0,19.0,205.0,0,0,11,False,skill_pass,False,False,False,True,77.74,1,0,True,125.83447645176041,79.25,5.745,32.24426666666667,0.3698495427957216,1.509295769837797,-0.5816671410843175,0.31970187482527923,0.7035508700138113,3.1287119435870325,1.5272531536163292,-0.8994557358351921,2.28788892996166,0.6084841025203445,0.5882392762032111,2.0242789613524432,0,0,1,,,,True,,,,True
PhilJo00,john-phillips-1,00-0027139,John Phillips,TE,2009,6,208,DAL,virginia,77.0,251.0,4.78,33.5,112.0,20.0,6.84,4.27,,,,,,,,,,,,2.0,2.0,120.0,0,0,1,False,skill_pass,False,False,False,True,4.41,0,1,True,96.15948543762605,72.75,5.555,29.761005228537694,1.165697403861107,1.2326595662472755,0.856420123530302,-0.23617615978083836,-0.8117894654005504,0.43963362345406165,-0.810543600381073,0.08462822493703208,-0.1112420301088123,-0.6723533558345351,-0.4910996712103678,0.815367989379069,0,0,1,,,,True,,,,True
StroSa00,sammie-stroughter-1,00-0026953,Sammie Stroughter,WR,2009,7,233,TAM,oregon st.,69.0,189.0,4.45,30.0,110.0,13.0,7.03,4.28,,,,,,,,,,,,5.0,5.0,33.0,0,0,0,False,skill_pass,False,False,False,True,1.31,0,1,True,96.39438922814374,70.0,5.655,27.907372400756145,-2.0176940404004347,-1.2175468084116272,-0.8384684383369269,-1.208962720341544,-1.0873058900213435,-0.9049055366124238,0.012014516766162744,0.14613347248530054,-0.0922507874088407,-1.2142461266769844,0.0769734590073072,-0.08702473863089333,0,1,0,,,,True,,,,True
MorrCa00,cameron-morrah-1,00-0026963,Cameron Morrah,TE,2009,7,248,SEA,california,75.0,244.0,4.61,32.5,115.0,24.0,6.99,4.36,,,,,,,,,,,,2.0,2.0,27.0,0,0,0,False,skill_pass,False,False,False,True,0.33,0,1,True,108.04784775772258,73.75,5.675000000000001,30.494577777777778,0.3698495427957216,0.9560233626567542,-0.01670428712857299,-0.5141151770838972,-0.3985148284693608,1.2079417149206249,-0.1611556131595709,0.6381754528714153,0.84989518112383,-0.4753014391645537,0.19058808505084424,1.1724886251277549,0,0,1,,,,True,,,,True
MitcMa00,marko-mitchell-1,00-0026959,Marko Mitchell,WR,2009,7,243,WAS,nevada,76.0,218.0,4.43,32.0,116.0,9.0,7.04,4.33,,,,,,,,,,,,0.0,0.0,10.0,0,0,0,False,skill_pass,False,False,False,True,0.58,0,1,True,113.20655756480217,74.0,5.6850000000000005,26.532894736842106,0.7677734733284143,-0.07148253639375332,-0.9411889572379735,-0.6530846857354266,-0.2607566161589643,-1.6732136280789869,0.05530704924759519,0.45365971022662094,1.266960864691817,-0.4260384599970583,0.2473953980726102,-0.7561532899484584,0,1,0,,,,True,,,,True
GronDa00,dan-gronkowski-1,00-0027157,Dan Gronkowski,TE,2009,7,255,DET,maryland,77.0,255.0,4.79,33.0,122.0,26.0,6.92,4.26,,,,,,,,,,,,1.0,0.0,21.0,0,0,0,False,skill_pass,False,False,False,True,0.09,0,1,True,96.87865984597897,77.5,5.59,30.235284196323157,1.165697403861107,1.3907373968704306,0.9077803829808229,-0.37514566843236774,0.5657926577034149,1.5920957606539063,-0.4642033405296057,0.023122977388769096,-0.05309901035362324,0.2636432483478769,-0.2922740756341818,1.046258317368076,0,0,1,,,,True,,,,True
UndeTi00,tiquan-underwood-1,00-0027156,Tiquan Underwood,WR,2009,7,253,JAX,rutgers,73.0,184.0,4.31,41.5,129.0,7.0,6.62,4.11,,,,,,,,,,,,9.0,1.0,45.0,0,0,1,False,skill_pass,False,False,False,True,0.15,0,1,True,106.64456768352578,85.25,5.365,24.273221992869207,-0.4259983182696639,-1.4151440966905708,-1.557512070644239,1.987335978643632,1.5301001438761905,-2.0573676738122684,-1.762979314972606,-0.8994557358351921,0.7364443406483611,1.7907956025402334,-1.5704386186239419,-1.8562159459836867,0,1,0,,,,True,,,,True
OLeaDa20,dan-oleary-1,00-0020326,Dan O'Leary,TE,2001,6,195,BUF,notre dame,76.0,252.0,5.02,32.0,113.0,16.0,7.4,4.31,,,,,,,,,,,,0.0,0.0,17.0,0,0,0,False,skill_pass,False,False,False,True,6.74,0,1,True,79.3625598987378,72.5,5.855,30.67105263157895,0.7677734733284143,1.2721790239030644,2.0890663503428284,-0.6530846857354266,-0.6740312530901539,-0.32867446801250144,1.613838218579198,0.3306492151300895,-1.4692213492988675,-0.7216163350020306,1.2131197194426522,1.2584007984341532,0,0,1,,,,True,,,,True
RoyaRo00,robert-royal-1,00-0021273,Robert Royal,TE,2002,5,160,WAS,louisiana state,77.0,253.0,4.97,31.0,114.0,14.0,7.37,4.27,,,,,,,,,,,,9.0,2.0,110.0,0,0,6,False,skill_pass,False,False,False,True,15.46,0,1,True,82.93253905512017,72.5,5.82,29.998144712430427,1.165697403861107,1.311698481558853,1.8322650530902187,-0.9310237030384854,-0.5362730407797573,-0.712828513745783,1.4839606211348968,0.08462822493703208,-1.180599609976226,-0.7216163350020306,1.0142941238664662,0.9308131533735733,0,0,1,,,,True,,,,True
FullWi01,william-fuller-2,00-0033127,Will Fuller,WR,2016,1,21,HOU,notre dame,72.0,186.0,4.32,33.5,126.0,10.0,6.93,4.27,,,,,,,,,,,,24.0,24.0,55.0,0,0,5,False,skill_pass,False,False,False,True,85.32,1,0,True,106.80902548448461,79.75,5.6,25.22337962962963,-0.8239222488023566,-1.3361051813789935,-1.5061518111937133,-0.23617615978083836,1.116825506945001,-1.481136605212346,-0.42091080804817327,0.08462822493703208,0.749740243643496,0.7070100608553352,-0.2354667626124158,-1.3936565172634356,0,1,0,,,,True,,,,True
DaniB.00,bj-daniels-1,00-0030120,B.J. Daniels,QB,2013,7,237,SFO,south florida,,,,,,,,,4122143215164.0,5227245365289.0,8.619831685260419e+17,14111314.0,913710.0,3175112132104.0,2772259601426.0,9565.0,,,,0.0,,8.0,0,0,0,False,skill_pass,False,True,True,False,0.98,0,1,True,,,,,,,,,,,,,,,,,1,0,0,,,,True,0.7885880472603563,164901.99106587857,15.443974565234045,False
HannRy00,,00-0021282,Ryan Hannam,TE,2002,5,169,SEA,northern iowa,74.0,251.0,4.69,30.5,113.0,18.0,7.07,4.21,,,,,,,,,,,,2.0,2.0,54.0,0,0,0,False,skill_pass,False,False,False,True,12.87,0,1,True,103.75579114800702,71.75,5.640000000000001,32.222972972972975,-0.028074387736971164,1.2326595662472755,0.394177788475604,-1.0699932116900148,-0.6740312530901539,0.05547957772078011,0.18518464669189638,-0.2844032603525513,0.5028957198657259,-0.8694052725045167,-0.008237510525341774,2.0139126827380007,0,0,1,,,,True,,,,True
KittKu00,kurt-kittner-1,00-0021271,Kurt Kittner,QB,2002,5,158,ATL,illinois,74.0,221.0,4.86,27.0,100.0,,7.34,4.5,,,,,,,,,,,,1.0,1.0,7.0,0,0,0,False,skill_pass,False,True,False,True,16.06,0,1,True,79.22772624564118,63.5,5.92,28.37162162162162,-0.028074387736971164,0.047075836573612945,1.2673021991344788,-2.0427797722507206,-2.4648880131253086,,1.3540830236905956,1.4992489185471136,-1.48012223184503,-2.495083585031864,1.5823672540841363,0.13898286903253101,1,0,0,,,,True,,,,True
MoraJo00,johnnie-morant-1,00-0022873,Johnnie Morant,WR,2004,5,134,OAK,syracuse,76.0,229.0,4.51,41.0,130.0,,7.34,4.22,,,,,,,,,,,,0.0,0.0,15.0,0,0,0,False,skill_pass,False,True,False,True,24.24,0,1,True,110.70297967775846,85.5,5.779999999999999,27.87171052631579,0.7677734733284143,0.363231497819923,-0.5303068816337965,1.8483664699921025,1.6678583561865872,,1.3540830236905956,-0.2228980128042883,1.0645543596016054,1.8400585817077288,0.7870648717793921,-0.1043857907658485,0,1,0,,,,True,,,,True
HeinKe00,,00-0021287,Keith Heinrich,TE,2002,6,174,CAR,sam houston st.,77.0,255.0,4.77,35.0,120.0,21.0,6.87,4.1,,,,,,,,,,,,1.0,0.0,22.0,0,0,0,False,skill_pass,False,False,False,True,11.54,0,1,True,98.51370663042601,77.5,5.484999999999999,30.235284196323157,1.165697403861107,1.3907373968704306,0.8050598640797764,0.18073236617374983,0.2902762330826218,0.6317106463207024,-0.6806660029367718,-0.9609609833834605,0.07908944961464329,0.2636432483478769,-0.8887508623627398,1.046258317368076,0,0,1,,,,True,,,,True
WoodRa00,rashaun-woods-1,00-0022892,Rashaun Woods,WR,2004,1,31,SFO,oklahoma st.,74.0,202.0,4.47,39.0,125.0,,6.93,3.97,,,,,,,,,,,,1.0,1.0,14.0,0,0,0,False,skill_pass,False,True,False,True,78.41,1,0,True,101.19318669587305,82.0,5.45,25.93243243243243,-0.028074387736971164,-0.7037938588863734,-0.7357479194358849,1.292488435385985,0.9790672946346044,,-0.42091080804817327,-1.7605292015108929,0.2957171001114455,1.1503768733627937,-1.0875764579389207,-1.0484726796475992,0,1,0,,,,True,,,,True
HoomMi00,michael-hoomanawanui-1,00-0027732,Michael Hoomanawanui,TE,2010,5,132,STL,illinois,76.0,264.0,4.77,,,25.0,,,,,,,,,,,52510.0,64312114.0,220.0,5.0,1.0,87.0,0,0,3,False,skill_pass,False,True,False,False,25.0,0,1,True,101.9906609820881,,,32.13157894736842,0.7677734733284143,1.7464125157725294,0.8050598640797764,,,1.4000187377872655,,,0.360190422074958,,,1.9694198884515433,0,0,1,1.0,1224.7593601218816,0.004189678156541611,False,,,,True
JohnEr00,,00-0020455,Eric Johnson,TE,2001,7,224,SFO,yale,72.0,215.0,4.6,38.0,121.0,12.0,6.96,4.17,,,,,,,,,,,,19.0,17.0,71.0,0,0,5,False,skill_pass,False,False,False,True,2.22,0,1,True,96.03667797070483,79.5,5.5649999999999995,29.156057098765434,-0.8239222488023566,-0.1900409093611196,-0.06806454657909854,1.0145494180829262,0.4280344453930183,-1.0969825594790645,-0.2910332106038721,-0.5304242505456087,-0.12117063281262393,0.6577470816878399,-0.43429235818860185,0.5208647927653923,0,0,1,,,,True,,,,True
ClayMi00,michael-clayton-1,00-0022725,Michael Clayton,WR,2004,1,15,TAM,louisiana state,75.0,209.0,4.67,32.5,116.0,,6.77,4.09,,,,,,,,,,,,22.0,22.0,95.0,0,0,5,False,skill_pass,False,True,False,True,89.6,1,0,True,87.88378632749509,74.25,5.43,26.120355555555555,0.3698495427957216,-0.4271576552958521,0.2914572695745574,-0.5141151770838972,-0.2607566161589643,,-1.1135913277511078,-1.0224662309317234,-0.780306628709231,-0.37677548082956297,-1.2011910839824578,-0.9569872154339643,0,1,0,,,,True,,,,True
McMaMi00,mike-mcmahon-1,00-0020308,Mike McMahon,QB,2001,5,149,DET,rutgers,74.0,207.0,4.57,37.5,124.0,,7.12,4.12,,,,,,,,,,,,6.0,5.0,29.0,0,0,0,False,skill_pass,False,True,False,True,18.93,0,1,True,94.91515053022638,80.75,5.62,26.574324324324323,-0.028074387736971164,-0.5061965706074296,-0.22214532493066147,0.8755799094313969,0.8413090823242079,,0.4016473090990625,-0.8379504882869291,-0.2118426469587728,0.9040619775253167,-0.12185213656887879,-0.7359843773633546,1,0,0,,,,True,,,,True
KaspKe00,kevin-kasper-1,00-0020256,Kevin Kasper,WR,2001,6,190,DEN,iowa,72.0,199.0,4.42,43.5,126.0,,6.56,3.73,,,,,,,,,,,,2.0,1.0,39.0,0,0,0,False,skill_pass,False,True,False,True,7.76,0,1,True,104.27831253892639,84.75,5.145,26.98630401234568,-0.8239222488023566,-0.8223522318537396,-0.9925492166884944,2.5432140132497496,1.116825506945001,,-2.0227345098612086,-3.2366551426692376,0.5451399532559447,1.6922696442052427,-2.8201995051028237,-0.5354228265608573,0,1,0,,,,True,,,,True
EldrBr00,brody-eldridge-1,00-0027761,Brody Eldridge,TE,2010,5,162,IND,oklahoma,77.0,261.0,4.72,31.5,,,,,,,,,,,,,3442.0,18372419.0,10.0,0.0,0.0,27.0,0,0,2,False,skill_pass,False,True,False,False,14.86,0,1,True,105.17257532395051,,,30.94670264800135,1.165697403861107,1.6278541428051632,0.5482585668271669,-0.7920541943869559,,,,,0.6174383250724124,,,1.3925938093515857,0,0,1,1.0,5337.716153399187,0.002905287623474724,False,,,,True
McCoQu00,quentin-mccord-1,00-0020340,Quentin McCord,WR,2001,7,236,ATL,kentucky,70.0,191.0,4.48,36.5,112.0,,7.17,4.18,,,,,,,,,,,,5.0,5.0,25.0,0,0,0,False,skill_pass,False,True,False,True,1.06,0,1,True,94.83121326197089,74.25,5.675,27.40265306122449,-1.619770109867742,-1.1385078931000496,-0.6843876599853594,0.597640892128338,-0.8117894654005504,,0.6181099715062286,-0.46891900299734574,-0.2186287146910119,-0.37677548082956297,0.19058808505083918,-0.33273416654626425,0,1,0,,,,True,,,,True
PainCu00,curtis-painter-1,00-0027134,Curtis Painter,QB,2009,6,201,IND,purdue,75.0,225.0,4.87,29.0,102.0,,7.0,4.48,,,,,,,,,,,,2.0,2.0,14.0,0,0,1,False,skill_pass,False,True,False,True,5.6,0,1,True,80.00123086551535,65.5,5.74,28.12,0.3698495427957216,0.20515366719676795,1.3186624585849998,-1.486901737644603,-2.1893715885045157,,-0.11786308067813844,1.3762384234505876,-1.4175867830419024,-2.100979751691901,0.5598356196923282,0.016487454537107857,1,0,0,,,,True,,,,True
McKiKe00,kenny-mckinley-1,00-0027102,Kenny McKinley,WR,2009,5,141,DEN,south carolina,72.0,189.0,4.37,37.0,113.0,,6.96,4.1,,,,,,,,,,,,0.0,0.0,8.0,0,0,0,False,skill_pass,False,True,False,True,21.68,0,1,True,103.64922328047979,75.0,5.529999999999999,25.630208333333332,-0.8239222488023566,-1.2175468084116272,-1.2493505139411039,0.7366104007798674,-0.6740312530901539,,-0.2910332106038721,-0.9609609833834605,0.4942800383913324,-0.22898654332707685,-0.6331179537647879,-1.1956025886397645,0,1,0,,,,True,,,,True
HowrKe00,keenan-howry-1,00-0022032,Keenan Howry,WR,2003,7,221,MIN,oregon,70.0,178.0,4.56,31.5,114.0,,7.34,4.28,,,,,,,,,,,,0.0,0.0,23.0,0,0,0,False,skill_pass,False,True,False,True,2.57,0,1,True,82.33616357179203,72.75,5.8100000000000005,25.537551020408163,-1.619770109867742,-1.6522608426253034,-0.273505584381187,-0.7920541943869559,-0.5362730407797573,,1.3540830236905956,0.14613347248530054,-1.2288147176134299,-0.6723533558345351,0.9574868108447002,-1.2407103813630331,0,1,0,,,,True,,,,True
YounWa00,walter-young-1,00-0021886,Walter Young,WR,2003,7,226,CAR,illinois,77.0,214.0,4.54,39.0,121.0,,6.9,4.25,,,,,,,,,,,,0.0,0.0,9.0,0,0,0,False,skill_pass,False,True,False,True,1.99,0,1,True,100.74427076530958,80.0,5.575,25.37392477652218,1.165697403861107,-0.22956036701690832,-0.37622610328222894,1.292488435385985,0.4280344453930183,,-0.5507884054924707,-0.038382270159493886,0.2594236398380897,0.7562730400228306,-0.3774850451668308,-1.3203675445192393,0,1,0,,,,True,,,,True
GardTa00,talman-gardner-1,00-0022111,Talman Gardner,WR,2003,7,231,NOR,florida st.,73.0,205.0,4.44,34.5,116.0,,7.54,4.43,,,,,,,,,,,,0.0,0.0,21.0,0,0,0,False,skill_pass,False,True,False,True,1.49,0,1,True,105.49988257791017,75.25,5.984999999999999,27.043535372490147,-0.4259983182696639,-0.5852354859190071,-0.8898286977874479,0.04176285752222043,-0.2607566161589643,,2.2199336733192636,1.0687121857092616,0.6439001011200023,-0.17972356415958146,1.95161478872562,-0.5075612336744733,0,1,0,,,,True,,,,True
DaviNa00,,00-0027118,Nate Davis,QB,2009,5,171,SFO,ball st.,73.0,226.0,4.95,26.5,99.0,,,,,,,,,12.0,80.0,0.0,92924.0,84312257.0,21.0,,,,0,0,0,False,skill_pass,True,True,False,True,12.33,0,1,True,75.28659212315486,62.75,,29.81384875211109,-0.4259983182696639,0.2446731248525567,1.7295445341891769,-2.18174928090225,-2.6026462254357052,,,,-1.7987506987093835,-2.64287252253435,,0.8410934786347418,1,0,0,,,,False,,,,True
HartBr00,brian-hartline-1,00-0027077,Brian Hartline,WR,2009,4,108,MIA,ohio st.,74.0,195.0,4.49,34.5,120.0,,6.65,4.12,,,,,,,,,,,,32.0,30.0,104.0,0,0,5,False,skill_pass,False,True,False,True,35.0,0,0,True,95.95757033542381,77.25,5.385,25.033783783783782,-0.028074387736971164,-0.9804300624768947,-0.6330274005348384,0.04176285752222043,0.2902762330826218,,-1.633101717528305,-0.8379504882869291,-0.12756623970228598,0.21438026918038153,-1.4568239925804098,-1.485956302845542,0,1,0,,,,True,,,,True
TelfRa00,randall-telfer-1,00-0031533,Randall Telfer,TE,2015,6,198,CLE,southern california,76.0,250.0,4.83,,,20.0,,,,,,,,,,,2612621.0,27310078197.0,5412.0,0.0,0.0,30.0,0,0,2,False,skill_pass,False,True,False,False,6.15,0,1,True,91.87164260149981,,,30.42763157894737,0.7677734733284143,1.1931401085914868,1.1132214207829114,,,0.43963362345406165,,,-0.4579008208449921,,,1.139897616764588,0,0,1,1.0,10453.134303444702,0.002071483004997663,False,,,,True
DrayJi00,jim-dray-1,00-0027825,Jim Dray,TE,2010,7,233,ARI,stanford,77.0,246.0,4.82,,,17.0,,,,,,,,,,,199211.0,17811612149.0,1123.0,3.0,2.0,94.0,0,0,2,False,skill_pass,False,True,False,False,1.31,0,1,True,91.15425581133302,,,29.16815651880587,1.165697403861107,1.0350622779683318,1.0618611613323903,,,-0.13659744514586067,,,-0.5158993172157231,,,0.5267550793928115,0,0,1,1.0,89410.78629694143,0.0056372389074900485,False,,,,True
BabeBi00,billy-baber-1,,Bill Baber,TE,2001,5,141,KAN,virginia,76.0,255.0,4.76,33.0,106.0,22.0,7.12,4.19,,,,,,,,,,,,0.0,0.0,30.0,0,0,0,False,skill_pass,False,False,False,True,21.68,0,1,True,99.34416531954213,69.5,5.655,31.036184210526315,0.7677734733284143,1.3907373968704306,0.7536996046292553,-0.37514566843236774,-1.6383387392629296,0.8237876691873433,0.4016473090990625,-0.40741375544907726,0.1462294582221952,-1.312772085011975,0.0769734590073072,1.4361555709385003,0,0,1,,,,True,,,,True
WhitPa01,pat-white-1,00-0027020,Pat White,QB,2009,2,44,MIA,west virginia,72.0,197.0,4.55,35.0,117.0,,7.06,4.42,,,,,,,,,,,,1.0,1.0,13.0,0,0,0,False,skill_pass,False,True,False,True,69.87,0,0,True,91.92859766992797,76.0,5.74,26.71508487654321,-0.8239222488023566,-0.9013911471653171,-0.32486584383170797,0.18073236617374983,-0.12299840384856776,,0.14189211421046008,1.0072069381609987,-0.4532961802594624,-0.03193462665709535,0.5598356196923282,-0.6674587789766397,1,0,0,,,,True,,,,True
McGeSt00,stephen-mcgee-1,00-0027071,Stephen McGee,QB,2009,4,101,DAL,texas a&m,75.0,225.0,4.61,33.0,112.0,,7.34,4.49,,,,,,,,,,,,2.0,2.0,3.0,0,0,0,False,skill_pass,False,True,False,True,38.23,0,0,True,99.63428584216221,72.5,5.915,28.12,0.3698495427957216,0.20515366719676795,-0.01670428712857299,-0.37514566843236774,-0.8117894654005504,,1.3540830236905956,1.4377436709988505,0.16968480240875783,-0.7216163350020306,1.553963597573253,0.016487454537107857,1,0,0,,,,True,,,,True
SandBe00,,00-0032900,Beau Sandland,TE,2016,7,252,CAR,montana st.,76.0,253.0,4.74,35.0,124.0,23.0,7.1,4.33,,,,,,,,,9.0,94.0,1.0,,,,0,0,0,False,skill_pass,True,False,False,False,0.18,0,1,True,100.23909803048473,79.5,5.715,30.792763157894736,0.7677734733284143,1.311698481558853,0.6509790857282134,0.18073236617374983,0.8413090823242079,1.015864692053984,0.3150622441361937,0.45365971022662094,0.21858199147079935,0.6577470816878399,0.4178173371379082,1.317652389268935,0,0,1,1.0,10.444444444444445,0.1111111111111111,False,,,,True
FreeJo00,josh-freeman-1,00-0026993,Josh Freeman,QB,2009,1,17,TAM,kansas st.,78.0,248.0,4.9,33.5,119.0,,7.11,4.43,,,,,,,,,,,,37.0,36.0,62.0,0,0,4,False,skill_pass,False,True,False,True,88.16,1,0,True,86.03939667648542,76.25,5.77,28.656147271531886,1.5636213343937997,1.1141011932799092,1.4727432369365674,-0.23617615978083836,0.1525180207722253,,0.35835477661763,1.0687121857092616,-0.9294198099756797,0.017328352510400026,0.7302575587576262,0.27749675029488297,1,0,0,,,,True,,,,True
BritKe00,kenny-britt-1,00-0027006,Kenny Britt,WR,2009,1,30,TEN,rutgers,75.0,218.0,4.47,37.0,124.0,23.0,,4.47,,,,,,,,,,,,35.0,20.0,116.0,0,0,5,False,skill_pass,False,True,False,True,79.09,1,0,True,109.20848861237785,80.5,,27.245155555555556,0.3698495427957216,-0.07148253639375332,-0.7357479194358849,0.7366104007798674,0.8413090823242079,1.015864692053984,,1.314733175902319,0.9437293934610747,0.8547989983578214,,-0.4094077135752363,0,1,0,,,,True,,,,True
StewTo00,tony-stewart-1,00-0020268,Tony Stewart,TE,2001,5,147,PHI,penn st.,77.0,256.0,4.96,35.5,109.0,,7.3,4.4,,,,,,,,,,,,5.0,0.0,115.0,0,0,1,False,skill_pass,False,True,False,True,19.6,0,1,True,84.59471955699979,72.25,5.85,30.353853938269523,1.165697403861107,1.4302568545262193,1.7809047936396978,0.31970187482527923,-1.22506410233174,,1.1809128937648619,0.8841964430644728,-1.046217473132934,-0.7708793141695259,1.1847160629317641,1.1039808993653282,0,0,1,,,,True,,,,True
HollJa01,jabari-holloway-1,00-0020373,Jabari Holloway,TE,2001,4,119,NWE,notre dame,74.0,253.0,4.91,38.5,113.0,20.0,7.14,4.4,,,,,,,,,,,,1.0,,26.0,0,0,2,False,skill_pass,False,False,False,True,30.21,0,0,True,87.06117983864496,75.75,5.77,32.479729729729726,-0.028074387736971164,1.311698481558853,1.5241034963870883,1.1535189267344557,-0.6740312530901539,0.43963362345406165,0.4882323740619274,0.8841964430644728,-0.8468118112858726,-0.08119760582459072,0.7302575587576262,2.138908003651696,0,0,1,,,,True,,,,True
NewtCa00,cam-newton-1,00-0027939,Cam Newton,QB,2011,1,1,CAR,auburn,77.0,248.0,4.56,35.0,126.0,,6.92,4.18,,,,,,,,,,,,115.0,107.0,148.0,3,1,9,False,skill_pass,False,True,False,True,100.0,1,0,True,114.71555374047429,80.5,5.55,29.4052960026986,1.165697403861107,1.1141011932799092,-0.273505584381187,0.18073236617374983,1.116825506945001,,-0.4642033405296057,-0.46891900299734574,1.3889585239988937,0.8547989983578214,-0.5195033277212509,0.6422002433873142,1,0,0,,,,True,,,,True
StafMa00,matthew-stafford-1,00-0026498,Matthew Stafford,QB,2009,1,1,DET,georgia,74.0,225.0,4.81,30.5,107.0,,7.06,4.47,,,,,,,,,,,,133.0,91.0,239.0,3,1,15,False,skill_pass,False,True,False,True,100.0,1,0,True,84.06828895201592,68.75,5.765,28.885135135135137,-0.028074387736971164,0.20515366719676795,1.010500901881865,-1.0699932116900148,-1.500580526952533,,0.14189211421046008,1.314733175902319,-1.0887777543523578,-1.4605610225144612,0.7018539022467432,0.38897351085992793,1,0,0,,,,True,,,,True
SancMa00,mark-sanchez-1,00-0026898,Mark Sanchez,QB,2009,1,5,NYJ,southern california,74.0,227.0,4.93,32.5,116.0,,7.06,4.21,,,,,,,,,,,,32.0,26.0,79.0,0,0,4,False,skill_pass,False,True,False,True,96.97,1,0,True,76.8543007867007,74.25,5.635,29.14189189189189,-0.028074387736971164,0.28419258250834545,1.6268240152881304,-0.5141151770838972,-0.2607566161589643,,0.14189211421046008,-0.2844032603525513,-1.672006316906805,-0.37677548082956297,-0.03664116703622981,0.5139688317736246,1,0,0,,,,True,,,,True
HarpJu01,justin-harper-2,00-0026355,Justin Harper,WR,2008,7,215,BAL,virginia tech,75.0,213.0,4.56,28.5,120.0,,7.03,4.43,,,,,,,,,,,,0.0,0.0,2.0,0,0,0,False,skill_pass,False,True,False,True,3.36,0,1,True,98.52585865613317,74.25,5.73,26.620266666666666,0.3698495427957216,-0.2690798246726971,-0.273505584381187,-1.6258712462961322,0.2902762330826218,,0.012014516766162744,1.0687121857092616,0.0800719031927325,-0.37677548082956297,0.5030283066705622,-0.7136185479411966,0,1,0,,,,True,,,,True
DunbLa20,latarence-dunbar-1,00-0021930,LaTarence Dunbar,WR,2003,6,196,ATL,texas christian,71.0,196.0,4.52,34.0,122.0,,7.41,4.35,,,,,,,,,,,,0.0,0.0,5.0,0,0,0,False,skill_pass,False,True,False,True,6.54,0,1,True,93.91443017590457,78.0,5.88,27.33346558222575,-1.2218461793350492,-0.9409106048211059,-0.4789466221832755,-0.09720665112930897,0.5657926577034149,,1.6571307510606303,0.5766702053231468,-0.2927477829799636,0.3621692066828676,1.3551380019970671,-0.36641628362040407,0,1,0,,,,True,,,,True
BattAr00,arnaz-battle-1,00-0022064,Arnaz Battle,WR,2003,6,197,SFO,notre dame,73.0,217.0,4.58,35.0,117.0,,6.74,4.06,,,,,,,,,,,,18.0,18.0,113.0,0,0,2,False,skill_pass,False,True,False,True,6.35,0,1,True,98.63426609799428,76.0,5.4,28.6265715894164,-0.4259983182696639,-0.11100199404954207,-0.1707850654801405,0.18073236617374983,-0.12299840384856776,,-1.2434689251954052,-1.206981973576518,0.088836308544942,-0.03193462665709535,-1.3716130230477557,0.263098601930792,0,1,0,,,,True,,,,True
CarrDa00,david-carr-1,00-0020608,David Carr,QB,2002,1,1,HOU,fresno st.,75.0,223.0,4.67,35.0,108.0,,7.05,4.28,,,,,,,,,,,,45.0,42.0,94.0,0,0,5,False,skill_pass,False,True,False,True,100.0,1,0,True,93.77073852168137,71.5,5.665,27.870044444444446,0.3698495427957216,0.12611475188519045,0.2914572695745574,0.18073236617374983,-1.3628223146421365,,0.09859958172902764,0.14613347248530054,-0.3043648074362282,-0.918668251672012,0.1337807720290732,-0.10519687920927594,1,0,0,,,,True,,,,True
HarrJo00,joey-harrington-1,00-0021141,Joey Harrington,QB,2002,1,3,DET,oregon,76.0,215.0,4.89,32.0,112.0,,7.0,4.21,,,,,,,,,,,,31.0,23.0,81.0,0,0,6,False,skill_pass,False,True,False,True,98.48,1,0,True,75.20262826884172,72.0,5.605,26.167763157894736,0.7677734733284143,-0.1900409093611196,1.4213829774860418,-0.6530846857354266,-0.8117894654005504,,-0.11786308067813844,-0.2844032603525513,-1.8055389158419026,-0.8201422933370213,-0.20706310610152778,-0.9339080624528073,1,0,0,,,,True,,,,True
GarcPi00,,00-0026345,Pierre Garcon,WR,2008,6,205,IND,mount union,72.0,210.0,4.42,36.5,125.0,20.0,6.9,4.19,,,,,,,,,,,,54.0,21.0,148.0,0,0,10,False,skill_pass,False,False,False,True,4.9,0,1,True,110.04244036771127,80.75,5.545,28.47800925925926,-0.8239222488023566,-0.38763819764006335,-0.9925492166884944,0.597640892128338,0.9790672946346044,0.43963362345406165,-0.5507884054924707,-0.40741375544907726,1.0111518056354387,0.9040619775253167,-0.5479069842321338,0.19077491172593866,0,1,0,,,,True,,,,True
FlynMa00,matt-flynn-1,00-0026349,Matt Flynn,QB,2008,7,209,GNB,louisiana state,74.0,231.0,4.79,28.0,109.0,,7.21,4.34,,,,,,,,,,,,8.0,7.0,51.0,0,0,0,False,skill_pass,False,True,False,True,4.25,0,1,True,87.7606683310633,68.5,5.775,29.655405405405407,-0.028074387736971164,0.4422704131315005,0.9077803829808229,-1.7648407549476617,-1.22506410233174,,0.7912801014319621,0.5151649577748839,-0.7902603367605883,-1.5098240016819566,0.7586612152685142,0.7639594736010216,1,0,0,,,,True,,,,True
GreeRa00,rashad-greene-1,00-0032170,Rashad Greene,WR,2015,5,139,JAX,florida st.,71.0,182.0,4.53,36.5,122.0,,6.88,4.12,,,,,,,,,,,,2.0,2.0,25.0,0,0,0,False,skill_pass,False,True,False,True,22.4,0,1,True,86.43876944947021,79.25,5.5,25.381075183495337,-1.2218461793350492,-1.4941830120021484,-0.42758636273274997,0.597640892128338,0.5657926577034149,,-0.6373734704553393,-0.8379504882869291,-0.8971317602903189,0.6084841025203445,-0.8035398928300858,-1.3168865556425962,0,1,0,,,,True,,,,True
McCaJu00,justin-mccareins-1,00-0020381,Justin McCareins,WR,2001,4,124,TEN,northern illinois,74.0,209.0,4.51,41.0,129.0,,7.06,3.99,,,,,,,,,,,,33.0,16.0,114.0,0,0,5,False,skill_pass,False,True,False,True,28.15,0,0,True,101.03459717315074,85.0,5.525,26.83108108108108,-0.028074387736971164,-0.4271576552958521,-0.5303068816337965,1.8483664699921025,1.5301001438761905,,0.14189211421046008,-1.6375187064143644,0.28289562920604,1.7415326233727382,-0.6615216102756658,-0.6109890564496563,0,1,0,,,,True,,,,True
PalmJe00,jesse-palmer-1,00-0020483,Jesse Palmer,QB,2001,4,125,NYG,florida,74.0,231.0,4.78,35.5,112.0,,7.13,4.29,,,,,,,,,,,,1.0,1.0,8.0,0,0,0,False,skill_pass,False,True,False,True,27.74,0,0,True,88.49737504418971,73.75,5.71,29.655405405405407,-0.028074387736971164,0.4422704131315005,0.856420123530302,0.31970187482527923,-0.8117894654005504,,0.44493984158049493,0.2076387200335635,-0.7306998845565261,-0.4753014391645537,0.3894136806270252,0.7639594736010216,1,0,0,,,,True,,,,True
ManuBr00,brandon-manumaleuna-1,00-0020342,Brandon Manumaleuna,TE,2001,4,129,STL,arizona,74.0,275.0,4.99,30.0,106.0,,7.49,4.26,,,,,,,,,,,,8.0,6.0,158.0,0,0,7,False,skill_pass,False,True,False,True,26.16,0,0,True,88.70753412943814,68.0,5.875,35.304054054054056,-0.028074387736971164,2.181126549986206,1.9349855719912652,-1.208962720341544,-1.6383387392629296,,2.0034710109120977,0.023122977388769096,-0.7137091745098253,-1.6083499600169473,1.3267343454861842,3.5138565337023753,0,0,1,,,,True,,,,True
JohnJa01,,00-0026333,Jaymar Johnson,WR,2008,6,193,MIN,jackson st.,71.0,177.0,4.5,32.0,118.0,14.0,6.75,4.18,,,,,,,,,,,,0.0,0.0,7.0,0,0,0,False,skill_pass,False,False,False,True,7.14,0,1,True,86.32830361225423,75.0,5.465,24.683792898234476,-1.2218461793350492,-1.6917803002810923,-0.5816671410843175,-0.6530846857354266,0.014759808461828759,-0.712828513745783,-1.2001763927139728,-0.46891900299734574,-0.9060625805210222,-0.22898654332707685,-1.0023654884062718,-1.6563402242219505,0,1,0,,,,True,,,,True
ShahAd00,,00-0033896,Adam Shaheen,TE,2017,2,45,CHI,ashland,78.0,278.0,4.79,32.5,121.0,24.0,7.09,4.38,,,,,,,,,,,,4.0,2.0,55.0,0,0,1,False,skill_pass,False,False,False,True,69.23,0,0,True,105.61673504777316,76.75,5.734999999999999,32.122616699539776,1.5636213343937997,2.299684922953572,0.9077803829808229,-0.5141151770838972,0.4280344453930183,1.2079417149206249,0.27176971165476127,0.7611859479679413,0.6533472607863852,0.11585431084539077,0.5314319631814401,1.965056852177057,0,0,1,,,,True,,,,True
SmitSt01,steve-smith-3,00-0020337,Steve Smith Sr.,WR,2001,3,74,CAR,utah,69.0,184.0,4.41,38.5,121.0,,7.44,4.25,,,,,,,,,,,,102.0,92.0,219.0,5,2,14,False,skill_pass,False,True,False,True,52.04,0,0,True,97.29565829162377,79.75,5.845000000000001,27.169082125603865,-2.0176940404004347,-1.4151440966905708,-1.0439094761390153,1.1535189267344557,0.4280344453930183,,1.7870083485049315,-0.038382270159493886,-0.019385979715427736,0.7070100608553352,1.1563124064208863,-0.44644207601978814,0,1,0,,,,True,,,,True
MinnMa00,snoop-minnis-1,00-0020272,Snoop Minnis,WR,2001,3,77,KAN,florida st.,73.0,171.0,4.57,37.5,115.0,,7.06,4.07,,,,,,,,,,,,5.0,5.0,15.0,0,0,1,False,skill_pass,False,True,False,True,50.4,0,0,True,78.40816782931745,76.25,5.5649999999999995,22.558266091199098,-0.4259983182696639,-1.9288970462158248,-0.22214532493066147,0.8755799094313969,-0.3985148284693608,,0.14189211421046008,-1.1454767260282495,-1.546380987214225,0.017328352510400026,-0.43429235818860185,-2.6910974345560583,0,1,0,,,,True,,,,True
GabrDo00,doug-gabriel-1,00-0022102,Doug Gabriel,WR,2003,5,167,OAK,central florida,74.0,213.0,4.52,35.5,116.0,,7.05,4.16,,,,,,,,,,,,14.0,10.0,57.0,0,0,1,False,skill_pass,False,True,False,True,13.43,0,1,True,102.06006952789629,75.75,5.605,27.344594594594593,-0.028074387736971164,-0.2690798246726971,-0.4789466221832755,0.31970187482527923,-0.2607566161589643,,0.09859958172902764,-0.5919294980938716,0.3658018876711085,-0.08119760582459072,-0.20706310610152778,-0.36099841462226107,0,1,0,,,,True,,,,True
WadeBo00,bobby-wade-1,00-0022144,Bobby Wade,WR,2003,5,139,CHI,arizona,70.0,193.0,4.66,34.5,115.0,,7.01,4.11,,,,,,,,,,,,22.0,5.0,102.0,0,0,3,False,skill_pass,False,True,False,True,22.4,0,1,True,81.85470316127149,74.75,5.5600000000000005,27.689591836734692,-1.619770109867742,-1.0594689777884723,0.24009701012403648,0.04176285752222043,-0.3985148284693608,,-0.074570548196706,-0.8994557358351921,-1.267739298125616,-0.2782495224945722,-0.46269601469947974,-0.1930455181129168,0,1,0,,,,True,,,,True
DougHa00,harry-douglas-1,00-0026224,Harry Douglas,WR,2008,3,84,ATL,louisville,71.0,176.0,4.51,31.0,120.0,,6.57,4.12,,,,,,,,,,,,31.0,28.0,118.0,0,0,2,False,skill_pass,False,True,False,True,46.68,0,0,True,85.08176604054799,75.5,5.345000000000001,24.544336441182306,-1.2218461793350492,-1.731299757936881,-0.5303068816337965,-0.9310237030384854,0.2902762330826218,,-1.9794419773797722,-0.8379504882869291,-1.006841275946644,-0.1304605849920861,-1.6840532446674736,-1.72423095793782,0,1,0,,,,True,,,,True
MadiAd00,adrian-madise-1,00-0021921,Adrian Madise,WR,2003,5,158,DEN,texas christian,71.0,215.0,4.49,32.0,119.0,,7.32,4.26,,,,,,,,,,,,0.0,0.0,11.0,0,0,0,False,skill_pass,False,True,False,True,16.06,0,1,True,105.7993724211083,75.5,5.79,29.983138266217022,-1.2218461793350492,-0.1900409093611196,-0.6330274005348384,-0.6530846857354266,0.1525180207722253,,1.2674979587277306,0.023122977388769096,0.668112925808005,-0.1304605849920861,0.8438721848011632,0.9235076569811423,0,1,0,,,,True,,,,True
OConKe00,kevin-oconnell-2,00-0026234,Kevin O'Connell,QB,2008,3,94,NWE,san diego st.,77.0,225.0,4.61,31.0,113.0,,7.01,4.38,,,,,,,,,,,,0.0,0.0,2.0,0,0,0,False,skill_pass,False,True,False,True,41.61,0,0,True,99.63428584216221,72.0,5.695,26.678191937932198,1.165697403861107,0.20515366719676795,-0.01670428712857299,-0.9310237030384854,-0.6740312530901539,,-0.074570548196706,0.7611859479679413,0.16968480240875783,-0.8201422933370213,0.3042027110943762,-0.6854191425494722,1,0,0,,,,True,,,,True
CaldAn00,andre-caldwell-1,00-0026237,Andre Caldwell,WR,2008,3,97,CIN,florida,72.0,204.0,4.35,33.0,124.0,,6.75,4.11,,,,,,,,,,,,12.0,10.0,105.0,0,0,0,False,skill_pass,False,True,False,True,40.14,0,0,True,113.94706289663178,78.5,5.43,27.66435185185185,-0.8239222488023566,-0.6247549435747959,-1.3520710328421504,-0.37514566843236774,0.8413090823242079,,-1.2001763927139728,-0.8994557358351921,1.3268284234332326,0.4606951650178584,-1.2011910839824578,-0.20533294552140535,0,1,0,,,,True,,,,True
ShorCe00,,00-0028052,Cecil Shorts,WR,2011,4,114,JAX,mount union,72.0,205.0,4.5,34.5,114.0,21.0,6.5,4.07,,,,,,,,,,,,19.0,14.0,70.0,0,0,4,False,skill_pass,False,False,False,True,32.34,0,0,True,99.98475842097241,74.25,5.285,27.799961419753085,-0.8239222488023566,-0.5852354859190071,-0.5816671410843175,0.04176285752222043,-0.5362730407797573,0.6317106463207024,-2.282489704749807,-1.1454767260282495,0.19801942310262063,-0.37677548082956297,-2.02489712279808,-0.13931496931351495,0,1,0,,,,True,,,,True
WalkJa00,javon-walker-1,00-0021153,Javon Walker,WR,2002,1,20,GNB,florida st.,75.0,210.0,4.38,39.5,128.0,,6.86,4.05,,,,,,,,,,,,40.0,25.0,83.0,1,0,3,False,skill_pass,False,True,False,True,86.02,1,0,True,114.1176575246594,83.75,5.455,26.245333333333335,0.3698495427957216,-0.38763819764006335,-1.197990254490583,1.4314579440375144,1.392341931565794,,-0.7239585354182042,-1.2684872211247809,1.3406204698580437,1.4952177275352612,-1.0591728014280377,-0.8961450485607715,0,1,0,,,,True,,,,True
FlacJo00,joe-flacco-1,00-0026158,Joe Flacco,QB,2008,1,18,BAL,delaware,78.0,236.0,4.84,28.5,110.0,,6.82,4.27,,,,,,,,,,,,97.0,89.0,209.0,1,0,12,False,skill_pass,False,True,False,True,87.44,1,0,True,86.0122982261696,69.25,5.545,27.269559500328732,1.5636213343937997,0.6398677014104442,1.1645816802334323,-1.6258712462961322,-1.0873058900213435,,-0.8971286653439379,0.08462822493703208,-0.9316106356137278,-1.3620350641794705,-0.5479069842321338,-0.3975272904579853,1,0,0,,,,True,,,,True
ThomJu00,,00-0028067,Julius Thomas,TE,2011,4,129,DEN,portland st.,77.0,246.0,4.64,35.5,111.0,16.0,6.96,4.31,,,,,,,,,,,,21.0,13.0,71.0,2,0,5,False,skill_pass,False,False,False,True,26.16,0,0,True,106.14344537390376,73.25,5.635,29.16815651880587,1.165697403861107,1.0350622779683318,0.13737649122298995,0.31970187482527923,-0.949547677710947,-0.32867446801250144,-0.2910332106038721,0.3306492151300895,0.6959301565927175,-0.5738273974995445,-0.03664116703622981,0.5267550793928115,0,0,1,,,,True,,,,True
ThomDe02,devin-thomas-1,00-0026174,Devin Thomas,WR,2008,2,34,WAS,michigan st.,74.0,216.0,4.41,28.0,126.0,,7.15,4.26,,,,,,,,,,,,4.0,4.0,55.0,0,0,1,False,skill_pass,False,True,False,True,76.4,0,0,True,114.21664234234095,77.0,5.705,27.72972972972973,-0.028074387736971164,-0.15052145170533082,-1.0439094761390153,-1.7648407549476617,1.116825506945001,,0.5315249065433636,0.023122977388769096,1.348623085277998,0.16511729001288614,0.3610100241161422,-0.1735054332517134,0,1,0,,,,True,,,,True
NelsJo00,jordy-nelson-1,00-0026176,Jordy Nelson,WR,2008,2,36,GNB,kansas st.,75.0,217.0,4.51,31.0,123.0,,7.03,4.35,,,,,,,,,,,,73.0,69.0,151.0,1,0,7,False,skill_pass,False,True,False,True,75.07,0,0,True,104.90195017499383,77.0,5.6899999999999995,27.120177777777776,0.3698495427957216,-0.11100199404954207,-0.5303068816337965,-0.9310237030384854,0.7035508700138113,,0.012014516766162744,0.5766702053231468,0.5955591213642659,0.16511729001288614,0.2757990545834882,-0.4702498804484291,0,1,0,,,,True,,,,True
HennCh01,chad-henne-1,00-0026197,Chad Henne,QB,2008,2,57,MIA,michigan,75.0,230.0,4.92,25.5,106.0,,7.17,4.4,,,,,,,,,,,,26.0,16.0,78.0,0,0,3,False,skill_pass,False,True,False,True,61.82,0,0,True,78.50501856069442,65.75,5.785,28.744888888888887,0.3698495427957216,0.4027509554757117,1.5754637558376092,-2.4596882982053088,-1.6383387392629296,,0.6181099715062286,0.8841964430644728,-1.5385509060512248,-2.0517167725244057,0.8154685282902802,0.3206982889030665,1,0,0,,,,True,,,,True
CartQu00,quincy-carter-1,00-0020404,Quincy Carter,QB,2001,2,53,DAL,georgia,74.0,225.0,4.58,35.5,113.0,,7.12,4.12,,,,,,,,,,,,16.0,15.0,38.0,0,0,2,False,skill_pass,False,True,False,True,64.24,0,0,True,102.27055240575444,74.25,5.62,28.885135135135137,-0.028074387736971164,0.20515366719676795,-0.1707850654801405,0.31970187482527923,-0.6740312530901539,,0.4016473090990625,-0.8379504882869291,0.38281877534577397,-0.37677548082956297,-0.12185213656887879,0.38897351085992793,1,0,0,,,,True,,,,True
TuiaMa00,marques-tuiasosopo-1,00-0020405,Marques Tuiasosopo,QB,2001,2,59,OAK,washington,73.0,223.0,4.71,35.5,115.0,,7.36,4.35,,,,,,,,,,,,1.0,1.0,13.0,0,0,0,False,skill_pass,False,True,False,True,60.63,0,0,True,90.62566996772745,75.25,5.855,29.418089697879527,-0.4259983182696639,0.12611475188519045,0.4968983073766459,0.31970187482527923,-0.3985148284693608,,1.4406680886534642,0.5766702053231468,-0.5586338427913186,-0.17972356415958146,1.2131197194426522,0.6484285197334246,1,0,0,,,,True,,,,True
KrofTy00,tyler-kroft-1,00-0032214,Tyler Kroft,TE,2015,3,85,CIN,rutgers,77.0,246.0,4.75,,,17.0,,,,,,,,,,,34324.0,59573269.0,140.0,9.0,6.0,100.0,0,0,2,False,skill_pass,False,True,False,False,46.16,0,0,True,96.64750884354785,,,29.16815651880587,1.165697403861107,1.0350622779683318,0.7023393451787344,,,-0.13659744514586067,,,-0.07178685177941109,,,0.5267550793928115,0,0,1,1.0,1735.6155751077963,0.004078778697121548,False,,,,True
JohnCh01,chad-johnson-1,00-0020397,Chad Johnson,WR,2001,2,36,CIN,oregon st.,73.0,192.0,4.57,33.0,108.0,,7.51,4.14,,,,,,,,,,,,85.0,84.0,166.0,6,2,9,False,skill_pass,False,True,False,True,75.07,0,0,True,88.03724107151433,70.5,5.824999999999999,25.328579470820042,-0.4259983182696639,-1.098988435444261,-0.22214532493066147,-0.37514566843236774,-1.3628223146421365,,2.0900560758749624,-0.7149399931904031,-0.7679002887318777,-1.1157201683419935,1.042697780377344,-1.3424427222468431,0,1,0,,,,True,,,,True
PatrBe00,ben-patrick-1,00-0025602,Ben Patrick,TE,2007,7,215,ARI,delaware,75.0,252.0,4.74,34.5,111.0,,7.21,4.31,,,,,,,,,,,,4.0,4.0,42.0,0,0,2,False,skill_pass,False,True,False,True,3.36,0,1,True,99.84289606198477,72.75,5.76,31.4944,0.3698495427957216,1.2721790239030644,0.6509790857282134,0.04176285752222043,-0.949547677710947,,0.7912801014319621,0.3306492151300895,0.18655029149096272,-0.6723533558345351,0.6734502457358602,1.65922596011329,0,0,1,,,,True,,,,True
WallSe00,seneca-wallace-1,00-0022055,Seneca Wallace,QB,2003,4,110,SEA,iowa st.,71.0,196.0,4.56,38.0,127.0,,6.98,4.14,,,,,,,,,,,,14.0,11.0,64.0,0,0,1,False,skill_pass,False,True,False,True,34.1,0,0,True,90.66229247231033,82.5,5.5600000000000005,27.33346558222575,-1.2218461793350492,-0.9409106048211059,-0.273505584381187,1.0145494180829262,1.2545837192553975,,-0.20444814564100333,-0.7149399931904031,-0.5556730269131179,1.2489028316977844,-0.46269601469947974,-0.36641628362040407,1,0,0,,,,True,,,,True
BakeDa01,dallas-baker-1,00-0025614,Dallas Baker,WR,2007,7,227,PIT,florida,75.0,208.0,4.53,36.0,129.0,,6.69,4.19,,,,,,,,,,,,0.0,0.0,8.0,0,0,0,False,skill_pass,False,True,False,True,1.89,0,1,True,98.78716508510881,82.5,5.44,25.99537777777778,0.3698495427957216,-0.4666771129516409,-0.42758636273274997,0.45867138347680864,1.5301001438761905,,-1.4599315876025711,-0.40741375544907726,0.10119771730072406,1.2489028316977844,-1.1443837709606868,-1.0178293823071554,0,1,0,,,,True,,,,True
StucCh20,chansi-stuckey-1,00-0025622,Chansi Stuckey,WR,2007,7,235,NYJ,clemson,71.0,197.0,4.56,35.0,120.0,,6.91,4.14,,,,,,,,,,,,10.0,5.0,55.0,0,0,0,False,skill_pass,False,True,False,True,1.14,0,1,True,91.12485518900579,77.5,5.525,27.472922039277922,-1.2218461793350492,-0.9013911471653171,-0.273505584381187,0.18073236617374983,0.2902762330826218,,-0.5074958730110382,-0.7149399931904031,-0.5182762663186563,0.2636432483478769,-0.6615216102756658,-0.29852554990453284,0,1,0,,,,True,,,,True
FergRo00,robert-ferguson-1,00-0020428,Robert Ferguson,WR,2001,2,41,GNB,texas a&m,73.0,205.0,4.48,36.5,120.0,,7.24,4.07,,,,,,,,,,,,18.0,15.0,83.0,0,0,3,False,skill_pass,False,True,False,True,71.8,0,0,True,101.78219224452373,78.25,5.655,27.043535372490147,-0.4259983182696639,-0.5852354859190071,-0.6843876599853594,0.597640892128338,0.2902762330826218,,0.9211576988762634,-1.1454767260282495,0.34333637139439416,0.411432185850363,0.0769734590073072,-0.5075612336744733,0,1,0,,,,True,,,,True
BerrBe00,bernard-berrian-1,00-0022807,Bernard Berrian,WR,2004,3,78,CHI,fresno st.,73.0,183.0,4.58,38.0,128.0,,7.34,4.18,,,,,,,,,,,,32.0,14.0,109.0,0,0,5,False,skill_pass,False,True,False,True,49.86,0,0,True,83.18004929001361,83.0,5.76,24.14130230812535,-0.4259983182696639,-1.4546635543463597,-0.1707850654801405,1.0145494180829262,1.392341931565794,,1.3540830236905956,-0.46891900299734574,-1.1605891753585935,1.347428790032775,0.6734502457358602,-1.920437598950793,0,1,0,,,,True,,,,True
RamsPa00,patrick-ramsey-1,00-0021379,Patrick Ramsey,QB,2002,1,32,WAS,tulane,74.0,219.0,5.24,33.5,112.0,,7.12,4.09,,,,,,,,,,,,14.0,13.0,37.0,0,0,1,False,skill_pass,False,True,False,True,77.74,1,0,True,58.09636532975503,72.75,5.605,28.114864864864863,-0.028074387736971164,-0.03196307873796456,3.218992058254317,-0.23617615978083836,-0.8117894654005504,,0.4016473090990625,-1.0224662309317234,-3.188527204152465,-0.6723533558345351,-0.20706310610152778,0.013987548118832571,1,0,0,,,,True,,,,True
TaylCo00,courtney-taylor-1,00-0025584,Courtney Taylor,WR,2007,6,197,SEA,auburn,74.0,204.0,4.5,36.0,122.0,,7.22,4.28,,,,,,,,,,,,1.0,1.0,18.0,0,0,0,False,skill_pass,False,True,False,True,6.35,0,1,True,99.49702789208962,79.0,5.75,26.18918918918919,-0.028074387736971164,-0.6247549435747959,-0.5816671410843175,0.45867138347680864,0.5657926577034149,,0.8345726339133946,0.14613347248530054,0.15858792297320476,0.5592211233528491,0.6166429327140942,-0.9234773587339007,0,1,0,,,,True,,,,True
BreeDr00,drew-brees-1,00-0020531,Drew Brees,QB,2001,2,32,SDG,purdue,72.0,213.0,4.83,32.0,105.0,,7.09,4.21,,,,,,,,,,,,167.0,27.0,287.0,13,1,19,True,skill_pass,False,True,False,True,77.74,1,0,True,78.27463949647785,68.5,5.65,28.884837962962962,-0.8239222488023566,-0.2690798246726971,1.1132214207829114,-0.6530846857354266,-1.776096951573326,,0.27176971165476127,-0.2844032603525513,-1.5571763386672213,-1.5098240016819566,0.048569802496424216,0.3888288403496098,1,0,0,,,,True,,,,True
SimmCh00,chris-simms-1,00-0022005,Chris Simms,QB,2003,3,97,TAM,texas,76.0,220.0,4.84,31.0,103.0,,7.38,4.21,,,,,,,,,,,,8.0,8.0,23.0,0,0,1,False,skill_pass,False,True,False,True,40.14,0,0,True,80.18095597354794,67.0,5.795,26.776315789473685,0.7677734733284143,0.007556378917824189,1.1645816802334323,-0.9310237030384854,-2.051613376194119,,1.5272531536163292,-0.2844032603525513,-1.4030565656350087,-1.8054018766869289,0.8722758413120462,-0.6376501082788932,1,0,0,,,,True,,,,True
BreaSt00,steve-breaston-1,00-0025529,Steve Breaston,WR,2007,5,142,ARI,michigan,72.0,193.0,4.46,33.0,124.0,,6.9,4.29,,,,,,,,,,,,26.0,22.0,86.0,0,0,3,False,skill_pass,False,True,False,True,21.33,0,1,True,97.55462634586378,78.5,5.595000000000001,26.172646604938272,-0.8239222488023566,-1.0594689777884723,-0.7871081788864059,-0.37514566843236774,0.8413090823242079,,-0.5507884054924707,0.2076387200335635,0.0015507840497407351,0.4606951650178584,-0.2638704191232938,-0.9315306838082013,0,1,0,,,,True,,,,True
HiggJo00,johnnie-lee-higgins-jr-1,00-0025486,Johnnie Lee Higgins,WR,2007,3,99,OAK,texas-el paso,71.0,186.0,4.48,36.5,122.0,,6.62,4.32,,,,,,,,,,,,9.0,9.0,60.0,0,0,0,False,skill_pass,False,True,False,True,39.18,0,0,True,92.34872076820201,79.25,5.470000000000001,25.938901011704026,-1.2218461793350492,-1.3361051813789935,-0.6843876599853594,0.597640892128338,0.5657926577034149,,-1.762979314972606,0.3921544626783579,-0.4193305311500857,0.6084841025203445,-0.9739618318953838,-1.045323620779113,0,1,0,,,,True,,,,True
ShiaVi00,,00-0022054,Visanthe Shiancoe,TE,2003,3,91,NYG,morgan st.,76.0,251.0,4.65,39.5,120.0,28.0,7.09,4.31,,,,,,,,,,,,23.0,1.0,149.0,0,0,5,False,skill_pass,False,False,False,True,43.1,0,0,True,107.37221333046077,79.75,5.699999999999999,30.549342105263158,0.7677734733284143,1.2326595662472755,0.18873675067351547,1.4314579440375144,0.2902762330826218,1.9762498063871878,0.27176971165476127,0.3306492151300895,0.7952722337618161,0.7070100608553352,0.33260636760525414,1.1991492075993697,0,0,1,,,,True,,,,True
BranDe00,deion-branch-1,00-0021192,Deion Branch,WR,2002,2,65,NWE,louisville,69.0,191.0,4.47,36.0,117.0,,6.71,3.78,,,,,,,,,,,,52.0,39.0,140.0,0,0,7,False,skill_pass,False,True,False,True,57.11,0,0,True,95.68266662827601,76.5,5.245,28.202688510817055,-2.0176940404004347,-1.1385078931000496,-0.7357479194358849,0.45867138347680864,-0.12299840384856776,,-1.3733465226397064,-2.929128904927917,-0.1497913515664242,0.0665913316778954,-2.2521263748851488,0.0567421963246632,0,1,0,,,,True,,,,True
DaviCh02,chris-davis-2,00-0025515,Chris Davis,WR,2007,4,128,TEN,florida st.,70.0,181.0,4.5,35.5,115.0,,6.66,4.14,,,,,,,,,,,,0.0,0.0,17.0,0,0,0,False,skill_pass,False,True,False,True,26.55,0,0,True,88.2792257277854,75.25,5.4,25.967959183673468,-1.619770109867742,-1.533702469657937,-0.5816671410843175,0.31970187482527923,-0.3985148284693608,,-1.5898091850468725,-0.7149399931904031,-0.7483365800033588,-0.17972356415958146,-1.3716130230477557,-1.0311774087130101,0,1,0,,,,True,,,,True
RobiRy00,ryne-robinson-1,00-0025505,Ryne Robinson,WR,2007,4,118,CAR,miami (oh),69.0,179.0,4.47,35.0,123.0,,6.71,4.21,,,,,,,,,,,,0.0,0.0,16.0,0,0,0,False,skill_pass,False,True,False,True,30.63,0,0,True,89.6711901908974,79.0,5.46,26.430791850451588,-2.0176940404004347,-1.6127413849695147,-0.7357479194358849,0.18073236617374983,0.7035508700138113,,-1.3733465226397064,-0.2844032603525513,-0.6358005715786467,0.5592211233528491,-1.0307691449171548,-0.8058594134086812,0,1,0,,,,True,,,,True
MitcFr00,freddie-mitchell-1,00-0020497,Freddie Mitchell,WR,2001,1,25,PHI,ucla,71.0,185.0,4.46,39.5,120.0,,6.95,4.06,,,,,,,,,,,,13.0,13.0,63.0,0,0,1,False,skill_pass,False,True,False,True,82.52,1,0,True,93.51091126416995,79.75,5.505,25.799444554651856,-1.2218461793350492,-1.3756246390347822,-0.7871081788864059,1.4314579440375144,0.2902762330826218,,-0.33432574308530455,-1.206981973576518,-0.32537103512030524,0.7070100608553352,-0.7751362363192028,-1.1132143544949824,0,1,0,,,,True,,,,True
WillPa00,paul-williams-2,00-0025467,Paul Williams,WR,2007,3,80,TEN,fresno st.,73.0,205.0,4.45,38.5,125.0,,7.03,4.24,,,,,,,,,,,,0.0,0.0,5.0,0,0,0,False,skill_pass,False,True,False,True,48.79,0,0,True,104.55476080301305,81.75,5.635,27.043535372490147,-0.4259983182696639,-0.5852354859190071,-0.8384684383369269,1.1535189267344557,0.9790672946346044,,0.012014516766162744,-0.09988751770775688,0.5674899377567709,1.1011138941952983,-0.03664116703622981,-0.5075612336744733,0,1,0,,,,True,,,,True
BurtSt00,,00-0028174,Stephen Burton,WR,2011,7,236,MIN,long beach cc,73.0,221.0,4.5,34.5,117.0,19.0,7.04,4.31,,,,,,,,,,,,0.0,0.0,19.0,0,0,0,False,skill_pass,False,False,False,True,1.06,0,1,True,107.7884468830971,75.75,5.675,29.154250328391818,-0.4259983182696639,0.047075836573612945,-0.5816671410843175,0.04176285752222043,-0.12299840384856776,0.24755660058742088,0.05530704924759519,0.3306492151300895,0.8289234251732743,-0.08119760582459072,0.19058808505083918,0.5199852137992137,0,1,0,,,,True,,,,True
CartTi00,tim-carter-1,00-0021174,Tim Carter,WR,2002,2,46,NYG,auburn,72.0,190.0,4.32,39.0,126.0,,6.68,3.93,,,,,,,,,,,,10.0,9.0,71.0,0,0,0,False,skill_pass,False,True,False,True,68.6,0,0,True,109.10599377447353,82.5,5.305,25.765817901234566,-0.8239222488023566,-1.1780273507558385,-1.5061518111937133,1.292488435385985,1.116825506945001,,-1.5032241200840075,-2.0065501917039503,0.9354430037955638,1.2489028316977844,-1.9112824967545479,-1.129584612431874,0,1,0,,,,True,,,,True
DaviAn01,andre-davis-1,00-0021175,Andre' Davis,WR,2002,2,47,CLE,virginia tech,73.0,194.0,4.42,39.5,123.0,,6.77,4.1,,,,,,,,,,,,25.0,12.0,104.0,0,0,1,False,skill_pass,False,True,False,True,67.97,0,0,True,101.65825443493327,81.25,5.435,25.59241884030775,-0.4259983182696639,-1.0199495201326834,-0.9925492166884944,1.4314579440375144,0.7035508700138113,,-1.1135913277511078,-0.9609609833834605,0.33331638399253916,1.0025879358603076,-1.1727874274715748,-1.2139994163126322,0,1,0,,,,True,,,,True
CaldRe00,reche-caldwell-1,00-0021176,Reche Caldwell,WR,2002,2,48,SDG,florida,72.0,194.0,4.53,41.5,130.0,,7.0,4.1,,,,,,,,,,,,20.0,11.0,71.0,0,0,1,False,skill_pass,False,True,False,True,67.34,0,0,True,92.1380289736111,85.75,5.55,26.308256172839506,-0.8239222488023566,-1.0199495201326834,-0.42758636273274997,1.987335978643632,1.6678583561865872,,-0.11786308067813844,-0.9609609833834605,-0.43636430909445334,1.8893215608752243,-0.5195033277212509,-0.8655127076003108,0,1,0,,,,True,,,,True
LeexCh00,charles-lee-1,00-0019505,Charles Lee,WR,2000,7,242,GNB,central florida,73.0,202.0,4.56,35.5,125.0,,7.3,4.25,,,,,,,,,,,,7.0,1.0,44.0,0,0,0,False,skill_pass,False,True,False,True,0.64,0,1,True,93.4376687724831,80.25,5.775,26.647776318258586,-0.4259983182696639,-0.7037938588863734,-0.273505584381187,0.31970187482527923,0.9790672946346044,,1.1809128937648619,-0.038382270159493886,-0.33129246334634727,0.805536019190326,0.7586612152685142,-0.7002261925757888,0,1,0,,,,True,,,,True
BeckJo00,john-beck-1,00-0025427,John Beck,QB,2007,2,40,MIA,byu,74.0,215.0,4.75,29.5,111.0,,6.81,4.17,,,,,,,,,,,,4.0,2.0,9.0,0,0,0,False,skill_pass,False,True,False,True,72.44,0,0,True,84.46835122505199,70.25,5.49,27.60135135135135,-0.028074387736971164,-0.1900409093611196,0.7023393451787344,-1.3479322289930735,-0.949547677710947,,-0.9404211978253741,-0.5304242505456087,-1.0564339607269497,-1.164983147509489,-0.8603472058518518,-0.2360030937085626,1,0,0,,,,True,,,,True
StanDr00,drew-stanton-1,00-0025430,Drew Stanton,QB,2007,2,43,DET,michigan st.,75.0,226.0,4.75,30.5,108.0,,6.77,4.41,,,,,,,,,,,,10.0,4.0,38.0,0,0,1,False,skill_pass,False,True,False,True,70.51,0,0,True,88.78998779935698,69.25,5.59,28.244977777777777,0.3698495427957216,0.2446731248525567,0.7023393451787344,-1.0699932116900148,-1.3628223146421365,,-1.1135913277511078,0.9457016906127357,-0.7070430511004033,-1.3620350641794705,-0.2922740756341818,0.0773296214102989,1,0,0,,,,True,,,,True
RiceSi01,sidney-rice-1,00-0025431,Sidney Rice,WR,2007,2,44,MIN,south carolina,75.0,200.0,4.51,39.5,119.0,,7.09,4.34,,,,,,,,,,,,33.0,20.0,81.0,1,0,3,False,skill_pass,False,True,False,True,69.87,0,0,True,96.68382504607726,79.25,5.715,24.995555555555555,0.3698495427957216,-0.7828327741979508,-0.5303068816337965,1.4314579440375144,0.1525180207722253,,0.27176971165476127,0.5151649577748839,-0.06885079947196512,0.6084841025203445,0.4178173371379082,-1.5045667172926922,0,1,0,,,,True,,,,True
SmitSt02,steve-smith-2,00-0025438,Steve Smith,WR,2007,2,51,NYG,southern california,72.0,197.0,4.44,38.0,120.0,,6.68,4.19,,,,,,,,,,,,23.0,21.0,64.0,1,0,1,False,skill_pass,False,True,False,True,65.47,0,0,True,101.38281398950393,79.0,5.4350000000000005,26.71508487654321,-0.8239222488023566,-0.9013911471653171,-0.8898286977874479,1.0145494180829262,0.2902762330826218,,-1.5032241200840075,-0.40741375544907726,0.3110478785035104,0.5592211233528491,-1.1727874274715697,-0.6674587789766397,0,1,0,,,,True,,,,True
MillZa01,zach-miller-1,00-0025425,Zach Miller,TE,2007,2,38,OAK,arizona st.,76.0,256.0,4.87,34.0,115.0,,7.01,4.42,,,,,,,,,,,,28.0,20.0,110.0,1,0,7,False,skill_pass,False,True,False,True,73.75,0,0,True,91.02362267365302,74.5,5.715,31.157894736842106,0.7677734733284143,1.4302568545262193,1.3186624585849998,-0.09720665112930897,-0.3985148284693608,,-0.074570548196706,1.0072069381609987,-0.526460601122092,-0.3275125016620676,0.4178173371379082,1.4954071617732838,0,0,1,,,,True,,,,True
RobiLa01,,00-0025462,Laurent Robinson,WR,2007,3,75,ATL,illinois st.,74.0,199.0,4.38,39.0,127.0,19.0,6.83,4.28,,,,,,,,,,,,16.0,4.0,59.0,0,0,1,False,skill_pass,False,False,False,True,51.49,0,0,True,108.14006594003439,83.0,5.555,25.5472972972973,-0.028074387736971164,-0.8223522318537396,-1.197990254490583,1.292488435385985,1.2545837192553975,0.24755660058742088,-0.8538361328625055,0.14613347248530054,0.8573507350668896,1.347428790032775,-0.4910996712103678,-1.235965661018145,0,1,0,,,,True,,,,True
HillJa00,jason-hill-1,00-0025463,Jason Hill,WR,2007,3,76,SFO,washington st.,72.0,204.0,4.32,37.0,123.0,,7.02,4.22,,,,,,,,,,,,9.0,4.0,54.0,0,0,1,False,skill_pass,False,True,False,True,50.94,0,0,True,117.14538278943473,80.0,5.619999999999999,27.66435185185185,-0.8239222488023566,-0.6247549435747959,-1.5061518111937133,0.7366104007798674,0.7035508700138113,,-0.03127801571527355,-0.2228980128042883,1.585402664327798,0.7562730400228306,-0.12185213656888384,-0.20533294552140535,0,1,0,,,,True,,,,True
SchaMa00,matt-schaub-1,00-0022787,Matt Schaub,QB,2004,3,90,ATL,virginia,78.0,243.0,5.04,30.5,110.0,,7.65,4.62,,,,,,,,,,,,68.0,4.0,155.0,2,0,7,False,skill_pass,False,True,False,True,43.6,0,0,True,75.3206611442763,70.25,6.135,28.078402366863905,1.5636213343937997,0.9165039050009656,2.1917868692438747,-1.0699932116900148,-1.0873058900213435,,2.6961515306150323,2.2373118891262855,-1.7959963240471364,-1.164983147509489,2.8037244840521303,-0.003763266685478816,1,0,0,,,,True,,,,True
WrigGe00,george-wrighster-1,00-0021980,George Wrighster,TE,2003,4,104,JAX,oregon,74.0,249.0,4.89,34.5,115.0,16.0,7.24,,,,,,,,,,,,,8.0,8.0,67.0,0,0,1,False,skill_pass,False,True,False,True,36.83,0,0,True,87.0951369253097,74.75,,31.966216216216218,-0.028074387736971164,1.153620650935698,1.4213829774860418,0.04176285752222043,-0.3985148284693608,-0.32867446801250144,0.9211576988762634,,-0.844066486177185,-0.2782495224945722,,1.8889173618243025,0,0,1,,,,True,,,,True
BoweDw00,dwayne-bowe-1,00-0025410,Dwayne Bowe,WR,2007,1,23,KAN,louisiana state,74.0,221.0,4.51,33.0,125.0,,6.81,4.35,,,,,,,,,,,,50.0,50.0,125.0,1,0,8,False,skill_pass,False,True,False,True,83.91,1,0,True,106.83562667591538,79.0,5.58,28.37162162162162,-0.028074387736971164,0.047075836573612945,-0.5303068816337965,-0.37514566843236774,0.9790672946346044,,-0.9404211978253741,0.5766702053231468,0.7518908674433794,0.5592211233528491,-0.3490813886559478,0.13898286903253101,0,1,0,,,,True,,,,True
MeacRo00,robert-meachem-1,00-0025414,Robert Meachem,WR,2007,1,27,NOR,tennessee,74.0,214.0,4.39,37.5,121.0,,6.97,4.31,,,,,,,,,,,,26.0,25.0,103.0,0,0,1,False,skill_pass,False,True,False,True,81.14,1,0,True,115.23534013494006,79.25,5.64,27.472972972972972,-0.028074387736971164,-0.22956036701690832,-1.1466299950400618,0.8755799094313969,0.4280344453930183,,-0.24774067812243963,0.3306492151300895,1.4309816414108674,0.6084841025203445,-0.00823751052534682,-0.29850075416541183,0,1,0,,,,True,,,,True
GonzAn00,anthony-gonzalez-1,00-0025419,Anthony Gonzalez,WR,2007,1,32,IND,ohio st.,72.0,193.0,4.44,38.0,123.0,,6.54,4.08,,,,,,,,,,,,16.0,16.0,40.0,0,0,1,False,skill_pass,False,True,False,True,77.74,1,0,True,99.3242796953008,80.5,5.3100000000000005,26.172646604938272,-0.8239222488023566,-1.0594689777884723,-0.8898286977874479,1.0145494180829262,0.7035508700138113,,-2.1093195748240734,-1.0839714784799865,0.14462176719526387,0.8547989983578214,-1.8828788402436598,-0.9315306838082013,0,1,0,,,,True,,,,True
KolbKe00,kevin-kolb-1,00-0025423,Kevin Kolb,QB,2007,2,36,PHI,houston,75.0,218.0,4.85,32.5,112.0,,6.94,4.44,,,,,,,,,,,,12.0,5.0,34.0,0,0,1,False,skill_pass,False,True,False,True,75.07,0,0,True,78.79878748817583,72.25,5.69,27.245155555555556,0.3698495427957216,-0.07148253639375332,1.2159419396839533,-0.5141151770838972,-0.8117894654005504,,-0.377618275566737,1.13021743325753,-1.5148005996504024,-0.7708793141695259,0.2757990545834932,-0.4094077135752363,1,0,0,,,,True,,,,True
QuicBr00,,00-0029640,Brian Quick,WR,2012,2,33,STL,appalachian st.,75.0,220.0,4.5,34.0,119.0,15.0,7.1,4.23,,,,,,,,,,,,11.0,10.0,84.0,0,0,0,False,skill_pass,False,False,False,True,77.06,0,0,True,107.3007163542143,76.5,5.665,27.49511111111111,0.3698495427957216,0.007556378917824189,-0.5816671410843175,-0.09720665112930897,0.1525180207722253,-0.5207514908791422,0.3150622441361937,-0.16139276525601987,0.7894919250438585,0.0665913316778954,0.1337807720290732,-0.2877233798288525,0,1,0,,,,True,,,,True
RagoDa00,dave-ragone-1,00-0022091,Dave Ragone,QB,2003,3,88,HOU,louisville,76.0,249.0,4.99,30.5,101.0,,7.42,4.36,,,,,,,,,,,,1.0,1.0,2.0,0,0,0,False,skill_pass,False,True,False,True,44.61,0,0,True,80.320639993564,65.75,5.890000000000001,30.30592105263158,0.7677734733284143,1.153620650935698,1.9349855719912652,-1.0699932116900148,-2.3271298008149124,,1.7004232835420627,0.6381754528714153,-1.3917635459711437,-2.0517167725244057,1.4119453150188381,1.0806460259298045,1,0,0,,,,True,,,,True
ObomBe00,ben-obomanu-1,00-0024463,Ben Obomanu,WR,2006,7,249,SEA,auburn,73.0,205.0,4.45,38.0,116.0,,7.17,4.21,,,,,,,,,,,,10.0,10.0,69.0,0,0,0,False,skill_pass,False,True,False,True,0.29,0,1,True,104.55476080301305,77.0,5.6899999999999995,27.043535372490147,-0.4259983182696639,-0.5852354859190071,-0.8384684383369269,1.0145494180829262,-0.2607566161589643,,0.6181099715062286,-0.2844032603525513,0.5674899377567709,0.16511729001288614,0.2757990545834882,-0.5075612336744733,0,1,0,,,,True,,,,True
AndeDa01,david-anderson-1,00-0024465,David Anderson,WR,2006,7,251,HOU,colorado st.,70.0,192.0,4.57,34.0,116.0,,6.88,4.2,,,,,,,,,,,,7.0,7.0,67.0,0,0,0,False,skill_pass,False,True,False,True,0.21,0,1,True,88.03724107151433,75.0,5.54,27.54612244897959,-1.619770109867742,-1.098988435444261,-0.22214532493066147,-0.09720665112930897,-0.2607566161589643,,-0.6373734704553393,-0.3459085079008143,-0.7679002887318777,-0.22898654332707685,-0.5763106407430167,-0.2628898423295905,0,1,0,,,,True,,,,True
ColsMa00,,00-0024466,Marques Colston,WR,2006,7,252,NOR,hofstra,77.0,224.0,4.5,37.0,123.0,16.0,6.94,4.43,,,,,,,,,,,,72.0,72.0,146.0,0,0,7,False,skill_pass,False,False,False,True,0.18,0,1,True,109.25163846974547,80.0,5.6850000000000005,26.55962219598583,1.165697403861107,0.1656342095409792,-0.5816671410843175,0.7366104007798674,0.7035508700138113,-0.32867446801250144,-0.377618275566737,1.0687121857092616,0.947217925561522,0.7562730400228306,0.2473953980726102,-0.7431417245467244,0,1,0,,,,True,,,,True
BradTo00,tom-brady-1,00-0019596,Tom Brady,QB,2000,6,199,NWE,michigan,76.0,211.0,5.28,24.5,99.0,,7.2,4.38,,,,,,,,,,,,184.0,168.0,335.0,15,3,21,False,skill_pass,False,True,False,True,5.97,0,1,True,54.297115780688586,61.75,5.79,25.68092105263158,0.7677734733284143,-0.3481187399842746,3.4244330960564056,-2.7376273155083677,-2.6026462254357052,,0.7479875689505298,0.7611859479679413,-3.495684743437232,-2.8399244392043315,0.8438721848011632,-1.170914425791938,1,0,0,,,,True,,,,True
CurtKe00,kevin-curtis-2,00-0022001,Kevin Curtis,WR,2003,3,74,STL,utah st.,71.0,186.0,4.42,36.0,122.0,,6.76,3.99,,,,,,,,,,,,25.0,13.0,81.0,0,0,3,False,skill_pass,False,True,False,True,52.04,0,0,True,97.46616146854427,79.0,5.375,25.938901011704026,-1.2218461793350492,-1.3361051813789935,-0.9925492166884944,0.45867138347680864,0.5657926577034149,,-1.1568838602325402,-1.6375187064143644,-0.005601326828910619,0.5592211233528491,-1.5136313056021757,-1.045323620779113,0,1,0,,,,True,,,,True
FleeCo00,coby-fleener-1,00-0029697,Coby Fleener,TE,2012,2,34,IND,stanford,78.0,247.0,4.51,,,27.0,,,,,,,,,,,13212834.0,176266434667.0,1710.0,25.0,18.0,87.0,0,0,4,False,skill_pass,False,True,False,False,76.4,0,0,True,119.40452393190542,,,28.54059829059829,1.5636213343937997,1.0745817356241205,-0.5303068816337965,,,1.7841727835205472,,,1.7680472169576145,,,0.2212447468988106,0,0,1,1.0,13340.547127663905,0.00012941962337527287,False,,,,True
McNeRe00,reggie-mcneal-1,00-0024407,Reggie McNeal,QB,2006,6,193,CIN,texas a&m,74.0,198.0,4.4,32.0,121.0,,6.96,4.25,,,,,,,,,,,,0.0,0.0,7.0,0,0,0,False,skill_pass,False,True,False,True,7.14,0,1,True,105.65364387678434,76.5,5.605,25.41891891891892,-0.028074387736971164,-0.8618716895095284,-1.0952697355895364,-0.6530846857354266,0.4280344453930183,,-0.2910332106038721,-0.038382270159493886,0.6563312251063237,0.0665913316778954,-0.20706310610152778,-1.2984633214749943,1,0,0,,,,True,,,,True
CaliTy00,tyrone-calico-1,00-0022087,Tyrone Calico,WR,2003,2,60,TEN,middle tenn. st.,76.0,223.0,4.34,38.0,127.0,,6.73,4.26,,,,,,,,,,,,5.0,5.0,27.0,0,0,0,False,skill_pass,False,True,False,True,60.03,0,0,True,125.71176983730749,82.5,5.495,27.14144736842105,0.7677734733284143,0.12611475188519045,-1.4034312922926713,1.0145494180829262,1.2545837192553975,,-1.2867614576768376,0.023122977388769096,2.277968480867026,1.2489028316977844,-0.8319435493409688,-0.4598953357745461,0,1,0,,,,True,,,,True
BurlNa00,nate-burleson-1,00-0021999,Nate Burleson,WR,2003,3,71,MIN,nevada,72.0,197.0,4.51,42.5,126.0,,6.96,4.16,,,,,,,,,,,,45.0,17.0,135.0,0,0,9,False,skill_pass,False,True,False,True,53.7,0,0,True,95.23356767038611,84.25,5.5600000000000005,26.71508487654321,-0.8239222488023566,-0.9013911471653171,-0.5303068816337965,2.2652749959466907,1.116825506945001,,-0.2910332106038721,-0.5919294980938716,-0.1860996090312994,1.593743685870252,-0.46269601469947974,-0.6674587789766397,0,1,0,,,,True,,,,True
CharOr00,orson-charles-1,00-0029414,Orson Charles,TE,2012,4,116,CIN,georgia,74.0,251.0,4.73,,,35.0,,,,,,,,,,,232645.0,374422574.0,325.0,2.0,1.0,49.0,0,0,0,False,skill_pass,False,True,False,False,31.48,0,0,True,100.29035167395392,,,32.222972972972975,-0.028074387736971164,1.2326595662472755,0.5996188262776925,,,3.3207889664536734,,,0.22272568953644634,,,2.0139126827380007,0,0,1,1.0,1609.4159513421737,0.0013969782286316062,False,,,,True
WatkTo20,todd-watkins-1,00-0024432,Todd Watkins,WR,2006,7,218,ARI,byu,74.0,202.0,4.4,36.0,118.0,15.0,7.13,4.24,,,,,,,,,,,,1.0,,21.0,0,0,0,False,skill_pass,False,False,False,True,2.95,0,1,True,107.78806092480019,77.0,5.6850000000000005,25.93243243243243,-0.028074387736971164,-0.7037938588863734,-1.0952697355895364,0.45867138347680864,0.014759808461828759,-0.5207514908791422,0.44493984158049493,-0.09988751770775688,0.8288922216423632,0.16511729001288614,0.2473953980726102,-1.0484726796475992,0,1,0,,,,True,,,,True
JennAd00,adam-jennings-1,00-0024398,Adam Jennings,WR,2006,6,184,ATL,fresno st.,69.0,181.0,4.44,37.5,118.0,,6.88,4.12,,,,,,,,,,,,0.0,0.0,46.0,0,0,0,False,skill_pass,False,True,False,True,9.09,0,1,True,93.14867681269142,77.75,5.5,26.726107960512497,-2.0176940404004347,-1.533702469657937,-0.8898286977874479,0.8755799094313969,0.014759808461828759,,-0.6373734704553393,-0.8379504882869291,-0.3546565667294757,0.3129062275153723,-0.8035398928300858,-0.6620924784531247,0,1,0,,,,True,,,,True
GradBr00,bruce-gradkowski-1,00-0024408,Bruce Gradkowski,QB,2006,6,194,TAM,toledo,73.0,217.0,4.59,34.0,107.0,,7.12,4.16,,,,,,,,,,,,8.0,3.0,37.0,0,0,1,False,skill_pass,False,True,False,True,6.94,0,1,True,97.7775131584837,70.5,5.640000000000001,28.6265715894164,-0.4259983182696639,-0.11100199404954207,-0.11942480602961951,-0.09720665112930897,-1.500580526952533,,0.4016473090990625,-0.5919294980938716,0.019570491368040385,-1.1157201683419935,-0.008237510525341774,0.263098601930792,1,0,0,,,,True,,,,True
RattTi00,tim-rattay-1,00-0019623,Tim Rattay,QB,2000,7,212,SFO,louisiana tech,72.0,215.0,4.91,25.5,100.0,,7.34,4.21,,,,,,,,,,,,12.0,10.0,40.0,0,0,1,False,skill_pass,False,True,False,True,3.79,0,1,True,73.98479709608168,62.75,5.775,29.156057098765434,-0.8239222488023566,-0.1900409093611196,1.5241034963870883,-2.4596882982053088,-2.4648880131253086,,1.3540830236905956,-0.2844032603525513,-1.9039967879711954,-2.64287252253435,0.7586612152685142,0.5208647927653923,1,0,0,,,,True,,,,True
JaniJe00,,00-0031001,Jeff Janis,WR,2014,7,236,GNB,saginaw valley st.,75.0,219.0,4.42,37.5,123.0,20.0,6.64,3.98,,,,,,,,,,,,2.0,2.0,51.0,0,0,0,False,skill_pass,False,False,False,True,1.06,0,1,True,114.7585449548989,80.25,5.31,27.37013333333333,0.3698495427957216,-0.03196307873796456,-0.9925492166884944,0.8755799094313969,0.7035508700138113,0.43963362345406165,-1.676394250009741,-1.69902395396263,1.3924342303095703,0.805536019190326,-1.8828788402436647,-0.34856554670204526,0,1,0,,,,True,,,,True
HusaTo20,todd-husak-1,00-0019622,Todd Husak,QB,2000,6,202,WAS,stanford,75.0,216.0,5.2,27.5,99.0,,7.17,4.41,,,,,,,,,,,,0.0,0.0,1.0,0,0,0,False,skill_pass,False,True,False,True,5.42,0,1,True,59.08406568397464,63.25,5.79,26.9952,0.3698495427957216,-0.15052145170533082,3.0135510204522284,-1.9038102635991911,-2.6026462254357052,,0.6181099715062286,0.9457016906127357,-3.108674694746407,-2.5443465641993592,0.8438721848011632,-0.5310920473216201,1,0,0,,,,True,,,,True
St.BEq00,equanimeous-st-brown-1,00-0034279,Equanimeous St. Brown,WR,2018,6,207,GNB,notre dame,77.0,214.0,4.48,,,20.0,,,,,,,,,,,15833.0,8961515.0,94.0,8.0,4.0,62.0,0,0,2,False,skill_pass,False,True,False,False,4.57,0,1,True,106.2506787333077,,,25.37392477652218,1.165697403861107,-0.22956036701690832,-0.6843876599853594,,,0.43963362345406165,,,0.7045996410207265,,,-1.3203675445192393,0,1,0,1.0,566.002336891303,0.0059369670940440855,False,,,,True
GilbGa01,garrett-gilbert-1,00-0031395,Garrett Gilbert,QB,2014,6,214,STL,southern methodist,,,,,,,,,3026015268335.0,6644131506504.0,3.102744247293235e+17,21011521.0,4172157.0,1110079483.0,538015346267.0,15086.0,,,,2.0,,8.0,0,0,0,False,skill_pass,False,True,True,False,3.5,0,1,True,,,,,,,,,,,,,,,,,1,0,0,,,,True,0.45544180836469095,46699.0191909346,5.036129033495144,False
SmitBr01,brad-smith-1,00-0024318,Brad Smith,QB,2006,4,103,NYJ,missouri,74.0,213.0,4.46,39.5,128.0,,7.0,4.33,,,,,,,,,,,,17.0,12.0,125.0,0,0,1,False,skill_pass,False,True,False,True,37.29,0,0,True,107.66391405009837,83.75,5.665,27.344594594594593,-0.028074387736971164,-0.2690798246726971,-0.7871081788864059,1.4314579440375144,1.392341931565794,,-0.11786308067813844,0.45365971022662094,0.8188553319748562,1.4952177275352612,0.1337807720290732,-0.36099841462226107,1,0,0,,,,True,,,,True
HagaMa00,marques-hagans-1,00-0024358,Marques Hagans,WR,2006,5,144,STL,virginia,69.0,202.0,4.67,35.0,114.0,,7.03,4.38,,,,,,,,,,,,1.0,1.0,6.0,0,0,0,False,skill_pass,False,True,False,True,20.63,0,1,True,84.94031023040195,74.5,5.705,29.82692711615207,-2.0176940404004347,-0.7037938588863734,0.2914572695745574,0.18073236617374983,-0.5362730407797573,,0.012014516766162744,0.7611859479679413,-1.0182775393457324,-0.3275125016620676,0.3610100241161422,0.8474603385802311,0,1,0,,,,True,,,,True
MartIn00,ingle-martin-1,00-0024362,Ingle Martin,QB,2006,5,148,GNB,furman,74.0,220.0,4.71,36.0,111.0,,7.13,4.17,,,,,,,,,,,,0.0,0.0,1.0,0,0,0,False,skill_pass,False,True,False,True,19.27,0,1,True,89.40649055112125,73.5,5.65,28.243243243243242,-0.028074387736971164,0.007556378917824189,0.4968983073766459,0.45867138347680864,-0.949547677710947,,0.44493984158049493,-0.5304242505456087,-0.6572007162527932,-0.524564418332049,0.048569802496424216,0.07648520857568179,1,0,0,,,,True,,,,True
WillBr01,brandon-williams-6,00-0024299,Brandon Williams,WR,2006,3,84,SFO,wisconsin,69.0,179.0,4.48,34.5,115.0,,6.87,4.07,,,,,,,,,,,,0.0,0.0,23.0,0,0,0,False,skill_pass,False,True,False,True,46.68,0,0,True,88.8732312769256,74.75,5.470000000000001,26.430791850451588,-2.0176940404004347,-1.6127413849695147,-0.6843876599853594,0.04176285752222043,-0.3985148284693608,,-0.6806660029367718,-1.1454767260282495,-0.7003130741927887,-0.2782495224945722,-0.9739618318953838,-0.8058594134086812,0,1,0,,,,True,,,,True
WillDe03,demetrius-williams-1,00-0024326,Demetrius Williams,WR,2006,4,111,BAL,oregon,74.0,197.0,4.52,38.0,127.0,,6.84,4.08,,,,,,,,,,,,9.0,9.0,46.0,0,0,0,False,skill_pass,False,True,False,True,33.66,0,0,True,94.39358543190407,82.5,5.46,25.29054054054054,-0.028074387736971164,-0.9013911471653171,-0.4789466221832755,1.0145494180829262,1.2545837192553975,,-0.810543600381073,-1.0839714784799865,-0.25400956705931327,1.2489028316977844,-1.0307691449171548,-1.3609609819318436,0,1,0,,,,True,,,,True
CroyBr00,brodie-croyle-1,00-0024300,Brodie Croyle,QB,2006,3,85,KAN,alabama,74.0,205.0,4.88,30.5,104.0,,7.34,4.25,,,,,,,,,,,,2.0,2.0,18.0,0,0,0,False,skill_pass,False,True,False,True,46.16,0,0,True,72.29438518758089,67.25,5.795,26.31756756756757,-0.028074387736971164,-0.5852354859190071,1.370022718035521,-1.0699932116900148,-1.9138551638837227,,1.3540830236905956,-0.038382270159493886,-2.04066134645495,-1.7561388975194334,0.8722758413120462,-0.8609796982770515,1,0,0,,,,True,,,,True
StovMa00,maurice-stovall-1,00-0024305,Maurice Stovall,WR,2006,3,90,TAM,notre dame,76.0,217.0,4.57,35.0,122.0,,6.81,4.14,,,,,,,,,,,,5.0,5.0,81.0,0,0,0,False,skill_pass,False,True,False,True,43.6,0,0,True,99.5004235027011,78.5,5.475,26.411184210526315,0.7677734733284143,-0.11100199404954207,-0.22214532493066147,0.18073236617374983,0.5657926577034149,,-0.9404211978253741,-0.7149399931904031,0.1588624475566312,0.4606951650178584,-0.9455581753845058,-0.815404880783242,0,1,0,,,,True,,,,True
ReidWi00,willie-reid-1,00-0024310,Willie Reid,WR,2006,3,95,PIT,florida st.,70.0,188.0,4.34,37.5,117.0,,7.06,4.26,,,,,,,,,,,,1.0,1.0,7.0,0,0,0,False,skill_pass,False,True,False,True,41.12,0,0,True,105.98122300185564,77.25,5.66,26.972244897959182,-1.619770109867742,-1.257066266067416,-1.4034312922926713,0.8755799094313969,-0.12299840384856776,,0.14189211421046008,0.023122977388769096,0.682814981089839,0.21438026918038153,0.1053771155181902,-0.5422671391962889,0,1,0,,,,True,,,,True
BoldAn00,anquan-boldin-1,00-0022084,Anquan Boldin,WR,2003,2,54,ARI,florida st.,73.0,216.0,4.72,33.5,114.0,,7.35,4.33,,,,,,,,,,,,86.0,49.0,202.0,3,0,14,False,skill_pass,False,True,False,True,63.63,0,0,True,87.03937268189007,73.75,5.84,28.494651904672548,-0.4259983182696639,-0.15052145170533082,0.5482585668271669,-0.23617615978083836,-0.5362730407797573,,1.397375556172028,0.45365971022662094,-0.8485748522551805,-0.4753014391645537,1.1279087499099982,0.1988769489636874,0,1,0,,,,True,,,,True
GarrDa00,david-garrard-1,00-0021231,David Garrard,QB,2002,4,108,JAX,east carolina,74.0,235.0,4.82,33.5,111.0,,7.35,4.26,,,,,,,,,,,,62.0,62.0,86.0,1,0,5,False,skill_pass,False,True,False,True,35.0,0,0,True,87.07825250269617,72.25,5.805,30.16891891891892,-0.028074387736971164,0.6003482437546555,1.0618611613323903,-0.23617615978083836,-0.949547677710947,,1.397375556172028,0.023122977388769096,-0.8454315393634098,-0.7708793141695259,0.9290831543338122,1.0139501154284167,1,0,0,,,,True,,,,True
WaltTr00,troy-walters-1,00-0019552,Troy Walters,WR,2000,5,165,MIN,stanford,66.0,171.0,4.55,32.5,106.0,,6.61,3.84,,,,,,,,,,,,12.0,0.0,98.0,0,0,0,False,skill_pass,False,True,False,True,13.99,0,1,True,79.79588934800854,69.25,5.225,27.59710743801653,-3.2114658319985128,-1.9288970462158248,-0.32486584383170797,-0.5141151770838972,-1.6383387392629296,,-1.8062718474540385,-2.560097419638331,-1.4341880076826712,-1.3620350641794705,-2.365741000928686,-0.23806913207077218,0,1,0,,,,True,,,,True
WynnSp00,spergon-wynn-1,00-0019553,Spergon Wynn,QB,2000,6,183,CLE,texas st.,75.0,229.0,4.91,34.0,108.0,,7.71,4.59,,,,,,,,,,,,2.0,0.0,10.0,0,0,0,False,skill_pass,False,True,False,True,9.32,0,1,True,78.80241179071025,71.0,6.15,28.61991111111111,0.3698495427957216,0.363231497819923,1.5241034963870883,-0.09720665112930897,-1.3628223146421365,,2.9559067255036306,2.0527961464814912,-1.5145075860344979,-1.0171942100070028,2.888935453584784,0.25985612202987546,1,0,0,,,,True,,,,True
WhitCh02,charlie-whitehurst-1,00-0024296,Charlie Whitehurst,QB,2006,3,81,SDG,clemson,77.0,223.0,4.75,33.0,112.0,,7.0,4.11,,,,,,,,,,,,7.0,0.0,25.0,0,0,0,False,skill_pass,False,True,False,True,48.25,0,0,True,87.61135964272835,72.5,5.555,26.44105245403947,1.165697403861107,0.12611475188519045,0.7023393451787344,-0.37514566843236774,-0.8117894654005504,,-0.11786308067813844,-0.8994557358351921,-0.8023314809985523,-0.7216163350020306,-0.4910996712103678,-0.8008643065439749,1,0,0,,,,True,,,,True
BakeCh00,chris-baker-2,00-0021213,Chris Baker,TE,2002,3,88,NYJ,michigan st.,75.0,258.0,4.81,35.0,112.0,18.0,6.95,,,,,,,,,,,,,13.0,12.0,131.0,0,0,5,False,skill_pass,False,True,False,True,44.61,0,0,True,96.39830466497826,73.5,,32.24426666666667,0.3698495427957216,1.509295769837797,1.010500901881865,0.18073236617374983,-0.8117894654005504,0.05547957772078011,-0.33432574308530455,,-0.09193423648798554,-0.524564418332049,,2.0242789613524432,0,0,1,,,,True,,,,True
McCoJo01,josh-mccown-1,00-0021206,Josh McCown,QB,2002,3,81,ARI,sam houston st.,76.0,221.0,4.59,38.5,120.0,,6.85,3.9,,,,,,,,,,,,40.0,13.0,102.0,0,0,5,False,skill_pass,False,True,False,True,48.25,0,0,True,99.57986363145115,79.25,5.375,26.898026315789473,0.7677734733284143,0.047075836573612945,-0.11942480602961951,1.1535189267344557,0.2902762330826218,,-0.7672510678996406,-2.1910659343487446,0.1652849355117397,0.6084841025203445,-1.5136313056021757,-0.5783985174441114,1,0,0,,,,True,,,,True
JackCh00,chad-jackson-1,00-0024251,Chad Jackson,WR,2006,2,36,NWE,florida,73.0,213.0,4.32,38.5,122.0,,6.73,3.97,,,,,,,,,,,,2.0,2.0,18.0,0,0,0,False,skill_pass,False,True,False,True,75.07,0,0,True,122.3135614419098,80.25,5.3500000000000005,28.098892850440983,-0.4259983182696639,-0.2690798246726971,-1.5061518111937133,1.1535189267344557,0.5657926577034149,,-1.2867614576768376,-1.7605292015108929,2.003233874669949,0.805536019190326,-1.6556495881565907,0.006211990062370224,0,1,0,,,,True,,,,True
JennGr00,greg-jennings-1,00-0024267,Greg Jennings,WR,2006,2,52,GNB,western michigan,71.0,197.0,4.42,36.5,117.0,,6.68,4.16,,,,,,,,,,,,66.0,55.0,143.0,2,0,8,False,skill_pass,False,True,False,True,64.86,0,0,True,103.23028929732914,76.75,5.42,27.472922039277922,-1.2218461793350492,-0.9013911471653171,-0.9925492166884944,0.597640892128338,-0.12299840384856776,,-1.5032241200840075,-0.5919294980938716,0.4604105255505822,0.11585431084539077,-1.2579983970042237,-0.29852554990453284,0,1,0,,,,True,,,,True
McCoLu00,luke-mccown-1,00-0022864,Luke McCown,QB,2004,4,106,CLE,louisiana tech,76.0,208.0,4.71,37.5,125.0,,6.74,4.21,,,,,,,,,,,,8.0,2.0,62.0,0,0,0,False,skill_pass,False,True,False,True,35.91,0,0,True,84.52977288469646,81.25,5.475,25.31578947368421,0.7677734733284143,-0.4666771129516409,0.4968983073766459,0.8755799094313969,0.9790672946346044,,-1.2434689251954052,-0.2844032603525513,-1.051468210098693,1.0025879358603076,-0.9455581753845058,-1.3486691982962866,1,0,0,,,,True,,,,True
CotcJe00,jerricho-cotchery-1,00-0022811,Jerricho Cotchery,WR,2004,4,108,NYJ,north carolina st.,72.0,212.0,4.54,36.0,121.0,,6.93,3.91,,,,,,,,,,,,51.0,37.0,175.0,0,0,6,False,skill_pass,False,True,False,True,35.0,0,0,True,99.80273552451229,78.5,5.42,28.749228395061728,-0.8239222488023566,-0.3085992823284858,-0.37622610328222894,0.45867138347680864,0.4280344453930183,,-0.42091080804817327,-2.1295606868004793,0.18330343662999835,0.4606951650178584,-1.2579983970042237,0.32281086414171944,0,1,0,,,,True,,,,True
WheaAu20,austin-wheatley-1,00-0019589,Austin Wheatley,TE,2000,5,158,NOR,iowa,76.0,254.0,4.66,32.5,121.0,,6.97,4.18,,,,,,,,,,,,0.0,0.0,4.0,0,0,0,False,skill_pass,False,True,False,True,16.06,0,1,True,107.72587877182879,76.75,5.574999999999999,30.914473684210527,0.7677734733284143,1.3512179392146417,0.24009701012403648,-0.5141151770838972,0.4280344453930183,,-0.24774067812243963,-0.46891900299734574,0.8238649874879713,0.11585431084539077,-0.37748504516683584,1.3769039801037186,0,0,1,,,,True,,,,True
JohnRo03,ron-johnson-1,00-0021242,Ron Johnson,WR,2002,4,123,BAL,minnesota,74.0,225.0,4.7,34.5,118.0,,7.12,4.02,,,,,,,,,,,,1.0,1.0,22.0,0,0,0,False,skill_pass,False,True,False,True,28.55,0,0,True,92.2191430136519,76.25,5.57,28.885135135135137,-0.028074387736971164,0.20515366719676795,0.44553804792612495,0.04176285752222043,0.014759808461828759,,0.4016473090990625,-1.4530029637695754,-0.4298064906046148,0.017328352510400026,-0.4058887016777138,0.38897351085992793,0,1,0,,,,True,,,,True
FranCa20,carlos-francis-1,00-0022861,Carlos Francis,WR,2004,4,99,OAK,texas tech,69.0,198.0,4.33,38.5,114.0,,6.97,4.06,,,,,,,,,,,,0.0,0.0,5.0,0,0,0,False,skill_pass,False,True,False,True,39.18,0,0,True,112.65321758980319,76.25,5.515,29.236294896030245,-2.0176940404004347,-0.8618716895095284,-1.4547915517431924,1.1535189267344557,-0.5362730407797573,,-0.24774067812243963,-1.206981973576518,1.2222250443900564,0.017328352510400026,-0.7183289232974368,0.5599264686691146,0,1,0,,,,True,,,,True
StacDa00,dave-stachelski-1,00-0019598,Dave Stachelski,TE,2000,5,141,NWE,boise st.,75.0,250.0,4.78,38.0,115.0,24.0,6.84,4.14,,,,,,,,,,,,0.0,,9.0,0,0,0,False,skill_pass,False,False,False,True,21.68,0,1,True,95.77637991795423,76.5,5.49,31.244444444444444,0.3698495427957216,1.1931401085914868,0.856420123530302,1.0145494180829262,-0.3985148284693608,1.2079417149206249,-0.810543600381073,-0.7149399931904031,-0.14221492283119788,0.0665913316778954,-0.8603472058518518,1.5375416263669062,0,0,1,,,,True,,,,True
BollKy00,kyle-boller-1,00-0022164,Kyle Boller,QB,2003,1,19,BAL,california,75.0,234.0,4.61,35.5,117.0,,7.2,4.02,,,,,,,,,,,,16.0,17.0,67.0,0,0,4,False,skill_pass,False,True,False,True,86.73,1,0,True,103.6196572758487,76.25,5.609999999999999,29.2448,0.3698495427957216,0.5608287860988668,-0.01670428712857299,0.31970187482527923,-0.12299840384856776,,0.7479875689505298,-1.4530029637695754,0.4918897186422125,0.017328352510400026,-0.17865944959064983,0.5640669563958358,1,0,0,,,,True,,,,True
OwenCh00,chad-owens-1,00-0023618,Chad Owens,WR,2005,6,185,JAX,hawaii,67.0,183.0,4.62,37.0,116.0,,6.7,3.94,,,,,,,,,,,,0.0,0.0,6.0,0,0,0,False,skill_pass,False,True,False,True,8.86,0,1,True,80.33655108455835,76.5,5.32,28.65872131877924,-2.81354190146582,-1.4546635543463597,0.03465597232194799,0.7366104007798674,-0.2607566161589643,,-1.4166390551211387,-1.9450449441556874,-1.3904771836266745,0.0665913316778954,-1.8260715272218937,0.278749857966884,0,1,0,,,,True,,,,True
CurrAi00,airese-currie-1,00-0023574,Airese Currie,WR,2005,5,140,CHI,clemson,70.0,186.0,4.49,38.0,125.0,,7.05,4.07,,,,,,,,,,,,0.0,0.0,1.0,0,0,0,False,skill_pass,False,True,False,True,22.04,0,1,True,91.5287593968658,81.5,5.5600000000000005,26.685306122448978,-1.619770109867742,-1.3361051813789935,-0.6330274005348384,1.0145494180829262,0.9790672946346044,,0.09859958172902764,-1.1454767260282495,-0.4856218641819164,1.0518509150278028,-0.46269601469947974,-0.681955787629638,0,1,0,,,,True,,,,True
OrloDa00,dan-orlovsky-1,00-0023578,Dan Orlovsky,QB,2005,5,145,DET,connecticut,77.0,225.0,4.93,29.5,107.0,,7.33,4.39,,,,,,,,,,,,7.0,5.0,26.0,0,0,1,False,skill_pass,False,True,False,True,20.28,0,1,True,76.17717038329366,68.25,5.859999999999999,26.678191937932198,1.165697403861107,0.20515366719676795,1.6268240152881304,-1.3479322289930735,-1.500580526952533,,1.310790491209163,0.8226911955162043,-1.726750209299058,-1.5590869808494519,1.2415233759535302,-0.6854191425494722,1,0,0,,,,True,,,,True
MarsRa00,rasheed-marshall-1,00-0023607,Rasheed Marshall,WR,2005,5,174,SFO,west virginia,72.0,185.0,4.51,38.0,121.0,,6.81,3.95,,,,,,,,,,,,0.0,0.0,12.0,0,0,0,False,skill_pass,False,True,False,True,11.54,0,1,True,89.43253816762147,79.5,5.38,25.087770061728396,-0.8239222488023566,-1.3756246390347822,-0.5303068816337965,1.0145494180829262,0.4280344453930183,,-0.9404211978253741,-1.8835396966074216,-0.6550948472686389,0.6577470816878399,-1.4852276490912928,-1.459674493471326,0,1,0,,,,True,,,,True
FasaRa00,randy-fasani-1,00-0021254,Randy Fasani,QB,2002,5,137,CAR,stanford,75.0,224.0,4.77,31.5,106.0,,6.75,3.87,,,,,,,,,,,,1.0,1.0,4.0,0,0,0,False,skill_pass,False,True,False,True,23.13,0,1,True,86.53753053025657,68.75,5.3100000000000005,27.99502222222222,0.3698495427957216,0.1656342095409792,0.8050598640797764,-0.7920541943869559,-1.6383387392629296,,-1.2001763927139728,-2.3755816769935363,-0.8891472333042206,-1.4605610225144612,-1.8828788402436598,-0.04435471233608491,1,0,0,,,,True,,,,True
JoneBr02,brandon-jones-3,00-0023531,Brandon Jones,WR,2005,3,96,TEN,oklahoma,73.0,210.0,4.42,37.0,114.0,,7.03,4.08,,,,,,,,,,,,11.0,11.0,59.0,0,0,2,False,skill_pass,False,True,False,True,40.63,0,0,True,110.04244036771127,75.5,5.555,27.70313379620942,-0.4259983182696639,-0.38763819764006335,-0.9925492166884944,0.7366104007798674,-0.5362730407797573,,0.012014516766162744,-1.0839714784799865,1.0111518056354387,-0.1304605849920861,-0.4910996712103678,-0.18645296883894524,0,1,0,,,,True,,,,True
FryeCh00,charlie-frye-1,00-0023502,Charlie Frye,QB,2005,3,67,CLE,akron,76.0,225.0,4.79,33.0,113.0,,6.94,4.08,,,,,,,,,,,,8.0,7.0,26.0,0,0,1,False,skill_pass,False,True,False,True,55.96,0,0,True,85.4811704523344,73.0,5.51,27.38486842105263,0.7677734733284143,0.20515366719676795,0.9077803829808229,-0.37514566843236774,-0.6740312530901539,,-0.377618275566737,-1.0839714784799865,-0.9745506683623284,-0.6230903766670398,-0.7467325798083198,-0.3413921541049808,1,0,0,,,,True,,,,True
RobyCo00,courtney-roby-1,00-0023503,Courtney Roby,WR,2005,3,68,TEN,indiana,72.0,189.0,4.41,36.5,126.0,,6.6,3.94,,,,,,,,,,,,4.0,3.0,92.0,0,0,0,False,skill_pass,False,True,False,True,55.39,0,0,True,99.93956204954833,81.25,5.27,25.630208333333332,-0.8239222488023566,-1.2175468084116272,-1.0439094761390153,0.597640892128338,1.116825506945001,,-1.8495643799354748,-1.9450449441556874,0.19436543668979522,1.0025879358603076,-2.1101080923307336,-1.1956025886397645,0,1,0,,,,True,,,,True
SheaAa00,aaron-shea-1,00-0019564,Aaron Shea,TE,2000,4,110,CLE,michigan,76.0,253.0,4.81,37.5,114.0,,6.72,4.3,,,,,,,,,,,,6.0,6.0,65.0,0,0,0,False,skill_pass,False,True,False,True,34.1,0,0,True,94.53012046604456,75.75,5.51,30.792763157894736,0.7677734733284143,1.311698481558853,1.010500901881865,0.8755799094313969,-0.5362730407797573,,-1.330053990158274,0.2691439675818265,-0.24297113313410282,-0.08119760582459072,-0.7467325798083198,1.317652389268935,0,0,1,,,,True,,,,True
GaylTr00,trevor-gaylor-1,00-0019670,Trevor Gaylor,WR,2000,4,111,SDG,miami (oh),75.0,199.0,4.56,37.5,121.0,,7.03,4.29,,,,,,,,,,,,7.0,3.0,34.0,0,0,0,False,skill_pass,False,True,False,True,33.66,0,0,True,92.04998062239672,79.25,5.66,24.87057777777778,0.3698495427957216,-0.8223522318537396,-0.273505584381187,0.8755799094313969,0.4280344453930183,,0.012014516766162744,0.2076387200335635,-0.443482745129732,0.6084841025203445,0.1053771155181902,-1.5654088841658833,0,1,0,,,,True,,,,True
BradMa00,mark-bradley-1,00-0023474,Mark Bradley,WR,2005,2,39,CHI,oklahoma,73.0,201.0,4.37,39.5,128.0,,6.96,3.98,,,,,,,,,,,,10.0,5.0,57.0,0,0,0,False,skill_pass,False,True,False,True,73.1,0,0,True,110.23012634590708,83.75,5.47,26.51585663351473,-0.4259983182696639,-0.7433133165421622,-1.2493505139411039,1.4314579440375144,1.392341931565794,,-0.2910332106038721,-1.69902395396263,1.0263256346972982,1.4952177275352612,-0.9739618318953888,-0.764447845542895,0,1,0,,,,True,,,,True
GiveDa00,david-givens-1,00-0021353,David Givens,WR,2002,7,253,NWE,notre dame,72.0,217.0,4.56,40.5,126.0,,6.82,4.13,,,,,,,,,,,,22.0,21.0,58.0,0,0,2,False,skill_pass,False,True,False,True,0.15,0,1,True,100.376109522915,83.25,5.475,29.427276234567902,-0.8239222488023566,-0.11100199404954207,-0.273505584381187,1.7093969613405733,1.116825506945001,,-0.8971286653439379,-0.776445240738666,0.22965894557057884,1.3966917692002705,-0.9455581753845058,0.652900745181173,0,1,0,,,,True,,,,True
ClayMa01,mark-clayton-1,00-0023457,Mark Clayton,WR,2005,1,22,BAL,oklahoma,70.0,193.0,4.41,36.5,118.0,,6.95,4.07,,,,,,,,,,,,28.0,26.0,83.0,0,0,5,False,skill_pass,False,True,False,True,84.61,1,0,True,102.05468505588797,77.25,5.51,27.689591836734692,-1.619770109867742,-1.0594689777884723,-1.0439094761390153,0.597640892128338,0.014759808461828759,,-0.33432574308530455,-1.1454767260282495,0.36536656981397314,0.21438026918038153,-0.7467325798083198,-0.1930455181129168,0,1,0,,,,True,,,,True
SefeAu00,austin-seferian-jenkins-1,00-0031418,Austin Seferian-Jenkins,TE,2014,2,38,TAM,washington,77.0,262.0,4.75,,,20.0,,,,,,,,,,,416936.0,538852450.0,678.0,9.0,5.0,43.0,0,0,2,False,skill_pass,False,True,False,False,73.75,0,0,True,102.93352567890057,,,31.065272389947715,1.165697403861107,1.6673736004609518,0.7023393451787344,,,0.43963362345406165,,,0.43641810767738365,,,1.4503163913488377,0,0,1,1.0,1292.4104658748586,0.0016261488573785904,False,,,,True
HaygHe20,herb-haygood-1,00-0021093,Herb Haygood,WR,2002,5,144,DEN,michigan st.,71.0,193.0,4.45,33.0,114.0,,6.65,4.26,,,,,,,,,,,,0.0,0.0,4.0,0,0,0,False,skill_pass,False,True,False,True,20.63,0,1,True,98.43448212186107,73.5,5.455,26.915096211069233,-1.2218461793350492,-1.0594689777884723,-0.8384684383369269,-0.37514566843236774,-0.5362730407797573,,-1.633101717528305,0.023122977388769096,0.0726843938825622,-0.524564418332049,-1.0591728014280377,-0.5700884847680161,0,1,0,,,,True,,,,True
BrowRe01,reggie-brown-2,00-0023470,Reggie Brown,WR,2005,2,35,PHI,georgia,74.0,196.0,4.45,41.5,128.0,,6.99,3.94,,,,,,,,,,,,20.0,20.0,72.0,0,0,3,False,skill_pass,False,True,False,True,75.73,0,0,True,99.96455179214907,84.75,5.465,25.16216216216216,-0.028074387736971164,-0.9409106048211059,-0.8384684383369269,1.987335978643632,1.392341931565794,,-0.1611556131595709,-1.9450449441556874,0.1963857798511147,1.6922696442052427,-1.0023654884062718,-1.4234586423886928,0,1,0,,,,True,,,,True
SweeTo00,tommy-sweeney-1,00-0035308,Tommy Sweeney,TE,2019,7,228,BUF,boston col.,76.0,251.0,4.83,,,17.0,,,,,,,,,,,5263632.0,68353512348.0,343.0,1.0,1.0,24.0,0,0,0,False,skill_pass,False,True,False,False,1.78,0,1,True,92.23912917190582,,,30.549342105263158,0.7677734733284143,1.2326595662472755,1.1132214207829114,,,-0.13659744514586067,,,-0.4281906717146614,,,1.1991492075993697,0,0,1,1.0,12985.997567459124,6.516413001516823e-05,False,,,,True
ColeLa00,laveranues-coles-1,00-0018958,Laveranues Coles,WR,2000,3,78,NYJ,florida st.,71.0,192.0,4.41,34.0,115.0,,6.89,4.39,,,,,,,,,,,,68.0,49.0,153.0,1,0,9,False,skill_pass,False,True,False,True,49.86,0,0,True,101.52590430430305,74.5,5.64,26.77563975401706,-1.2218461793350492,-1.098988435444261,-1.0439094761390153,-0.09720665112930897,-0.3985148284693608,,-0.5940809379739069,0.8226911955162043,0.32261628653292806,-0.3275125016620676,-0.00823751052534682,-0.6379792184838873,0,1,0,,,,True,,,,True
DawsJa00,jajuan-dawson-1,00-0019461,JaJuan Dawson,WR,2000,3,79,CLE,tulane,73.0,199.0,4.55,34.0,117.0,,6.96,4.16,,,,,,,,,,,,5.0,3.0,30.0,0,0,0,False,skill_pass,False,True,False,True,49.32,0,0,True,92.86188292546024,75.5,5.5600000000000005,26.25201726402702,-0.4259983182696639,-0.8223522318537396,-0.32486584383170797,-0.09720665112930897,-0.12299840384856776,,-0.2910332106038721,-0.5919294980938716,-0.377842962765369,-0.1304605849920861,-0.46269601469947974,-0.892891151477106,0,1,0,,,,True,,,,True
LymaDu00,,00-0019464,Dustin Lyman,TE,2000,3,87,CHI,wake forest,76.0,259.0,4.7,35.0,118.0,22.0,6.86,4.06,,,,,,,,,,,,2.0,2.0,55.0,0,0,1,False,skill_pass,False,False,False,True,45.13,0,0,True,106.15448018015931,76.5,5.46,31.523026315789473,0.7677734733284143,1.5488152274935856,0.44553804792612495,0.18073236617374983,0.014759808461828759,0.8237876691873433,-0.7239585354182042,-1.206981973576518,0.6968222864441963,0.0665913316778954,-1.0307691449171548,1.673161934277631,0,0,1,,,,True,,,,True
VanPBr00,bradlee-van-pelt-1,00-0022774,Bradlee Van Pelt,QB,2004,7,250,DEN,colorado st.,74.0,231.0,4.98,33.5,115.0,,6.89,4.11,,,,,,,,,,,,0.0,0.0,3.0,0,0,0,False,skill_pass,False,True,False,True,0.25,0,1,True,75.11464248418761,74.25,5.5,29.655405405405407,-0.028074387736971164,0.4422704131315005,1.8836253125407443,-0.23617615978083836,-0.3985148284693608,,-0.5940809379739069,-0.8994557358351921,-1.8126522935648892,-0.37677548082956297,-0.8035398928300858,0.7639594736010216,1,0,0,,,,True,,,,True
SmitAl03,alex-smith-3,00-0023436,Alex Smith,QB,2005,1,1,SFO,utah,76.0,217.0,4.71,32.0,113.0,,6.82,3.96,,,,,,,,,,,,98.0,28.0,174.0,3,0,14,False,skill_pass,False,True,False,True,100.0,1,0,True,88.18731113451504,72.5,5.390000000000001,26.411184210526315,0.7677734733284143,-0.11100199404954207,0.4968983073766459,-0.6530846857354266,-0.6740312530901539,,-0.8971286653439379,-1.8220344490591587,-0.755767589714269,-0.7216163350020306,-1.4284203360695218,-0.815404880783242,1,0,0,,,,True,,,,True
CurrRo01,ronald-curry-1,00-0021337,Ronald Curry,WR,2002,7,235,OAK,north carolina,74.0,220.0,4.59,35.0,115.0,,7.06,4.11,,,,,,,,,,,,16.0,16.0,76.0,0,0,2,False,skill_pass,False,True,False,True,1.14,0,1,True,99.12927601320928,75.0,5.585,28.243243243243242,-0.028074387736971164,0.007556378917824189,-0.11942480602961951,0.18073236617374983,-0.3985148284693608,,0.14189211421046008,-0.8994557358351921,0.1288563244758143,-0.22898654332707685,-0.3206777321450648,0.07648520857568179,0,1,0,,,,True,,,,True
McAdJa00,jason-mcaddley-1,00-0021094,Jason McAddley,WR,2002,5,149,ARI,alabama,73.0,203.0,4.47,36.5,123.0,,6.83,4.09,,,,,,,,,,,,4.0,3.0,34.0,0,0,1,False,skill_pass,False,True,False,True,18.93,0,1,True,101.6941430656546,79.75,5.46,26.77969600300244,-0.4259983182696639,-0.6642744012305847,-0.7357479194358849,0.597640892128338,0.7035508700138113,,-0.8538361328625055,-1.0224662309317234,0.33621786844579715,0.7070100608553352,-1.0307691449171548,-0.6360045396086842,0,1,0,,,,True,,,,True
NavaJo00,john-navarre-1,00-0022827,John Navarre,QB,2004,7,202,ARI,michigan,78.0,246.0,5.19,26.5,100.0,,7.73,4.46,,,,,,,,,,,,0.0,0.0,2.0,0,0,0,False,skill_pass,False,True,False,True,5.42,0,1,True,67.81030087861879,63.25,6.095000000000001,28.425049309664693,1.5636213343937997,1.0350622779683318,2.9621907610017075,-2.18174928090225,-2.4648880131253086,,3.0424917904664994,1.2532279283540562,-2.403185651452149,-2.5443465641993592,2.5764952319650662,0.16499274350273826,1,0,0,,,,True,,,,True
WhitDe00,dez-white-1,00-0019660,Dez White,WR,2000,3,69,CHI,georgia tech,73.0,218.0,4.62,37.5,124.0,,6.91,4.09,,,,,,,,,,,,18.0,14.0,82.0,0,0,4,False,skill_pass,False,True,False,True,54.83,0,0,True,95.70146522641377,80.75,5.5,28.758491274160257,-0.4259983182696639,-0.07148253639375332,0.03465597232194799,0.8755799094313969,0.8413090823242079,,-0.5074958730110382,-1.0224662309317234,-0.14827154322758596,0.9040619775253167,-0.8035398928300858,0.3273202548978983,0,1,0,,,,True,,,,True
ColeCh00,chris-cole-2,00-0019661,Chris Cole,WR,2000,3,70,DEN,texas a&m,72.0,191.0,4.37,37.5,125.0,,6.76,4.09,,,,,,,,,,,,1.0,1.0,35.0,0,0,0,False,skill_pass,False,True,False,True,54.26,0,0,True,104.74604045805101,81.25,5.425,25.901427469135804,-0.8239222488023566,-1.1385078931000496,-1.2493505139411039,0.8755799094313969,0.9790672946346044,,-1.1568838602325402,-1.0224662309317234,0.5829543044423274,1.0025879358603076,-1.2295947404933407,-1.063566636223982,0,1,0,,,,True,,,,True
RedmCh00,chris-redman-1,00-0019709,Chris Redman,QB,2000,3,75,BAL,louisville,75.0,222.0,5.37,26.5,98.0,,7.8,4.78,,,,,,,,,,,,9.0,3.0,30.0,0,0,0,False,skill_pass,False,True,False,True,51.49,0,0,True,53.39318490593536,62.25,6.29,27.745066666666666,0.3698495427957216,0.0865952942294017,3.8866754311111036,-2.18174928090225,-2.740404437746102,,3.3455395178365306,3.2213958498985154,-3.568764750314104,-2.741398480869341,3.684237835889523,-0.1660390460824687,1,0,0,,,,True,,,,True
HuntJa00,javin-hunter-1,00-0021313,Javin Hunter,WR,2002,6,206,BAL,notre dame,71.0,186.0,4.47,41.0,129.0,,6.84,4.04,,,,,,,,,,,,0.0,0.0,12.0,0,0,0,False,skill_pass,False,True,False,True,4.73,0,1,True,93.17788477936826,85.0,5.4399999999999995,25.938901011704026,-1.2218461793350492,-1.3361051813789935,-0.7357479194358849,1.8483664699921025,1.5301001438761905,,-0.810543600381073,-1.329992468673044,-0.35229519323818376,1.7415326233727382,-1.1443837709606919,-1.045323620779113,0,1,0,,,,True,,,,True
PickCo00,cody-pickett-1,00-0022731,Cody Pickett,QB,2004,7,217,SFO,washington,75.0,233.0,4.79,30.5,109.0,,7.19,4.3,,,,,,,,,,,,1.0,1.0,6.0,0,0,0,False,skill_pass,False,True,False,True,3.08,0,1,True,88.52050095730628,69.75,5.745,29.119822222222222,0.3698495427957216,0.521309328443078,0.9077803829808229,-1.0699932116900148,-1.22506410233174,,0.7046950364690973,0.2691439675818265,-0.7288302262266738,-1.2635091058444796,0.5882392762032111,0.503224789522643,1,0,0,,,,True,,,,True
HackD.00,dj-hackett-1,00-0022701,D.J. Hackett,WR,2004,5,157,SEA,colorado,74.0,199.0,4.53,41.0,131.0,,6.79,4.08,,,,,,,,,,,,14.0,12.0,42.0,0,0,0,False,skill_pass,False,True,False,True,16.37,0,1,True,94.51272044200314,86.0,5.4350000000000005,25.5472972972973,-0.028074387736971164,-0.8223522318537396,-0.42758636273274997,1.8483664699921025,1.8056165684969836,,-1.027006262788239,-1.0839714784799865,-0.24437787109617537,1.9385845400427195,-1.1727874274715697,-1.235965661018145,0,1,0,,,,True,,,,True
PennCh01,chad-pennington-1,00-0019559,Chad Pennington,QB,2000,1,18,NYJ,marshall,75.0,229.0,4.81,33.5,111.0,,7.12,4.16,,,,,,,,,,,,55.0,41.0,89.0,0,0,5,False,skill_pass,False,True,False,True,87.44,1,0,True,85.56283631116287,72.25,5.640000000000001,28.61991111111111,0.3698495427957216,0.363231497819923,1.010500901881865,-0.23617615978083836,-0.949547677710947,,0.4016473090990625,-0.5919294980938716,-0.9679482370354643,-0.7708793141695259,-0.008237510525341774,0.25985612202987546,1,0,0,,,,True,,,,True
BechAn00,anthony-becht-1,00-0019457,Anthony Becht,TE,2000,1,27,NYJ,west virginia,78.0,270.0,4.78,33.5,123.0,,6.94,4.08,,,,,,,,,,,,12.0,10.0,167.0,0,0,9,False,skill_pass,False,True,False,True,81.14,1,0,True,103.43849031139057,78.25,5.51,31.198224852071007,1.5636213343937997,1.983529261707262,0.856420123530302,-0.23617615978083836,0.7035508700138113,,-0.377618275566737,-1.0839714784799865,0.477242931616516,0.411432185850363,-0.7467325798083198,1.5150408250084784,0,0,1,,,,True,,,,True
NortDe00,dennis-northcutt-1,00-0019650,Dennis Northcutt,WR,2000,2,32,CLE,arizona,70.0,175.0,4.43,37.5,123.0,,6.96,4.04,,,,,,,,,,,,41.0,28.0,144.0,0,0,3,False,skill_pass,False,True,False,True,77.74,1,0,True,90.87682373321275,80.25,5.5,25.107142857142858,-1.619770109867742,-1.7708192155926696,-0.9411889572379735,0.8755799094313969,0.7035508700138113,,-0.2910332106038721,-1.329992468673044,-0.5383288400289905,0.805536019190326,-0.8035398928300858,-1.450243354013056,0,1,0,,,,True,,,,True
MaysLe00,lee-mays-1,00-0021309,Lee Mays,WR,2002,6,202,PIT,texas-el paso,73.0,190.0,4.55,32.5,119.0,,7.08,4.17,,,,,,,,,,,,2.0,2.0,49.0,0,0,0,False,skill_pass,False,True,False,True,5.42,0,1,True,88.66209927556504,75.75,5.625,25.064740101332333,-0.4259983182696639,-1.1780273507558385,-0.32486584383170797,-0.5141151770838972,0.1525180207722253,,0.22847717917332883,-0.5304242505456087,-0.7173824414887883,-0.08119760582459072,-0.0934484800579958,-1.470886028181054,0,1,0,,,,True,,,,True
KrauRy00,,00-0022759,Ryan Krause,TE,2004,6,169,SDG,nebraska-omaha,74.0,244.0,4.6,33.5,119.0,18.0,6.78,4.16,,,,,,,,,,,,1.0,1.0,14.0,0,0,0,False,skill_pass,False,False,False,True,12.87,0,1,True,108.99046244117199,76.25,5.470000000000001,31.324324324324323,-0.028074387736971164,0.9560233626567542,-0.06806454657909854,-0.23617615978083836,0.1525180207722253,0.05547957772078011,-1.0702987952696714,-0.5919294980938716,0.9261026539214916,0.017328352510400026,-0.9739618318953838,1.5764290595400563,0,0,1,,,,True,,,,True
LukeTr00,triandos-luke-1,00-0022674,Triandos Luke,WR,2004,6,171,DEN,alabama,71.0,199.0,4.51,38.0,124.0,,7.06,4.17,,,,,,,,,,,,0.0,0.0,10.0,0,0,0,False,skill_pass,False,True,False,True,12.33,0,1,True,96.20040592084688,81.0,5.615,27.751834953382264,-1.2218461793350492,-0.8223522318537396,-0.5303068816337965,1.0145494180829262,0.8413090823242079,,0.14189211421046008,-0.5304242505456087,-0.10793373599174323,0.9533249566928121,-0.15025579307976178,-0.16274408247279212,0,1,0,,,,True,,,,True
KrenCr00,craig-krenzel-1,00-0022818,Craig Krenzel,QB,2004,5,148,CHI,ohio st.,75.0,228.0,4.84,28.0,112.0,,7.22,4.08,,,,,,,,,,,,1.0,1.0,6.0,0,0,0,False,skill_pass,False,True,False,True,19.27,0,1,True,83.09662709985878,70.0,5.65,28.494933333333332,0.3698495427957216,0.32371204016413424,1.1645816802334323,-1.7648407549476617,-0.8117894654005504,,0.8345726339133946,-1.0839714784799865,-1.1673336006243678,-1.2142461266769844,0.048569802496424216,0.1990139551566827,1,0,0,,,,True,,,,True
GronRo00,rob-gronkowski-1,00-0027656,Rob Gronkowski,TE,2010,2,42,NWE,arizona,78.0,264.0,4.68,,,23.0,,,,,,,,,,,2847.0,525672.0,610.0,78.0,70.0,143.0,5,4,11,False,skill_pass,False,True,False,False,71.15,0,0,True,110.0653224480891,,,30.504930966469427,1.5636213343937997,1.7464125157725294,0.34281752902507845,,,1.015864692053984,,,1.013001750844829,,,1.1775288046320425,0,0,1,1.0,184.64067439409905,0.21426062521952932,False,,,,True
RobeMi00,mike-roberg-1,00-0020345,Mike Roberg,TE,2001,7,227,CAR,idaho,76.0,256.0,4.75,34.5,117.0,16.0,7.28,4.4,,,,,,,,,,,,0.0,,13.0,0,0,0,False,skill_pass,False,False,False,True,1.89,0,1,True,100.5762693656433,75.75,5.84,31.157894736842106,0.7677734733284143,1.4302568545262193,0.7023393451787344,0.04176285752222043,-0.12299840384856776,-0.32867446801250144,1.094327828801997,0.8841964430644728,0.2458412478810856,-0.08119760582459072,1.1279087499099982,1.4954071617732838,0,0,1,,,,True,,,,True
HenrHu00,hunter-henry-1,00-0033090,Hunter Henry,TE,2016,2,35,SDG,arkansas,77.0,250.0,4.79,,,13.0,,,,,,,,,,,283751.0,409513739.0,423.0,37.0,15.0,136.0,0,0,7,False,skill_pass,False,True,False,False,75.73,0,0,True,94.97907828037154,,,29.64243548659133,1.165697403861107,1.1931401085914868,0.9077803829808229,,,-0.9049055366124238,,,-0.20667428668840782,,,0.7576454073818185,0,0,1,1.0,1443.2151393299055,0.0014907436449563174,False,,,,True
RobeAn00,,00-0027691,Andre Roberts,WR,2010,3,88,ARI,the citadel,71.0,195.0,4.4,36.0,120.0,15.0,6.77,4.15,,,,,,,,,,,,24.0,14.0,182.0,3,1,2,False,skill_pass,False,False,False,True,44.61,0,0,True,104.05283109077246,78.0,5.46,27.194009125173576,-1.2218461793350492,-0.9804300624768947,-1.0952697355895364,0.45867138347680864,0.2902762330826218,-0.5207514908791422,-1.1135913277511078,-0.6534347456421347,0.526910477704294,0.3621692066828676,-1.0307691449171548,-0.4343070173362753,0,1,0,,,,True,,,,True
TaylTr01,travis-taylor-1,00-0019721,Travis Taylor,WR,2000,1,10,BAL,florida,73.0,199.0,4.43,37.0,118.0,,7.15,,,,,,,,,,,,,30.0,23.0,101.0,0,0,7,False,skill_pass,False,True,False,True,93.25,1,0,True,103.33993098805335,77.5,,26.25201726402702,-0.4259983182696639,-0.8223522318537396,-0.9411889572379735,0.7366104007798674,0.014759808461828759,,0.5315249065433636,,0.46927471609425087,0.2636432483478769,,-0.892891151477106,0,1,0,,,,True,,,,True
TaylJa00,jamaar-taylor-1,00-0022679,Jamaar Taylor,WR,2004,6,168,NYG,texas a&m,73.0,197.0,4.46,,,,,,,,,,,2.0,3.0,0.0,,,,1.0,1.0,13.0,0,0,0,False,skill_pass,False,True,False,True,13.15,0,1,True,99.5764838867107,,,25.988177894539312,-0.4259983182696639,-0.9013911471653171,-0.7871081788864059,,,,,,0.16501169363476428,,,-1.0213344574113168,0,1,0,,,,True,,,,True
DorsKe01,kevin-dorsey-1,00-0030116,Kevin Dorsey,WR,2013,7,224,GNB,maryland,,,,,,,,,,,,,,1.0,4.0,0.0,3154518.0,17187573311.0,234.0,0.0,0.0,3.0,0,0,0,False,skill_pass,False,True,True,False,2.22,0,1,True,,,,,,,,,,,,,,,,,0,1,0,0.9999999997672737,5448.557691222558,7.417931994681913e-05,False,,,,True
MoorCl00,,00-0022826,Clarence Moore,WR,2004,6,199,BAL,northern arizona,78.0,211.0,4.55,34.0,122.0,,6.84,4.16,,,,,,,,,,,,2.0,2.0,29.0,0,0,0,False,skill_pass,False,True,False,True,5.97,0,1,True,98.46159445865382,78.0,5.5,24.380834976988822,1.5636213343937997,-0.3481187399842746,-0.32486584383170797,-0.09720665112930897,0.5657926577034149,,-0.810543600381073,-0.5919294980938716,0.07487634219918926,0.3621692066828676,-0.8035398928300858,-1.8038273753597978,0,1,0,,,,True,,,,True
SmitJo00,jonathan-smith-1,00-0022664,Jonathan Smith,WR,2004,7,214,BUF,georgia tech,70.0,194.0,4.78,32.5,114.0,,,4.35,,,,,,,,,,,,2.0,2.0,18.0,0,0,0,False,skill_pass,False,True,False,True,3.5,0,1,True,74.32247081633248,73.25,,27.833061224489796,-1.619770109867742,-1.0199495201326834,0.856420123530302,-0.5141151770838972,-0.5362730407797573,,,0.5766702053231468,-1.876696915284797,-0.5738273974995445,,-0.12320119389624132,0,1,0,,,,True,,,,True
WilfEr00,ernest-wilford-1,00-0022901,Ernest Wilford,WR,2004,4,120,JAX,virginia tech,76.0,226.0,4.79,40.5,130.0,,,4.17,,,,,,,,,,,,22.0,22.0,87.0,0,0,4,False,skill_pass,False,True,False,True,29.79,0,0,True,85.86108676545588,85.25,,27.50657894736842,0.7677734733284143,0.2446731248525567,0.9077803829808229,1.7093969613405733,1.6678583561865872,,,-0.5304242505456087,-0.9438356130953718,1.7907956025402334,,-0.2821405632701973,0,1,0,,,,True,,,,True
UrsuJo00,john-ursua-1,00-0035597,John Ursua,WR,2019,7,236,SEA,hawaii,,,,,,,,,,,,,,42.0,84.0,11.0,534789.0,6526671343.0,3516.0,0.0,0.0,3.0,0,0,0,False,skill_pass,False,True,True,False,1.06,0,1,True,,,,,,,,,,,,,,,,,0,1,0,0.9999999871297336,12204.198932663163,0.0065745555723846225,False,,,,True
RodgAa00,aaron-rodgers-1,00-0023459,Aaron Rodgers,QB,2005,1,24,GNB,california,74.0,223.0,4.71,34.5,110.0,,7.38,,,,,,,,,,,,,169.0,161.0,264.0,10,4,15,False,skill_pass,False,True,False,True,83.21,1,0,True,90.62566996772745,72.25,,28.62837837837838,-0.028074387736971164,0.12611475188519045,0.4968983073766459,0.04176285752222043,-1.0873058900213435,,1.5272531536163292,,-0.5586338427913186,-0.7708793141695259,,0.26397818994622946,1,0,0,,,,True,,,,True
NewsKe00,kendall-newson-1,00-0021102,Kendall Newson,WR,2002,7,222,JAX,middle tenn. st.,74.0,200.0,4.69,33.5,117.0,,6.87,4.27,,,,,,,,,,,,1.0,,6.0,0,0,0,False,skill_pass,False,True,False,True,2.45,0,1,True,82.67393716972671,75.25,5.57,25.675675675675677,-0.028074387736971164,-0.7828327741979508,0.394177788475604,-0.23617615978083836,-0.12299840384856776,,-0.6806660029367718,0.08462822493703208,-1.2015067701261495,-0.17972356415958146,-0.4058887016777138,-1.1734680005612959,0,1,0,,,,True,,,,True
OrtoKy00,kyle-orton-1,00-0023541,Kyle Orton,QB,2005,4,106,CHI,purdue,76.0,233.0,5.06,26.5,,,7.38,4.52,,,,,,,,,,,,40.0,10.0,87.0,0,0,5,False,skill_pass,False,True,False,True,35.91,0,0,True,71.08596269848839,,5.949999999999999,28.35855263157895,0.7677734733284143,0.521309328443078,2.2945073881449165,-2.18174928090225,,,1.5272531536163292,1.6222594136436395,-2.1383585556991367,,1.7527891931494342,0.13262057257328208,1,0,0,,,,True,,,,True
PerrTa00,tab-perry-1,00-0023623,Tab Perry,WR,2005,6,190,CIN,ucla,74.0,229.0,4.46,34.0,116.0,,7.0,,,,,,,,,,,,,1.0,1.0,20.0,0,0,0,False,skill_pass,False,True,False,True,7.76,0,1,True,115.75134421348604,75.0,,29.39864864864865,-0.028074387736971164,0.363231497819923,-0.7871081788864059,-0.09720665112930897,-0.2607566161589643,,-0.11786308067813844,,1.472698970314948,-0.22898654332707685,,0.6389641526873231,0,1,0,,,,True,,,,True
BrowJo02,,00-0031051,John Brown,WR,2014,3,91,ARI,pittsburg st.,70.0,179.0,4.34,36.5,119.0,,6.91,4.12,,,,,,,,,,,,36.0,19.0,103.0,0,0,5,False,skill_pass,False,True,False,True,43.1,0,0,True,100.90765381559659,77.75,5.515000000000001,25.681020408163267,-1.619770109867742,-1.6127413849695147,-1.4034312922926713,0.597640892128338,0.1525180207722253,,-0.5074958730110382,-0.8379504882869291,0.27263265257570485,0.3129062275153723,-0.7183289232974318,-1.1708660571463576,0,1,0,,,,True,,,,True
AndeDe00,derek-anderson-1,00-0023645,Derek Anderson,QB,2005,6,213,BAL,oregon st.,78.0,242.0,5.03,29.0,103.0,,7.67,4.62,,,,,,,,,,,,23.0,,78.0,1,0,3,False,skill_pass,False,True,False,True,3.64,0,1,True,75.60898733845758,66.0,6.145,27.96285338593031,1.5636213343937997,0.8769844473451768,2.1404266097933538,-1.486901737644603,-2.051613376194119,,2.782736595577897,2.2373118891262855,-1.772686045748143,-2.0024537933569104,2.860531797073896,-0.06001527008155117,1,0,0,,,,True,,,,True
McCoLe00,,00-0023658,LeRon McCoy,WR,2005,7,226,ARI,indiana (pa),73.0,211.0,4.4,37.0,120.0,,7.19,4.21,,,,,,,,,,,,1.0,1.0,10.0,0,0,0,False,skill_pass,False,True,False,True,1.99,0,1,True,112.59049928283584,78.5,5.7,27.835053480953274,-0.4259983182696639,-0.3481187399842746,-1.0952697355895364,0.7366104007798674,0.2902762330826218,,0.7046950364690973,-0.2844032603525513,1.217154463848451,0.4606951650178584,0.3326063676052592,-0.12223131587184066,0,1,0,,,,True,,,,True
WhalJa00,james-whalen-1,00-0019569,James Whalen,TE,2000,5,157,TAM,kentucky,74.0,228.0,4.78,31.0,110.0,,7.42,4.22,,,,,,,,,,,,1.0,,26.0,0,0,0,False,skill_pass,False,True,False,True,16.37,0,1,True,87.34805848517425,70.5,5.82,29.27027027027027,-0.028074387736971164,0.32371204016413424,0.856420123530302,-0.9310237030384854,-1.0873058900213435,,1.7004232835420627,-0.2228980128042883,-0.8236185627236841,-1.1157201683419935,1.0142941238664662,0.5764664922304739,0,0,1,,,,True,,,,True
FitzRy00,,00-0023682,Ryan Fitzpatrick,QB,2005,7,250,STL,harvard,74.0,232.0,4.86,30.5,105.0,,7.09,4.07,,,,,,,,,,,,78.0,1.0,166.0,0,0,10,False,skill_pass,False,True,False,True,0.25,0,1,True,83.17118773298078,67.75,5.58,29.783783783783782,-0.028074387736971164,0.48178987078728924,1.2673021991344788,-1.0699932116900148,-1.776096951573326,,0.27176971165476127,-1.1454767260282495,-1.161305604752684,-1.6576129391844427,-0.3490813886559478,0.826457134057869,1,0,0,,,,True,,,,True
HurdJa00,jalen-hurd-1,00-0034971,Jalen Hurd,WR,2019,3,67,SFO,baylor,77.0,226.0,,,,23.0,,,,,,,,19027712248.0,8991288451209.0,51233.0,35221069.0,22119081946.0,2224.0,,,,0,0,0,False,skill_pass,True,True,False,False,55.96,0,0,True,,,,26.796761679878564,1.165697403861107,0.2446731248525567,,,,1.015864692053984,,,,,,-0.6276965605522201,0,1,0,0.0024540199546771815,628.0071154569442,6.314402325494436e-05,False,,,,True
OwenJo00,john-owens-1,00-0021255,John Owens,TE,2002,5,138,DET,notre dame,75.0,265.0,4.77,38.5,117.0,21.0,,,,,,,,,,,,,,0.0,0.0,76.0,0,0,1,False,skill_pass,False,True,False,True,22.76,0,1,True,102.37698924338389,77.75,,33.11911111111111,0.3698495427957216,1.785931973428318,0.8050598640797764,1.1535189267344557,-0.12299840384856776,0.6317106463207024,,,0.39142386345943736,0.3129062275153723,,2.4501741294647856,0,0,1,,,,True,,,,True
CutlJa00,jay-cutler-1,00-0024226,Jay Cutler,QB,2006,1,11,DEN,vanderbilt,75.0,226.0,4.77,,,23.0,7.1,4.26,,,,,,,,,,,,86.0,28.0,153.0,1,0,10,False,skill_pass,False,True,False,True,92.51,1,0,True,87.31018705284815,,5.68,28.244977777777777,0.3698495427957216,0.2446731248525567,0.8050598640797764,,,1.015864692053984,0.3150622441361937,0.023122977388769096,-0.8266803505352619,,0.2189917415617222,0.0773296214102989,1,0,0,,,,True,,,,True
HagaDe00,derek-hagan-1,00-0024297,Derek Hagan,WR,2006,3,82,MIA,arizona st.,74.0,208.0,4.45,36.0,124.0,,,4.07,,,,,,,,,,,,12.0,5.0,99.0,0,0,0,False,skill_pass,False,True,False,True,47.73,0,0,True,106.08483047330105,80.0,,26.7027027027027,-0.028074387736971164,-0.4666771129516409,-0.8384684383369269,0.45867138347680864,0.8413090823242079,,,-1.1454767260282495,0.6911913237253234,0.7562730400228306,,-0.6734867169065054,0,1,0,,,,True,,,,True
PhilMa20,,00-0019488,Mareno Philyaw,WR,2000,6,172,ATL,troy,74.0,205.0,4.66,39.5,129.0,,6.93,4.13,,,,,,,,,,,,0.0,0.0,1.0,0,0,0,False,skill_pass,False,True,False,True,12.06,0,1,True,86.94411475679095,84.25,5.529999999999999,26.31756756756757,-0.028074387736971164,-0.5852354859190071,0.24009701012403648,1.4314579440375144,1.5301001438761905,,-0.42091080804817327,-0.776445240738666,-0.8562761599721236,1.593743685870252,-0.6331179537647879,-0.8609796982770515,0,1,0,,,,True,,,,True
AvanJa00,jason-avant-1,00-0024324,Jason Avant,WR,2006,4,109,PHI,michigan,72.0,212.0,4.62,37.0,118.0,20.0,,,,,,,,,,,,,,29.0,25.0,148.0,0,0,3,False,skill_pass,False,True,False,True,34.55,0,0,True,93.06747994495284,77.5,,28.749228395061728,-0.8239222488023566,-0.3085992823284858,0.03465597232194799,0.7366104007798674,0.014759808461828759,0.43963362345406165,,,-0.361221081581716,0.2636432483478769,,0.32281086414171944,0,1,0,,,,True,,,,True
SmelBr00,brad-smelley-1,00-0029315,Brad Smelley,TE,2012,7,247,CLE,alabama,,,,,,,,,,,,,,1.0,1.0,0.0,77634.0,985055356.0,4.0,0.0,0.0,4.0,0,0,0,False,skill_pass,False,True,True,False,0.37,0,1,True,,,,,,,,,,,,,,,,,0,0,1,0.9999999989848286,12688.45294587423,5.152381688435479e-05,False,,,,True
HassMi00,mike-hass-1,00-0024385,Mike Hass,WR,2006,6,171,NOR,oregon st.,73.0,208.0,4.59,32.0,116.0,,6.97,4.14,,,,,,,,,,,,0.0,,2.0,0,0,0,False,skill_pass,False,True,False,True,12.33,0,1,True,93.72222459430695,74.0,5.555,27.439294426721712,-0.4259983182696639,-0.4666771129516409,-0.11942480602961951,-0.6530846857354266,-0.2607566161589643,,-0.24774067812243963,-0.7149399931904031,-0.3082870079552825,-0.4260384599970583,-0.4910996712103678,-0.3148962747731561,0,1,0,,,,True,,,,True
FumaTr00,troy-fumagalli-2,00-0034393,Troy Fumagalli,TE,2018,5,156,DEN,wisconsin,77.0,247.0,,,,14.0,,,,,,,,,,,14284746.0,187313580547.0,124.0,1.0,1.0,19.0,0,0,0,False,skill_pass,False,True,False,False,16.68,0,1,True,,,,29.286726260752236,1.165697403861107,1.0745817356241205,,,,-0.712828513745783,,,,,,0.5844776613900636,0,0,1,1.0,13112.839426546332,8.680588370279738e-06,False,,,,True
AromDe00,devin-aromashodu-1,00-0024447,Devin Aromashodu,WR,2006,7,233,MIA,auburn,74.0,201.0,4.35,39.0,120.0,,7.04,4.16,,,,,,,,,,,,10.0,,61.0,0,0,0,False,skill_pass,False,True,False,True,1.31,0,1,True,112.27137079521073,79.5,5.6,25.804054054054053,-0.028074387736971164,-0.7433133165421622,-1.3520710328421504,1.292488435385985,0.2902762330826218,,0.05530704924759519,-0.5919294980938716,1.1913539156852795,0.6577470816878399,-0.2354667626124158,-1.1109703401044484,0,1,0,,,,True,,,,True
MoorJM00,jmon-moore-2,00-0034268,J'Mon Moore,WR,2018,4,133,GNB,missouri,,,,,,,,,,,,,,0.0,0.0,1.0,2296265.0,3335010121082.0,3810.0,0.0,0.0,12.0,0,0,0,False,skill_pass,False,True,True,False,24.62,0,0,True,,,,,,,,,,,,,,,,,0,1,0,1.0,1452362.911546359,0.0016592161618976904,False,,,,True
SmitTr03,trequan-smith-1,00-0034765,Tre'Quan Smith,WR,2018,3,91,NOR,central florida,,,,,,,,,,,,,,5.0,23.0,1.0,525759.0,7248531171.0,4513.0,15.0,15.0,67.0,0,0,3,False,skill_pass,False,True,True,False,43.1,0,0,True,,,,,,,,,,,,,,,,,0,1,0,0.9999999968269434,13786.79427456306,0.008583780781688949,False,,,,True
JoneJa03,,00-0025460,Jacoby Jones,WR,2007,3,73,HOU,lane,75.0,210.0,4.5,34.0,129.0,,7.03,4.31,,,,,,,,,,,,30.0,18.0,128.0,1,1,2,False,skill_pass,False,True,False,True,52.59,0,0,True,102.42341106538638,81.5,5.67,26.245333333333335,0.3698495427957216,-0.38763819764006335,-0.5816671410843175,-0.09720665112930897,1.5301001438761905,,0.012014516766162744,0.3306492151300895,0.3951769237496999,1.0518509150278028,0.16218442853995618,-0.8961450485607715,0,1,0,,,,True,,,,True
FiguYa00,yamon-figurs-1,00-0025461,Yamon Figurs,WR,2007,3,74,BAL,kansas st.,71.0,174.0,4.3,,123.0,,6.85,4.21,,,,,,,,,,,,2.0,2.0,34.0,0,0,0,False,skill_pass,False,True,False,True,52.04,0,0,True,101.79007201647596,,5.529999999999999,24.26542352707796,-1.2218461793350492,-1.8103386732484585,-1.6088723300947598,,0.7035508700138113,,-0.7672510678996406,-0.2844032603525513,0.34397342651059937,,-0.6331179537647879,-1.8600124253695625,0,1,0,,,,True,,,,True
EdwaTr01,trent-edwards-1,00-0025479,Trent Edwards,QB,2007,3,92,BUF,stanford,76.0,231.0,4.76,,,19.0,7.14,4.46,,,,,,,,,,,,16.0,15.0,38.0,0,0,2,False,skill_pass,False,True,False,True,42.6,0,0,True,89.99412623064406,,5.8,28.11513157894737,0.7677734733284143,0.4422704131315005,0.7536996046292553,,,0.24755660058742088,0.4882323740619274,1.2532279283540562,-0.6096921946389633,,0.9006794978229292,0.014117390903716791,1,0,0,,,,True,,,,True
BossKe00,,00-0025540,Kevin Boss,TE,2007,5,153,NYG,western oregon,78.0,252.0,4.78,35.0,116.0,,6.96,4.41,,,,,,,,,,,,17.0,14.0,74.0,0,0,4,False,skill_pass,False,True,False,True,17.63,0,1,True,96.54259095729786,75.5,5.6850000000000005,29.118343195266274,1.5636213343937997,1.2721790239030644,0.856420123530302,0.18073236617374983,-0.2607566161589643,,-0.2910332106038721,0.9457016906127357,-0.08026913738642671,-0.1304605849920861,0.2473953980726102,0.5025047638791741,0,0,1,,,,True,,,,True
ClowDa00,david-clowney-1,00-0025544,David Clowney,WR,2007,5,157,GNB,virginia tech,72.0,188.0,4.36,32.5,123.0,,7.0,4.15,,,,,,,,,,,,3.0,,28.0,0,0,0,False,skill_pass,False,True,False,True,16.37,0,1,True,104.04995287520072,77.75,5.575,25.494598765432098,-0.8239222488023566,-1.257066266067416,-1.3007107733916248,-0.5141151770838972,0.7035508700138113,,-0.11786308067813844,-0.6534347456421347,0.5266777829046686,0.3129062275153723,-0.3774850451668308,-1.2616205648476548,0,1,0,,,,True,,,,True
RobiKo00,koren-robinson-1,00-0020490,Koren Robinson,WR,2001,1,9,SEA,north carolina st.,73.0,211.0,4.61,,,,,,,,,,,,,,940.0,157539.0,15.0,35.0,30.0,96.0,1,0,4,False,skill_pass,False,True,False,False,93.99,1,0,True,93.43481916753878,,,27.835053480953274,-0.4259983182696639,-0.3481187399842746,-0.01670428712857299,,,,,,-0.3315228450655067,,,-0.12223131587184066,0,1,0,1.0,167.59468085106383,0.015957446808510637,False,,,,True
ChilGr00,greg-childs-1,00-0029573,Greg Childs,WR,2012,4,134,MIN,arkansas,75.0,219.0,4.52,36.5,125.0,19.0,,,,,,,,,,,18484621.0,273894659240.0,2760.0,,,,0,0,0,False,skill_pass,True,True,False,False,24.24,0,0,True,104.93500106389337,80.75,,27.37013333333333,0.3698495427957216,-0.03196307873796456,-0.4789466221832755,0.597640892128338,0.9790672946346044,0.24755660058742088,,,0.5982311831950164,0.9040619775253167,,-0.34856554670204526,0,1,0,1.0,14817.434408852634,0.00014931331294268895,False,,,,True
NaanLe00,legedu-naanee-1,00-0025559,Legedu Naanee,WR,2007,5,172,SDG,boise st.,74.0,225.0,4.41,40.0,119.0,19.0,,,,,,,,,,,,,,13.0,8.0,73.0,0,0,2,False,skill_pass,False,True,False,True,12.06,0,1,True,118.97566910660515,79.5,,28.885135135135137,-0.028074387736971164,0.20515366719676795,-1.0439094761390153,1.5704274526890438,0.1525180207722253,0.24755660058742088,,,1.7333756348073988,0.6577470816878399,,0.38897351085992793,0,1,0,,,,True,,,,True
JoppBe00,bennie-joppru-1,00-0022082,Bennie Joppru,TE,2003,2,41,HOU,michigan,76.0,272.0,4.78,30.5,109.0,19.0,,,,,,,,,,,,,,0.0,0.0,19.0,0,0,0,False,skill_pass,False,True,False,True,71.8,0,0,True,104.2047013507342,69.75,,33.10526315789474,0.7677734733284143,2.0625681770188393,0.856420123530302,-1.0699932116900148,-1.22506410233174,0.24755660058742088,,,0.5391887170612871,-1.2635091058444796,,2.443432615129808,0,0,1,,,,True,,,,True
BlanRo01,rob-blanchflower-1,00-0031194,Rob Blanchflower,TE,2014,7,230,PIT,massachusetts,76.0,256.0,4.82,,,,,,,,,,,1.0,3.0,0.0,14327.0,12464313.0,23.0,,,,0,0,0,False,skill_pass,True,True,False,False,1.59,0,1,True,94.85971336463923,,,31.157894736842106,0.7677734733284143,1.4302568545262193,1.0618611613323903,,,,,,-0.2163245698087355,,,1.4954071617732838,0,0,1,0.9999997593129057,869.9876457039156,0.0016053605081314999,False,,,,True
KaayBr00,brad-kaaya-1,00-0033585,Brad Kaaya,QB,2017,6,215,DET,miami,76.0,214.0,,,,,,,221239261.0,378390421.0,319832423532.0,261627.0,1257.0,273037.0,,121.0,,,,,,,0,0,0,False,skill_pass,True,True,False,False,3.36,0,1,True,,,,26.04605263157895,0.7677734733284143,-0.22956036701690832,,,,,,,,,,-0.993159653287589,1,0,0,,,,True,0.5846851524817009,845.2445035124184,208.13603818615752,False
PalmJo20,jordan-palmer-1,00-0025592,Jordan Palmer,QB,2007,6,205,WAS,texas-el paso,78.0,231.0,4.98,30.5,104.0,,7.32,4.58,,,,,,,,,,,,0.0,,5.0,0,0,0,False,skill_pass,False,True,False,True,4.9,0,1,True,75.11464248418761,67.25,5.95,26.691814595660748,1.5636213343937997,0.4422704131315005,1.8836253125407443,-1.0699932116900148,-1.9138551638837227,,1.2674979587277306,1.9912908989332283,-1.8126522935648892,-1.7561388975194334,1.7527891931494393,-0.6787873074383488,1,0,0,,,,True,,,,True
HarrCl20,clark-harris-1,00-0025630,Clark Harris,TE,2007,7,243,GNB,rutgers,77.0,261.0,4.8,32.0,112.0,21.0,,4.4,,,,,,,,,,,,11.0,,206.0,1,0,0,False,skill_pass,False,True,False,True,0.58,0,1,True,98.33441840277779,72.0,,30.94670264800135,1.165697403861107,1.6278541428051632,0.9591406424313439,-0.6530846857354266,-0.8117894654005504,0.6317106463207024,,0.8841964430644728,0.0645945526314512,-0.8201422933370213,,1.3925938093515857,0,0,1,,,,True,,,,True
JeffAl00,alshon-jeffery-1,00-0029137,Alshon Jeffery,WR,2012,2,45,CHI,south carolina,75.0,216.0,4.48,,,,,,,,,,,,,,468849.0,7631517762.0,698.0,48.0,33.0,109.0,1,0,8,False,skill_pass,False,True,False,False,69.23,0,0,True,107.24367573081524,,,26.9952,0.3698495427957216,-0.15052145170533082,-0.6843876599853594,,,,,,0.7848803676043558,,,-0.5310920473216201,0,1,0,1.0,16277.133495005855,0.0014887522421931155,False,,,,True
SimpJe00,,00-0026186,Jerome Simpson,WR,2008,2,46,CIN,coastal carolina,74.0,199.0,4.42,37.5,136.0,,7.08,4.52,,,,,,,,,,,,18.0,9.0,63.0,0,0,3,False,skill_pass,False,True,False,True,68.6,0,0,True,104.27831253892639,86.75,5.8,25.5472972972973,-0.028074387736971164,-0.8223522318537396,-0.9925492166884944,0.8755799094313969,2.494407630048966,,0.22847717917332883,1.6222594136436395,0.5451399532559447,2.0863734775452056,0.9006794978229292,-1.235965661018145,0,1,0,,,,True,,,,True
BrohBr00,brian-brohm-1,00-0026196,Brian Brohm,QB,2008,2,56,GNB,louisville,75.0,230.0,4.81,30.0,115.0,,7.13,4.55,,,,,,,,,,,,0.0,,3.0,0,0,0,False,skill_pass,False,True,False,True,62.42,0,0,True,85.93647315094961,72.5,5.84,28.744888888888887,0.3698495427957216,0.4027509554757117,1.010500901881865,-1.208962720341544,-0.3985148284693608,,0.44493984158049493,1.806775156288434,-0.9377408577062406,-0.7216163350020306,1.1279087499099982,0.3206982889030665,1,0,0,,,,True,,,,True
JackDe01,,00-0026198,Dexter Jackson,WR,2008,2,58,TAM,appalachian st.,69.0,182.0,4.33,29.5,122.0,,6.81,4.38,,,,,,,,,,,,0.0,0.0,7.0,0,0,0,False,skill_pass,False,True,False,True,61.22,0,0,True,103.54992727951607,75.75,5.595,26.87376601554295,-2.0176940404004347,-1.4941830120021484,-1.4547915517431924,-1.3479322289930735,0.5657926577034149,,-0.9404211978253741,0.7611859479679413,0.48625226476842626,-0.08119760582459072,-0.2638704191232988,-0.5902090109753464,0,1,0,,,,True,,,,True
ChamCh00,chris-chambers-1,00-0020446,Chris Chambers,WR,2001,2,52,MIA,wisconsin,72.0,210.0,4.33,45.0,134.0,,,4.0,,,,,,,,,,,,58.0,41.0,153.0,1,0,8,False,skill_pass,False,True,False,True,64.86,0,0,True,119.48068532251854,89.5,,28.47800925925926,-0.8239222488023566,-0.38763819764006335,-1.4547915517431924,2.9601225392043378,2.2188912054281733,,,-1.5760134588661012,1.7742046291062799,2.628266248387655,,0.19077491172593866,0,1,0,,,,True,,,,True
HollMa00,mack-hollins-1,00-0033555,Mack Hollins,WR,2017,4,118,PHI,north carolina,76.0,221.0,4.53,,,,,,,,,,,,,,353016.0,613745309.0,884.0,21.0,3.0,127.0,0,0,2,False,skill_pass,False,True,False,False,30.63,0,0,True,104.96136290292812,,,26.898026315789473,0.7677734733284143,0.047075836573612945,-0.42758636273274997,,,,,,0.6003624560962462,,,-0.5783985174441114,0,1,0,1.0,1738.5764639563079,0.002504135789879212,False,,,,True
JohnJo05,,00-0026300,Josh Johnson,QB,2008,5,160,TAM,san diego,75.0,213.0,4.53,33.5,110.0,,7.56,4.42,,,,,,,,,,,,9.0,3.0,50.0,0,0,0,False,skill_pass,False,True,False,True,15.46,0,1,True,101.16185655350085,71.75,5.99,26.620266666666666,0.3698495427957216,-0.2690798246726971,-0.42758636273274997,-0.23617615978083836,-1.0873058900213435,,2.3065187382821284,1.0072069381609987,0.29318415529900205,-0.8694052725045167,1.9800184452365082,-0.7136185479411966,1,0,0,,,,True,,,,True
MoorKe00,kenneth-moore-1,00-0026276,Kenny Moore,WR,2008,5,136,DET,wake forest,71.0,195.0,4.47,28.0,120.0,,7.09,4.3,,,,,,,,,,,,1.0,,14.0,0,0,0,False,skill_pass,False,True,False,True,23.5,0,1,True,97.6864921074022,74.0,5.695,27.194009125173576,-1.2218461793350492,-0.9804300624768947,-0.7357479194358849,-1.7648407549476617,0.2902762330826218,,0.27176971165476127,0.2691439675818265,0.012211721770982524,-0.4260384599970583,0.3042027110943762,-0.4343070173362753,0,1,0,,,,True,,,,True
AusbDa00,david-ausberry-1,00-0028179,David Ausberry,WR,2011,7,241,OAK,southern california,,,,,,,,,,,,,,2.0,14.0,0.0,2661220.0,24085123252.0,2104.0,1.0,1.0,34.0,0,0,0,False,skill_pass,False,True,True,False,0.71,0,1,True,,,,,,,,,,,,,,,,,0,1,0,0.9999999994187283,9050.406675133961,0.0007906148307918925,False,,,,True
RoseSa00,sage-rosenfels-1,00-0020480,Sage Rosenfels,QB,2001,4,109,WAS,iowa st.,76.0,228.0,4.74,34.0,107.0,,7.07,4.29,,,,,,,,,,,,13.0,,44.0,0,0,0,False,skill_pass,False,True,False,True,34.55,0,0,True,90.33404881798623,70.5,5.68,27.75,0.7677734733284143,0.32371204016413424,0.6509790857282134,-0.09720665112930897,-1.500580526952533,,0.18518464669189638,0.2076387200335635,-0.5822105080250927,-1.1157201683419935,0.2189917415617222,-0.16363738160063201,1,0,0,,,,True,,,,True
RobiBr00,brian-robiskie-1,00-0027012,Brian Robiskie,WR,2009,2,36,CLE,ohio st.,75.0,209.0,4.46,37.5,,,6.72,4.19,,,,,,,,,,,,3.0,3.0,38.0,0,0,1,False,skill_pass,False,True,False,True,75.07,0,0,True,105.64205650925145,,5.455,26.120355555555555,0.3698495427957216,-0.4271576552958521,-0.7871081788864059,0.8755799094313969,,,-1.330053990158274,-0.40741375544907726,0.6553944223898326,,-1.0591728014280377,-0.9569872154339643,0,1,0,,,,True,,,,True
BardRa00,,00-0026902,Ramses Barden,WR,2009,3,85,NYG,cal poly-san luis obispo,78.0,229.0,4.51,33.5,118.0,17.0,,4.26,,,,,,,,,,,,5.0,5.0,29.0,0,0,0,False,skill_pass,False,True,False,True,46.16,0,0,True,110.70297967775846,75.75,,26.460716633793556,1.5636213343937997,0.363231497819923,-0.5303068816337965,-0.23617615978083836,0.014759808461828759,-0.13659744514586067,,0.023122977388769096,1.0645543596016054,-0.08119760582459072,,-0.7912913142304936,0,1,0,,,,True,,,,True
CookJa02,jared-cook-2,00-0027061,Jared Cook,TE,2009,3,89,TEN,south carolina,77.0,246.0,4.49,41.0,123.0,23.0,,,,,,,,,,,,,,48.0,10.0,194.0,2,0,5,False,skill_pass,False,True,False,True,44.11,0,0,True,121.05416565391927,82.0,,29.16815651880587,1.165697403861107,1.0350622779683318,-0.6330274005348384,1.8483664699921025,0.7035508700138113,1.015864692053984,,,1.9014156323489562,1.1503768733627937,,0.5267550793928115,0,0,1,,,,True,,,,True
IgleJu00,juaquin-iglesias-1,00-0026904,Juaquin Iglesias,WR,2009,3,99,CHI,oklahoma,73.0,210.0,4.44,34.5,116.0,,,4.4,,,,,,,,,,,,0.0,0.0,1.0,0,0,0,False,skill_pass,False,True,False,True,39.18,0,0,True,108.07305044566408,75.25,,27.70313379620942,-0.4259983182696639,-0.38763819764006335,-0.8898286977874479,0.04176285752222043,-0.2607566161589643,,,0.8841964430644728,0.8519327402553105,-0.17972356415958146,,-0.18645296883894524,0,1,0,,,,True,,,,True
AikeSa00,sam-aiken-1,00-0021915,Sam Aiken,WR,2003,4,127,BUF,north carolina,74.0,209.0,4.59,39.5,121.0,,7.22,,,,,,,,,,,,,7.0,3.0,95.0,0,0,0,False,skill_pass,False,True,False,True,26.94,0,0,True,94.17281221254882,80.25,,26.83108108108108,-0.028074387736971164,-0.4271576552958521,-0.11942480602961951,1.4314579440375144,0.4280344453930183,,0.8345726339133946,,-0.2718583969193571,0.805536019190326,,-0.6109890564496563,0,1,0,,,,True,,,,True
PascBe00,bear-pascoe-1,00-0026931,Bear Pascoe,TE,2009,6,184,SFO,fresno st.,77.0,251.0,4.89,26.5,107.0,,7.65,4.55,,,,,,,,,,,,3.0,,85.0,0,0,2,False,skill_pass,False,True,False,True,9.09,0,1,True,87.79469625804312,66.75,6.1,29.761005228537694,1.165697403861107,1.2326595662472755,1.4213829774860418,-2.18174928090225,-1.500580526952533,,2.6961515306150323,1.806775156288434,-0.7875092844322014,-1.854664855854424,2.6048988884759443,0.815367989379069,0,0,1,,,,True,,,,True
KnoxJo00,,00-0026913,Johnny Knox,WR,2009,5,140,CHI,abilene christian,71.0,185.0,4.34,35.0,122.0,,6.81,4.15,,,,,,,,,,,,20.0,20.0,45.0,1,0,2,False,skill_pass,False,True,False,True,22.04,0,1,True,104.29003327310262,78.5,5.48,25.799444554651856,-1.2218461793350492,-1.3756246390347822,-1.4034312922926713,0.18073236617374983,0.5657926577034149,,-0.9404211978253741,-0.6534347456421347,0.5460875382517942,0.4606951650178584,-0.9171545188736178,-1.1132143544949824,0,1,0,,,,True,,,,True
BranTo00,tom-brandstater-1,00-0027121,Tom Brandstater,QB,2009,6,174,DEN,fresno st.,77.0,220.0,4.87,28.5,106.0,,6.93,4.37,,,,,,,,,,,,0.0,,1.0,0,0,0,False,skill_pass,False,True,False,True,11.54,0,1,True,78.22342573517057,67.25,5.65,26.085343228200372,1.165697403861107,0.007556378917824189,1.3186624585849998,-1.6258712462961322,-1.6383387392629296,,-0.42091080804817327,0.6996807004196783,-1.5613168123838075,-1.7561388975194334,0.048569802496424216,-0.9740320525357298,1,0,0,,,,True,,,,True
BerlEd00,,00-0020485,Eddie Berlin,WR,2001,5,159,TEN,northern iowa,71.0,191.0,4.43,39.5,122.0,,6.78,4.08,,,,,,,,,,,,3.0,3.0,62.0,0,0,0,False,skill_pass,False,True,False,True,15.76,0,1,True,99.18556190310649,80.75,5.43,26.636183296964887,-1.2218461793350492,-1.1385078931000496,-0.9411889572379735,1.4314579440375144,0.5657926577034149,,-1.0702987952696714,-1.0839714784799865,0.1334068640531708,0.9040619775253167,-1.2011910839824578,-0.7058699521997586,0,1,0,,,,True,,,,True
HigbTy00,tyler-higbee-1,00-0033110,Tyler Higbee,TE,2016,4,110,LAR,western kentucky,78.0,249.0,4.77,,,,,,,,,,,,,,2131538.0,92169230563.0,1148.0,31.0,31.0,138.0,0,0,8,False,skill_pass,False,True,False,False,34.1,0,0,True,96.19573706265128,,,28.771696252465482,1.5636213343937997,1.153620650935698,0.8050598640797764,,,,,,-0.10831119869223431,,,0.3337487536909553,0,0,1,1.0,43240.71659196317,0.0005385782472562066,False,,,,True
RudoKy00,kyle-rudolph-1,00-0027981,Kyle Rudolph,TE,2011,2,43,MIN,notre dame,78.0,259.0,4.83,,,,,,,,,,,,,,293328.0,340364328.0,233.0,36.0,35.0,165.0,2,0,10,False,skill_pass,False,True,False,False,70.51,0,0,True,95.17902173515381,,,29.927186061801446,1.5636213343937997,1.5488152274935856,1.1132214207829114,,,,,,-0.1905094786720172,,,0.8962687876516806,0,0,1,1.0,1160.3540337097038,0.0007943326242295315,False,,,,True
HarbCl00,,00-0027725,Clay Harbor,TE,2010,4,125,PHI,missouri state,75.0,252.0,4.62,40.0,120.0,30.0,,4.37,,,,,,,,,,,,7.0,3.0,98.0,0,0,2,False,skill_pass,False,True,False,True,27.74,0,0,True,110.62738182135904,80.0,,31.4944,0.3698495427957216,1.2721790239030644,0.03465597232194799,1.5704274526890438,0.2902762330826218,2.3604038521204695,,0.6996807004196783,1.0584425074458141,0.7562730400228306,,1.65922596011329,0,0,1,,,,True,,,,True
EppsDe00,dedrick-epps-1,00-0027827,Dedrick Epps,TE,2010,7,235,SDG,miami,75.0,250.0,4.7,,,19.0,,,,,,,,,,,82219.0,83304247.0,123.0,0.0,,6.0,0,0,0,False,skill_pass,False,True,False,False,1.14,0,1,True,102.46571445961322,,,31.244444444444444,0.3698495427957216,1.1931401085914868,0.44553804792612495,,,0.24755660058742088,,,0.39859702193127505,,,1.5375416263669062,0,0,1,1.0,1013.1994672764203,0.001496004573152191,False,,,,True
SkelJo00,,00-0027754,John Skelton,QB,2010,5,155,ARI,fordham,77.0,243.0,4.85,33.5,108.0,,7.17,4.33,,,,,,,,,,,,4.0,4.0,20.0,0,0,1,False,skill_pass,False,True,False,True,16.99,0,1,True,87.83534568636112,70.75,5.75,28.812447292966773,1.165697403861107,0.9165039050009656,1.2159419396839533,-0.23617615978083836,-1.3628223146421365,,0.6181099715062286,0.45365971022662094,-0.7842229042631074,-1.0664571891744983,0.6166429327140942,0.3535873334010567,1,0,0,,,,True,,,,True
KoyaBe00,ben-koyack-1,00-0032139,Ben Koyack,TE,2015,7,229,JAX,notre dame,77.0,255.0,4.79,,,,,,,,,,,,,,131030.0,539171317.0,32.0,1.0,1.0,48.0,0,0,0,False,skill_pass,False,True,False,False,1.68,0,1,True,96.87865984597897,,,30.235284196323157,1.165697403861107,1.3907373968704306,0.9077803829808229,,,,,,-0.05309901035362324,,,1.046258317368076,0,0,1,1.0,4114.869243684652,0.0002442188811722506,False,,,,True
TyreDa00,david-tyree-1,00-0021927,David Tyree,WR,2003,6,211,NYG,syracuse,,,,,,,,,,,,,,14.0,154.0,10.0,2581.0,4271188.0,65.0,5.0,5.0,83.0,1,0,0,False,skill_pass,False,True,True,False,3.94,0,1,True,,,,,,,,,,,,,,,,,0,1,0,0.9999639457575629,1654.8578070515305,0.025184037194885704,False,,,,True
KingKl00,kliff-kingsbury-1,00-0022027,Kliff Kingsbury,QB,2003,6,201,NWE,texas tech,75.0,213.0,4.77,30.0,101.0,,6.92,4.1,,,,,,,,,,,,0.0,,1.0,0,0,0,False,skill_pass,False,True,False,True,5.6,0,1,True,82.2879196560029,65.5,5.51,26.620266666666666,0.3698495427957216,-0.2690798246726971,0.8050598640797764,-1.208962720341544,-2.3271298008149124,,-0.4642033405296057,-0.9609609833834605,-1.2327150885334954,-2.100979751691901,-0.7467325798083198,-0.7136185479411966,1,0,0,,,,True,,,,True
AustTe00,terrence-austin-1,00-0027813,Terrence Austin,WR,2010,7,219,WAS,ucla,,,,,,,,,,,,,,14135.0,7249025.0,0.0,2175337.0,29248460455.0,14.0,1.0,1.0,18.0,0,0,0,False,skill_pass,False,True,True,False,2.82,0,1,True,,,,,,,,,,,,,,,,,0,1,0,0.9997522184514118,13445.484747880444,6.4357844324810365e-06,False,,,,True
MorrSy00,,00-0019726,Sylvester Morris,WR,2000,1,21,KAN,jackson st.,75.0,216.0,4.6,34.5,119.0,,7.06,4.17,,,,,,,,,,,,6.0,6.0,15.0,0,0,1,False,skill_pass,False,True,False,True,85.32,1,0,True,96.48336019382438,76.75,5.615,26.9952,0.3698495427957216,-0.15052145170533082,-0.06806454657909854,0.04176285752222043,0.1525180207722253,,0.14189211421046008,-0.5304242505456087,-0.0850577608562755,0.11585431084539077,-0.15025579307976178,-0.5310920473216201,0,1,0,,,,True,,,,True
SowaR.00,r-jay-soward-1,00-0019604,R. Jay Soward,WR,2000,1,29,JAX,southern california,69.0,177.0,4.34,35.0,124.0,,,,,,,,,,,,,,,2.0,2.0,13.0,0,0,0,False,skill_pass,False,True,False,True,79.77,1,0,True,99.78019399642791,79.5,,26.135475740390675,-2.0176940404004347,-1.6917803002810923,-1.4034312922926713,0.18073236617374983,0.8413090823242079,,,,0.18148102401700839,0.6577470816878399,,-0.9496263483642394,0,1,0,,,,True,,,,True
BurrPl00,plaxico-burress-1,00-0019642,Plaxico Burress,WR,2000,1,8,PIT,michigan st.,77.0,231.0,4.59,33.0,115.0,,,,,,,,,,,,,,,70.0,34.0,148.0,0,0,10,False,skill_pass,False,True,False,True,94.73,1,0,True,104.08573981386975,74.0,,27.38961038961039,1.165697403861107,0.4422704131315005,-0.11942480602961951,-0.37514566843236774,-0.3985148284693608,,,,0.5295710458709869,-0.4260384599970583,,-0.3390836505659626,0,1,0,,,,True,,,,True
DerbA.00,aj-derby-1,00-0031609,A.J. Derby,TE,2015,6,202,NWE,arkansas,,,,,,,,,3.0,6.0,30.0,0.0,0.0,,,,,,,3.0,0.0,25.0,0,0,0,False,skill_pass,False,True,True,True,5.42,0,1,True,,,,,,,,,,,,,,,,,0,0,1,,,,True,,,,False
LewiDe02,,00-0032070,Dezmin Lewis,WR,2015,7,234,BUF,central arkansas,,,,,,,,,,,,,,1.0,0.0,0.0,3697.0,444189105.0,110.0,0.0,0.0,2.0,0,0,0,False,skill_pass,False,True,True,False,1.23,0,1,True,,,,,,,,,,,,,,,,,0,1,0,1.0,120148.52718420341,0.02975385447660265,False,,,,True
OSulJ.00,,00-0021296,J.T. O'Sullivan,QB,2002,6,186,NOR,uc davis,74.0,223.0,4.88,29.0,107.0,,7.46,4.28,,,,,,,,,,,,6.0,,17.0,0,0,0,False,skill_pass,False,True,False,True,8.64,0,1,True,78.642184862588,68.0,5.87,28.62837837837838,-0.028074387736971164,0.12611475188519045,1.370022718035521,-1.486901737644603,-1.500580526952533,,1.8735934134677965,0.14613347248530054,-1.5274614360866174,-1.6083499600169473,1.2983306889753012,0.26397818994622946,1,0,0,,,,True,,,,True
GrahDa00,daniel-graham-1,00-0021154,Daniel Graham,TE,2002,1,21,NWE,colorado,75.0,248.0,4.64,36.0,118.0,,,,,,,,,,,,,,,19.0,13.0,148.0,0,0,7,False,skill_pass,False,True,False,True,85.32,1,0,True,107.006400214342,77.0,,30.99448888888889,0.3698495427957216,1.1141011932799092,0.13737649122298995,0.45867138347680864,0.014759808461828759,,,,0.7656973782188986,0.16511729001288614,,1.4158572926205224,0,0,1,,,,True,,,,True
JohnBe00,bethel-johnson-1,00-0021993,Bethel Johnson,WR,2003,2,45,NWE,texas a&m,71.0,201.0,4.38,38.5,127.0,,,,,,,,,,,,,,,8.0,7.0,50.0,0,0,0,False,skill_pass,False,True,False,True,69.23,0,0,True,109.22690077360258,82.75,,28.03074786748661,-1.2218461793350492,-0.7433133165421622,-1.197990254490583,1.1535189267344557,1.2545837192553975,,,,0.9452179595743726,1.2981658108652798,,-0.026962615041049662,0,1,0,,,,True,,,,True
GoedDa00,,00-0034351,Dallas Goedert,TE,2018,2,49,PHI,south dakota st.,77.0,256.0,,,,23.0,,,,,,,,,,,125.0,94996.0,1.0,38.0,38.0,108.0,0,0,7,False,skill_pass,False,True,False,False,66.72,0,0,True,,,,30.353853938269523,1.165697403861107,1.4302568545262193,,,,1.015864692053984,,,,,,1.1039808993653282,0,0,1,1.0,759.968,0.008,False,,,,True
ByhaNa00,nate-byham-1,00-0027780,Nate Byham,TE,2010,6,182,SFO,pittsburgh,76.0,268.0,4.97,29.0,109.0,,,,,,,,,,,,,,,0.0,0.0,29.0,0,0,0,False,skill_pass,False,True,False,True,9.56,0,1,True,87.84948801095733,69.0,,32.61842105263158,0.7677734733284143,1.9044903463956844,1.8322650530902187,-1.486901737644603,-1.22506410233174,,,,-0.7830795411945233,-1.4112980433469657,,2.206426251790677,0,0,1,,,,True,,,,True
AlliAu00,aundrae-allison-1,00-0025533,Aundrae Allison,WR,2007,5,146,MIN,east carolina,72.0,198.0,4.39,37.0,127.0,,,,,,,,,,,,,,,3.0,3.0,26.0,0,0,0,False,skill_pass,False,True,False,True,19.94,0,1,True,106.6196137697109,82.0,,26.850694444444443,-0.8239222488023566,-0.8618716895095284,-1.1466299950400618,0.7366104007798674,1.2545837192553975,,,,0.734426894133223,1.1503768733627937,,-0.6014408027687493,0,1,0,,,,True,,,,True
WinsKe01,kellen-winslow-1,00-0022922,Kellen Winslow,TE,2004,1,6,CLE,miami,76.0,251.0,4.55,,120.0,24.0,,,,,,,,,,,,,,37.0,19.0,105.0,1,0,5,False,skill_pass,False,True,False,True,96.22,1,0,True,117.12729956929908,,,30.549342105263158,0.7677734733284143,1.2326595662472755,-0.32486584383170797,,0.2902762330826218,1.2079417149206249,,,1.5839406920810486,,,1.1991492075993697,0,0,1,,,,True,,,,True
EvanLe00,lee-evans-1,00-0022910,Lee Evans,WR,2004,1,13,BUF,wisconsin,71.0,197.0,4.39,34.5,120.0,,,,,,,,,,,,,,,47.0,47.0,118.0,0,0,7,False,skill_pass,False,True,False,True,91.05,1,0,True,106.08113087188407,77.25,,27.472922039277922,-1.2218461793350492,-0.9013911471653171,-1.1466299950400618,0.04176285752222043,0.2902762330826218,,,,0.6908922224283701,0.21438026918038153,,-0.29852554990453284,0,1,0,,,,True,,,,True
WittJa00,jason-witten-1,00-0022127,Jason Witten,TE,2003,3,69,DAL,tennessee,78.0,264.0,4.65,31.0,,25.0,,,,,,,,,,,,,,80.0,79.0,271.0,11,2,16,False,skill_pass,False,True,False,True,54.83,0,0,True,112.9333239810424,,,30.504930966469427,1.5636213343937997,1.7464125157725294,0.18873675067351547,-0.9310237030384854,,1.4000187377872655,,,1.2448707771222258,,,1.1775288046320425,0,0,1,,,,True,,,,True
ClemTo00,toney-clemons-1,00-0029204,Toney Clemons,WR,2012,7,231,PIT,colorado,,,,,,,,,,,,,,23.0,617.0,0.0,1114343.0,5101482680.0,38.0,0.0,,4.0,0,0,0,False,skill_pass,False,True,True,False,1.49,0,1,True,,,,,,,,,,,,,,,,,0,1,0,0.9999998790547838,4578.018330083287,3.410081097112828e-05,False,,,,True
StepSy20,syndric-steptoe-1,00-0025621,Syndric Steptoe,WR,2007,7,234,CLE,arizona,69.0,194.0,4.59,33.0,,17.0,,,,,,,,,,,,,,1.0,1.0,16.0,0,0,0,False,skill_pass,False,True,False,True,1.23,0,1,True,87.41399793892091,,,28.645662675908422,-2.0176940404004347,-1.0199495201326834,-0.11942480602961951,-0.37514566843236774,,-0.13659744514586067,,,-0.8182875624582279,,,0.2723925987579997,0,1,0,,,,True,,,,True
LosmJ.00,jp-losman-1,00-0022912,J.P. Losman,QB,2004,1,22,BUF,tulane,74.0,224.0,4.73,33.0,116.0,,,,,,,,,,,,,,,19.0,19.0,45.0,0,0,1,False,skill_pass,False,True,False,True,84.61,1,0,True,89.50214651380749,74.5,,28.756756756756758,-0.028074387736971164,0.1656342095409792,0.5996188262776925,-0.37514566843236774,-0.2607566161589643,,,,-0.6494672284317997,-0.3275125016620676,,0.3264758504030787,1,0,0,,,,True,,,,True
BankMi20,mike-banks-1,00-0021103,Mike Banks,TE,2002,7,223,ARI,iowa st.,76.0,260.0,4.84,31.5,104.0,,,,,,,,,,,,,,,0.0,0.0,18.0,0,0,0,False,skill_pass,False,True,False,True,2.33,0,1,True,94.75931160510211,67.75,,31.644736842105264,0.7677734733284143,1.5883346851493743,1.1645816802334323,-0.7920541943869559,-1.9138551638837227,,,,-0.22444174058180588,-1.6576129391844427,,1.7324135251124144,0,0,1,,,,True,,,,True
McGoAl00,alex-mcgough-1,00-0034732,Alex McGough,QB,2018,7,220,SEA,florida international,,,,,,,,,138269167232.0,274420286355.0,1680272218912798.0,14211317.0,108118.0,97884578.0,9295117231.0,4345.0,,,,,,,0,0,0,False,skill_pass,True,True,True,False,2.69,0,1,True,,,,,,,,,,,,,,,,,1,0,0,,,,True,0.5038591318031423,6122.988359319534,131.44265524704488,False
MarsBr00,brandon-marshall-1,00-0024334,Brandon Marshall,WR,2006,4,119,DEN,central florida,76.0,229.0,4.52,37.0,120.0,,,,,,,,,,,,,,,83.0,27.0,179.0,6,1,10,False,skill_pass,False,True,False,True,30.21,0,0,True,109.72655362388849,78.5,,27.87171052631579,0.7677734733284143,0.363231497819923,-0.4789466221832755,0.7366104007798674,0.2902762330826218,,,,0.9856133424015292,0.4606951650178584,,-0.1043857907658485,0,1,0,,,,True,,,,True
EdisDo00,,00-0027137,Dominique Edison,WR,2009,6,206,TEN,s.f. austin,74.0,204.0,4.42,37.0,120.0,,,4.18,,,,,,,,,,,,0.0,0.0,5.0,0,0,0,False,skill_pass,False,True,False,True,4.73,0,1,True,106.89837064291952,78.5,,26.18918918918919,-0.028074387736971164,-0.6247549435747959,-0.9925492166884944,0.7366104007798674,0.2902762330826218,,,-0.46891900299734574,0.7569635225193513,0.4606951650178584,,-0.9234773587339007,0,1,0,,,,True,,,,True
GateCl00,,00-0028049,Clyde Gates,WR,2011,4,111,MIA,abilene christian,72.0,192.0,4.31,40.0,131.0,16.0,,,,,,,,,,,,,,3.0,0.0,32.0,0,0,0,False,skill_pass,False,True,False,True,33.66,0,0,True,111.28128801759212,85.5,,26.037037037037038,-0.8239222488023566,-1.098988435444261,-1.557512070644239,1.5704274526890438,1.8056165684969836,-0.32867446801250144,,,1.1113087947386213,1.8400585817077288,,-0.9975486600160917,0,1,0,,,,True,,,,True
DarlDe00,devard-darling-1,00-0022739,Devard Darling,WR,2004,3,82,BAL,washington st.,73.0,213.0,4.52,37.0,129.0,,,,,,,,,,,,,,,4.0,2.0,46.0,0,0,1,False,skill_pass,False,True,False,True,47.73,0,0,True,102.06006952789629,83.0,,28.098892850440983,-0.4259983182696639,-0.2690798246726971,-0.4789466221832755,0.7366104007798674,1.5301001438761905,,,,0.3658018876711085,1.347428790032775,,0.006211990062370224,0,1,0,,,,True,,,,True
CollJe00,jerome-collins-1,00-0023577,Jerome Collins,TE,2005,5,144,STL,notre dame,76.0,267.0,4.71,,118.0,21.0,,,,,,,,,,,,,,0.0,0.0,3.0,0,0,0,False,skill_pass,False,True,False,True,20.63,0,1,True,108.5069680779517,,,32.49671052631579,0.7677734733284143,1.8649708887398957,0.4968983073766459,,0.014759808461828759,0.6317106463207024,,,0.8870136346436475,,,2.147174660955892,0,0,1,,,,True,,,,True
MorgDa01,david-morgan-1,00-0032430,David Morgan,TE,2016,6,188,MIN,texas-san antonio,76.0,262.0,,,,,,,,,,,,,,,72045.0,69255566.0,15.0,1.0,1.0,38.0,0,0,0,False,skill_pass,False,True,False,False,8.19,0,1,True,,,,31.888157894736842,0.7677734733284143,1.6673736004609518,,,,,,,,,,1.8509167067819796,0,0,1,1.0,961.2820598237213,0.00020820320632937748,False,,,,True
DrewDa00,davon-drew-1,00-0026915,Davon Drew,TE,2009,5,149,BAL,east carolina,76.0,256.0,4.78,29.5,113.0,17.0,7.28,4.56,,,,,,,,,,,,,,,0,0,0,False,skill_pass,True,False,False,True,18.93,0,1,True,98.07501303598512,71.25,5.92,31.157894736842106,0.7677734733284143,1.4302568545262193,0.856420123530302,-1.3479322289930735,-0.6740312530901539,-0.13659744514586067,1.094327828801997,1.868280403836697,0.043622433503115586,-0.9679312308395074,1.5823672540841363,1.4954071617732838,0,0,1,,,,True,,,,True
EvanSh00,shaquelle-evans-1,00-0031056,Shaquelle Evans,WR,2014,4,115,NYJ,ucla,73.0,213.0,4.51,34.5,122.0,13.0,7.07,4.21,,,,,,,,,,,,,,,0,0,0,False,skill_pass,True,False,False,True,31.91,0,0,True,102.9682736740723,78.25,5.640000000000001,28.098892850440983,-0.4259983182696639,-0.2690798246726971,-0.5303068816337965,0.04176285752222043,0.5657926577034149,-0.9049055366124238,0.18518464669189638,-0.2844032603525513,0.43922737528515354,0.411432185850363,-0.008237510525341774,0.006211990062370224,0,1,0,,,,True,,,,True
GreeSk20,skyler-green-1,00-0024340,Skyler Green,WR,2006,4,125,DAL,louisiana state,69.0,192.0,4.53,34.0,118.0,,,,,,,,,,,,,,,0.0,0.0,11.0,0,0,0,False,skill_pass,False,True,False,True,27.74,0,0,True,91.18815238625429,76.0,,28.35034656584751,-2.0176940404004347,-1.098988435444261,-0.42758636273274997,-0.09720665112930897,0.014759808461828759,,,,-0.5131588842937641,-0.03193462665709535,,0.12862566380244148,0,1,0,,,,True,,,,True
HillTy00,,00-0033040,Tyreek Hill,WR,2016,5,165,KAN,west alabama,,,,,,,,,,,,,,102.0,534.0,1.0,31.0,281.0,1.0,98.0,61.0,145.0,8,5,8,False,skill_pass,False,True,True,False,13.99,0,1,True,,,,,,,,,,,,,,,,,0,1,0,0.34478527607361964,9.064516129032258,0.03225806451612903,False,,,,True
ScotGa00,gari-scott-1,00-0019468,Gari Scott,WR,2000,4,99,PHI,michigan st.,72.0,194.0,4.59,33.5,119.0,,,,,,,,,,,,,,,0.0,0.0,3.0,0,0,0,False,skill_pass,False,True,False,True,39.18,0,0,True,87.41399793892091,76.25,,26.308256172839506,-0.8239222488023566,-1.0199495201326834,-0.11942480602961951,-0.23617615978083836,0.1525180207722253,,,,-0.8182875624582279,0.017328352510400026,,-0.8655127076003108,0,1,0,,,,True,,,,True
BulgMa00,marc-bulger-1,00-0019599,Marc Bulger,QB,2000,6,168,NOR,west virginia,74.0,208.0,4.97,,100.0,,7.46,4.34,,,,,,,,,,,,57.0,,96.0,2,0,8,False,skill_pass,False,True,False,True,13.15,0,1,True,68.18169218760868,,5.9,26.7027027027027,-0.028074387736971164,-0.4666771129516409,1.8322650530902187,,-2.4648880131253086,,1.8735934134677965,0.5151649577748839,-2.3731598163213365,,1.4687526280406042,-0.6734867169065054,1,0,0,,,,True,,,,True
HawkLa00,lavelle-hawkins-1,00-0026266,Lavelle Hawkins,WR,2008,4,126,TEN,california,71.0,187.0,4.57,,117.0,14.0,,,,,,,,,,,,,,7.0,7.0,56.0,0,0,0,False,skill_pass,False,True,False,True,27.34,0,0,True,85.74460458527697,,,26.0783574687562,-1.2218461793350492,-1.2965857237232046,-0.22214532493066147,,-0.12299840384856776,-0.712828513745783,,,-0.9532528359895797,,,-0.9774328870632417,0,1,0,,,,True,,,,True
CottBr00,brad-cottam-1,00-0026216,Brad Cottam,TE,2008,3,76,KAN,tennessee,79.0,270.0,4.63,33.0,,24.0,,,,,,,,,,,,,,2.0,2.0,24.0,0,0,1,False,skill_pass,False,True,False,True,50.94,0,0,True,117.50863886699017,,,30.41339528921647,1.9615452649264924,1.983529261707262,0.08601623177246896,-0.37514566843236774,,1.2079417149206249,,,1.6147707912358031,,,1.1329670509402971,0,0,1,,,,True,,,,True
BryaAn00,antonio-bryant-1,00-0021191,Antonio Bryant,WR,2002,2,63,DAL,pittsburgh,73.0,188.0,4.57,37.0,121.0,,,,,,,,,,,,,,,38.0,8.0,106.0,0,0,6,False,skill_pass,False,True,False,True,58.27,0,0,True,86.20313188252445,79.0,,24.800900731844624,-0.4259983182696639,-1.257066266067416,-0.22214532493066147,0.7366104007798674,0.4280344453930183,,,,-0.9161823265380392,0.5592211233528491,,-1.599329334115265,0,1,0,,,,True,,,,True
MartTe00,tee-martin-1,00-0019633,Tee Martin,QB,2000,5,163,PIT,tennessee,74.0,227.0,4.58,34.5,113.0,,,,,,,,,,,,,,,0.0,0.0,3.0,0,0,0,False,skill_pass,False,True,False,True,14.57,0,1,True,103.17962398269448,73.75,,29.14189189189189,-0.028074387736971164,0.28419258250834545,-0.1707850654801405,0.04176285752222043,-0.6740312530901539,,,,0.4563143920459817,-0.4753014391645537,,0.5139688317736246,1,0,0,,,,True,,,,True
GaffJa00,jabar-gaffney-1,00-0021163,Jabar Gaffney,WR,2002,2,33,HOU,florida,73.0,193.0,4.56,,,,6.87,4.06,,,,,,,,,,,,42.0,14.0,158.0,0,0,6,False,skill_pass,False,True,False,True,77.06,0,0,True,89.27460432222395,,5.465,25.460499155563895,-0.4259983182696639,-1.0594689777884723,-0.273505584381187,,,,-0.6806660029367718,-1.206981973576518,-0.6678633086965027,,-1.0023654884062718,-1.2782210692797387,0,1,0,,,,True,,,,True
ClarDa00,dallas-clark-1,00-0022165,Dallas Clark,TE,2003,1,24,IND,iowa,75.0,257.0,4.65,37.5,123.0,,,,,,,,,,,,,,,51.0,47.0,143.0,1,1,9,False,skill_pass,False,True,False,True,83.21,1,0,True,109.93887978457538,80.25,,32.11928888888889,0.3698495427957216,1.469776312182008,0.18873675067351547,0.8755799094313969,0.7035508700138113,,,,1.0027792537743137,0.805536019190326,,1.9634367944792503,0,0,1,,,,True,,,,True
MassMo00,mohamed-massaquoi-1,00-0027026,Mohamed Massaquoi,WR,2009,2,50,CLE,georgia,73.0,210.0,4.51,36.5,127.0,,,,,,,,,,,,,,,11.0,11.0,54.0,0,0,3,False,skill_pass,False,True,False,True,66.09,0,0,True,101.51801629838113,81.75,,27.70313379620942,-0.4259983182696639,-0.38763819764006335,-0.5303068816337965,0.597640892128338,1.2545837192553975,,,,0.3219785657258181,1.1011138941952983,,-0.18645296883894524,0,1,0,,,,True,,,,True
WillDe05,derrick-williams-2,00-0027056,Derrick Williams,WR,2009,3,82,DET,penn st.,71.0,194.0,4.47,33.0,,15.0,,,,,,,,,,,,,,0.0,0.0,18.0,0,0,0,False,skill_pass,False,True,False,True,47.73,0,0,True,97.18553573762065,,,27.054552668121403,-1.2218461793350492,-1.0199495201326834,-0.7357479194358849,-0.37514566843236774,,-0.5207514908791422,,,-0.02828904656336916,,,-0.5021977510521466,0,1,0,,,,True,,,,True
MonkMa00,marcus-monk-1,00-0026388,Marcus Monk,WR,2008,7,248,CHI,arkansas,76.0,222.0,4.56,34.5,119.0,9.0,7.08,4.3,,,,,,,,,,,,,,,0,0,0,False,skill_pass,True,False,False,True,0.33,0,1,True,102.68892310639231,76.75,5.6899999999999995,27.019736842105264,0.7677734733284143,0.0865952942294017,-0.273505584381187,0.04176285752222043,0.1525180207722253,-1.6732136280789869,0.22847717917332883,0.2691439675818265,0.4166427485428879,0.11585431084539077,0.2757990545834882,-0.5191469266093279,0,1,0,,,,True,,,,True
JohnAn02,andre-johnson-1,00-0022044,Andre Johnson,WR,2003,1,3,HOU,miami,74.0,230.0,4.41,39.0,132.0,,,,,,,,,,,,,,,94.0,92.0,193.0,7,2,12,True,skill_pass,False,True,False,True,98.48,1,0,True,121.61957286452972,85.5,,29.527027027027028,-0.028074387736971164,0.4027509554757117,-1.0439094761390153,1.292488435385985,1.94337478080738,,,,1.9471270512126218,1.8400585817077288,,0.7014618131441723,0,1,0,,,,True,,,,True
UrruMa00,mario-urrutia-1,00-0026386,Mario Urrutia,WR,2008,7,246,CIN,louisville,77.0,232.0,4.59,30.0,115.0,16.0,7.07,4.44,,,,,,,,,,,,,,,0,0,0,False,skill_pass,True,False,False,True,0.42,0,1,True,104.5363274321116,72.5,5.755000000000001,27.508180131556756,1.165697403861107,0.48178987078728924,-0.11942480602961951,-1.208962720341544,-0.3985148284693608,-0.32867446801250144,0.18518464669189638,1.13021743325753,0.5659996569069111,-0.7216163350020306,0.6450465892249823,-0.28136106856871046,0,1,0,,,,True,,,,True
JameCe00,cedric-james-1,00-0020484,Cedric James,WR,2001,4,131,MIN,texas christian,74.0,204.0,4.49,43.0,134.0,,,,,,,,,,,,,,,0.0,0.0,5.0,0,0,0,False,skill_pass,False,True,False,True,25.38,0,0,True,100.38638127398183,88.5,,26.18918918918919,-0.028074387736971164,-0.6247549435747959,-0.6330274005348384,2.4042445045982204,2.2188912054281733,,,,0.23048938477734446,2.431214331717673,,-0.9234773587339007,0,1,0,,,,True,,,,True
HubbPa00,paul-hubbard-1,00-0026331,Paul Hubbard,WR,2008,6,191,CLE,wisconsin,75.0,221.0,4.49,29.5,126.0,15.0,,,,,,,,,,,,,,0.0,,1.0,0,0,0,False,skill_pass,False,True,False,True,7.55,0,1,True,108.75191304681366,77.75,,27.62008888888889,0.3698495427957216,0.047075836573612945,-0.6330274005348384,-1.3479322289930735,1.116825506945001,-0.5207514908791422,,,0.9068166754610927,0.3129062275153723,,-0.22688121295565974,0,1,0,,,,True,,,,True
HayeWi00,windrell-hayes-1,00-0019481,Windrell Hayes,WR,2000,5,143,NYJ,southern california,71.0,204.0,4.5,,,,7.33,4.18,,,,,,,,,,,,1.0,1.0,9.0,0,0,0,False,skill_pass,False,True,False,True,20.98,0,1,True,99.49702789208962,,5.755,28.449117238643126,-1.2218461793350492,-0.6247549435747959,-0.5816671410843175,,,,1.310790491209163,-0.46891900299734574,0.15858792297320476,,0.6450465892249772,0.1767095861065623,0,1,0,,,,True,,,,True
ArceJJ00,jj-arcega-whiteside-1,00-0035246,JJ Arcega-Whiteside,WR,2019,2,57,PHI,stanford,74.0,225.0,,,,,,,,,,,,,,,244862.0,3797811040.0,5914.0,2.0,2.0,40.0,0,0,0,False,skill_pass,False,True,False,False,61.82,0,0,True,,,,28.885135135135137,-0.028074387736971164,0.20515366719676795,,,,,,,,,,0.38897351085992793,0,1,0,1.0,15510.005799184846,0.024152379707753757,False,,,,True
SamxP.20,pk-sam-1,00-0022741,P.K. Sam,WR,2004,5,164,NWE,florida st.,75.0,210.0,4.54,34.5,,,7.04,,,,,,,,,,,,,0.0,0.0,2.0,0,0,0,False,skill_pass,False,True,False,True,14.28,0,1,True,98.86120028371501,,,26.245333333333335,0.3698495427957216,-0.38763819764006335,-0.37622610328222894,0.04176285752222043,,,0.05530704924759519,,0.10718323342190811,,,-0.8961450485607715,0,1,0,,,,True,,,,True
AkinJo00,jordan-akins-1,00-0034364,Jordan Akins,TE,2018,3,98,HOU,central florida,75.0,249.0,,,,,,,,,,,,,,,12142332.0,135152347515.0,224.0,16.0,14.0,107.0,0,0,1,False,skill_pass,False,True,False,False,39.66,0,0,True,,,,31.119466666666668,0.3698495427957216,1.153620650935698,,,,,,,,,,1.476699459493715,0,0,1,1.0,11130.67469370793,1.844785663907065e-05,False,,,,True
QuinBr00,brady-quinn-1,00-0025409,Brady Quinn,QB,2007,1,22,CLE,notre dame,76.0,232.0,4.73,,,24.0,,,,,,,,,,,,,,2.0,3.0,24.0,0,0,1,False,skill_pass,False,True,False,True,84.61,1,0,True,92.69865174644347,,,28.236842105263158,0.7677734733284143,0.48178987078728924,0.5996188262776925,,,1.2079417149206249,,,-0.39103969718194864,,,0.07336898173849857,1,0,0,,,,True,,,,True
HillKa20,kahlil-hill-1,00-0021097,Kahlil Hill,WR,2002,6,184,ATL,iowa,74.0,200.0,4.65,35.0,,,,,,,,,,,,,,,,0.0,0.0,1.0,0,0,0,False,skill_pass,False,True,False,True,9.09,0,1,True,85.55554847048667,,,25.675675675675677,-0.028074387736971164,-0.7828327741979508,0.18873675067351547,0.18073236617374983,,,,,-0.9685374363444043,,,-1.1734680005612959,0,1,0,,,,True,,,,True
NickHa01,hakeem-nicks-1,00-0027005,Hakeem Nicks,WR,2009,1,29,NYG,north carolina,73.0,212.0,4.51,36.0,,,,,,,,,,,,,,,,40.0,37.0,92.0,0,0,4,False,skill_pass,False,True,False,True,79.77,1,0,True,102.4848545488419,,,27.96697316569713,-0.4259983182696639,-0.3085992823284858,-0.5303068816337965,0.45867138347680864,,,,,0.4001444387653743,,,-0.05800966290473435,0,1,0,,,,True,,,,True
HarvPe00,percy-harvin-1,00-0026998,Percy Harvin,WR,2009,1,22,MIN,florida,71.0,192.0,4.39,,,19.0,,,,,,,,,,,,,,43.0,37.0,75.0,1,0,4,False,skill_pass,False,True,False,True,84.61,1,0,True,103.38871638274996,,,26.77563975401706,-1.2218461793350492,-1.098988435444261,-1.1466299950400618,,,0.24755660058742088,,,0.4732188639041067,,,-0.6379792184838873,0,1,0,,,,True,,,,True
BannAl00,,00-0020361,Alex Bannister,WR,2001,5,140,SEA,eastern kentucky,77.0,201.0,4.47,30.5,110.0,,,,,,,,,,,,,,,1.0,1.0,59.0,1,0,0,False,skill_pass,False,True,False,True,22.04,0,1,True,100.6922303260915,70.25,,23.83251813121943,1.165697403861107,-0.7433133165421622,-0.7357479194358849,-1.0699932116900148,-1.0873058900213435,,,,0.2552163317770938,-1.164983147509489,,-2.070761110483511,0,1,0,,,,True,,,,True
HenrMa00,marcus-henry-1,00-0026311,Marcus Henry,WR,2008,6,171,NYJ,kansas,76.0,207.0,4.55,31.5,126.0,,7.08,4.3,,,,,,,,,,,,,,,0,0,0,False,skill_pass,True,True,False,True,12.33,0,1,True,96.59502394758928,78.75,5.6899999999999995,25.19407894736842,0.7677734733284143,-0.5061965706074296,-0.32486584383170797,-0.7920541943869559,1.116825506945001,,0.22847717917332883,0.2691439675818265,-0.07603009278899758,0.5099581441853538,0.2757990545834882,-1.4079207891310686,0,1,0,,,,True,,,,True
BrinAl00,alex-brink-1,00-0026363,Alex Brink,QB,2008,7,223,HOU,washington st.,74.0,211.0,4.96,28.0,112.0,,7.22,4.19,,,,,,,,,,,,,,,0,0,0,False,skill_pass,True,True,False,True,2.33,0,1,True,69.72455400987093,70.0,5.705,27.08783783783784,-0.028074387736971164,-0.3481187399842746,1.7809047936396978,-1.7648407549476617,-0.8117894654005504,,0.8345726339133946,-0.40741375544907726,-2.248424224551922,-1.2142461266769844,0.3610100241161422,-0.48599373553595776,1,0,0,,,,True,,,,True
ParkSa00,samie-parker-1,00-0022754,Samie Parker,WR,2004,4,105,KAN,oregon,70.0,179.0,4.39,36.0,,,,,,,,,,,,,,,,13.0,13.0,47.0,0,0,2,False,skill_pass,False,True,False,True,36.37,0,0,True,96.38843871100127,,,25.681020408163267,-1.619770109867742,-1.6127413849695147,-1.1466299950400618,0.45867138347680864,,,,,-0.0927318682589788,,,-1.1708660571463576,0,1,0,,,,True,,,,True
AingEr00,erik-ainge-1,00-0026302,Erik Ainge,QB,2008,5,162,NYJ,tennessee,77.0,225.0,4.98,21.5,108.0,,7.51,4.6,,,,,,,,,,,,,,,0,0,0,False,skill_pass,True,True,False,True,14.86,0,1,True,73.16361280927366,64.75,6.055,26.678191937932198,1.165697403861107,0.20515366719676795,1.8836253125407443,-3.571444367417544,-1.3628223146421365,,2.0900560758749624,2.1143013940297544,-1.9703869899249593,-2.248768689194387,2.349265979877992,-0.6854191425494722,1,0,0,,,,True,,,,True
EndeNa00,nathan-enderle-1,00-0028098,Nathan Enderle,QB,2011,5,160,CHI,idaho,76.0,240.0,5.12,25.5,102.0,,7.13,4.46,,,,,,,,,,,,,,,0,0,0,False,skill_pass,True,True,False,True,15.46,0,1,True,69.84919309616089,63.75,5.795,29.210526315789473,0.7677734733284143,0.7979455320335993,2.602668944848052,-2.4596882982053088,-2.1893715885045157,,0.44493984158049493,1.2532279283540562,-2.2383475411045466,-2.445820605864369,0.8722758413120462,0.5473817084167597,1,0,0,,,,True,,,,True
LloyBr00,brandon-lloyd-1,00-0022097,Brandon Lloyd,WR,2003,4,124,SFO,illinois,72.0,184.0,4.62,36.0,,,,,,,,,,,,,,,,41.0,11.0,142.0,1,0,6,False,skill_pass,False,True,False,True,28.15,0,0,True,80.7755486314685,,,24.95216049382716,-0.8239222488023566,-1.4151440966905708,0.03465597232194799,0.45867138347680864,,,,,-1.3549855939009872,,,-1.5256924696792165,0,1,0,,,,True,,,,True
TantJa00,jay-tant-1,00-0019486,Jay Tant,TE,2000,5,164,ARI,northwestern,75.0,255.0,4.75,,,31.0,,,,,,,,,,,,,,0.0,0.0,5.0,0,0,0,False,skill_pass,False,True,False,True,14.28,0,1,True,100.18339331343375,,,31.869333333333334,0.3698495427957216,1.3907373968704306,0.7023393451787344,,,2.5524808749871104,,,0.21407843791503595,,,1.8417524607328666,0,0,1,,,,True,,,,True
FranWi00,william-franklin-1,00-0026245,Will Franklin,WR,2008,4,105,KAN,missouri,72.0,214.0,4.37,34.5,,,,,,,,,,,,,,,,1.0,1.0,13.0,0,0,0,False,skill_pass,False,True,False,True,36.37,0,0,True,117.35943800011998,,,29.020447530864196,-0.8239222488023566,-0.22956036701690832,-1.2493505139411039,0.04176285752222043,,,,,1.602708364028761,,,0.4548468165575002,0,1,0,,,,True,,,,True
RuckMa00,martin-rucker-1,00-0026251,Martin Rucker,TE,2008,4,111,CLE,missouri,77.0,251.0,4.75,,,20.0,,,,,,,,,,,,,,0.0,0.0,12.0,0,0,0,False,skill_pass,False,True,False,True,33.66,0,0,True,98.61188910459558,,,29.761005228537694,1.165697403861107,1.2326595662472755,0.7023393451787344,,,0.43963362345406165,,,0.08702719805083727,,,0.815367989379069,0,0,1,,,,True,,,,True
ShieAr00,,00-0026265,Arman Shields,WR,2008,4,125,OAK,richmond,73.0,194.0,4.37,37.5,128.0,19.0,6.67,3.96,,,,,,,,,,,,,,,0,0,0,False,skill_pass,True,False,False,True,27.74,0,0,True,106.39126622440783,82.75,5.3149999999999995,25.59241884030775,-0.4259983182696639,-1.0199495201326834,-1.2493505139411039,0.8755799094313969,1.392341931565794,0.24755660058742088,-1.54651665256544,-1.8220344490591587,0.7159657035188184,1.2981658108652798,-1.8544751837327818,-1.2139994163126322,0,1,0,,,,True,,,,True
HardDa00,daniel-hardy-1,00-0028176,Daniel Hardy,TE,2011,7,238,TAM,idaho,76.0,249.0,4.78,,,18.0,,,,,,,,,,,81520.0,912884271.0,12.0,,,,0,0,0,False,skill_pass,True,True,False,False,0.91,0,1,True,95.39327439828241,,,30.30592105263158,0.7677734733284143,1.153620650935698,0.856420123530302,,,0.05547957772078011,,,-0.17318781555358345,,,1.0806460259298045,0,0,1,1.0,11198.285954367026,0.00014720314033366046,False,,,,True
MurpLo00,louis-murphy-1,00-0027089,Louis Murphy,WR,2009,4,124,OAK,florida,74.0,203.0,4.32,,,12.0,,,,,,,,,,,,,,19.0,11.0,95.0,0,0,1,False,skill_pass,False,True,False,True,28.15,0,0,True,116.5711407169375,,,26.06081081081081,-0.028074387736971164,-0.6642744012305847,-1.5061518111937133,,,-1.0969825594790645,,,1.5389769742897814,,,-0.9859750191907499,0,1,0,,,,True,,,,True
BeckTr00,travis-beckum-1,00-0027070,Travis Beckum,TE,2009,3,100,NYG,wisconsin,75.0,243.0,4.61,,,28.0,,,,,,,,,,,,,,2.0,2.0,48.0,0,0,0,False,skill_pass,False,True,False,True,38.71,0,0,True,107.60502870953519,,,30.3696,0.3698495427957216,0.9165039050009656,-0.01670428712857299,,,1.9762498063871878,,,0.8140946348756682,,,1.111646458254562,0,0,1,,,,True,,,,True
JackDe00,desean-jackson-1,00-0026189,DeSean Jackson,WR,2008,2,49,PHI,california,70.0,169.0,4.35,,120.0,,,,,,,,,,,,,,,75.0,52.0,183.0,3,0,11,False,skill_pass,False,True,False,True,66.72,0,0,True,94.39732171338613,,,24.246326530612244,-1.619770109867742,-2.0079359615274024,-1.3520710328421504,,0.2902762330826218,,,,-0.25370750029289424,,,-1.8693092993131035,0,1,0,,,,True,,,,True
SweeLi00,limas-sweed-1,00-0026193,Limas Sweed,WR,2008,2,53,PIT,texas,76.0,215.0,4.48,35.0,,,,,,,,,,,,,,,,1.0,1.0,20.0,0,0,0,False,skill_pass,False,True,False,True,64.24,0,0,True,106.74717723206147,,,26.167763157894736,0.7677734733284143,-0.1900409093611196,-0.6843876599853594,0.18073236617374983,,,,,0.7447400043125417,,,-0.9339080624528073,0,1,0,,,,True,,,,True
AverDo00,donnie-avery-1,00-0026173,Donnie Avery,WR,2008,2,33,STL,houston,71.0,192.0,4.43,,,16.0,,,,,,,,,,,,,,21.0,8.0,77.0,0,0,4,False,skill_pass,False,True,False,True,77.06,0,0,True,99.70485803872485,,,26.77563975401706,-1.2218461793350492,-1.098988435444261,-0.9411889572379735,,,-0.32867446801250144,,,0.17539034555830607,,,-0.6379792184838873,0,1,0,,,,True,,,,True
MathJe00,,00-0023549,Jerome Mathis,WR,2005,4,114,HOU,hampton,71.0,181.0,4.28,35.5,123.0,,,,,,,,,,,,,,,4.0,4.0,17.0,1,1,0,False,skill_pass,False,True,False,True,32.34,0,0,True,107.87815107859535,79.25,,25.241618726443168,-1.2218461793350492,-1.533702469657937,-1.7115928489958019,0.31970187482527923,0.7035508700138113,,,,0.836175731081828,0.6084841025203445,,-1.3847772893584656,0,1,0,,,,True,,,,True
SaubEr00,,00-0033576,Eric Saubert,TE,2017,5,174,ATL,drake,77.0,253.0,,33.0,121.0,22.0,,,,,,,,,,,,,,2.0,0.0,112.0,0,0,0,False,skill_pass,False,True,False,True,11.54,0,1,True,,77.0,,29.998144712430427,1.165697403861107,1.311698481558853,,-0.37514566843236774,0.4280344453930183,0.8237876691873433,,,,0.16511729001288614,,0.9308131533735733,0,0,1,,,,True,,,,True
JohnTe00,teyo-johnson-1,00-0022051,Teyo Johnson,TE,2003,2,63,OAK,stanford,77.0,247.0,4.61,33.5,,,,,,,,,,,,,,,,2.0,2.0,30.0,0,0,0,False,skill_pass,False,True,False,True,58.27,0,0,True,109.37630490228473,,,29.286726260752236,1.165697403861107,1.0745817356241205,-0.01670428712857299,-0.23617615978083836,,,,,0.9572968198683142,,,0.5844776613900636,0,0,1,,,,True,,,,True
SmitAl02,alex-smith-2,00-0023506,Alex Smith,TE,2005,3,71,TAM,stanford,76.0,258.0,4.88,,,28.0,,,,,,,,,,,,,,11.0,10.0,124.0,0,0,3,False,skill_pass,False,True,False,True,53.7,0,0,True,90.9851286751018,,,31.401315789473685,0.7677734733284143,1.509295769837797,1.370022718035521,,,1.9762498063871878,,,-0.5295727214815269,,,1.6139103434428492,0,0,1,,,,True,,,,True
AndeSc00,,00-0020370,Scotty Anderson,WR,2001,5,148,DET,grambling st.,74.0,184.0,4.57,34.5,115.0,,,,,,,,,,,,,,,8.0,8.0,34.0,0,0,0,False,skill_pass,False,True,False,True,19.27,0,1,True,84.36902269353456,74.75,,23.62162162162162,-0.028074387736971164,-1.4151440966905708,-0.22214532493066147,0.04176285752222043,-0.3985148284693608,,,,-1.0644643643442009,-0.2782495224945722,,-2.17343056787088,0,1,0,,,,True,,,,True
SeidMi00,mike-seidman-1,00-0022129,Mike Seidman,TE,2003,3,76,CAR,ucla,76.0,261.0,4.8,,,20.0,,,,,,,,,,,,,,1.0,1.0,43.0,0,0,0,False,skill_pass,False,True,False,True,50.94,0,0,True,98.33441840277779,,,31.76644736842105,0.7677734733284143,1.6278541428051632,0.9591406424313439,,,0.43963362345406165,,,0.0645945526314512,,,1.7916651159471961,0,0,1,,,,True,,,,True
AnelMa20,mark-anelli-1,00-0021308,Mark Anelli,TE,2002,6,201,SFO,wisconsin,76.0,262.0,4.8,,,18.0,,,,,,,,,,,,,,0.0,0.0,2.0,0,0,0,False,skill_pass,False,True,False,True,5.6,0,1,True,98.71117862654322,,,31.888157894736842,0.7677734733284143,1.6673736004609518,0.9591406424313439,,,0.05547957772078011,,,0.09505444786539385,,,1.8509167067819796,0,0,1,,,,True,,,,True
DugaRo00,ron-dugans-1,00-0019708,Ron Dugans,WR,2000,3,66,CIN,florida st.,73.0,206.0,4.58,,117.0,,,,,,,,,,,,,,,6.0,6.0,46.0,0,0,0,False,skill_pass,False,True,False,True,56.54,0,0,True,93.63437242482406,,,27.175455057234004,-0.4259983182696639,-0.5457160282632184,-0.1707850654801405,,-0.12299840384856776,,,,-0.3153895833062021,,,-0.443339580707367,0,1,0,,,,True,,,,True
WalkHu00,,00-0024389,Delanie Walker,WR,2006,6,175,SFO,central missouri st.,73.0,240.0,4.49,36.5,118.0,,,,,,,,,,,,,,,39.0,8.0,183.0,3,0,7,False,skill_pass,False,True,False,True,11.28,0,1,True,118.10162502821392,77.25,,31.66072433852505,-0.4259983182696639,0.7979455320335993,-0.6330274005348384,0.597640892128338,0.014759808461828759,,,,1.6627118826958684,0.21438026918038153,,1.7401966201742163,0,1,0,,,,True,,,,True
WillTr01,troy-williamson-1,00-0023442,Troy Williamson,WR,2005,1,7,MIN,south carolina,73.0,203.0,4.32,,,,6.99,,,,,,,,,,,,,8.0,8.0,49.0,0,0,1,False,skill_pass,False,True,False,True,95.47,1,0,True,116.5711407169375,,,26.77969600300244,-0.4259983182696639,-0.6642744012305847,-1.5061518111937133,,,,-0.1611556131595709,,1.5389769742897814,,,-0.6360045396086842,0,1,0,,,,True,,,,True
WillMi03,mike-williams-3,00-0023452,Mike Williams,WR,2005,1,10,DET,southern california,77.0,229.0,4.56,36.5,,,,,,,,,,,,,,,,12.0,4.0,56.0,0,0,2,False,skill_pass,False,True,False,True,93.25,1,0,True,105.92686212326053,,,27.15247090571766,1.165697403861107,0.363231497819923,-0.273505584381187,0.597640892128338,,,,,0.6784200727041202,,,-0.4545288145604653,0,1,0,,,,True,,,,True
JackJa01,jarious-jackson-1,00-0019682,Jarious Jackson,QB,2000,7,214,DEN,notre dame,72.0,226.0,4.68,,109.0,,,,,,,,,,,,,,,0.0,0.0,5.0,0,0,0,False,skill_pass,False,True,False,True,3.5,0,1,True,94.22258664116718,,,30.647762345679013,-0.8239222488023566,0.2446731248525567,0.34281752902507845,,-1.22506410233174,,,,-0.2678342887852972,,,1.2470625310521881,1,0,0,,,,True,,,,True
RoweJe00,jeff-rowe-1,00-0025538,Jeff Rowe,QB,2007,5,151,CIN,nevada,77.0,226.0,4.91,29.5,114.0,,7.16,4.42,,,,,,,,,,,,,,,0,0,0,False,skill_pass,True,True,False,True,18.27,0,1,True,77.77006578471843,71.75,5.79,26.796761679878564,1.165697403861107,0.2446731248525567,1.5241034963870883,-1.3479322289930735,-0.5362730407797573,,0.5748174390247961,1.0072069381609987,-1.597969557878075,-0.8694052725045167,0.8438721848011632,-0.6276965605522201,1,0,0,,,,True,,,,True
HamiJo20,joe-hamilton-1,00-0019579,Joe Hamilton,QB,2000,7,234,TAM,georgia tech,70.0,192.0,4.81,,106.0,,,,,,,,,,,,,,,0.0,0.0,1.0,0,0,0,False,skill_pass,False,True,False,True,1.23,0,1,True,71.73827323905358,,,27.54612244897959,-1.619770109867742,-1.098988435444261,1.010500901881865,,-1.6383387392629296,,,,-2.08562127221673,,,-0.2628898423295905,1,0,0,,,,True,,,,True
StanIs00,isaiah-stanback-1,00-0025490,Isaiah Stanback,QB,2007,4,103,DAL,washington,74.0,216.0,4.6,,,22.0,,,,,,,,,,,,,,0.0,0.0,22.0,0,0,0,False,skill_pass,False,True,False,True,37.29,0,0,True,96.48336019382438,,,27.72972972972973,-0.028074387736971164,-0.15052145170533082,-0.06806454657909854,,,0.8237876691873433,,,-0.0850577608562755,,,-0.1735054332517134,1,0,0,,,,True,,,,True
MannMa00,maurice-mann-1,00-0022819,Maurice Mann,WR,2004,5,149,CIN,nevada,73.0,191.0,4.57,34.0,118.0,,,,,,,,,,,,,,,0.0,,1.0,0,0,0,False,skill_pass,False,True,False,True,18.93,0,1,True,87.57871377426686,76.0,,25.196659786076186,-0.4259983182696639,-1.1385078931000496,-0.22214532493066147,-0.09720665112930897,0.014759808461828759,,,,-0.8049707981834181,-0.03193462665709535,,-1.4066643752139494,0,1,0,,,,True,,,,True
MellAa00,,00-0029896,Aaron Mellette,WR,2013,7,238,BAL,elon,74.0,217.0,4.54,33.5,123.0,9.0,7.11,4.41,,,,,,,,,,,,,,,0,0,0,False,skill_pass,True,False,False,True,0.91,0,1,True,102.1565736265055,78.25,5.76,27.85810810810811,-0.028074387736971164,-0.11100199404954207,-0.37622610328222894,-0.23617615978083836,0.7035508700138113,-1.6732136280789869,0.35835477661763,0.9457016906127357,0.3736039446502256,0.411432185850363,0.6734502457358602,-0.11100777279486415,0,1,0,,,,True,,,,True
SassBu00,bud-sasser-1,,Bud Sasser,WR,2015,6,201,STL,missouri,,,,,,,,,1.0,1.0,40.0,1.0,0.0,,,,3102677.0,162313611003.0,1112.0,,,,0,0,0,False,skill_pass,True,True,True,False,5.6,0,1,True,,,,,,,,,,,,,,,,,0,1,0,1.0,52314.05363916386,0.00035840018152066746,False,,,,False
CromJo00,jonathan-crompton-1,00-0027767,Jonathan Crompton,QB,2010,5,168,SDG,tennessee,,,,,,,,,31786224.0,6612167384.0,401978892800.0,41427.0,22513.0,1643744.0,,21.0,,,,,,,0,0,0,False,skill_pass,True,True,True,False,13.15,0,1,True,,,,,,,,,,,,,,,,,1,0,0,,,,True,0.004807232206026078,60.79381683118021,1.8401368098432016,False
ColbKe00,keary-colbert-1,00-0022726,Keary Colbert,WR,2004,2,62,CAR,southern california,73.0,207.0,4.6,30.0,,,,,,,,,,,,,,,,14.0,13.0,75.0,0,0,3,False,skill_pass,False,True,False,True,58.86,0,0,True,92.46322018574837,,,27.307374741977856,-0.4259983182696639,-0.5061965706074296,-0.06806454657909854,-1.208962720341544,,,,,-0.41007360846341473,,,-0.37911792774026243,0,1,0,,,,True,,,,True
WarrPa00,paris-warren-2,00-0023657,Paris Warren,WR,2005,7,225,TAM,utah,72.0,219.0,4.71,31.5,,,,,,,,,,,,,,,,0.0,0.0,8.0,0,0,0,False,skill_pass,False,True,False,True,2.1,0,1,True,89.00009741225252,,,29.69849537037037,-0.8239222488023566,-0.03196307873796456,0.4968983073766459,-0.7920541943869559,,,,,-0.6900563407399518,,,0.7849366975969538,0,1,0,,,,True,,,,True
PortJe00,jerry-porter-1,00-0019703,Jerry Porter,WR,2000,2,47,OAK,west virginia,74.0,221.0,4.48,,,,,,,,,,,,,,,,,33.0,32.0,115.0,0,0,4,False,skill_pass,False,True,False,True,67.97,0,0,True,109.72616822458411,,,28.37162162162162,-0.028074387736971164,0.047075836573612945,-0.6843876599853594,,,,,,0.9855821840634296,,,0.13898286903253101,0,1,0,,,,True,,,,True
ButlBr00,brice-butler-1,00-0030516,Brice Butler,WR,2013,7,209,OAK,san diego st.,,,,,,,,,,,,,,,,,2091224.0,292112150347.0,2104.0,9.0,3.0,69.0,0,0,0,False,skill_pass,False,True,True,False,4.25,0,1,True,,,,,,,,,,,,,,,,,0,1,0,1.0,139684.77329401346,0.0010061093407497236,False,,,,True
JohnMa06,malcolm-johnson-2,00-0032068,Malcolm Johnson,TE,2015,6,195,CLE,mississippi st.,,,,,,,,,,,,,,,,,11103028.0,206171391380.0,3223.0,0.0,0.0,19.0,0,0,0,False,skill_pass,False,True,True,False,6.74,0,1,True,,,,,,,,,,,,,,,,,0,0,1,1.0,18568.933752125995,0.0002902811737482784,False,,,,True
OnobFe00,fendi-onobun-1,00-0027769,Fendi Onobun,TE,2010,6,170,STL,arizona,,,,,,,,,,,,,,,,,2.0,33.0,1.0,0.0,0.0,4.0,0,0,0,False,skill_pass,False,True,True,False,12.6,0,1,True,,,,,,,,,,,,,,,,,0,0,1,1.0,16.5,0.5,False,,,,True
BackKe00,kennard-backman-1,00-0031617,Kennard Backman,TE,2015,6,213,GNB,ala-birmingham,,,,,,,,,,,,,,,,,6232839.0,43235302399.0,423.0,0.0,0.0,7.0,0,0,0,False,skill_pass,False,True,True,False,3.64,0,1,True,,,,,,,,,,,,,,,,,0,0,1,1.0,6936.6948831824475,6.786634469460868e-05,False,,,,True
SoreBr00,,00-0030292,Brad Sorensen,QB,2013,7,221,SDG,southern utah,76.0,229.0,4.97,29.0,112.0,,7.17,4.55,,,,,,,,,,,,,,,0,0,0,False,skill_pass,True,True,False,True,2.57,0,1,True,75.06542072578071,70.5,5.859999999999999,27.87171052631579,0.7677734733284143,0.363231497819923,1.8322650530902187,-1.486901737644603,-0.8117894654005504,,0.6181099715062286,1.806775156288434,-1.8166317200269513,-1.1157201683419935,1.2415233759535302,-0.1043857907658485,1,0,0,,,,True,,,,True
PinkTo00,todd-pinkston-1,00-0019606,Todd Pinkston,WR,2000,2,36,PHI,southern miss,74.0,169.0,4.45,,,,,,,,,,,,,,,,,25.0,25.0,78.0,0,0,4,False,skill_pass,False,True,False,True,75.07,0,0,True,86.1939247595571,,,21.695945945945947,-0.028074387736971164,-2.0079359615274024,-0.8384684383369269,,,,,,-0.9169266938658541,,,-3.110895474723613,0,1,0,,,,True,,,,True
HernCh00,christopher-herndon-iv-1,00-0034766,Chris Herndon,TE,2018,4,107,NYJ,miami,76.0,253.0,,,,21.0,,,,,,,,,,,,,,6.0,6.0,49.0,0,0,2,False,skill_pass,False,True,False,True,35.45,0,0,True,,,,30.792763157894736,0.7677734733284143,1.311698481558853,,,,0.6317106463207024,,,,,,1.317652389268935,0,0,1,,,,True,,,,True
SpaeMa00,matt-spaeth-1,00-0025464,Matt Spaeth,TE,2007,3,77,PIT,minnesota,79.0,270.0,4.83,,,,,,,,,,,,,,,,,2.0,2.0,123.0,0,0,6,False,skill_pass,False,True,False,True,50.4,0,0,True,99.2213740096198,,,30.41339528921647,1.9615452649264924,1.983529261707262,1.1132214207829114,,,,,,0.13630216176161788,,,1.1329670509402971,0,0,1,,,,True,,,,True
GardRo00,rod-gardner-1,00-0020525,Rod Gardner,WR,2001,1,15,WAS,clemson,74.0,219.0,4.48,,,,,,,,,,,,,,,,,25.0,23.0,91.0,0,0,4,False,skill_pass,False,True,False,True,89.6,1,0,True,108.73317122707657,,,28.114864864864863,-0.028074387736971164,-0.03196307873796456,-0.6843876599853594,,,,,,0.9053014574798003,,,0.013987548118832571,0,1,0,,,,True,,,,True
MossSa00,santana-moss-1,00-0020494,Santana Moss,WR,2001,1,16,NYJ,miami,70.0,184.0,4.31,,,,,,,,,,,,,,,,,72.0,23.0,197.0,1,0,9,False,skill_pass,False,True,False,True,88.88,1,0,True,106.64456768352578,,,26.398367346938777,-1.619770109867742,-1.4151440966905708,-1.557512070644239,,,,,,0.7364443406483611,,,-0.8216444360629855,0,1,0,,,,True,,,,True
RussJa00,jamarcus-russell-1,00-0025388,JaMarcus Russell,QB,2007,1,1,OAK,louisiana state,77.0,265.0,4.83,,,,,,,,,,,,,,,,,6.0,6.0,31.0,0,0,2,False,skill_pass,False,True,False,True,100.0,1,0,True,97.3839411575898,,,31.42098161578681,1.165697403861107,1.785931973428318,1.1132214207829114,,,,,,-0.012248583890034337,,,1.6234841373405926,1,0,0,,,,True,,,,True
JohnCa00,calvin-johnson-1,00-0025389,Calvin Johnson,WR,2007,1,2,DET,georgia tech,77.0,239.0,4.35,,,,,,,,,,,,,,,,,78.0,78.0,135.0,6,3,9,True,skill_pass,False,True,False,True,99.24,1,0,True,133.49680407987742,,,28.33816832518131,1.165697403861107,0.7584260743778105,-1.3520710328421504,,,,,,2.9073643471593593,,,0.12269700541204966,0,1,0,,,,True,,,,True
RobiAd00,adrien-robinson-1,00-0029281,Adrien Robinson,TE,2012,4,127,NYG,cincinnati,,,,,,,,,,,,,,,,,110612.0,1217465183.0,113.0,0.0,0.0,19.0,0,0,0,False,skill_pass,False,True,True,False,26.94,0,0,True,,,,,,,,,,,,,,,,,0,0,1,1.0,11006.628421871044,0.0010215889776877735,False,,,,True
JacoTa00,taylor-jacobs-1,00-0022124,Taylor Jacobs,WR,2003,2,44,WAS,florida,72.0,205.0,4.42,,,,,,,,,,,,,,,,,2.0,2.0,56.0,0,0,0,False,skill_pass,False,True,False,True,69.87,0,0,True,107.42238226371815,,,27.799961419753085,-0.8239222488023566,-0.5852354859190071,-0.9925492166884944,,,,,,0.7993282363720331,,,-0.13931496931351495,0,1,0,,,,True,,,,True
VickMi00,michael-vick-1,00-0020245,Michael Vick,QB,2001,1,1,ATL,virginia tech,72.0,210.0,4.33,,,,,,,,,,,,,,,,,92.0,60.0,143.0,4,0,7,False,skill_pass,False,True,False,True,100.0,1,0,True,119.48068532251854,,,28.47800925925926,-0.8239222488023566,-0.38763819764006335,-1.4547915517431924,,,,,,1.7742046291062799,,,0.19077491172593866,1,0,0,,,,True,,,,True
RussCl00,cliff-russell-1,00-0021212,Cliff Russell,WR,2002,3,87,WAS,utah,71.0,185.0,4.36,,,,,,,,,,,,,,,,,0.0,0.0,23.0,0,0,0,False,skill_pass,False,True,False,True,45.13,0,0,True,102.38958128676666,,,25.799444554651856,-1.2218461793350492,-1.3756246390347822,-1.3007107733916248,,,,,,0.39244189110149325,,,-1.1132143544949824,0,1,0,,,,True,,,,True
TerrDa00,david-terrell-1,00-0020513,David Terrell,WR,2001,1,8,CHI,michigan,75.0,213.0,4.43,,,,,,,,,,,,,,,,,11.0,11.0,54.0,0,0,1,False,skill_pass,False,True,False,True,94.73,1,0,True,110.61007688671037,,,26.620266666666666,0.3698495427957216,-0.2690798246726971,-0.9411889572379735,,,,,,1.0570434571661416,,,-0.7136185479411966,0,1,0,,,,True,,,,True
WaynRe00,reggie-wayne-1,00-0020498,Reggie Wayne,WR,2001,1,30,IND,miami,72.0,198.0,4.45,,,,,,,,,,,,,,,,,116.0,116.0,211.0,6,1,13,False,skill_pass,False,True,False,True,79.09,1,0,True,100.98459823900774,,,26.850694444444443,-0.8239222488023566,-0.8618716895095284,-0.8384684383369269,,,,,,0.2788533704968167,,,-0.6014408027687493,0,1,0,,,,True,,,,True
HeapTo00,todd-heap-1,00-0020516,Todd Heap,TE,2001,1,31,BAL,arizona st.,77.0,252.0,4.68,,,,,,,,,,,,,,,,,43.0,42.0,145.0,2,0,8,False,skill_pass,False,True,False,True,78.41,1,0,True,105.06235324590324,,,29.87957497048406,1.165697403861107,1.2721790239030644,0.34281752902507845,,,,,,0.6085272120142631,,,0.8730905713763212,0,0,1,,,,True,,,,True
RatlDa00,damion-ratley-1,00-0034273,Damion Ratley,WR,2018,6,175,CLE,texas a&m,,,,,,,,,,,,,,,,,15230.0,20026694.0,206.0,4.0,3.0,31.0,0,0,0,False,skill_pass,False,True,True,False,11.28,0,1,True,,,,,,,,,,,,,,,,,0,1,0,1.0,1314.9503611293499,0.013525935653315824,False,,,,True
RandAn00,antwaan-randle-el-1,00-0021190,Antwaan Randle El,WR,2002,2,62,PIT,indiana,70.0,191.0,4.49,,,,,,,,,,,,,,,,,43.0,28.0,143.0,0,0,4,False,skill_pass,False,True,False,True,58.86,0,0,True,93.98920991828692,,,27.40265306122449,-1.619770109867742,-1.1385078931000496,-0.6330274005348384,,,,,,-0.2867020728043437,,,-0.33273416654626425,0,1,0,,,,True,,,,True
HamiDe20,derrick-hamilton-1,00-0022853,Derrick Hamilton,WR,2004,3,77,SFO,clemson,75.0,196.0,4.54,,,,,,,,,,,,,,,,,0.0,0.0,2.0,0,0,0,False,skill_pass,False,True,False,True,50.4,0,0,True,92.270453598134,,,24.495644444444444,0.3698495427957216,-0.9409106048211059,-0.37622610328222894,,,,,,-0.4256581890347281,,,-1.7479353847854597,0,1,0,,,,True,,,,True
SmitTr02,troy-smith-1,00-0025561,Troy Smith,QB,2007,5,174,BAL,ohio st.,72.0,225.0,4.72,,,,,,,,,,,,,,,,,6.0,2.0,20.0,0,0,0,False,skill_pass,False,True,False,True,11.54,0,1,True,90.66601321030217,,,30.51215277777778,-0.8239222488023566,0.20515366719676795,0.5482585668271669,,,,,,-0.5553722167896612,,,1.1810445548442978,1,0,0,,,,True,,,,True
MassTi20,tim-massaquoi-1,00-0024458,Tim Massaquoi,TE,2006,7,244,TAM,michigan,75.0,259.0,4.85,,,32.0,,,,,,,,,,,,,,0.0,,11.0,0,0,0,False,skill_pass,False,True,False,True,0.53,0,1,True,93.61874293319973,,,32.36924444444445,0.3698495427957216,1.5488152274935856,1.2159419396839533,,,2.744557897853751,,,-0.31665317921523717,,,2.085121128225636,0,0,1,,,,True,,,,True
MorgQu00,quincy-morgan-1,00-0020427,Quincy Morgan,WR,2001,2,33,CLE,kansas st.,73.0,211.0,4.48,,,,,,,,,,,,,,,,,20.0,17.0,86.0,0,0,4,False,skill_pass,False,True,False,True,77.06,0,0,True,104.76118323704637,,,27.835053480953274,-0.4259983182696639,-0.3481187399842746,-0.6843876599853594,,,,,,0.584178551145282,,,-0.12223131587184066,0,1,0,,,,True,,,,True
WrigJa03,james-wright-4,00-0031291,James Wright,WR,2014,7,239,CIN,louisiana state,,,,,,,,,,,,,,,,,2518.0,2141242.0,0.0,2.0,2.0,24.0,0,0,0,False,skill_pass,False,True,True,False,0.84,0,1,True,,,,,,,,,,,,,,,,,0,1,0,1.0,850.3741064336775,0.0,False,,,,True
KentJo20,jordan-kent-1,00-0025597,Jordan Kent,WR,2007,6,210,SEA,oregon,76.0,217.0,4.49,,,,,,,,,,,,,,,,,0.0,0.0,14.0,0,0,0,False,skill_pass,False,True,False,True,4.09,0,1,True,106.78355262967675,,,26.411184210526315,0.7677734733284143,-0.11100199404954207,-0.6330274005348384,,,,,,0.7476808423590338,,,-0.815404880783242,0,1,0,,,,True,,,,True
WashKe00,kelley-washington-1,00-0022171,Kelley Washington,WR,2003,3,65,CIN,tennessee,74.0,223.0,4.42,,,,,,,,,,,,,,,,,13.0,7.0,91.0,0,0,0,False,skill_pass,False,True,False,True,57.11,0,0,True,116.8545914380934,,,28.62837837837838,-0.028074387736971164,0.12611475188519045,-0.9925492166884944,,,,,,1.561893085720295,,,0.26397818994622946,0,1,0,,,,True,,,,True
ByrdDo00,dominique-byrd-1,00-0024308,Dominique Byrd,TE,2006,3,93,STL,southern california,75.0,255.0,4.79,,,,,,,,,,,,,,,,,0.0,0.0,17.0,0,0,0,False,skill_pass,False,True,False,True,42.1,0,0,True,96.87865984597897,,,31.869333333333334,0.3698495427957216,1.3907373968704306,0.9077803829808229,,,,,,-0.05309901035362324,,,1.8417524607328666,0,0,1,,,,True,,,,True
KellMa01,malcolm-kelly-1,00-0026191,Malcolm Kelly,WR,2008,2,51,WAS,oklahoma,76.0,224.0,4.68,,,,,,,,,,,,,,,,,3.0,3.0,21.0,0,0,1,False,skill_pass,False,True,False,True,65.47,0,0,True,93.38875844080287,,,27.263157894736842,0.7677734733284143,0.1656342095409792,0.34281752902507845,,,,,,-0.3352467119237246,,,-0.4006437449397626,0,1,0,,,,True,,,,True
DoucEa00,early-doucet-1,00-0026221,Early Doucet,WR,2008,3,81,ARI,louisiana state,72.0,209.0,4.59,,,,,,,,,,,,,,,,,10.0,10.0,54.0,0,0,0,False,skill_pass,False,True,False,True,48.25,0,0,True,94.17281221254882,,,28.342399691358025,-0.8239222488023566,-0.4271576552958521,-0.11942480602961951,,,,,,-0.2718583969193571,,,0.12475693551804828,0,1,0,,,,True,,,,True
MossSi00,sinorice-moss-1,00-0024259,Sinorice Moss,WR,2006,2,44,NYG,miami,68.0,185.0,4.38,,,,,,,,,,,,,,,,,4.0,4.0,37.0,0,0,0,False,skill_pass,False,True,False,True,69.87,0,0,True,100.5322221050571,,,28.126081314878892,-2.4156179709331274,-1.3756246390347822,-1.197990254490583,,,,,,0.24228016351451231,,,0.019447983850789562,0,1,0,,,,True,,,,True
RobiMi00,michael-robinson-1,00-0024315,Michael Robinson,WR,2006,4,100,SFO,penn st.,73.0,227.0,4.57,,,,,,,,,,,,,,,,,7.0,4.0,112.0,1,0,1,False,skill_pass,False,True,False,True,38.71,0,0,True,104.0856964751758,,,29.945768436854944,-0.4259983182696639,0.28419258250834545,-0.22214532493066147,,,,,,0.529567542072034,,,0.9053151316018464,0,1,0,,,,True,,,,True
DixoDe00,dennis-dixon-1,00-0026296,Dennis Dixon,QB,2008,5,156,PIT,oregon,75.0,195.0,4.58,,,,,,,,,,,,,,,,,2.0,2.0,4.0,0,0,0,False,skill_pass,False,True,False,True,16.68,0,1,True,88.63447875165386,,,24.370666666666665,0.3698495427957216,-0.9804300624768947,-0.1707850654801405,,,,,,-0.719615475157345,,,-1.8087775516586526,1,0,0,,,,True,,,,True
SchoMa00,matt-schobel-1,00-0021084,Matt Schobel,TE,2002,3,67,CIN,texas christian,77.0,263.0,,34.5,,,,,,,,,,,,,,,,11.0,8.0,99.0,0,0,1,False,skill_pass,False,True,False,True,55.96,0,0,True,,,,31.18384213189408,1.165697403861107,1.7068930581167405,,0.04176285752222043,,,,,,,,1.50803897334609,0,0,1,,,,True,,,,True
ClemKe00,kellen-clemens-1,00-0024264,Kellen Clemens,QB,2006,2,49,NYJ,oregon,74.0,224.0,4.89,,,,,,,,,,,,,,,,,10.0,3.0,64.0,0,0,2,False,skill_pass,False,True,False,True,66.72,0,0,True,78.35064526614207,,,28.756756756756758,-0.028074387736971164,0.1656342095409792,1.4213829774860418,,,,,,-1.5510315079894776,,,0.3264758504030787,1,0,0,,,,True,,,,True
HolmSa00,santonio-holmes-1,00-0024240,Santonio Holmes,WR,2006,1,25,PIT,ohio st.,71.0,188.0,4.35,,,,,,,,,,,,,,,,,47.0,35.0,112.0,0,0,6,False,skill_pass,False,True,False,True,82.52,1,0,True,105.01003835571949,,,26.217813925808372,-1.2218461793350492,-1.257066266067416,-1.3520710328421504,,,,,,0.6042977154441463,,,-0.9095421533473704,0,1,0,,,,True,,,,True
MorgJo00,josh-morgan-2,00-0026314,Josh Morgan,WR,2008,6,174,SFO,virginia tech,72.0,219.0,4.46,,,,,,,,,,,,,,,,,21.0,13.0,93.0,0,0,5,False,skill_pass,False,True,False,True,11.54,0,1,True,110.69670036136874,,,29.69849537037037,-0.8239222488023566,-0.03196307873796456,-0.7871081788864059,,,,,,1.0640466963523905,,,0.7849366975969538,0,1,0,,,,True,,,,True
LeinMa00,matt-leinart-1,00-0024225,Matt Leinart,QB,2006,1,10,ARI,southern california,77.0,223.0,4.9,,,,,,,,,,,,,,,,,12.0,12.0,33.0,0,0,1,False,skill_pass,False,True,False,True,93.25,1,0,True,77.3660703986139,,,26.44105245403947,1.165697403861107,0.12611475188519045,1.4727432369365674,,,,,,-1.6306313314930136,,,-0.8008643065439749,1,0,0,,,,True,,,,True
JohnBr02,bryant-johnson-1,00-0022156,Bryant Johnson,WR,2003,1,17,ARI,penn st.,74.0,214.0,4.57,,,,,,,,,,,,,,,,,26.0,18.0,139.0,0,0,4,False,skill_pass,False,True,False,True,88.16,1,0,True,98.12484161095868,,,27.472972972972972,-0.028074387736971164,-0.22956036701690832,-0.22214532493066147,,,,,,0.047650919202010006,,,-0.29850075416541183,0,1,0,,,,True,,,,True
GrosRe00,rex-grossman-1,00-0022121,Rex Grossman,QB,2003,1,22,CHI,florida,73.0,217.0,5.06,,,,,,,,,,,,,,,,,23.0,16.0,54.0,0,0,3,False,skill_pass,False,True,False,True,84.61,1,0,True,66.20452319987974,,,28.6265715894164,-0.4259983182696639,-0.11100199404954207,2.2945073881449165,,,,,,-2.5330077950281313,,,0.263098601930792,1,0,0,,,,True,,,,True
LeftBy00,byron-leftwich-1,00-0022177,Byron Leftwich,QB,2003,1,7,JAX,marshall,77.0,241.0,4.85,,,,,,,,,,,,,,,,,33.0,30.0,60.0,0,0,3,False,skill_pass,False,True,False,True,95.47,1,0,True,87.11242103050631,,,28.575307809074044,1.165697403861107,0.837464989689388,1.2159419396839533,,,,,,-0.84266911989409,,,0.23814216940655403,1,0,0,,,,True,,,,True
TaylRy00,ryan-taylor-1,00-0028156,Ryan Taylor,TE,2011,7,218,GNB,north carolina,,,,,,,,,,,,,,,,,36.0,330.0,2.0,0.0,0.0,58.0,0,0,0,False,skill_pass,False,True,True,False,2.95,0,1,True,,,,,,,,,,,,,,,,,0,0,1,1.0,9.166666666666666,0.05555555555555555,False,,,,True
McMuBi00,billy-mcmullen-1,00-0022135,Billy McMullen,WR,2003,3,95,PHI,virginia,76.0,210.0,4.61,,,,,,,,,,,,,,,,,5.0,2.0,49.0,0,0,0,False,skill_pass,False,True,False,True,41.12,0,0,True,92.9920001193514,,,25.55921052631579,0.7677734733284143,-0.38763819764006335,-0.01670428712857299,,,,,,-0.36732339131366737,,,-1.2301660166267196,0,1,0,,,,True,,,,True
WattDa00,darius-watts-1,00-0022751,Darius Watts,WR,2004,2,54,DEN,marshall,73.0,188.0,4.5,,,,,,,,,,,,,,,,,4.0,4.0,22.0,0,0,0,False,skill_pass,False,True,False,True,63.63,0,0,True,91.69333942996495,,,24.800900731844624,-0.4259983182696639,-1.257066266067416,-0.5816671410843175,,,,,,-0.47231607909744777,,,-1.599329334115265,0,1,0,,,,True,,,,True
YounVi00,vince-young-1,00-0024218,Vince Young,QB,2006,1,3,TEN,texas,77.0,229.0,4.48,,,,,,,,,,,,,,,,,33.0,31.0,60.0,2,0,4,False,skill_pass,False,True,False,True,98.48,1,0,True,113.69815621461431,,,27.15247090571766,1.165697403861107,0.363231497819923,-0.6843876599853594,,,,,,1.3067050903979478,,,-0.4545288145604653,1,0,0,,,,True,,,,True
DaveRo01,rohan-davey-1,00-0021238,Rohan Davey,QB,2002,4,117,NWE,louisiana state,74.0,245.0,4.74,,,,,,,,,,,,,,,,,0.0,0.0,7.0,0,0,0,False,skill_pass,False,True,False,True,31.05,0,0,True,97.0694822824852,,,31.4527027027027,-0.028074387736971164,0.995542820312543,0.6509790857282134,,,,,,-0.037671608367886925,,,1.6389267199969055,1,0,0,,,,True,,,,True
WeinCh00,chris-weinke-1,00-0020434,Chris Weinke,QB,2001,4,106,CAR,florida st.,76.0,226.0,5.2,,,,,,,,,,,,,,,,,9.0,9.0,29.0,0,0,1,False,skill_pass,False,True,False,True,35.91,0,0,True,61.819439095269765,,,27.50657894736842,0.7677734733284143,0.2446731248525567,3.0135510204522284,,,,,,-2.887528240640795,,,-0.2821405632701973,1,0,0,,,,True,,,,True
TateBr00,brandon-tate-1,00-0027057,Brandon Tate,WR,2009,3,83,NWE,north carolina,72.0,183.0,4.52,,,,,,,,,,,,,,,,,16.0,8.0,127.0,0,0,1,False,skill_pass,False,True,False,True,47.2,0,0,True,87.6854118479109,,,24.816550925925927,-0.8239222488023566,-1.4546635543463597,-0.4789466221832755,,,,,,-0.7963445899484309,,,-1.5917104458871068,0,1,0,,,,True,,,,True
TurnPa00,patrick-turner-1,00-0027059,Patrick Turner,WR,2009,3,87,MIA,southern california,77.0,223.0,4.59,,,,,,,,,,,,,,,,,1.0,0.0,24.0,0,0,0,False,skill_pass,False,True,False,True,45.13,0,0,True,100.48103886793486,,,26.44105245403947,1.165697403861107,0.12611475188519045,-0.11942480602961951,,,,,,0.23814215758358823,,,-0.8008643065439749,0,1,0,,,,True,,,,True
ArriAd00,adrian-arrington-1,00-0026377,Adrian Arrington,WR,2008,7,237,NOR,michigan,75.0,203.0,4.55,,,,,,,,,,,,,,,,,1.0,1.0,5.0,0,0,0,False,skill_pass,False,True,False,True,0.98,0,1,True,94.72845343652476,,,25.37048888888889,0.3698495427957216,-0.6642744012305847,-0.32486584383170797,,,,,,-0.2269365277771833,,,-1.3220402166731156,0,1,0,,,,True,,,,True
CrabMi00,michael-crabtree-1,00-0026986,Michael Crabtree,WR,2009,1,10,SFO,texas tech,73.0,215.0,4.54,,,,,,,,,,,,,,,,,53.0,33.0,143.0,0,0,10,False,skill_pass,False,True,False,True,93.25,1,0,True,101.21503838570821,,,28.36273221992869,-0.4259983182696639,-0.1900409093611196,-0.37622610328222894,,,,,,0.29748374144213424,,,0.1346552959965811,0,1,0,,,,True,,,,True
MaclJe00,jeremy-maclin-1,00-0026995,Jeremy Maclin,WR,2009,1,19,PHI,missouri,72.0,198.0,4.43,,,,,,,,,,,,,,,,,50.0,33.0,114.0,0,0,8,False,skill_pass,False,True,False,True,86.73,1,0,True,102.820634852435,,,26.850694444444443,-0.8239222488023566,-0.8618716895095284,-0.9411889572379735,,,,,,0.4272912345891167,,,-0.6014408027687493,0,1,0,,,,True,,,,True
McDoSh00,shaun-mcdonald-1,00-0021981,Shaun McDonald,WR,2003,4,106,STL,arizona st.,68.0,169.0,4.43,,,,,,,,,,,,,,,,,19.0,8.0,88.0,0,0,1,False,skill_pass,False,True,False,True,35.91,0,0,True,87.7610469195026,,,25.6935553633218,-2.4156179709331274,-2.0079359615274024,-0.9411889572379735,,,,,,-0.7902297290597999,,,-1.1647637416222372,0,1,0,,,,True,,,,True
RogeCh01,charles-rogers-1,00-0022072,Charles Rogers,WR,2003,1,2,DET,michigan st.,74.0,202.0,4.4,,,,,,,,,,,,,,,,,4.0,4.0,15.0,0,0,0,False,skill_pass,False,True,False,True,99.24,1,0,True,107.78806092480019,,,25.93243243243243,-0.028074387736971164,-0.7037938588863734,-1.0952697355895364,,,,,,0.8288922216423632,,,-1.0484726796475992,0,1,0,,,,True,,,,True
HendDe00,devery-henderson-1,00-0022929,Devery Henderson,WR,2004,2,50,NOR,louisiana state,71.0,198.0,4.41,,,,,,,,,,,,,,,,,36.0,36.0,124.0,0,0,6,False,skill_pass,False,True,False,True,66.09,0,0,True,104.69858881381253,,,27.612378496330095,-1.2218461793350492,-0.8618716895095284,-1.0439094761390153,,,,,,0.5791179862191961,,,-0.23063481618866163,0,1,0,,,,True,,,,True
CoffCh00,chase-coffman-1,00-0027069,Chase Coffman,TE,2009,3,98,CIN,missouri,78.0,244.0,4.83,,,,,,,,,,,,,,,,,0.0,0.0,39.0,0,0,0,False,skill_pass,False,True,False,True,39.66,0,0,True,89.66672317906382,,,28.1939513477975,1.5636213343937997,0.9560233626567542,1.1132214207829114,,,,,,-0.636161715626975,,,0.05248873671059354,0,0,1,,,,True,,,,True
PalmCa00,carson-palmer-1,00-0021429,Carson Palmer,QB,2003,1,1,CIN,southern california,77.0,232.0,4.65,,,,,,,,,,,,,,,,,107.0,60.0,182.0,3,0,12,False,skill_pass,False,True,False,True,100.0,1,0,True,99.24443622576453,,,27.508180131556756,1.165697403861107,0.48178987078728924,0.18873675067351547,,,,,,0.1381666703889102,,,-0.28136106856871046,1,0,0,,,,True,,,,True
GordRi00,richard-gordon-1,00-0028119,Richard Gordon,TE,2011,6,181,OAK,miami,,,,,,,,,,,,,,,,,136.0,82430.0,0.0,0.0,0.0,35.0,0,0,0,False,skill_pass,False,True,True,False,9.8,0,1,True,,,,,,,,,,,,,,,,,0,0,1,1.0,606.1029411764706,0.0,False,,,,True
IngrCo00,,00-0026917,Cornelius Ingram,TE,2009,5,153,PHI,florida,76.0,245.0,4.68,33.0,,21.0,7.12,4.53,,,,,,,,,,,,,,,0,0,0,False,skill_pass,True,True,False,True,17.63,0,1,True,102.14395454462814,,5.825,29.81907894736842,0.7677734733284143,0.995542820312543,0.34281752902507845,-0.37514566843236774,,0.6317106463207024,0.4016473090990625,1.683764661191908,0.3725837310297659,,1.0426977803773492,0.8436396625906738,0,0,1,,,,True,,,,True
TrouBe00,ben-troupe-1,00-0022916,Ben Troupe,TE,2004,2,40,TEN,florida,76.0,265.0,4.65,,,,,,,,,,,,,,,,,8.0,8.0,57.0,0,0,2,False,skill_pass,False,True,False,True,72.44,0,0,True,113.36110172339484,,,32.25328947368421,0.7677734733284143,1.785931973428318,0.18873675067351547,,,,,,1.279455280457642,,,2.0286714792863285,0,0,1,,,,True,,,,True
ThomMi04,michael-thomas-6,00-0033114,Mike Thomas,WR,2016,6,206,LAR,southern miss,,,,,,,,,,,,,,,,,64.0,4142.0,0.0,2.0,1.0,76.0,0,0,0,False,skill_pass,False,True,True,False,4.73,0,1,True,,,,,,,,,,,,,,,,,0,1,0,1.0,64.71875,0.0,False,,,,True
LeliAs00,ashley-lelie-1,00-0021152,Ashley Lelie,WR,2002,1,19,DEN,hawaii,75.0,197.0,4.49,,,,,,,,,,,,,,,,,35.0,30.0,107.0,0,0,4,False,skill_pass,False,True,False,True,86.73,1,0,True,96.94175054399226,,,24.620622222222224,0.3698495427957216,-0.9013911471653171,-0.6330274005348384,,,,,,-0.047998323151257107,,,-1.687093217912267,0,1,0,,,,True,,,,True
GageJu00,justin-gage-1,00-0021982,Justin Gage,WR,2003,5,143,CHI,missouri,76.0,217.0,4.45,,,,,,,,,,,,,,,,,25.0,6.0,100.0,0,0,3,False,skill_pass,False,True,False,True,20.98,0,1,True,110.67503948416504,,,26.411184210526315,0.7677734733284143,-0.11100199404954207,-0.8384684383369269,,,,,,1.0622954816309798,,,-0.815404880783242,0,1,0,,,,True,,,,True
BomaRh00,,00-0026916,Rhett Bomar,QB,2009,5,151,NYG,sam houston st.,74.0,225.0,4.7,,106.0,25.0,6.91,4.06,,,,,,,,,,,,,,,0,0,0,False,skill_pass,True,True,False,True,18.27,0,1,True,92.2191430136519,,5.484999999999999,28.885135135135137,-0.028074387736971164,0.20515366719676795,0.44553804792612495,,-1.6383387392629296,1.4000187377872655,-0.5074958730110382,-1.206981973576518,-0.4298064906046148,,-0.8887508623627398,0.38897351085992793,1,0,0,,,,True,,,,True
LawrQu00,,00-0027122,Quinten Lawrence,WR,2009,6,175,KAN,mcneese st.,72.0,184.0,4.4,,,20.0,,,,,,,,,,,,,,0.0,0.0,6.0,0,0,0,False,skill_pass,False,True,False,True,11.28,0,1,True,98.18318420872889,,,24.95216049382716,-0.8239222488023566,-1.4151440966905708,-1.0952697355895364,,,0.43963362345406165,,,0.052367737230186374,,,-1.5256924696792165,0,1,0,,,,True,,,,True
GibsBr00,brandon-gibson-1,00-0026937,Brandon Gibson,WR,2009,6,194,PHI,washington st.,72.0,210.0,4.59,,,,,,,,,,,,,,,,,17.0,0.0,76.0,0,0,3,False,skill_pass,False,True,False,True,6.94,0,1,True,94.62339983079067,,,28.47800925925926,-0.8239222488023566,-0.38763819764006335,-0.11942480602961951,,,,,,-0.23542978588343286,,,0.19077491172593866,0,1,0,,,,True,,,,True
SchiJa20,jake-schifino-1,00-0021264,Jake Schifino,WR,2002,5,151,TEN,akron,73.0,200.0,4.49,,,,,,,,,,,,,,,,,0.0,0.0,14.0,0,0,0,False,skill_pass,False,True,False,True,18.27,0,1,True,98.41802085684493,,,26.383936948770877,-0.4259983182696639,-0.7828327741979508,-0.6330274005348384,,,,,,0.07135355167528676,,,-0.8286694985099996,0,1,0,,,,True,,,,True
EverKe00,kevin-everett-1,00-0023521,Kevin Everett,TE,2005,3,86,BUF,miami,77.0,241.0,4.72,,,,,,,,,,,,,,,,,0.0,0.0,17.0,0,0,0,False,skill_pass,False,True,False,True,45.64,0,0,True,97.11337414970143,,,28.575307809074044,1.165697403861107,0.837464989689388,0.5482585668271669,,,,,,-0.03412308707318435,,,0.23814216940655403,0,0,1,,,,True,,,,True
HenrCh00,chris-henry-3,00-0023518,Chris Henry,WR,2005,3,83,CIN,west virginia,76.0,197.0,4.5,,,,,,,,,,,,,,,,,16.0,16.0,55.0,0,0,0,False,skill_pass,False,True,False,True,47.2,0,0,True,96.08291418991007,,,23.976973684210527,0.7677734733284143,-0.9013911471653171,-0.5816671410843175,,,,,,-0.11743257793270623,,,-2.0004366974788947,0,1,0,,,,True,,,,True
ParrRo00,roscoe-parrish-1,00-0023490,Roscoe Parrish,WR,2005,2,55,BUF,miami,70.0,168.0,4.37,,,,,,,,,,,,,,,,,14.0,14.0,90.0,0,0,0,False,skill_pass,False,True,False,True,63.03,0,0,True,92.13264291598203,,,24.102857142857143,-1.619770109867742,-2.047455419183191,-1.2493505139411039,,,,,,-0.43679975514410724,,,-1.9391536235297773,0,1,0,,,,True,,,,True
JohnMa04,manuel-johnson-1,00-0027149,Manuel Johnson,WR,2009,7,229,DAL,oklahoma,71.0,189.0,4.5,,,,,,,,,,,,,,,,,0.0,0.0,2.0,0,0,0,False,skill_pass,False,True,False,True,1.68,0,1,True,92.18106995884774,,,26.357270382860545,-1.2218461793350492,-1.2175468084116272,-0.5816671410843175,,,,,,-0.43288457896803195,,,-0.8416514196314993,0,1,0,,,,True,,,,True
FitzLa00,larry-fitzgerald-1,00-0022921,Larry Fitzgerald,WR,2004,1,3,ARI,pittsburgh,75.0,225.0,4.48,,,,,,,,,,,,,,,,,93.0,93.0,263.0,11,1,17,True,skill_pass,False,True,False,True,98.48,1,0,True,111.71216221959921,,,28.12,0.3698495427957216,0.20515366719676795,-0.6843876599853594,,,,,,1.1461436372306881,,,0.016487454537107857,0,1,0,,,,True,,,,True
MurpTe00,terrence-murphy-1,00-0023493,Terrence Murphy,WR,2005,2,58,GNB,texas a&m,73.0,202.0,4.39,,,,,,,,,,,,,,,,,0.0,0.0,3.0,0,0,0,False,skill_pass,False,True,False,True,61.22,0,0,True,108.7735453610182,,,26.647776318258586,-0.4259983182696639,-0.7037938588863734,-1.1466299950400618,,,,,,0.9085655809526346,,,-0.7002261925757888,0,1,0,,,,True,,,,True
JackVi00,,00-0023496,Vincent Jackson,WR,2005,2,61,SDG,northern colorado,77.0,241.0,4.46,39.0,,,,,,,,,,,,,,,,77.0,49.0,155.0,3,0,8,False,skill_pass,False,True,False,True,59.44,0,0,True,121.81691683602679,,,28.575307809074044,1.165697403861107,0.837464989689388,-0.7871081788864059,1.292488435385985,,,,,1.9630816990700175,,,0.23814216940655403,0,1,0,,,,True,,,,True
WaltAn00,andrew-walter-1,00-0023504,Andrew Walter,QB,2005,3,69,OAK,arizona st.,78.0,233.0,4.86,,,,,,,,,,,,,,,,,1.0,1.0,15.0,0,0,1,False,skill_pass,False,True,False,True,54.83,0,0,True,83.52968423182983,,,26.92291255752794,1.5636213343937997,0.521309328443078,1.2673021991344788,,,,,,-1.1323222750170165,,,-0.5662833006462041,1,0,0,,,,True,,,,True
WinfJu00,juwann-winfree-1,00-0035593,Juwann Winfree,WR,2019,6,187,DEN,colorado,,,,,,,,,,,,,,,,,112128.0,158325324.0,222.0,1.0,0.0,23.0,0,0,0,False,skill_pass,False,True,True,False,8.41,0,1,True,,,,,,,,,,,,,,,,,0,1,0,1.0,1412.0052440068494,0.0019798801369863015,False,,,,True
JenkMi00,michael-jenkins-1,00-0022781,Michael Jenkins,WR,2004,1,29,ATL,ohio st.,76.0,218.0,4.4,,,,,,,,,,,,,,,,,39.0,33.0,130.0,0,0,6,False,skill_pass,False,True,False,True,79.77,1,0,True,116.32572911686357,,,26.532894736842106,0.7677734733284143,-0.07148253639375332,-1.0952697355895364,,,,,,1.5191362077865203,,,-0.7561532899484584,0,1,0,,,,True,,,,True
JoneDa02,daryl-jones-1,00-0021330,Daryl Jones,WR,2002,7,226,NYG,miami,69.0,180.0,4.35,,,,,,,,,,,,,,,,,1.0,1.0,15.0,0,0,0,False,skill_pass,False,True,False,True,1.99,0,1,True,100.54152608526333,,,26.578449905482042,-2.0176940404004347,-1.573221927313726,-1.3520710328421504,,,,,,0.24303236144960214,,,-0.7339759459309029,0,1,0,,,,True,,,,True
MillHe00,heath-miller-1,00-0023465,Heath Miller,TE,2005,1,30,PIT,virginia,77.0,256.0,4.79,,,,,,,,,,,,,,,,,45.0,45.0,168.0,2,0,11,False,skill_pass,False,True,False,True,79.09,1,0,True,97.25857615910046,,,30.353853938269523,1.165697403861107,1.4302568545262193,0.9077803829808229,,,,,,-0.02238395508666655,,,1.1039808993653282,0,0,1,,,,True,,,,True
GermRe00,reggie-germany-1,00-0020320,Reggie Germany,WR,2001,7,214,BUF,ohio st.,73.0,183.0,4.39,,,,,,,,,,,,,,,,,2.0,2.0,16.0,0,0,0,False,skill_pass,False,True,False,True,3.5,0,1,True,98.54237030230856,,,24.14130230812535,-0.4259983182696639,-1.4546635543463597,-1.1466299950400618,,,,,,0.08140681856043168,,,-1.920437598950793,0,1,0,,,,True,,,,True
TaylCh04,chris-taylor-2,,Chris Taylor,WR,2001,7,218,PIT,texas a&m,71.0,183.0,4.4,35.5,115.0,,6.81,3.93,,,,,,,,,,,,,,,0,0,0,False,skill_pass,True,True,False,True,2.95,0,1,True,97.64957994672493,75.25,5.37,25.52053164054751,-1.2218461793350492,-1.4546635543463597,-1.0952697355895364,0.31970187482527923,-0.3985148284693608,,-0.9404211978253741,-2.0065501917039503,0.00922748809617648,-0.17972356415958146,-1.5420349621130587,-1.248995821926725,0,1,0,,,,True,,,,True
ReedJo01,josh-reed-1,00-0021166,Josh Reed,WR,2002,2,36,BUF,louisiana state,70.0,210.0,4.54,,,,,,,,,,,,,,,,,27.0,27.0,115.0,0,0,3,False,skill_pass,False,True,False,True,75.07,0,0,True,98.86120028371501,,,30.12857142857143,-1.619770109867742,-0.38763819764006335,-0.37622610328222894,,,,,,0.10718323342190811,,,0.9943079935705503,0,1,0,,,,True,,,,True
ShocJe00,jeremy-shockey-1,00-0021148,Jeremy Shockey,TE,2002,1,14,NYG,miami,77.0,255.0,4.64,,,,,,,,,,,,,,,,,48.0,35.0,136.0,4,1,10,False,skill_pass,False,True,False,True,90.32,1,0,True,110.02674215587584,,,30.235284196323157,1.165697403861107,1.3907373968704306,0.13737649122298995,,,,,,1.009882653910534,,,1.046258317368076,0,0,1,,,,True,,,,True
DurhKr00,kris-durham-1,00-0028045,Kris Durham,WR,2011,4,107,SEA,georgia,,,,,,,,,,,,,,,,,8111332.0,81169199659.0,13.0,5.0,0.0,27.0,0,0,1,False,skill_pass,False,True,True,False,35.45,0,0,True,,,,,,,,,,,,,,,,,0,1,0,1.0,10006.889085417783,1.6026960800026433e-06,False,,,,True
MartDa00,david-martin-2,00-0020332,David Martin,TE,2001,6,198,GNB,tennessee,76.0,242.0,4.76,,,,,,,,,,,,,,,,,12.0,6.0,120.0,0,0,4,False,skill_pass,False,True,False,True,6.15,0,1,True,94.27956081305567,,,29.45394736842105,0.7677734733284143,0.8769844473451768,0.7536996046292553,,,,,,-0.2632281037442661,,,0.665884890086325,0,0,1,,,,True,,,,True
KinnEr00,erron-kinney-1,00-0019659,Erron Kinney,TE,2000,3,68,TEN,florida,78.0,272.0,4.9,,,,,,,,,,,,,,,,,15.0,15.0,83.0,0,0,6,False,skill_pass,False,True,False,True,55.39,0,0,True,94.36578990324207,,,31.4293228139382,1.5636213343937997,2.0625681770188393,1.4727432369365674,,,,,,-0.25625674931904036,,,1.627544831800623,0,0,1,,,,True,,,,True
GreeMa02,marcus-green-6,00-0035296,Marcus Green,WR,2019,6,203,ATL,la-monroe,,,,,,,,,,,,,,3141520.0,5119184193.0,1.0,63365550.0,698344847855.0,7458.0,,,,0,0,0,False,skill_pass,True,True,True,False,5.24,0,1,True,,,,,,,,,,,,,,,,,0,1,0,0.9927228913494035,11020.891444246914,0.00011769802361062123,False,,,,True
CampJa00,jason-campbell-1,00-0023460,Jason Campbell,QB,2005,1,25,WAS,auburn,77.0,230.0,4.71,,,,,,,,,,,,,,,,,48.0,34.0,90.0,0,0,5,False,skill_pass,False,True,False,True,82.52,1,0,True,93.47042193980857,,,27.271040647664023,1.165697403861107,0.4027509554757117,0.4968983073766459,,,,,,-0.3286444713812106,,,-0.3968062325632148,1,0,0,,,,True,,,,True
WhitRo00,roddy-white-1,00-0023462,Roddy White,WR,2005,1,27,ATL,ala-birmingham,73.0,207.0,4.46,,,,,,,,,,,,,,,,,88.0,88.0,171.0,4,1,10,False,skill_pass,False,True,False,True,81.14,1,0,True,104.631127738828,,,27.307374741977856,-0.4259983182696639,-0.5061965706074296,-0.7871081788864059,,,,,,0.573663967597322,,,-0.37911792774026243,0,1,0,,,,True,,,,True
EdwaBr00,braylon-edwards-1,00-0023438,Braylon Edwards,WR,2005,1,3,CLE,michigan,75.0,211.0,4.45,,,,,,,,,,,,,,,,,41.0,27.0,112.0,1,0,5,False,skill_pass,False,True,False,True,98.48,1,0,True,107.61490014358905,,,26.37031111111111,0.3698495427957216,-0.3481187399842746,-0.8384684383369269,,,,,,0.8148927096938758,,,-0.8353028816875805,0,1,0,,,,True,,,,True
WillRo04,roy-williams-3,00-0022909,Roy Williams,WR,2004,1,7,DET,texas,74.0,212.0,4.48,,,,,,,,,,,,,,,,,42.0,30.0,115.0,1,0,7,False,skill_pass,False,True,False,True,95.47,1,0,True,105.25768173580015,,,27.216216216216218,-0.028074387736971164,-0.3085992823284858,-0.6843876599853594,,,,,,0.6243189144370972,,,-0.4234960750791086,0,1,0,,,,True,,,,True
WillRe00,reggie-williams-1,00-0022889,Reggie Williams,WR,2004,1,9,JAX,washington,76.0,229.0,4.56,,,,,,,,,,,,,,,,,23.0,23.0,79.0,0,0,3,False,skill_pass,False,True,False,True,93.99,1,0,True,105.92686212326053,,,27.87171052631579,0.7677734733284143,0.363231497819923,-0.273505584381187,,,,,,0.6784200727041202,,,-0.1043857907658485,0,1,0,,,,True,,,,True
RoetBe00,ben-roethlisberger-1,00-0022924,Ben Roethlisberger,QB,2004,1,11,PIT,miami (oh),77.0,241.0,4.75,,,,,,,,,,,,,,,,,131.0,131.0,249.0,6,0,17,False,skill_pass,False,True,False,True,92.51,1,0,True,94.68312858250013,,,28.575307809074044,1.165697403861107,0.837464989689388,0.7023393451787344,,,,,,-0.23060090160965943,,,0.23814216940655403,1,0,0,,,,True,,,,True
WillLu00,luke-willson-1,00-0030089,Luke Willson,TE,2013,5,158,SEA,rice,,,,,,,,,,,,,,,,,733299.0,122425313126.0,1332.0,12.0,11.0,102.0,0,0,2,False,skill_pass,False,True,True,False,16.06,0,1,True,,,,,,,,,,,,,,,,,0,0,1,1.0,166951.42517036025,0.001816448679188162,False,,,,True
KonzJa00,jameson-konz-1,00-0027836,Jameson Konz,TE,2010,7,245,SEA,kent st.,,,,,,,,,,,,,,,,,221.0,12298.0,2.0,0.0,0.0,1.0,0,0,0,False,skill_pass,False,True,True,False,0.47,0,1,True,,,,,,,,,,,,,,,,,0,0,1,1.0,55.64705882352941,0.00904977375565611,False,,,,True
StevJe00,jerramy-stevens-1,00-0021159,Jerramy Stevens,TE,2002,1,28,SEA,washington,79.0,265.0,4.77,,,,,,,,,,,,,,,,,18.0,13.0,121.0,0,0,2,False,skill_pass,False,True,False,True,80.45,1,0,True,102.37698924338389,,,29.850184265342094,1.9615452649264924,1.785931973428318,0.8050598640797764,,,,,,0.39142386345943736,,,0.8587824742204577,0,0,1,,,,True,,,,True
KingAn00,andre-king-1,00-0020415,Andre King,WR,2001,7,245,CLE,miami,72.0,199.0,4.61,,,,,,,,,,,,,,,,,2.0,2.0,42.0,0,0,0,False,skill_pass,False,True,False,True,0.47,0,1,True,88.12099058929013,,,26.98630401234568,-0.8239222488023566,-0.8223522318537396,-0.01670428712857299,,,,,,-0.7611294000434466,,,-0.5354228265608573,0,1,0,,,,True,,,,True
SwaiGe00,geoff-swaim-1,00-0032141,Geoff Swaim,TE,2015,7,246,DAL,texas,,,,,,,,,,,,,,,,,310.0,1470.0,1.0,6.0,3.0,108.0,0,0,3,False,skill_pass,False,True,True,False,0.42,0,1,True,,,,,,,,,,,,,,,,,0,0,1,1.0,4.741935483870968,0.0032258064516129032,False,,,,True
AndeRo01,rory-anderson-1,00-0032072,Rory Anderson,TE,2015,7,254,SFO,south carolina,77.0,244.0,4.73,,,,,,,,,,,,,,8141722.0,188271235260.0,3501.0,,,,0,0,0,False,skill_pass,True,True,False,False,0.12,0,1,True,97.49340959539744,,,28.93101703491314,1.165697403861107,0.9560233626567542,0.5996188262776925,,,,,,-0.003398400307173105,,,0.41130991539830886,0,0,1,1.0,23124.252493514272,0.00043000731294927537,False,,,,True
StalDo00,donte-stallworth-1,00-0021147,Donte' Stallworth,WR,2002,1,13,NOR,tennessee,72.0,197.0,4.22,,,,,,,,,,,,,,,,,39.0,22.0,115.0,0,0,4,False,skill_pass,False,True,False,True,91.05,1,0,True,124.23570189885446,,,26.71508487654321,-0.8239222488023566,-0.9013911471653171,-2.019754405698937,,,,,,2.1586329673828493,,,-0.6674587789766397,0,1,0,,,,True,,,,True
JackDa00,darrell-jackson-1,00-0019663,Darrell Jackson,WR,2000,3,80,SEA,florida,72.0,197.0,4.56,,,,,,,,,,,,,,,,,55.0,51.0,123.0,0,0,7,False,skill_pass,False,True,False,True,48.79,0,0,True,91.12485518900579,,,26.71508487654321,-0.8239222488023566,-0.9013911471653171,-0.273505584381187,,,,,,-0.5182762663186563,,,-0.6674587789766397,0,1,0,,,,True,,,,True
GrifRy00,ryan-griffin-1,00-0030108,Ryan Griffin,TE,2013,6,201,HOU,connecticut,,,,,,,,,,,,,,,,,23313329.0,272245499484.0,136.0,14.0,10.0,134.0,0,0,5,False,skill_pass,False,True,True,False,5.6,0,1,True,,,,,,,,,,,,,,,,,0,0,1,1.0,11677.675868770179,5.833572717135335e-06,False,,,,True
WarrPe00,peter-warrick-1,00-0019455,Peter Warrick,WR,2000,1,4,CIN,florida st.,71.0,194.0,4.58,,,,,,,,,,,,,,,,,27.0,25.0,79.0,0,0,4,False,skill_pass,False,True,False,True,97.72,1,0,True,88.17994296318383,,,27.054552668121403,-1.2218461793350492,-1.0199495201326834,-0.1707850654801405,,,,,,-0.7563632835074494,,,-0.5021977510521466,0,1,0,,,,True,,,,True
FranBu00,bubba-franks-1,00-0019644,Bubba Franks,TE,2000,1,14,GNB,miami,78.0,265.0,4.85,,,,,,,,,,,,,,,,,20.0,19.0,122.0,3,0,6,False,skill_pass,False,True,False,True,90.32,1,0,True,95.78751690076419,,,30.620479947403023,1.5636213343937997,1.785931973428318,1.2159419396839533,,,,,,-0.14131453232228694,,,1.2337808080281147,0,0,1,,,,True,,,,True
CartDr00,drew-carter-1,00-0022879,Drew Carter,WR,2004,5,163,CAR,ohio st.,76.0,204.0,4.36,,,,,,,,,,,,,,,,,8.0,8.0,33.0,0,0,0,False,skill_pass,False,True,False,True,14.57,0,1,True,112.90526801351567,,,24.82894736842105,0.7677734733284143,-0.6247549435747959,-1.3007107733916248,,,,,,1.2426025391882676,,,-1.5856755616354172,0,1,0,,,,True,,,,True
GinnTe00,ted-ginn-jr-1,00-0025396,Ted Ginn Jr.,WR,2007,1,9,MIA,ohio st.,71.0,178.0,4.38,,,,,,,,,,,,,,,,,52.0,15.0,193.0,0,0,7,False,skill_pass,False,True,False,True,93.99,1,0,True,96.72830018756845,,,24.82324935528665,-1.2218461793350492,-1.6522608426253034,-1.197990254490583,,,,,,-0.06525512226167693,,,-1.5884494905060793,0,1,0,,,,True,,,,True
JarrDw00,dwayne-jarrett-1,00-0025432,Dwayne Jarrett,WR,2007,2,45,CAR,southern california,76.0,219.0,4.62,,,,,,,,,,,,,,,,,4.0,4.0,32.0,0,0,0,False,skill_pass,False,True,False,True,69.23,0,0,True,96.14046277332392,,,26.654605263157894,0.7677734733284143,-0.03196307873796456,0.03465597232194799,,,,,,-0.11277995350189855,,,-0.6969016991136767,0,1,0,,,,True,,,,True
BonnAl00,,00-0030105,Alan Bonner,WR,2013,6,195,HOU,jacksonville st.,70.0,193.0,4.59,33.0,117.0,14.0,,4.15,,,,,,,,,,,,,,,0,0,0,False,skill_pass,True,True,False,True,6.74,0,1,True,86.96341032067905,75.0,,27.689591836734692,-1.619770109867742,-1.0594689777884723,-0.11942480602961951,-0.37514566843236774,-0.12299840384856776,-0.712828513745783,,-0.6534347456421347,-0.8547161734941533,-0.22898654332707685,,-0.1930455181129168,0,1,0,,,,True,,,,True
WebbJe00,jeff-webb-2,00-0024404,Jeff Webb,WR,2006,6,190,KAN,san diego st.,75.0,215.0,,,,,,,,,,,,,,,,,,2.0,2.0,31.0,0,0,0,False,skill_pass,False,True,False,True,7.76,0,1,True,,,,26.87022222222222,0.3698495427957216,-0.1900409093611196,,,,,,,,,,-0.5919342141948128,0,1,0,,,,True,,,,True
SmitTr04,,00-0034278,Tremon Smith,WR,2018,6,196,KAN,central arkansas,,,,,,,,,,,,,,1.0,4.0,0.0,,,,8.0,1.0,117.0,0,0,0,False,skill_pass,False,True,True,True,6.54,0,1,True,,,,,,,,,,,,,,,,,0,1,0,,,,True,,,,True
FounDa00,,00-0034395,Daurice Fountain,WR,2018,5,159,IND,northern iowa,,,,,,,,,,,,,,,,,123.0,-31730.0,0.0,0.0,0.0,8.0,0,0,0,False,skill_pass,False,True,True,False,15.76,0,1,True,,,,,,,,,,,,,,,,,0,1,0,1.0,-257.9674796747967,0.0,False,,,,True
ThorCr00,craphonso-thorpe-1,00-0023551,Craphonso Thorpe,WR,2005,4,116,KAN,florida st.,73.0,188.0,4.38,,,,,,,,,,,,,,,,,1.0,,5.0,0,0,0,False,skill_pass,False,True,False,True,31.48,0,0,True,102.16247435540937,,,24.800900731844624,-0.4259983182696639,-1.257066266067416,-1.197990254490583,,,,,,0.3740810002757356,,,-1.599329334115265,0,1,0,,,,True,,,,True
MaucMa00,matt-mauck-1,00-0022768,Matt Mauck,QB,2004,7,225,DEN,louisiana state,74.0,228.0,4.79,,,,,,,,,,,,,,,,,1.0,,2.0,0,0,0,False,skill_pass,False,True,False,True,2.1,0,1,True,86.62091939169885,,,29.27027027027027,-0.028074387736971164,0.32371204016413424,0.9077803829808229,,,,,,-0.8824055025614583,,,0.5764664922304739,1,0,0,,,,True,,,,True
EdwaAr00,,00-0027692,Armanti Edwards,WR,2010,3,89,CAR,appalachian st.,71.0,187.0,4.41,,,,,,,,,,,,,,,,,1.0,1.0,41.0,0,0,0,False,skill_pass,False,True,False,True,44.11,0,0,True,98.8820005463785,,,26.0783574687562,-1.2218461793350492,-1.2965857237232046,-1.0439094761390153,,,,,,0.10886487012770628,,,-0.9774328870632417,0,1,0,,,,True,,,,True
MannEl00,eli-manning-1,00-0022803,Eli Manning,QB,2004,1,1,SDG,mississippi,77.0,221.0,4.9,,,,,,,,,,,,,,,,,121.0,,236.0,4,0,14,False,skill_pass,False,True,False,True,100.0,1,0,True,76.67220429638418,,,26.203912970146735,1.165697403861107,0.047075836573612945,1.4727432369365674,,,,,,-1.6867282532144001,,,-0.9163094705384793,1,0,0,,,,True,,,,True
RivePh00,philip-rivers-1,00-0022942,Philip Rivers,QB,2004,1,4,NYG,north carolina st.,77.0,229.0,5.08,,,,,,,,,,,,,,,,,150.0,,247.0,8,0,15,False,skill_pass,False,True,False,True,97.72,1,0,True,68.77183758707525,,,27.15247090571766,1.165697403861107,0.363231497819923,2.3972279070459632,,,,,,-2.325448391636185,,,-0.4545288145604653,1,0,0,,,,True,,,,True
WillCh05,,00-0033933,Chad Williams,WR,2017,3,98,ARI,grambling st.,,,,,,,,,,,,,,,,,24213.0,42367152.0,0.0,1.0,1.0,17.0,0,0,1,False,skill_pass,False,True,True,False,39.66,0,0,True,,,,,,,,,,,,,,,,,0,1,0,1.0,1749.7688018832857,0.0,False,,,,True
ColeB.00,,00-0029219,B.J. Coleman,QB,2012,7,243,GNB,chattanooga,75.0,233.0,4.94,,109.0,,7.07,4.38,,,,,,,,,,,,,,,0,0,0,False,skill_pass,True,True,False,True,0.58,0,1,True,78.24887836425606,,5.725,29.119822222222222,0.3698495427957216,0.521309328443078,1.6781842747386557,,-1.22506410233174,,0.18518464669189638,0.7611859479679413,-1.5592590462862503,,0.47462465015967414,0.503224789522643,1,0,0,,,,True,,,,True
SuthVi00,vinny-sutherland-1,00-0020273,Vinny Sutherland,WR,2001,5,136,ATL,purdue,69.0,192.0,4.48,,,,,,,,,,,,,,,,,0.0,,16.0,0,0,0,False,skill_pass,False,True,False,True,23.5,0,1,True,95.32771176072467,,,28.35034656584751,-2.0176940404004347,-1.098988435444261,-0.6843876599853594,,,,,,-0.1784883513991967,,,0.12862566380244148,0,1,0,,,,True,,,,True
WillMi06,michael-williams-3,00-0030110,Michael Williams,TE,2013,7,211,DET,alabama,,,,,,,,,,,,,,,,,381624.0,29100191183.0,124.0,0.0,,15.0,0,0,1,False,skill_pass,False,True,True,False,3.94,0,1,True,,,,,,,,,,,,,,,,,0,0,1,1.0,76253.5668170765,0.00032492715342850555,False,,,,True
RambKe00,ken-yon-rambo-1,00-0020425,Ken-Yon Rambo,WR,2001,7,229,OAK,ohio st.,73.0,196.0,4.34,,,,,,,,,,,,,,,,,1.0,,29.0,0,0,0,False,skill_pass,False,True,False,True,1.68,0,1,True,110.49106227853035,,,25.85625820979546,-0.4259983182696639,-0.9409106048211059,-1.4034312922926713,,,,,,1.0474214953246248,,,-1.0855561103784215,0,1,0,,,,True,,,,True
O'ShJa00,,00-0031951,James O'Shaughnessy,TE,2015,5,173,KAN,illinois st.,,,,,,,,,,,,,,,,,15.0,757.0,0.0,7.0,1.0,80.0,0,0,3,False,skill_pass,False,True,True,False,11.8,0,1,True,,,,,,,,,,,,,,,,,0,0,1,1.0,50.46666666666667,0.0,False,,,,True
DeboAn00,andre-debose-1,00-0032121,Andre Debose,WR,2015,7,221,OAK,florida,,,,,,,,,,,,,,1132.0,94930.0,0.0,101631.0,,400.0,,,,0,0,0,False,skill_pass,True,True,True,False,2.57,0,1,True,,,,,,,,,,,,,,,,,0,1,0,,,0.003935806988025307,True,,,,True
FarmDa00,danny-farmer-1,00-0019543,Danny Farmer,WR,2000,4,103,PIT,ucla,75.0,217.0,4.58,,,,,,,,,,,,,,,,,5.0,,33.0,0,0,0,False,skill_pass,False,True,False,True,37.29,0,0,True,98.63426609799428,,,27.120177777777776,0.3698495427957216,-0.11100199404954207,-0.1707850654801405,,,,,,0.088836308544942,,,-0.4702498804484291,0,1,0,,,,True,,,,True
JohnCh08,,00-0030113,Charles Johnson,WR,2013,7,216,GNB,grand valley st.,,,,,,,,,,,,,,,,,232645.0,374422574.0,325.0,7.0,,39.0,0,0,0,False,skill_pass,False,True,True,False,3.22,0,1,True,,,,,,,,,,,,,,,,,0,1,0,1.0,1609.4159513421737,0.0013969782286316062,False,,,,True
PoweWa00,,00-0031268,Walt Powell,WR,2014,6,196,ARI,murray st.,,,,,,,,,,,,,,,,,197.0,36252.0,1.0,1.0,,15.0,0,0,0,False,skill_pass,False,True,True,False,6.54,0,1,True,,,,,,,,,,,,,,,,,0,1,0,1.0,184.0203045685279,0.005076142131979695,False,,,,True
HousTJ00,tj-houshmandzadeh-1,00-0020438,T.J. Houshmandzadeh,WR,2001,7,204,CIN,oregon st.,,,,,,,,,,,,,,,,,,,,56.0,48.0,146.0,1,0,6,False,skill_pass,False,True,True,True,5.07,0,1,True,,,,,,,,,,,,,,,,,0,1,0,,,,True,,,,True
BolsTe00,ted-bolser-1,00-0031088,Ted Bolser,TE,2014,7,217,WAS,indiana,,,,,,,,,,,,,,,,,27144135.0,407165445320.0,5136.0,,,,0,0,0,False,skill_pass,True,True,True,False,3.08,0,1,True,,,,,,,,,,,,,,,,,0,0,1,1.0,15000.12600585725,0.00018921214472297608,False,,,,True
FeelA.00,aj-feeley-1,00-0020305,A.J. Feeley,QB,2001,5,155,PHI,oregon,,,,,,,,,,,,,,,,,,,,7.0,6.0,28.0,0,0,1,False,skill_pass,False,True,True,True,16.99,0,1,True,,,,,,,,,,,,,,,,,1,0,0,,,,True,,,,True
SimmSa20,sam-simmons-1,00-0021283,Sam Simmons,WR,2002,5,170,MIA,northwestern,,,,,,,,,,,,,,,,,,,,0.0,0.0,11.0,0,0,0,False,skill_pass,False,True,True,True,12.6,0,1,True,,,,,,,,,,,,,,,,,0,1,0,,,,True,,,,True
SandDa00,darnell-sanders-1,00-0021241,Darnell Sanders,TE,2002,4,122,CLE,ohio st.,,,,,,,,,,,,,,,,,,,,1.0,1.0,28.0,0,0,1,False,skill_pass,False,True,True,True,28.96,0,0,True,,,,,,,,,,,,,,,,,0,0,1,,,,True,,,,True
PutzJe00,jeb-putzier-1,00-0021100,Jeb Putzier,TE,2002,6,191,DEN,boise st.,,,,,,,,,,,,,,,,,,,,12.0,11.0,69.0,0,0,1,False,skill_pass,False,True,True,True,7.55,0,1,True,,,,,,,,,,,,,,,,,0,0,1,,,,True,,,,True
GilmJo00,john-gilmore-1,00-0021304,John Gilmore,TE,2002,6,196,NOR,penn st.,,,,,,,,,,,,,,,,,,,,3.0,0.0,145.0,0,0,2,False,skill_pass,False,True,True,True,6.54,0,1,True,,,,,,,,,,,,,,,,,0,0,1,,,,True,,,,True
NallCr00,craig-nall-1,00-0021277,Craig Nall,QB,2002,5,164,GNB,louisiana state,,,,,,,,,,,,,,,,,,,,1.0,1.0,7.0,0,0,0,False,skill_pass,False,True,True,True,14.28,0,1,True,,,,,,,,,,,,,,,,,1,0,0,,,,True,,,,True
HillDa20,darrell-hill-1,00-0021329,Darrell Hill,WR,2002,7,225,TEN,northern illinois,,,,,,,,,,,,,,,,,,,,0.0,0.0,33.0,0,0,0,False,skill_pass,False,True,True,True,2.1,0,1,True,,,,,,,,,,,,,,,,,0,1,0,,,,True,,,,True
ThomTa00,taylor-thompson-1,00-0029590,Taylor Thompson,TE,2012,5,145,TEN,southern methodist,,,,,,,,,,,,,,,,,,,,0.0,0.0,35.0,0,0,0,False,skill_pass,False,True,True,True,20.28,0,1,True,,,,,,,,,,,,,,,,,0,0,1,,,,True,,,,True
MurpMa00,matt-murphy-1,00-0021352,Matt Murphy,TE,2002,7,252,DET,maryland,,,,,,,,,,,,,,,,,,,,0.0,0.0,28.0,0,0,0,False,skill_pass,False,True,True,True,0.18,0,1,True,,,,,,,,,,,,,,,,,0,0,1,,,,True,,,,True
St.PBr20,brian-st-pierre-1,00-0022101,Brian St. Pierre,QB,2003,5,163,PIT,boston col.,,,,,,,,,,,,,,,,,,,,0.0,0.0,3.0,0,0,0,False,skill_pass,False,True,True,True,14.57,0,1,True,,,,,,,,,,,,,,,,,1,0,0,,,,True,,,,True
PondWi00,willie-ponder-1,00-0021923,Willie Ponder,WR,2003,6,199,NYG,se missouri st.,,,,,,,,,,,,,,,,,,,,2.0,2.0,38.0,0,0,0,False,skill_pass,False,True,True,True,5.97,0,1,True,,,,,,,,,,,,,,,,,0,1,0,,,,True,,,,True
BollBr00,brooks-bollinger-1,00-0022026,Brooks Bollinger,QB,2003,6,200,NYJ,wisconsin,,,,,,,,,,,,,,,,,,,,6.0,5.0,21.0,0,0,1,False,skill_pass,False,True,True,True,5.78,0,1,True,,,,,,,,,,,,,,,,,1,0,0,,,,True,,,,True
HamdGi00,gibran-hamdan-1,00-0022112,Gibran Hamdan,QB,2003,7,232,WAS,indiana,,,,,,,,,,,,,,,,,,,,0.0,0.0,1.0,0,0,0,False,skill_pass,False,True,True,True,1.4,0,1,True,,,,,,,,,,,,,,,,,1,0,0,,,,True,,,,True
WallTa00,taco-wallace-1,00-0021948,Taco Wallace,WR,2003,7,224,SEA,kansas st.,,,,,,,,,,,,,,,,,,,,0.0,0.0,4.0,0,0,0,False,skill_pass,False,True,True,True,2.22,0,1,True,,,,,,,,,,,,,,,,,0,1,0,,,,True,,,,True
JoneMa01,mark-jones-1,00-0022882,Mark Jones,WR,2004,7,206,TAM,tennessee,,,,,,,,,,,,,,,,,,,,0.0,0.0,62.0,0,0,0,False,skill_pass,False,True,True,True,4.73,0,1,True,,,,,,,,,,,,,,,,,0,1,0,,,,True,,,,True
SorgJi00,jim-sorgi-1,00-0022744,Jim Sorgi,QB,2004,6,193,IND,wisconsin,,,,,,,,,,,,,,,,,,,,5.0,5.0,16.0,0,0,0,False,skill_pass,False,True,True,True,7.14,0,1,True,,,,,,,,,,,,,,,,,1,0,0,,,,True,,,,True
KranMa00,matt-kranchick-1,00-0022219,Matt Kranchick,TE,2004,6,194,PIT,penn st.,,,,,,,,,,,,,,,,,,,,0.0,0.0,8.0,0,0,0,False,skill_pass,False,True,True,True,6.94,0,1,True,,,,,,,,,,,,,,,,,0,0,1,,,,True,,,,True
OConJa00,jake-oconnell-1,00-0027154,Jake O'Connell,TE,2009,7,237,KAN,miami (oh),,,,,,,,,,,,,,,,,,,,0.0,0.0,35.0,0,0,0,False,skill_pass,False,True,True,True,0.98,0,1,True,,,,,,,,,,,,,,,,,0,0,1,,,,True,,,,True
YancDe00,deangelo-yancey-1,00-0033291,DeAngelo Yancey,WR,2017,5,175,GNB,purdue,,,,,,,,,,,,,,,,,32124849.0,546147700951.0,23510.0,,,,0,0,0,False,skill_pass,True,True,True,False,11.28,0,1,True,,,,,,,,,,,,,,,,,0,1,0,1.0,17000.786554701004,0.0007318322336705769,False,,,,True
JennBr00,brian-jennings-1,00-0019548,Brian Jennings,TE,2000,7,230,SFO,arizona st.,,,,,,,,,,,,,,,,,,,,0.0,0.0,208.0,2,0,0,False,skill_pass,False,True,True,True,1.59,0,1,True,,,,,,,,,,,,,,,,,0,0,1,,,,True,,,,True
HaddDr00,drew-haddad-1,00-0019625,Drew Haddad,WR,2000,7,233,BUF,buffalo,,,,,,,,,,,,,,,,,,,,0.0,0.0,2.0,0,0,0,False,skill_pass,False,True,True,True,1.31,0,1,True,,,,,,,,,,,,,,,,,0,1,0,,,,True,,,,True
EdelJu00,julian-edelman-1,00-0027150,Julian Edelman,WR,2009,7,232,NWE,kent st.,,,,,,,,,,,,,,,,,,,,61.0,61.0,137.0,0,0,7,False,skill_pass,False,True,True,True,1.4,0,1,True,,,,,,,,,,,,,,,,,0,1,0,,,,True,,,,True
MyerBr00,brandon-myers-1,00-0027135,Brandon Myers,TE,2009,6,202,OAK,iowa,,,,,,,,,,,,,,,,,,,,12.0,8.0,115.0,0,0,5,False,skill_pass,False,True,True,True,5.42,0,1,True,,,,,,,,,,,,,,,,,0,0,1,,,,True,,,,True
SmitEm20,emanuel-smith-1,00-0019499,Emanuel Smith,WR,2000,6,196,JAX,arkansas,,,,,,,,,,,,,,,,,,,,0.0,0.0,1.0,0,0,0,False,skill_pass,False,True,True,True,6.54,0,1,True,,,,,,,,,,,,,,,,,0,1,0,,,,True,,,,True
FostBr00,,00-0027111,Brooks Foster,WR,2009,5,160,STL,north carolina,72.0,211.0,4.44,,,27.0,,,,,,,,,,,,,,,,,0,0,0,False,skill_pass,True,True,False,True,15.46,0,1,True,108.58768401921486,,,28.613618827160494,-0.8239222488023566,-0.3481187399842746,-0.8898286977874479,,,1.7841727835205472,,,0.8935392680823722,,,0.25679288793382904,0,1,0,,,,True,,,,True
WillRo05,roydell-williams-1,00-0023570,Roydell Williams,WR,2005,4,136,TEN,tulane,,,,,,,,,,,,,,,,,,,,10.0,9.0,56.0,0,0,1,False,skill_pass,False,True,True,True,23.5,0,0,True,,,,,,,,,,,,,,,,,0,1,0,,,,True,,,,True
MaxwMa00,marcus-maxwell-1,00-0023655,Marcus Maxwell,WR,2005,7,223,SFO,oregon,,,,,,,,,,,,,,,,,,,,0.0,0.0,9.0,0,0,0,False,skill_pass,False,True,True,True,2.33,0,1,True,,,,,,,,,,,,,,,,,0,1,0,,,,True,,,,True
ZingKe20,keith-zinger-1,00-0026372,Keith Zinger,TE,2008,7,232,ATL,louisiana state,,,,,,,,,,,,,,,,,,,,0.0,0.0,15.0,0,0,0,False,skill_pass,False,True,True,True,1.4,0,1,True,,,,,,,,,,,,,,,,,0,0,1,,,,True,,,,True
CassMa00,matt-cassel-1,00-0023662,Matt Cassel,QB,2005,7,230,NWE,southern california,,,,,,,,,,,,,,,,,,,,47.0,18.0,107.0,1,0,6,False,skill_pass,False,True,True,True,1.59,0,1,True,,,,,,,,,,,,,,,,,1,0,0,,,,True,,,,True
SwaiBr00,brett-swain-1,00-0026357,Brett Swain,WR,2008,7,217,GNB,san diego st.,,,,,,,,,,,,,,,,,,,,1.0,1.0,27.0,0,0,0,False,skill_pass,False,True,True,True,3.08,0,1,True,,,,,,,,,,,,,,,,,0,1,0,,,,True,,,,True
JohnSt00,steve-johnson-2,00-0026364,Stevie Johnson,WR,2008,7,224,BUF,kentucky,,,,,,,,,,,,,,,,,,,,33.0,29.0,99.0,0,0,5,False,skill_pass,False,True,True,True,2.22,0,1,True,,,,,,,,,,,,,,,,,0,1,0,,,,True,,,,True
SchiCh00,chaz-schilens-1,00-0026366,Chaz Schilens,WR,2008,7,226,OAK,san diego st.,,,,,,,,,,,,,,,,,,,,7.0,6.0,59.0,0,0,1,False,skill_pass,False,True,True,True,1.99,0,1,True,,,,,,,,,,,,,,,,,0,1,0,,,,True,,,,True
EstePa00,patrick-estes-1,00-0023680,Patrick Estes,TE,2005,7,248,SFO,virginia,,,,,,,,,,,,,,,,,,,,0.0,0.0,8.0,0,0,0,False,skill_pass,False,True,True,True,0.33,0,1,True,,,,,,,,,,,,,,,,,0,0,1,,,,True,,,,True
BrenCo00,colt-brennan-1,00-0026326,Colt Brennan,QB,2008,6,186,WAS,hawaii,74.0,207.0,4.79,,,,,,,,,,,,,,,,,,,,0,0,0,False,skill_pass,True,True,False,True,8.64,0,1,True,78.64267681614764,,,26.574324324324323,-0.028074387736971164,-0.5061965706074296,0.9077803829808229,,,,,,-1.5274216631675523,,,-0.7359843773633546,1,0,0,,,,True,,,,True
WoodAn00,andre-woodson-1,00-0026338,Andre Woodson,QB,2008,6,198,NYG,kentucky,76.0,229.0,4.85,,,,,,,,,,,,,,,,,,,,0,0,0,False,skill_pass,True,True,False,True,6.15,0,1,True,82.77487309537736,,,27.87171052631579,0.7677734733284143,0.363231497819923,1.2159419396839533,,,,,,-1.1933464136799927,,,-0.1043857907658485,1,0,0,,,,True,,,,True
SlatMa00,matt-slater-1,00-0026293,Matthew Slater,WR,2008,5,153,NWE,ucla,,,,,,,,,,,,,,,,,,,,0.0,0.0,239.0,10,2,0,False,skill_pass,False,True,True,True,17.63,0,1,True,,,,,,,,,,,,,,,,,0,1,0,,,,True,,,,True
HixoDo00,domenik-hixon-1,00-0024345,Domenik Hixon,WR,2006,4,130,DEN,akron,,,,,,,,,,,,,,,,,,,,17.0,0.0,76.0,0,0,0,False,skill_pass,False,True,True,True,25.77,0,0,True,,,,,,,,,,,,,,,,,0,1,0,,,,True,,,,True
BrouJo00,john-broussard-1,00-0025616,John Broussard,WR,2007,7,229,JAX,san jose st.,,,,,,,,,,,,,,,,,,,,2.0,2.0,8.0,0,0,0,False,skill_pass,False,True,True,True,1.68,0,1,True,,,,,,,,,,,,,,,,,0,1,0,,,,True,,,,True
KilmEt00,ethan-kilmer-1,00-0024423,Ethan Kilmer,WR,2006,7,209,CIN,penn st.,,,,,,,,,,,,,,,,,,,,0.0,0.0,16.0,0,0,0,False,skill_pass,False,True,True,True,4.25,0,1,True,,,,,,,,,,,,,,,,,0,1,0,,,,True,,,,True
CeleBr00,brent-celek-1,00-0025549,Brent Celek,TE,2007,5,162,PHI,cincinnati,,,,,,,,,,,,,,,,,,,,35.0,35.0,175.0,0,0,9,False,skill_pass,False,True,True,True,14.86,0,1,True,,,,,,,,,,,,,,,,,0,0,1,,,,True,,,,True
DaviCr00,craig-davis-1,00-0025417,Craig Davis,WR,2007,1,30,SDG,louisiana state,,,,,,,,,,,,,,,,,,,,7.0,7.0,25.0,0,0,0,False,skill_pass,False,True,True,True,79.09,1,0,True,,,,,,,,,,,,,,,,,0,1,0,,,,True,,,,True
HallDa00,dante-hall-1,00-0019539,Dante Hall,WR,2000,5,153,KAN,texas a&m,,,,,,,,,,,,,,,,,,,,29.0,28.0,112.0,2,1,0,False,skill_pass,False,True,True,True,17.63,0,1,True,,,,,,,,,,,,,,,,,0,1,0,,,,True,,,,True
HallRo02,roy-hall-1,00-0025556,Roy Hall,WR,2007,5,169,IND,ohio st.,,,,,,,,,,,,,,,,,,,,0.0,0.0,7.0,0,0,0,False,skill_pass,False,True,True,True,12.87,0,1,True,,,,,,,,,,,,,,,,,0,1,0,,,,True,,,,True
DixoRo00,,00-0019662,Ron Dixon,WR,2000,3,73,NYG,lambuth,,,,,,,,,,,,,,,,,,,,6.0,6.0,37.0,0,0,0,False,skill_pass,False,True,True,True,52.59,0,0,True,,,,,,,,,,,,,,,,,0,1,0,,,,True,,,,True
MurpFr00,frank-murphy-2,00-0019487,Frank Murphy,WR,2000,6,170,CHI,kansas st.,,,,,,,,,,,,,,,,,,,,1.0,,20.0,0,0,0,False,skill_pass,False,True,True,True,12.6,0,1,True,,,,,,,,,,,,,,,,,0,1,0,,,,True,,,,True
WatsJu01,,00-0034386,Justin Watson,WR,2018,5,144,TAM,pennsylvania,,,,,,,,,,,,,,,,,,,,11.0,2.0,93.0,0,0,0,False,skill_pass,False,True,True,True,20.63,0,1,True,,,,,,,,,,,,,,,,,0,1,0,,,,True,,,,True
StLoBr00,,00-0019681,Brad St. Louis,TE,2000,7,210,CIN,missouri state,,,,,,,,,,,,,,,,,,,,6.0,6.0,144.0,0,0,0,False,skill_pass,False,True,True,True,4.09,0,1,True,,,,,,,,,,,,,,,,,0,0,1,,,,True,,,,True
MoorDa03,,00-0033589,David Moore,WR,2017,7,226,SEA,east central (ok),,,,,,,,,,,,,,,,,,,,15.0,12.0,78.0,0,0,2,False,skill_pass,False,True,True,True,1.99,0,1,True,,,,,,,,,,,,,,,,,0,1,0,,,,True,,,,True
WynnMi00,milton-wynn-1,00-0020387,Milton Wynn,WR,2001,4,116,STL,washington st.,,,,,,,,,,,,,,,,,,,,1.0,,4.0,0,0,0,False,skill_pass,False,True,True,True,31.48,0,0,True,,,,,,,,,,,,,,,,,0,1,0,,,,True,,,,True
GathRi00,,00-0033054,Rico Gathers,TE,2016,6,217,DAL,baylor,,,,,,,,,,,,,,,,,,,,0.0,0.0,15.0,0,0,0,False,skill_pass,False,True,True,True,3.08,0,1,True,,,,,,,,,,,,,,,,,0,0,1,,,,True,,,,True
DevaSe00,,00-0033080,Seth Devalve,TE,2016,4,138,CLE,princeton,,,,,,,,,,,,,,,,,,,,6.0,5.0,57.0,0,0,0,False,skill_pass,False,True,True,True,22.76,0,0,True,,,,,,,,,,,,,,,,,0,0,1,,,,True,,,,True
CartJo01,,00-0020343,Jonathan Carter,WR,2001,5,162,NYG,troy,,,,,,,,,,,,,,,,,,,,4.0,0.0,25.0,0,0,0,False,skill_pass,False,True,True,True,14.86,0,1,True,,,,,,,,,,,,,,,,,0,1,0,,,,True,,,,True
McCaDa00,,00-0020464,Darnerien McCants,WR,2001,5,154,WAS,delaware st.,,,,,,,,,,,,,,,,,,,,7.0,6.0,41.0,0,0,0,False,skill_pass,False,True,True,True,17.31,0,1,True,,,,,,,,,,,,,,,,,0,1,0,,,,True,,,,True
StanDe00,,00-0025636,Derek Stanley,WR,2007,7,249,STL,wisconsin–whitewater,,,,,,,,,,,,,,,,,,,,1.0,1.0,15.0,0,0,0,False,skill_pass,False,True,True,True,0.29,0,1,True,,,,,,,,,,,,,,,,,0,1,0,,,,True,,,,True
SterNe00,,00-0032120,Neal Sterling,WR,2015,7,220,JAX,monmouth,,,,,,,,,,,,,,,,,,,,2.0,1.0,35.0,0,0,0,False,skill_pass,False,True,True,True,2.69,0,1,True,,,,,,,,,,,,,,,,,0,1,0,,,,True,,,,True
WillHa20,,00-0023672,Harry Williams,WR,2005,7,240,NYJ,tuskegee,,,,,,,,,,,,,,,,,,,,0.0,0.0,3.0,0,0,0,False,skill_pass,False,True,True,True,0.77,0,1,True,,,,,,,,,,,,,,,,,0,1,0,,,,True,,,,True
RidgDa00,dante-ridgeway-1,00-0023625,Dante Ridgeway,WR,2005,6,192,STL,ball st.,,,,,,,,,,,,,,,,,,,,0.0,,8.0,0,0,0,False,skill_pass,False,True,True,True,7.34,0,1,True,,,,,,,,,,,,,,,,,0,1,0,,,,True,,,,True
NalbJo00,,00-0026923,John Nalbone,TE,2009,5,161,MIA,monmouth,,,,,,,,,,,,,,,,,,,,0.0,0.0,2.0,0,0,0,False,skill_pass,False,True,True,True,15.16,0,1,True,,,,,,,,,,,,,,,,,0,0,1,,,,True,,,,True
MillZa02,,00-0027125,Zach Miller,TE,2009,6,180,JAX,nebraska-omaha,,,,,,,,,,,,,,,,,,,,12.0,4.0,66.0,0,0,2,False,skill_pass,False,True,True,True,10.04,0,1,True,,,,,,,,,,,,,,,,,0,0,1,,,,True,,,,True
ElliJa00,,00-0021310,Jamin Elliott,WR,2002,6,203,CHI,delaware,,,,,,,,,,,,,,,,,,,,0.0,0.0,3.0,0,0,0,False,skill_pass,False,True,True,True,5.24,0,1,True,,,,,,,,,,,,,,,,,0,1,0,,,,True,,,,True
FletBr00,bryan-fletcher-1,00-0021317,Bryan Fletcher,TE,2002,6,210,CHI,ucla,,,,,,,,,,,,,,,,,,,,8.0,,46.0,0,0,1,False,skill_pass,False,True,True,True,4.09,0,1,True,,,,,,,,,,,,,,,,,0,0,1,,,,True,,,,True
NullKe00,,00-0027131,Keith Null,QB,2009,6,196,STL,west texas a&m,,,,,,,,,,,,,,,,,,,,1.0,1.0,4.0,0,0,0,False,skill_pass,False,True,True,True,6.54,0,1,True,,,,,,,,,,,,,,,,,1,0,0,,,,True,,,,True
CrayPa00,,00-0022766,Patrick Crayton,WR,2004,7,216,DAL,nw oklahoma st.,,,,,,,,,,,,,,,,,,,,33.0,26.0,105.0,0,0,3,False,skill_pass,False,True,True,True,3.22,0,1,True,,,,,,,,,,,,,,,,,0,1,0,,,,True,,,,True
KircDa00,,00-0021973,David Kircus,WR,2003,6,175,DET,grand valley st.,,,,,,,,,,,,,,,,,,,,3.0,1.0,28.0,0,0,0,False,skill_pass,False,True,True,True,11.28,0,1,True,,,,,,,,,,,,,,,,,0,1,0,,,,True,,,,True
MariMa00,,00-0027816,Marc Mariani,WR,2010,7,222,TEN,montana,,,,,,,,,,,,,,,,,,,,5.0,3.0,70.0,1,0,0,False,skill_pass,False,True,True,True,2.45,0,1,True,,,,,,,,,,,,,,,,,0,1,0,,,,True,,,,True
HensDr00,drew-henson-1,00-0022181,Drew Henson,QB,2003,6,192,HOU,michigan,,,,,,,,,,,,,,,,,,,,0.0,,9.0,0,0,0,False,skill_pass,False,True,True,True,7.34,0,1,True,,,,,,,,,,,,,,,,,1,0,0,,,,True,,,,True
SmitZu00,,00-0022024,Zuriel Smith,WR,2003,6,186,DAL,hampton,,,,,,,,,,,,,,,,,,,,0.0,0.0,9.0,0,0,0,False,skill_pass,False,True,True,True,8.64,0,1,True,,,,,,,,,,,,,,,,,0,1,0,,,,True,,,,True
LawrNa00,,00-0022907,Nate Lawrie,TE,2004,6,181,TAM,yale,,,,,,,,,,,,,,,,,,,,0.0,0.0,26.0,0,0,0,False,skill_pass,False,True,True,True,9.8,0,1,True,,,,,,,,,,,,,,,,,0,0,1,,,,True,,,,True
ShulMi01,mickey-shuler-1,00-0027809,Mickey Shuler,TE,2010,7,214,MIN,penn st.,,,,,,,,,,,,,,,,,,,,0.0,,10.0,0,0,0,False,skill_pass,False,True,True,True,3.5,0,1,True,,,,,,,,,,,,,,,,,0,0,1,,,,True,,,,True
FordCa00,carl-ford-1,00-0021968,Carl Ford,WR,2003,7,256,GNB,toledo,,,,,,,,,,,,,,,,,,,,0.0,,10.0,0,0,0,False,skill_pass,False,True,True,True,0.07,0,1,True,,,,,,,,,,,,,,,,,0,1,0,,,,True,,,,True
WaltKe00,kevin-walter-1,00-0021931,Kevin Walter,WR,2003,7,255,NYG,eastern michigan,,,,,,,,,,,,,,,,,,,,37.0,,152.0,0,0,6,False,skill_pass,False,True,True,True,0.09,0,1,True,,,,,,,,,,,,,,,,,0,1,0,,,,True,,,,True
AnguRi00,,00-0022041,Richard Angulo,TE,2003,7,254,STL,western new mexico,,,,,,,,,,,,,,,,,,,,2.0,0.0,27.0,0,0,0,False,skill_pass,False,True,True,True,0.12,0,1,True,,,,,,,,,,,,,,,,,0,0,1,,,,True,,,,True
BlacAv00,,00-0019547,Avion Black,WR,2000,4,121,BUF,tennessee st.,,,,,,,,,,,,,,,,,,,,2.0,1.0,27.0,0,0,0,False,skill_pass,False,True,True,True,29.37,0,0,True,,,,,,,,,,,,,,,,,0,1,0,,,,True,,,,True
ThigTy00,,00-0025604,Tyler Thigpen,QB,2007,7,217,MIN,coastal carolina,,,,,,,,,,,,,,,,,,,,10.0,,29.0,0,0,1,False,skill_pass,False,True,True,True,3.08,0,1,True,,,,,,,,,,,,,,,,,1,0,0,,,,True,,,,True
HallAn00,andy-hall-1,00-0022761,Andy Hall,QB,2004,6,185,PHI,delaware,,,,,,,,,,,,,,,,,,,,,,,0,0,0,False,skill_pass,True,True,True,True,8.86,0,1,True,,,,,,,,,,,,,,,,,1,0,0,,,,True,,,,True
KellJe21,jeff-kelly-1,00-0021334,Jeff Kelly,QB,2002,7,232,SEA,southern miss,,,,,,,,,,,,,,,,,,,,,,,0,0,0,False,skill_pass,True,True,True,True,1.4,0,1,True,,,,,,,,,,,,,,,,,1,0,0,,,,True,,,,True
TeelMi00,mike-teel-1,00-0026927,Mike Teel,QB,2009,6,178,SEA,rutgers,,,,,,,,,,,,,,,,,,,,,,,0,0,0,False,skill_pass,True,True,True,True,10.53,0,1,True,,,,,,,,,,,,,,,,,1,0,0,,,,True,,,,True
MerrMi01,mike-merritt-1,00-0026379,Mike Merritt,TE,2008,7,239,KAN,central florida,,,,,,,,,,,,,,,,,,,,,,,0,0,0,False,skill_pass,True,True,True,True,0.84,0,1,True,,,,,,,,,,,,,,,,,0,0,1,,,,True,,,,True
FullDe00,devin-fuller-1,00-0032451,Devin Fuller,WR,2016,7,238,ATL,ucla,,,,,,,,,,,,,,,,,,,,,,,0,0,0,False,skill_pass,True,True,True,True,0.91,0,1,True,,,,,,,,,,,,,,,,,0,1,0,,,,True,,,,True
BoehMo00,,00-0032341,Moritz Boehringer,WR,2016,6,180,MIN,,,,,,,,,,,,,,,,,,,,,,,,0,0,0,False,skill_pass,True,True,True,True,10.04,0,1,True,,,,,,,,,,,,,,,,,0,1,0,,,,True,,,,True
ToonTi00,,00-0027846,Tim Toone,WR,2010,7,255,DET,weber st.,,,,,,,,,,,,,,,,,,,,,,,0,0,0,False,skill_pass,True,True,True,True,0.09,0,1,True,,,,,,,,,,,,,,,,,0,1,0,,,,True,,,,True
SherMa00,,00-0026347,Matt Sherry,TE,2008,6,207,CIN,villanova,,,,,,,,,,,,,,,,,,,,,,,0,0,0,False,skill_pass,True,True,True,True,4.57,0,1,True,,,,,,,,,,,,,,,,,0,0,1,,,,True,,,,True
,dj-shockley-1,,D.J. Shockley,QB,2006,7,223,ATL,georgia,,,,,,,,,,,,,,,,,,,,,,,0,0,0,False,skill_pass,True,True,True,True,2.33,0,1,True,,,,,,,,,,,,,,,,,1,0,0,,,,True,,,,True
,sherrod-gideon-1,,Sherrod Gideon,WR,2000,6,200,NOR,southern miss,,,,,,,,,,,,,,,,,,,,,,,0,0,0,False,skill_pass,True,True,True,True,5.78,0,1,True,,,,,,,,,,,,,,,,,0,1,0,,,,True,,,,True
,josh-harris-2,,Josh Harris,QB,2004,6,187,BAL,bowling green,,,,,,,,,,,,,,,,,,,,,,,0,0,0,False,skill_pass,True,True,True,True,8.41,0,1,True,,,,,,,,,,,,,,,,,1,0,0,,,,True,,,,True
,jason-gavadza-1,,Jason Gavadza,TE,2000,6,204,PIT,kent st.,,,,,,,,,,,,,,,,,,,,,,,0,0,0,False,skill_pass,True,True,True,True,5.07,0,1,True,,,,,,,,,,,,,,,,,0,0,1,,,,True,,,,True
,rodney-wright-1,,Rodney Wright,WR,2002,7,249,BUF,fresno st.,,,,,,,,,,,,,,,,,,,,,,,0,0,0,False,skill_pass,True,True,True,True,0.29,0,1,True,,,,,,,,,,,,,,,,,0,1,0,,,,True,,,,True
,tracey-wistrom-1,,Tracey Wistrom,TE,2002,7,250,TAM,nebraska,,,,,,,,,,,,,,,,,,,,,,,0,0,0,False,skill_pass,True,True,True,True,0.25,0,1,True,,,,,,,,,,,,,,,,,0,0,1,,,,True,,,,True
,bj-symons-1,,B.J. Symons,QB,2004,7,248,HOU,texas tech,,,,,,,,,,,,,,,,,,,,,,,0,0,0,False,skill_pass,True,True,True,True,0.33,0,1,True,,,,,,,,,,,,,,,,,1,0,0,,,,True,,,,True
,demetrius-byrd-1,,Demetrius Byrd,WR,2009,7,224,SDG,louisiana state,,,,,,,,,,,,,,,,,,,,,,,0,0,0,False,skill_pass,True,True,True,True,2.22,0,1,True,,,,,,,,,,,,,,,,,0,1,0,,,,True,,,,True
,derek-abney-1,,Derek Abney,WR,2004,7,244,BAL,kentucky,,,,,,,,,,,,,,,,,,,,,,,0,0,0,False,skill_pass,True,True,True,True,0.53,0,1,True,,,,,,,,,,,,,,,,,0,1,0,,,,True,,,,True
,ethan-howell-1,,Ethan Howell,WR,2000,7,250,WAS,oklahoma st.,,,,,,,,,,,,,,,,,,,,,,,0,0,0,False,skill_pass,True,True,True,True,0.25,0,1,True,,,,,,,,,,,,,,,,,0,1,0,,,,True,,,,True
,tyler-ecker-1,,Tyler Ecker,TE,2007,7,216,WAS,michigan,,,,,,,,,,,,,,,,,,,,,,,0,0,0,False,skill_pass,True,True,True,True,3.22,0,1,True,,,,,,,,,,,,,,,,,0,0,1,,,,True,,,,True
,kareem-kelly-1,,Kareem Kelly,WR,2003,6,203,NOR,southern california,,,,,,,,,,,,,,,,,,,,,,,0,0,0,False,skill_pass,True,True,True,True,5.24,0,1,True,,,,,,,,,,,,,,,,,0,1,0,,,,True,,,,True
,erik-jensen-1,,Erik Jensen,TE,2004,7,237,STL,iowa,,,,,,,,,,,,,,,,,,,,,,,0,0,0,False,skill_pass,True,True,True,True,0.98,0,1,True,,,,,,,,,,,,,,,,,0,0,1,,,,True,,,,True
,deandrew-rubin-1,,DeAndrew Rubin,WR,2003,7,253,GNB,south florida,,,,,,,,,,,,,,,,,,,,,,,0,0,0,False,skill_pass,True,True,True,True,0.15,0,1,True,,,,,,,,,,,,,,,,,0,1,0,,,,True,,,,True
,jeff-smoker-1,,Jeff Smoker,QB,2004,6,201,STL,michigan st.,,,,,,,,,,,,,,,,,,,,,,,0,0,0,False,skill_pass,True,True,True,True,5.6,0,1,True,,,,,,,,,,,,,,,,,1,0,0,,,,True,,,,True
,jeris-mcintyre-1,,Jeris McIntyre,WR,2004,6,195,KAN,auburn,,,,,,,,,,,,,,,,,,,,,,,0,0,0,False,skill_pass,True,True,True,True,6.74,0,1,True,,,,,,,,,,,,,,,,,0,1,0,,,,True,,,,True
,jon-olinger-1,,Jon Olinger,WR,2003,5,159,ATL,cincinnati,,,,,,,,,,,,,,,,,,,,,,,0,0,0,False,skill_pass,True,True,True,True,15.76,0,1,True,,,,,,,,,,,,,,,,,0,1,0,,,,True,,,,True
,jr-tolver-1,,J.R. Tolver,WR,2003,5,169,MIA,san diego st.,,,,,,,,,,,,,,,,,,,,,,,0,0,0,False,skill_pass,True,True,True,True,12.87,0,1,True,,,,,,,,,,,,,,,,,0,1,0,,,,True,,,,True
,derek-kinder-1,,Derek Kinder,WR,2009,7,251,CHI,pittsburgh,,,,,,,,,,,,,,,,,,,,,,,0,0,0,False,skill_pass,True,True,True,True,0.21,0,1,True,,,,,,,,,,,,,,,,,0,1,0,,,,True,,,,True
,freddie-brown-2,,Freddie Brown,WR,2009,7,252,CIN,utah,,,,,,,,,,,,,,,,,,,,,,,0,0,0,False,skill_pass,True,True,True,True,0.18,0,1,True,,,,,,,,,,,,,,,,,0,1,0,,,,True,,,,True
,bennie-brazell-1,,Bennie Brazell,WR,2006,7,231,CIN,louisiana state,,,,,,,,,,,,,,,,,,,,,,,0,0,0,False,skill_pass,True,True,True,True,1.49,0,1,True,,,,,,,,,,,,,,,,,0,1,0,,,,True,,,,True
,joel-filani-1,,Joel Filani,WR,2007,6,188,TEN,texas tech,,,,,,,,,,,,,,,,,,,,,,,0,0,0,False,skill_pass,True,True,True,True,8.19,0,1,True,,,,,,,,,,,,,,,,,0,1,0,,,,True,,,,True
,david-greene-1,,David Greene,QB,2005,3,85,SEA,georgia,,,,,,,,,,,,,,,,,,,,,,,0,0,0,False,skill_pass,True,True,True,True,46.16,0,0,True,,,,,,,,,,,,,,,,,1,0,0,,,,True,,,,True
,fred-gibson-1,,Fred Gibson,WR,2005,4,131,PIT,georgia,,,,,,,,,,,,,,,,,,,,,,,0,0,0,False,skill_pass,True,True,True,True,25.38,0,0,True,,,,,,,,,,,,,,,,,0,1,0,,,,True,,,,True
,stefan-lefors-1,,Stefan Lefors,QB,2005,4,121,CAR,louisville,,,,,,,,,,,,,,,,,,,,,,,0,0,0,False,skill_pass,True,True,True,True,29.37,0,0,True,,,,,,,,,,,,,,,,,1,0,0,,,,True,,,,True
,chase-lyman-1,,Chase Lyman,WR,2005,4,118,NOR,california,,,,,,,,,,,,,,,,,,,,,,,0,0,0,False,skill_pass,True,True,True,True,30.63,0,0,True,,,,,,,,,,,,,,,,,0,1,0,,,,True,,,,True
,steve-bellisari-1,,Steve Bellisari,QB,2002,6,205,STL,ohio st.,,,,,,,,,,,,,,,,,,,,,,,0,0,0,False,skill_pass,True,True,True,True,4.9,0,1,True,,,,,,,,,,,,,,,,,1,0,0,,,,True,,,,True
,chandler-williams-1,,Chandler Williams,WR,2007,7,233,MIN,florida international,,,,,,,,,,,,,,,,,,,,,,,0,0,0,False,skill_pass,True,True,True,True,1.31,0,1,True,,,,,,,,,,,,,,,,,0,1,0,,,,True,,,,True
,tj-williams-2,,T.J. Williams,TE,2006,6,202,TAM,north carolina st.,,,,,,,,,,,,,,,,,,,,,,,0,0,0,False,skill_pass,True,True,True,True,5.42,0,1,True,,,,,,,,,,,,,,,,,0,0,1,,,,True,,,,True
,aaron-lockett-1,,Aaron Lockett,WR,2002,7,254,TAM,kansas st.,,,,,,,,,,,,,,,,,,,,,,,0,0,0,False,skill_pass,True,True,True,True,0.12,0,1,True,,,,,,,,,,,,,,,,,0,1,0,,,,True,,,,True
,cory-rodgers-1,,Cory Rodgers,WR,2006,4,104,GNB,texas christian,,,,,,,,,,,,,,,,,,,,,,,0,0,0,False,skill_pass,True,True,True,True,36.83,0,0,True,,,,,,,,,,,,,,,,,0,1,0,,,,True,,,,True
,bobby-newcombe-1,,Bobby Newcombe,WR,2001,6,166,ARI,nebraska,,,,,,,,,,,,,,,,,,,,,,,0,0,0,False,skill_pass,True,True,True,True,13.71,0,1,True,,,,,,,,,,,,,,,,,0,1,0,,,,True,,,,True
,josh-booty-1,,Josh Booty,QB,2001,6,172,SEA,louisiana state,,,,,,,,,,,,,,,,,,,,,,,0,0,0,False,skill_pass,True,True,True,True,12.06,0,1,True,,,,,,,,,,,,,,,,,1,0,0,,,,True,,,,True
,josh-heupel-1,,Josh Heupel,QB,2001,6,177,MIA,oklahoma,,,,,,,,,,,,,,,,,,,,,,,0,0,0,False,skill_pass,True,True,True,True,10.77,0,1,True,,,,,,,,,,,,,,,,,1,0,0,,,,True,,,,True
,craig-bragg-1,,Craig Bragg,WR,2005,6,195,GNB,ucla,,,,,,,,,,,,,,,,,,,,,,,0,0,0,False,skill_pass,True,True,True,True,6.74,0,1,True,,,,,,,,,,,,,,,,,0,1,0,,,,True,,,,True
,charles-davis-1,,Charles Davis,TE,2006,5,167,PIT,purdue,,,,,,,,,,,,,,,,,,,,,,,0,0,0,False,skill_pass,True,True,True,True,13.43,0,1,True,,,,,,,,,,,,,,,,,0,0,1,,,,True,,,,True
,bob-slowikowski-1,,Bob Slowikowski,TE,2002,6,211,DAL,virginia tech,,,,,,,,,,,,,,,,,,,,,,,0,0,0,False,skill_pass,True,True,True,True,3.94,0,1,True,,,,,,,,,,,,,,,,,0,0,1,,,,True,,,,True
,omar-jacobs-1,,Omar Jacobs,QB,2006,5,164,PIT,bowling green,,,,,,,,,,,,,,,,,,,,,,,0,0,0,False,skill_pass,True,True,True,True,14.28,0,1,True,,,,,,,,,,,,,,,,,1,0,0,,,,True,,,,True
,jonathan-orr-1,,Jonathan Orr,WR,2006,6,172,TEN,wisconsin,,,,,,,,,,,,,,,,,,,,,,,0,0,0,False,skill_pass,True,True,True,True,12.06,0,1,True,,,,,,,,,,,,,,,,,0,1,0,,,,True,,,,True
,travis-anglin-1,,Travis Anglin,WR,2003,7,260,DET,memphis,,,,,,,,,,,,,,,,,,,,,,,0,0,0,False,skill_pass,True,True,True,True,0.01,0,1,True,,,,,,,,,,,,,,,,,0,1,0,,,,True,,,,True
,brandon-doman-1,,Brandon Doman,QB,2002,5,163,SFO,byu,,,,,,,,,,,,,,,,,,,,,,,0,0,0,False,skill_pass,True,True,True,True,14.57,0,1,True,,,,,,,,,,,,,,,,,1,0,0,,,,True,,,,True
,freddie-milons-1,,Freddie Milons,WR,2002,5,162,PHI,alabama,,,,,,,,,,,,,,,,,,,,,,,0,0,0,False,skill_pass,True,True,True,True,14.86,0,1,True,,,,,,,,,,,,,,,,,0,1,0,,,,True,,,,True
,james-kilian-1,,James Kilian,QB,2005,7,229,KAN,tulsa,,,,,,,,,,,,,,,,,,,,,,,0,0,0,False,skill_pass,True,True,True,True,1.68,0,1,True,,,,,,,,,,,,,,,,,1,0,0,,,,True,,,,True
,dauntae-finger-1,,Dauntae' Finger,TE,2001,7,205,TAM,north carolina,,,,,,,,,,,,,,,,,,,,,,,0,0,0,False,skill_pass,True,True,True,True,4.9,0,1,True,,,,,,,,,,,,,,,,,0,0,1,,,,True,,,,True
,tony-jackson-2,,Tony Jackson,TE,2005,6,196,SEA,iowa,,,,,,,,,,,,,,,,,,,,,,,0,0,0,False,skill_pass,True,True,True,True,6.54,0,1,True,,,,,,,,,,,,,,,,,0,0,1,,,,True,,,,True
,marquise-walker-1,,Marquis Walker,WR,2002,3,86,TAM,michigan,,,,,,,,,,,,,,,,,,,,,,,0,0,0,False,skill_pass,True,True,True,True,45.64,0,0,True,,,,,,,,,,,,,,,,,0,1,0,,,,True,,,,True
,eric-crouch-1,,Eric Crouch,WR,2002,3,95,STL,nebraska,,,,,,,,,,,,,,,,,,,,,,,0,0,0,False,skill_pass,True,True,True,True,41.12,0,0,True,,,,,,,,,,,,,,,,,0,1,0,,,,True,,,,True
,tevita-ofahengaue-1,,Tevita Ofahengaue,TE,2001,7,246,ARI,byu,,,,,,,,,,,,,,,,,,,,,,,0,0,0,False,skill_pass,True,True,True,True,0.42,0,1,True,,,,,,,,,,,,,,,,,0,0,1,,,,True,,,,True
,anthony-lucas-1,,Anthony Lucas,WR,2000,4,114,GNB,arkansas,,,,,,,,,,,,,,,,,,,,,,,0,0,0,False,skill_pass,True,True,True,True,32.34,0,0,True,,,,,,,,,,,,,,,,,0,1,0,,,,True,,,,True
,,,Kevin McMahan,WR,2006,7,255,OAK,maine,,,,,,,,,,,,,,,,,,,,,,,0,0,0,False,skill_pass,True,True,True,True,0.09,0,1,True,,,,,,,,,,,,,,,,,0,1,0,,,,True,,,,True
,,,Muneer Moore,WR,2000,5,154,DEN,richmond,,,,,,,,,,,,,,,,,,,,,,,0,0,0,False,skill_pass,True,True,True,True,17.31,0,1,True,,,,,,,,,,,,,,,,,0,1,0,,,,True,,,,True
,,,Richmond Flowers III,WR,2001,7,235,JAX,chattanooga,,,,,,,,,,,,,,,,,,,,,,,0,0,0,False,skill_pass,True,True,True,True,1.14,0,1,True,,,,,,,,,,,,,,,,,0,1,0,,,,True,,,,True
,,,J.R. Russell,WR,2005,7,253,TAM,louisville,,,,,,,,,,,,,,,,,,,,,,,0,0,0,False,skill_pass,True,True,True,True,0.15,0,1,True,,,,,,,,,,,,,,,,,0,1,0,,,,True,,,,True
,,,Andy Stokes,TE,2005,7,255,NWE,william penn,,,,,,,,,,,,,,,,,,,,,,,0,0,0,False,skill_pass,True,True,True,True,0.09,0,1,True,,,,,,,,,,,,,,,,,0,0,1,,,,True,,,,True
,,,Francis St. Paul,WR,2001,6,197,STL,northern arizona,,,,,,,,,,,,,,,,,,,,,,,0,0,0,False,skill_pass,True,True,True,True,6.35,0,1,True,,,,,,,,,,,,,,,,,0,1,0,,,,True,,,,True
,,,John Capel,WR,2001,7,208,CHI,florida,,,,,,,,,,,,,,,,,,,,,,,0,0,0,False,skill_pass,True,True,True,True,4.41,0,1,True,,,,,,,,,,,,,,,,,0,1,0,,,,True,,,,True
,,,Arther Love,TE,2001,6,180,NWE,south carolina st.,,,,,,,,,,,,,,,,,,,,,,,0,0,0,False,skill_pass,True,True,True,True,10.04,0,1,True,,,,,,,,,,,,,,,,,0,0,1,,,,True,,,,True
,,,Ryan Hoag,WR,2003,7,262,OAK,gustavus adolphus,,,,,,,,,,,,,,,,,,,,,,,0,0,0,False,skill_pass,True,True,True,True,0.0,0,1,True,,,,,,,,,,,,,,,,,0,1,0,,,,True,,,,True
,,,Terry Charles,WR,2002,5,142,SDG,portland st.,,,,,,,,,,,,,,,,,,,,,,,0,0,0,False,skill_pass,True,True,True,True,21.33,0,1,True,,,,,,,,,,,,,,,,,0,1,0,,,,True,,,,True
,,,Michael Allan,TE,2007,7,231,KAN,whitworth,,,,,,,,,,,,,,,,,,,,,,,0,0,0,False,skill_pass,True,True,True,True,1.49,0,1,True,,,,,,,,,,,,,,,,,0,0,1,,,,True,,,,True
,,,Onomo Ojo,WR,2001,5,153,NOR,uc davis,,,,,,,,,,,,,,,,,,,,,,,0,0,0,False,skill_pass,True,True,True,True,17.63,0,1,True,,,,,,,,,,,,,,,,,0,1,0,,,,True,,,,True
,,,Larry Brackins,WR,2005,5,155,TAM,pearl river cc,,,,,,,,,,,,,,,,,,,,,,,0,0,0,False,skill_pass,True,True,True,True,16.99,0,1,True,,,,,,,,,,,,,,,,,0,1,0,,,,True,,,,True
,,,John David Booty,QB,2008,5,137,MIN,southern california,,,,,,,,,,,,,,,,,,,,,,,0,0,0,False,skill_pass,True,True,True,True,23.13,0,1,True,,,,,,,,,,,,,,,,,1,0,0,,,,True,,,,True
,,,Seth Burford,QB,2002,7,216,SDG,cal poly-san luis obispo,,,,,,,,,,,,,,,,,,,,,,,0,0,0,False,skill_pass,True,True,True,True,3.22,0,1,True,,,,,,,,,,,,,,,,,1,0,0,,,,True,,,,True
,,,Michael Coleman,WR,2002,7,217,ATL,widener,,,,,,,,,,,,,,,,,,,,,,,0,0,0,False,skill_pass,True,True,True,True,3.08,0,1,True,,,,,,,,,,,,,,,,,0,1,0,,,,True,,,,True
,,,Adrian McPherson,QB,2005,5,152,NOR,florida st.,,,,,,,,,,,,,,,,,,,,,,,0,0,0,False,skill_pass,True,True,True,True,17.95,0,1,True,,,,,,,,,,,,,,,,,1,0,0,,,,True,,,,True
,,,Wes Pate,QB,2002,7,236,BAL,s.f. austin,,,,,,,,,,,,,,,,,,,,,,,0,0,0,False,skill_pass,True,True,True,True,1.06,0,1,True,,,,,,,,,,,,,,,,,1,0,0,,,,True,,,,True
,,,DeVeren Johnson,WR,2002,6,208,DAL,sacred heart,,,,,,,,,,,,,,,,,,,,,,,0,0,0,False,skill_pass,True,True,True,True,4.41,0,1,True,,,,,,,,,,,,,,,,,0,1,0,,,,True,,,,True
,,,Giles Cole,TE,2000,7,244,MIN,texas a&m-kingsville,,,,,,,,,,,,,,,,,,,,,,,0,0,0,False,skill_pass,True,True,True,True,0.53,0,1,True,,,,,,,,,,,,,,,,,0,0,1,,,,True,,,,True
,,,Leroy Fields,WR,2000,7,246,DEN,jackson st.,,,,,,,,,,,,,,,,,,,,,,,0,0,0,False,skill_pass,True,True,True,True,0.42,0,1,True,,,,,,,,,,,,,,,,,0,1,0,,,,True,,,,True
,,,Casey Bramlet,QB,2004,7,218,CIN,wyoming,,,,,,,,,,,,,,,,,,,,,,,0,0,0,False,skill_pass,True,True,True,True,2.95,0,1,True,,,,,,,,,,,,,,,,,1,0,0,,,,True,,,,True
,,,Joey Jamison,WR,2000,5,151,GNB,texas southern,,,,,,,,,,,,,,,,,,,,,,,0,0,0,False,skill_pass,True,True,True,True,18.27,0,1,True,,,,,,,,,,,,,,,,,0,1,0,,,,True,,,,True
,,,JaJuan Seider,QB,2000,6,205,SDG,florida a&m,,,,,,,,,,,,,,,,,,,,,,,0,0,0,False,skill_pass,True,True,True,True,4.9,0,1,True,,,,,,,,,,,,,,,,,1,0,0,,,,True,,,,True
,,,Desmond Kitchings,WR,2000,7,208,KAN,furman,,,,,,,,,,,,,,,,,,,,,,,0,0,0,False,skill_pass,True,True,True,True,4.41,0,1,True,,,,,,,,,,,,,,,,,0,1,0,,,,True,,,,True
,,,Giovanni Carmazzi,QB,2000,3,65,SFO,hofstra,,,,,,,,,,,,,,,,,,,,,,,0,0,0,False,skill_pass,True,True,True,True,57.11,0,0,True,,,,,,,,,,,,,,,,,1,0,0,,,,True,,,,True
