pfr_id,cfb_id,gsis_id,player_name,position,draft_year,draft_round,draft_pick,draft_team,college,height_in,weight_lbs,forty_yard,vertical_jump,broad_jump,bench_reps,cone_drill,shuttle,col_pass_completions,col_pass_attempts,col_pass_yards,col_pass_tds,col_pass_ints,col_rush_attempts,col_rush_yards,col_rush_tds,col_receptions,col_rec_yards,col_rec_tds,weighted_av,draft_team_av,nfl_games,pro_bowls,all_pro,seasons_started,hof,position_group,missing_outcome,missing_combine,missing_height_weight,missing_college_stats,pick_value,is_early_pick,is_day_3_pick,missing_age,speed_score,burst_score,agility_score,bmi,height_in_z,weight_lbs_z,forty_yard_z,vertical_jump_z,broad_jump_z,bench_reps_z,cone_drill_z,shuttle_z,speed_score_z,burst_score_z,agility_score_z,bmi_z,yards_per_carry,rush_td_rate,reception_rate,yards_from_scrimmage,rush_yards_flag,rec_yards_flag,_split,weighted_av_pred,surplus_value,surplus_value_percentile,pro_bowl_probability,peak_value_percentile,availability_factor,sleeper_score
VereSh00,shane-vereen-1,00-0027994,Shane Vereen,RB,2011,2,56,NWE,california,70.0,210.0,4.49,34.0,115.0,31.0,6.95,4.28,0.0,111.0,0.0,0.0,0.0,142183231.0,7159521167.0,41213.0,272522.0,221244209.0,123.0,25.0,16.0,79.0,0,0,1,False,skill_run,False,False,False,False,62.42,0,0,True,103.33892189968718,74.5,5.615,30.12857142857143,-0.4967507801897647,-0.5615570294687209,-0.4904861522031683,-0.153045512788207,-0.5736025796199266,2.1255271757344385,-0.5465750425479577,0.0819751143841816,0.1012042564466602,-0.4654834887165117,-0.3271999280744941,-0.3208238351721766,50.35418816020576,0.000289858372961,0.001916695788127,7380765376.0,False,False,train,24.178766,-3.94376,0.12811387900355872,0.31194073,0.7953736654804271,0.37779322,34.826708036968725
IngrMa01,mark-ingram-1,00-0027966,Mark Ingram,RB,2011,1,28,NOR,alabama,69.0,215.0,4.62,31.5,118.0,21.0,7.13,4.62,0.0,1.0,0.0,0.0,0.0,143271158.0,7281658875.0,121713.0,73221.0,54334282.0,31.0,66.0,51.0,156.0,3,0,5,False,skill_run,False,False,False,False,80.45,1,0,True,94.3844725856833,74.75,5.875,31.746481831547992,-1.04571684125175,-0.2784496105167604,0.4702599191226237,-0.9255149779652818,-0.0803673943972969,0.1123626700828779,0.1756479342781746,2.1812737167227283,-0.8139918434019182,-0.4063985218818691,1.0586999854570092,0.5391500032675003,50.824317864451125,0.0008495289749804,0.0005110658769157,7335993157.0,False,False,train,53.18582,9.481316,0.9395017793594306,0.6591011,0.9857651245551602,0.83102846,87.09796576419335
McCaCh01,christian-mccaffrey-1,00-0033280,Christian McCaffrey,RB,2017,1,8,CAR,stanford,71.0,202.0,4.48,37.5,121.0,10.0,6.57,4.22,2.0,3.0,39.0,2.0,0.0,42337253.0,30020191603.0,813.0,174537.0,251645310.0,253.0,86.0,43.0,112.0,4,3,5,False,skill_run,False,False,False,False,94.73,1,0,True,100.2926967482624,79.25,5.395,28.170204324538783,0.0522152808722206,-1.0145288997918576,-0.5643896961513046,0.9284117384596976,0.4128677908253326,-2.1021182861338383,-2.07126799362535,-0.2884893448520356,-0.2101374330399964,0.6571308811416973,-1.4998844702934628,-1.3617618700785177,709.0727308878543,1.920294639805752e-05,0.0041225395516331,30271836913.0,False,False,train,67.94338,24.238876,0.994661921708185,0.80173427,0.99644128113879,1.0,95.74998786440948
BurkRe00,rex-burkhead-1,00-0030288,Rex Burkhead,RB,2013,6,190,CIN,nebraska,70.0,214.0,4.73,39.0,125.0,21.0,6.85,4.09,301.0,421.0,35011.0,300.0,0.0,8117228498.0,3499511357675.0,37155.0,13152111.0,9014817792.0,1022.0,21.0,4.0,115.0,0,0,0,False,skill_run,False,False,False,False,7.76,0,1,True,85.50651497301251,82.0,5.47,30.70244897959184,-0.4967507801897647,-0.3350710943071525,1.283198902552143,1.3918934175659423,1.0705147044555057,0.1123626700828779,-0.9478100296735896,-1.0911623398638326,-1.721370052470619,1.3070655163227656,-1.100105649082451,-0.0157885999468988,431.1214546365478,4.577301231467687e-06,0.0016202711311182,3508526175467.0,False,False,train,12.573853,6.013907,0.8612099644128114,0.20240869,0.5640569395017794,0.19646645,53.7070401596217
BallMo00,montee-ball-1,00-0030522,Montee Ball,RB,2013,2,58,DEN,wisconsin,70.0,214.0,4.66,32.0,118.0,15.0,6.88,4.4,2.0,2.0,57.0,1.0,0.0,98163307356.0,39199619231830.0,4183322.0,9162410.0,9212830672.0,60.0,7.0,7.0,21.0,0,0,0,False,skill_run,False,False,False,False,61.22,0,0,True,90.76117345343056,75.0,5.640000000000001,30.70244897959184,-0.4967507801897647,-0.3350710943071525,0.7658740949151757,-0.7710210849298669,-0.0803673943972969,-1.0955360333080582,-0.8274395335358996,0.8229040328566108,-1.1843138049363369,-0.3473135550472265,-0.1939403210041553,-0.0157885999468988,399.3306693474404,4.261594390690937e-05,9.333844026639724e-05,39208832062502.0,False,False,train,22.808071,-5.314455,0.08540925266903915,0.29742366,0.7740213523131673,0.3563761,31.972792970805408
WillKe05,kerwynn-williams-1,00-0030117,Kerwynn Williams,RB,2013,7,230,IND,utah st.,68.0,195.0,4.48,35.0,118.0,17.0,7.15,4.15,0.0,1.0,0.0,0.0,0.0,8181218.0,4515421512.0,4315.0,12745.0,11063697.0,5.0,6.0,0.0,40.0,0,0,0,False,skill_run,False,False,False,False,1.59,0,1,True,96.81720725698598,76.5,5.65,29.64641003460208,-1.5946829023137354,-1.4108792863246022,-0.5643896961513046,0.1559422732826228,-0.0803673943972969,-0.6929031321777461,0.2558949317033024,-0.7206978806276152,-0.5653524011460207,0.0071962459606289,-0.1406364781760216,-0.5771088457366685,551.9253382564797,0.0005274275786319,0.001557836498184,4526485209.0,False,False,train,12.586073,7.1771855,0.896797153024911,0.20250736,0.5658362989323843,0.19665739,55.171906974073835
SingDe00,devin-singletary-1,00-0035250,Devin Singletary,RB,2019,3,74,BUF,florida atlantic,67.0,203.0,4.66,35.0,117.0,15.0,7.32,4.4,11.0,11.0,123.0,0.0,0.0,152301261.0,102119201348.0,123222.0,26196.0,16319836.0,10.0,39.0,28.0,110.0,0,0,5,False,skill_run,False,False,False,False,52.04,0,0,True,86.09587949087104,76.0,5.86,31.790822009356205,-2.1436489633757208,-0.9579074160014656,0.7658740949151757,0.1559422732826228,-0.2447791228048401,-1.0955360333080582,0.9379944098168724,0.8229040328566108,-1.6611336170161553,-0.1109736877086562,0.9787442212148086,0.5627183002737336,670.5079175148786,0.0008090674968213,0.000172001202275,102135521184.0,False,False,train,32.209515,12.057232,0.9608540925266904,0.40383184,0.8861209964412812,0.50327367,74.29869448428053
BellLe00,leveon-bell-1,00-0030496,Le'Veon Bell,RB,2013,2,48,PIT,michigan st.,73.0,230.0,4.6,31.5,118.0,24.0,6.75,4.24,1.0,1.0,29.0,0.0,0.0,107182382.0,6059481793.0,81312.0,113532.0,97267167.0,1.0,61.0,55.0,96.0,3,2,5,False,skill_run,False,False,False,False,67.34,0,0,True,102.73691131749818,74.75,5.495,30.34152749108651,1.1501474029961911,0.5708726463391209,0.3224528312263445,-0.9255149779652818,-0.0803673943972969,0.7163120217783461,-1.3490450167992178,-0.1650011917732947,0.0396753206554556,-0.4063985218818691,-0.966846042012112,-0.2076305197925575,56.53430797050209,0.0007586321416144,0.0010592412473161,6156748960.0,False,False,train,43.902653,15.780127,0.9839857651245552,0.5486289,0.9501779359430605,0.68597895,83.05514772485584
OlliQa00,oadree-ollison-1,00-0035273,Qadree Ollison,RB,2019,5,152,ATL,pittsburgh,73.0,228.0,4.58,29.5,114.0,19.0,7.53,4.31,0.0,1.0,0.0,0.0,0.0,2123390194.0,11211273981213.0,112511.0,1422311.0,773819466.0,1020.0,1.0,1.0,24.0,0,0,0,False,skill_run,False,False,False,False,17.95,0,1,True,103.6341597711645,71.75,5.92,30.0776881215988,1.1501474029961911,0.4576296787583367,0.1746457433300718,-1.5434905501069416,-0.7380143080274698,-0.2902702310474341,1.780587882780695,0.2672073440022848,0.1313792609643672,-1.11541812389758,1.2985672781836153,-0.3478700255726165,5279.893451939432,5.2986493164524806e-05,0.0006698302573022,11212047800679.0,False,False,train,10.498859,2.2956066,0.7064056939501779,0.18617521,0.4928825622775801,0.16404468,45.11827711108741
SnelBe00,benjamin-snell-jr-1,00-0035217,Benny Snell Jr.,RB,2019,4,122,PIT,kentucky,70.0,224.0,4.66,29.5,119.0,16.0,7.07,4.33,201.0,421.0,16043.0,1.0,0.0,186262288.0,109113331434.0,131916.0,21017.0,3972105.0,0.0,8.0,8.0,63.0,0,0,0,False,skill_run,False,False,False,False,28.96,0,0,True,95.00234978303013,74.25,5.7,32.137142857142855,-0.4967507801897647,0.2311437435967683,0.7658740949151757,-1.5434905501069416,0.0840443340102462,-0.8942195827429021,-0.0650930579972016,0.3906954970810258,-0.7508412485001389,-0.5245684555511543,0.1258827359646513,0.7467994881162986,585.8047412904109,0.0007082270996263,0.0001128355086027,109117303539.0,False,False,train,13.404339,1.7790728,0.6619217081850534,0.20919524,0.5871886120996441,0.20944281,46.593401506012874
HardMo00,montario-hardesty-1,00-0027666,Montario Hardesty,RB,2010,2,59,CLE,tennessee,72.0,225.0,4.49,41.0,124.0,21.0,6.87,4.14,0.0,1.0,0.0,0.0,0.0,61078976282.0,183843732711345.0,43613.0,63425.0,542524302.0,1.0,4.0,4.0,23.0,0,0,0,False,skill_run,False,False,False,False,60.63,0,0,True,110.72027346395056,82.5,5.505,30.51215277777778,0.601181341934206,0.2877652273871604,-0.4904861522031683,2.009868989707602,0.9061029760479624,0.1123626700828779,-0.8675630322484618,-0.7824419571669884,0.8556207399550633,1.4252354499920508,-0.9135421991839784,-0.1169374366275025,3009.9347419076475,7.140427468633388e-07,1.0384096764681922e-06,183844275235647.0,False,False,train,11.022924,-17.099602,0.0035587188612099642,0.19017802,0.5124555160142349,0.1722332,17.639683392760595
GaskMy00,myles-gaskin-1,00-0035311,Myles Gaskin,RB,2019,7,234,MIA,washington,69.0,205.0,4.58,35.5,118.0,24.0,7.19,4.27,1.0,1.0,2.0,1.0,0.0,227237222257.0,1302137313801269.0,14102112.0,6191921.0,1913723277.0,131.0,13.0,13.0,47.0,0,0,1,False,skill_run,False,False,False,False,1.23,0,1,True,93.17983663635404,76.75,5.73,30.269901281243435,-1.04571684125175,-0.8446644484206813,0.1746457433300718,0.3104361663180378,-0.0803673943972969,0.7163120217783461,0.4163889265535544,0.0202310378448084,-0.9371125495339352,0.0662812127952715,0.285794264449057,-0.2457022612797943,5730.299379951855,6.205898778348399e-05,2.7248709249742023e-05,1302139227524546.0,False,False,train,15.839809,10.430922,0.9430604982206405,0.23005342,0.6583629893238434,0.24749704,60.44068887856295
HarpJa01,jamie-harper-1,00-0028068,Jamie Harper,RB,2011,4,130,TEN,clemson,71.0,233.0,4.53,36.5,120.0,24.0,7.16,4.39,0.0,1.0,0.0,0.0,0.0,3480197.0,133418760.0,147.0,41137.0,2149320.0,3.0,1.0,1.0,23.0,0,0,0,False,skill_run,False,False,False,False,25.77,0,0,True,110.660622427069,78.25,5.775,32.49335449315612,0.0522152808722206,0.7407370977102972,-0.1948719764106164,0.6194239523888677,0.2484560624177894,0.7163120217783461,0.2960184304158645,0.7611599563172377,0.8495240617126013,0.420791013803127,0.5256615571756632,0.9361379628276456,38.3365539364582,4.223898819520849e-05,0.0118203078733761,135568080.0,False,False,train,8.779624,-2.845642,0.18861209964412812,0.1735005,0.39501779359430605,0.13718162,21.658482328189866
McGuEl00,elijah-mcguire-1,00-0033295,Elijah McGuire,RB,2017,6,188,NYJ,louisiana,70.0,214.0,4.53,36.0,120.0,15.0,7.26,4.56,0.0,12.0,0.0,0.0,0.0,103166210232.0,863126410581127.0,814137.0,22453329.0,384468293238.0,3232.0,6.0,6.0,24.0,0,0,0,False,skill_run,False,False,False,False,8.19,0,1,True,101.63679484717926,78.0,5.91,30.70244897959184,-0.4967507801897647,-0.3350710943071525,-0.1948719764106164,0.4649300593534527,0.2484560624177894,-1.0955360333080582,0.6972534175414927,1.810809257486511,-0.072762894996789,0.3617060469684844,1.2452634353554817,-0.0157885999468988,8366.367327443062,7.891508258073743e-06,0.0002176422779271,863510878874365.0,False,False,train,7.3347535,0.77480793,0.5871886120996441,0.16338396,0.30782918149466193,0.11460552,35.20391806204442
SimsCh00,charles-sims-1,00-0031390,Charles Sims,RB,2014,3,69,TAM,west virginia,72.0,214.0,4.48,37.5,126.0,17.0,7.16,4.3,0.0,1.0,0.0,0.0,0.0,132110142208.0,6988218511095.0,991111.0,70513745.0,759575373401.0,1433.0,13.0,13.0,47.0,0,0,0,False,skill_run,False,False,False,False,54.83,0,0,True,106.2506787333077,81.75,5.73,29.0204475308642,0.601181341934206,-0.3350710943071525,-0.5643896961513046,0.9284117384596976,1.2349264328630487,-0.6929031321777461,0.2960184304158645,0.2054632674629171,0.3988025122846168,1.247980549488123,0.285794264449057,-0.90982898652346,52.89691157922184,7.502156787020571e-06,0.0005337496714595,7747793884496.0,False,False,train,23.648895,3.4966125,0.7935943060498221,0.30628288,0.7900355871886121,0.369514,61.06042168663278
WhitJa02,james-white-2,00-0031062,James White,RB,2014,4,130,NWE,wisconsin,69.0,204.0,4.57,32.0,114.0,23.0,7.05,4.2,1.0,2.0,3.0,1.0,0.0,156141125221.0,10527138061444.0,1461213.0,1115839.0,88150132300.0,12.0,37.0,37.0,95.0,0,0,0,False,skill_run,False,False,False,False,25.77,0,0,True,93.53956863848396,73.0,5.625,30.12224322621298,-1.04571684125175,-0.9012859322110734,0.1007421993819355,-0.7710210849298669,-0.7380143080274698,0.5149955712131901,-0.1453400554223294,-0.4119774979307711,-0.9003458748010577,-0.8199932897243671,-0.2738960852463605,-0.3241874877345231,67.42066221531344,9.358284039082076e-06,7.146349165991067e-06,10615288193744.0,False,False,train,26.463924,14.838658,0.9822064056939501,0.33697504,0.8256227758007118,0.41349882,70.81018947833797
JoneAa00,aaron-jones-6,00-0033293,Aaron Jones,RB,2017,5,182,GNB,texas-el paso,69.0,208.0,4.56,37.5,127.0,16.0,6.82,4.2,1.0,11.0,3.0,1.0,0.0,15524232229.0,81113212091773.0,411117.0,430928.0,14293106233.0,313.0,67.0,55.0,126.0,1,0,7,False,skill_run,False,False,False,False,9.56,0,1,True,96.21304507265586,82.25,5.51,30.7128754463348,-1.04571684125175,-0.6747999970495051,0.0268386554337925,0.9284117384596976,1.399338161270592,-0.8942195827429021,-1.0681805258112758,-0.4119774979307711,-0.6271012430217798,1.3661504831574085,-0.8868902777699117,-0.0102465819156057,5224.9419420723225,2.6482275834035383e-05,2.7758409797233396e-05,81127505198006.0,False,False,train,34.231453,26.0282,0.99644128113879,0.42838892,0.8985765124555161,0.53486645,77.09428930515921
StarJa00,james-starks-1,00-0027791,James Starks,RB,2010,6,193,GNB,buffalo,74.0,218.0,4.5,36.0,119.0,15.0,6.89,4.23,1.0,1.0,5.0,0.0,0.0,175251272.0,70411031333.0,61216.0,344152.0,226311361.0,21.0,26.0,26.0,76.0,0,0,0,False,skill_run,False,False,False,False,7.14,0,1,True,106.32525529644872,77.5,5.5600000000000005,27.986486486486488,1.6991134640581766,-0.1085851591455841,-0.416582608255032,0.4649300593534527,0.0840443340102462,-1.0955360333080582,-0.7873160348233376,-0.2267452683126624,0.4064246649523454,0.2435361132991992,-0.620371063629234,-1.4594140849904211,401.77187035195954,0.0003493041693871,0.0019637632073791,70637342694.0,False,False,train,13.103478,6.543533,0.8772241992882562,0.20671755,0.5800711743772242,0.20474187,54.91957970758986
AbduAm00,ameer-abdullah-1,00-0032104,Ameer Abdullah,RB,2015,2,54,DET,nebraska,69.0,205.0,4.6,42.5,130.0,24.0,6.79,3.95,0.0,1.0,0.0,0.0,0.0,42226281264.0,150113716901611.0,38919.0,1242622.0,11178232269.0,223.0,22.0,10.0,154.0,0,0,2,False,skill_run,False,False,False,False,63.63,0,0,True,91.56985573950924,86.25,5.37,30.269901281243435,-1.04571684125175,-0.8446644484206813,0.3224528312263445,2.473350668813847,1.8925733464932213,0.7163120217783461,-1.1885510219489657,-1.9555794114149967,-1.1016618351408962,2.3115099525116896,-1.633144077363797,-0.2457022612797943,3554.9831149727693,9.21677183853279e-07,2.9427692015574125e-05,150124895133880.0,False,False,train,25.718092,-2.4044342,0.2206405693950178,0.32869452,0.8113879003558719,0.40184516,39.664174969510256
FreeRo00,royce-freeman-1,00-0034838,Royce Freeman,RB,2018,3,71,DEN,oregon,71.0,229.0,4.54,34.0,118.0,17.0,6.9,4.16,1.0,1.0,26.0,1.0,0.0,252283168244.0,136518369451475.0,1817916.0,16262314.0,158348144164.0,1210.0,13.0,9.0,79.0,0,0,0,False,skill_run,False,False,False,False,53.7,0,0,True,107.80578507128922,76.0,5.53,31.93552866494743,0.0522152808722206,0.5142511625487288,-0.12096843246248,-0.153045512788207,-0.0803673943972969,-0.6929031321777461,-0.7471925361107719,-0.6589538040882474,0.5577433031096553,-0.1109736877086562,-0.7802825921136396,0.6396347585816891,541.1315007723342,7.205855280213428e-06,6.446055879665988e-05,136676717595639.0,False,False,train,16.915897,-3.2363853,0.16903914590747332,0.23972183,0.6797153024911032,0.2643109,30.436526432739463
ScotDa01,darel-scott-1,00-0028159,Da'Rel Scott,RB,2011,7,221,NYG,maryland,71.0,211.0,4.4,34.0,117.0,19.0,7.15,4.2,11.0,21.0,94.0,11.0,0.0,1420985122.0,1351133425708.0,845.0,1211214.0,57171111170.0,1003.0,1.0,1.0,20.0,0,0,0,False,skill_run,False,False,False,False,2.57,0,1,True,112.59049928283584,75.5,5.675000000000001,29.42531243800833,0.0522152808722206,-0.5049355456783288,-1.1556180477364084,-0.153045512788207,-0.2447791228048401,-0.2902702310474341,0.2558949317033024,-0.4119774979307711,1.0467685498603712,-0.2291436213779413,-0.0073768711056828,-0.6946296605251165,950.8427673094244,5.946578798873589e-07,0.0008523762713963,1408304536878.0,False,False,train,5.2732296,-0.13565779,0.4412811387900356,0.1497786,0.11921708185053381,0.08239421,24.679043453942416
StacZa00,zac-stacy-1,00-0030536,Zac Stacy,RB,2013,5,160,STL,vanderbilt,68.0,216.0,4.55,33.0,122.0,27.0,6.7,4.17,21.0,64.0,4324.0,10.0,20.0,10766201207.0,47833111931141.0,331410.0,792010.0,7232106205.0,0.0,11.0,10.0,35.0,0,0,1,False,skill_run,False,False,False,False,15.46,0,1,True,100.79480759748448,77.5,5.4350000000000005,32.839100346020764,-1.5946829023137354,-0.2218281267263683,-0.0470648885143437,-0.4620332988590369,0.5772795192328759,1.3202613734738142,-1.5496625103620318,-0.5972097275488798,-0.1588188231751727,0.2435361132991992,-1.2866690989809189,1.1199135215146965,4442.895967803456,3.078244532384578e-05,7.356448061597146e-05,47840344037346.0,False,False,train,15.826855,7.623602,0.9039145907473309,0.22993873,0.6565836298932385,0.24729462,58.83292345681437
MathRy00,ryan-mathews-1,00-0027864,Ryan Mathews,RB,2010,1,12,SDG,fresno st.,72.0,218.0,4.37,36.0,121.0,19.0,7.0,4.33,0.0,1.0,0.0,0.0,0.0,145113276.0,8666061808.0,14619.0,811.0,146122.0,20.0,44.0,37.0,86.0,1,0,5,False,skill_run,False,False,False,False,91.78,1,0,True,119.5530723552624,78.5,5.665,29.562885802469136,0.601181341934206,-0.1085851591455841,-1.3773286795808242,0.4649300593534527,0.4128677908253326,-0.2902702310474341,-0.3459575489851436,0.3906954970810258,1.7583834685835311,0.4798759806377696,-0.0606807139338211,-0.621504786561293,59.71928997040905,0.0001007419886241,5.588737449494284e-06,8666207930.0,False,False,train,45.98927,2.2847633,0.7046263345195729,0.5743114,0.9661921708185054,0.71858233,73.36677154824403
BallKa00,kalen-ballage-1,00-0034799,Kalen Ballage,RB,2018,4,131,MIA,arizona st.,73.0,228.0,4.46,33.5,122.0,15.0,6.91,4.35,3.0,4.0,30.0,1.0,0.0,42125126157.0,126653536669.0,34146.0,6124420.0,646046991.0,1010.0,6.0,3.0,52.0,0,0,1,False,skill_run,False,False,False,False,25.38,0,0,True,115.24587982827433,77.75,5.63,30.0776881215988,1.1501474029961911,0.4576296787583367,-0.7121967840475839,-0.307539405823622,0.5772795192328759,-1.0955360333080582,-0.7070690373982097,0.5141836501597612,1.3181636779782444,0.3026210801338418,-0.2472441638322937,-0.3478700255726165,3.0066031421950714,8.105851095314976e-07,0.000145386389519,127299583660.0,False,False,train,8.116672,-3.5085945,0.14590747330960854,0.16879852,0.3487544483985765,0.126823,18.723818298522055
BurtMi00,michael-burton-1,00-0031595,Michael Burton,RB,2015,5,168,DET,rutgers,71.0,242.0,4.65,33.0,115.0,25.0,7.2,4.34,1.0,1.0,-2.0,0.0,0.0,10291.0,449612.0,0.0,1031915.0,6834149150.0,1020.0,1.0,0.0,147.0,0,0,1,False,skill_run,False,False,False,False,13.15,0,1,True,103.52221364928889,74.0,5.77,33.74846260662567,0.0522152808722206,1.250330451823826,0.6919705509670393,-0.4620332988590369,-0.5736025796199266,0.917628472343502,0.4565124252661165,0.4524395736203935,0.1199377249702411,-0.5836534223857969,0.4990096357615916,1.6032701723810503,43.68982606160723,0.0,100.27353998639587,6834598762.0,False,False,train,4.923386,-3.2798667,0.16548042704626334,0.1475647,0.08718861209964412,0.07692791,12.852841532487568
GerhTo00,toby-gerhart-1,00-0027888,Toby Gerhart,RB,2010,2,51,MIN,stanford,72.0,231.0,4.5,38.0,118.0,22.0,6.94,4.25,1.0,1.0,18.0,1.0,0.0,10612210343.0,37514011361871.0,11527.0,151311.0,124114157.0,0.0,16.0,13.0,82.0,0,0,0,False,skill_run,False,False,False,False,65.47,0,0,True,112.665752171925,78.0,5.595000000000001,31.325810185185187,0.601181341934206,0.6274941301295129,-0.416582608255032,1.0829056314951124,-0.0803673943972969,0.313679120648034,-0.5866985412605198,-0.1032571152339269,1.0544598269207082,0.3617060469684844,-0.4338076137307615,0.3155488633157468,3534.985657970481,1.0862016137480172e-06,1.4258198349772382e-05,37514135476028.0,False,False,train,21.463306,-6.6592197,0.05693950177935943,0.28356734,0.7615658362989324,0.33536416,29.88752683922914
JackJu01,justin-jackson-5,00-0034440,Justin Jackson,RB,2018,7,251,LAC,northwestern,72.0,199.0,4.52,38.5,122.0,13.0,6.81,4.07,1.0,1.0,12.0,1.0,0.0,245312298287.0,1187141815241311.0,1051511.0,22213544.0,201162219276.0,1000.0,12.0,10.0,59.0,0,0,0,False,skill_run,False,False,False,False,0.21,0,1,True,95.3518959439031,80.25,5.44,26.98630401234568,0.601181341934206,-1.1843933511630338,-0.2687755203587593,1.2373995245305274,0.5772795192328759,-1.4981689344383702,-1.1083040245238416,-1.214650492942568,-0.7151156251893109,0.8934707484802676,-1.2600171775668567,-1.99104473638158,4839.308194212218,4.2864177921067705e-06,9.055210095505096e-05,1187342977460587.0,False,False,train,11.607321,6.1984334,0.8665480427046264,0.19471896,0.5302491103202847,0.18136439,52.78857124604789
GrayCy00,cyrus-gray-1,00-0029298,Cyrus Gray,RB,2012,6,182,KAN,texas a&m,70.0,206.0,4.4,32.5,114.0,21.0,7.17,,10.0,11.0,140.0,10.0,0.0,75159200198.0,36375711331045.0,151212.0,10283431.0,60226251239.0,213.0,1.0,1.0,35.0,0,0,0,False,skill_run,False,True,False,False,9.56,0,1,True,109.92247797281604,73.25,,29.55469387755102,-0.4967507801897647,-0.7880429646302892,-1.1556180477364084,-0.6165271918944519,-0.7380143080274698,0.1123626700828779,0.3361419291284266,,0.7740814630705298,-0.7609083228897245,,-0.6258590703974565,483.982150358393,2.011889424071117e-06,0.0001368219855042,36435937582284.0,False,False,train,6.0867243,-0.4732213,0.40569395017793597,0.15503246,0.2508896797153025,0.09510507,26.24830205775665
RodgJa00,jacquizz-rodgers-1,00-0028083,Jacquizz Rodgers,RB,2011,5,145,ATL,oregon st.,66.0,196.0,4.59,33.0,113.0,,7.31,4.26,11.0,11.0,1411.0,11.0,0.0,259273256.0,125314401184.0,112114.0,297844.0,247522287.0,113.0,24.0,17.0,110.0,0,0,0,False,skill_run,False,True,False,False,20.28,0,1,True,88.31517317540464,73.0,5.785,31.631772268135904,-2.692615024437706,-1.3542578025342102,0.2485492872782081,-0.4620332988590369,-0.9024260364350132,,0.897870911104307,-0.0415130386945592,-1.4343090683164037,-0.8199932897243671,0.5789654000037968,0.478178009162174,483.32945370964137,0.0004324163692378,0.0011487648382832,125561923471.0,False,False,train,19.368656,11.165403,0.9519572953736655,0.2627804,0.7277580071174378,0.30263525,63.94176511843009
TodmJo00,jordan-todman-1,00-0028121,Jordan Todman,RB,2011,6,183,SDG,connecticut,69.0,203.0,4.4,38.0,126.0,25.0,7.24,4.18,0.0,1.0,0.0,0.0,0.0,47235334.0,29611881695.0,31414.0,22119.0,418594.0,0.0,5.0,,74.0,0,0,0,False,skill_run,False,False,False,False,9.32,0,1,True,108.32166518680415,82.0,5.71,29.974585171182525,-1.04571684125175,-0.9579074160014656,-1.1556180477364084,1.0829056314951124,1.2349264328630487,0.917628472343502,0.6170064201163685,-0.535465651009512,0.6104692109966241,1.3070655163227656,0.1791865787927849,-0.402672714189252,626.9010756862649,0.0006650529876638,0.0004682723318945,29612300289.0,False,False,train,8.780685,2.2207398,0.697508896797153,0.17350812,0.39679715302491103,0.13719821,42.050425876926276
JohnKe06,kerryon-johnson-1,00-0034349,Kerryon Johnson,RB,2018,2,43,DET,auburn,71.0,213.0,,40.0,126.0,11.0,7.07,4.29,31.0,31.0,113.0,11.0,0.0,52182285.0,2088951391.0,31118.0,141724.0,159125194.0,2.0,11.0,11.0,35.0,0,0,1,False,skill_run,False,True,False,False,70.51,0,0,True,,83.0,5.68,29.70422535211268,0.0522152808722206,-0.3916925780975446,,1.7008812036367722,1.2349264328630487,-1.9008018355686824,-0.0650930579972016,0.1437191909235494,,1.543405383661336,0.0192750503083792,-0.5463780584021374,40.03181138963156,0.0005963326443063,0.0027159408600064,2248076585.0,False,False,train,30.01803,1.895504,0.6708185053380783,0.37775254,0.8629893238434164,0.46903172,61.028212712434694
HineNy00,nyheim-hines-1,00-0034367,Nyheim Hines,RB,2018,4,104,IND,north carolina st.,68.0,198.0,4.38,35.5,119.0,,7.18,4.35,0.0,1.0,0.0,0.0,0.0,4813197.0,243441112.0,1012.0,204326.0,256525152.0,100.0,25.0,22.0,85.0,0,0,0,False,skill_run,False,True,False,False,36.83,0,0,True,107.5966485232503,77.25,5.765,30.10250865051903,-1.5946829023137354,-1.241014834953426,-1.3034251356326878,0.3104361663180378,0.0840443340102462,,0.3762654278409887,0.5141836501597612,0.5363683478902774,0.1844511464645566,0.4723577143475247,-0.3346770789864743,50.57784088205823,0.0002102552627702,0.0424512023920899,499966264.0,False,False,train,24.222546,12.59728,0.9679715302491103,0.31241077,0.797153024911032,0.37847728,68.47968280156313
KellJo00,john-kelly-6,00-0034808,John Kelly,RB,2018,6,176,LAR,tennessee,70.0,216.0,,35.0,120.0,15.0,7.13,4.51,1.0,1.0,10.0,0.0,0.0,4098189.0,165630778.0,159.0,637.0,51299.0,0.0,1.0,1.0,15.0,0,0,0,False,skill_run,False,True,False,False,11.03,0,1,True,,77.5,5.82,30.98938775510204,-0.4967507801897647,-0.2218281267263683,,0.1559422732826228,0.2484560624177894,-1.0955360333080582,0.1756479342781746,1.5020888747896668,,0.2435361132991992,0.7655288499022693,0.136729017665741,40.41560259909926,3.879762499972549e-05,0.000155434510219,165682077.0,False,False,train,7.198711,0.63876534,0.5640569395017794,0.16245629,0.30604982206405695,0.11247985,34.18199696203568
IoseJo00,joey-iosefa-1,00-0032122,Joey Iosefa,RB,2015,7,231,TAM,hawaii,72.0,247.0,5.02,31.5,110.0,30.0,7.24,4.33,112.0,313.0,50120.0,11.0,0.0,110125126151.0,548463590617.0,7158.0,20191011.0,1221538776.0,1110.0,0.0,,2.0,0,0,0,False,skill_run,False,False,False,False,1.49,0,1,True,77.787905932493,70.75,5.785,33.49556327160494,0.601181341934206,1.5334378707757863,3.4264016770481365,-0.9255149779652818,-1.3956612216576427,1.9242107251692824,0.6170064201163685,0.3906954970810258,-2.510256185210459,-1.3517579912361504,0.5789654000037968,1.4688456631644085,4.980367421917542,6.499879046844571e-08,0.0001833460873617,549685129393.0,False,False,train,3.8609042,-1.5479832,0.2918149466192171,0.14100657,0.033807829181494664,0.06032663,16.37541858996414
KamaAl00,alvin-kamara-1,00-0033906,Alvin Kamara,RB,2017,3,67,NOR,tennessee,70.0,214.0,4.56,39.5,131.0,15.0,,,1.0,1.0,24.0,0.0,0.0,107103.0,698596.0,79.0,3440.0,291392.0,34.0,79.0,79.0,126.0,5,0,6,False,skill_run,False,True,False,False,55.96,0,0,True,98.98842137282864,85.25,,30.70244897959184,-0.4967507801897647,-0.3350710943071525,0.0268386554337925,1.5463873106013573,2.0569850749007648,-1.0955360333080582,,,-0.3434418602434373,2.075170085173119,,-0.0157885999468988,6.522655761276528,0.0007376077234064,0.032118614791369,989988.0,False,False,train,42.848965,22.696682,0.9928825622775801,0.53555197,0.9412811387900356,0.6695151,82.64226603762535
CobbDa00,david-cobb-1,00-0032133,David Cobb,RB,2015,5,138,TEN,minnesota,71.0,229.0,4.81,38.5,121.0,17.0,,,1.0,1.0,9.0,0.0,0.0,101237315.0,57812021629.0,713.0,11716.0,3174162.0,0.0,1.0,1.0,7.0,0,0,0,False,skill_run,False,True,False,False,22.76,0,1,True,85.56283631116287,79.75,,31.93552866494743,0.0522152808722206,0.5142511625487288,1.8744272541372404,1.2373995245305274,0.4128677908253326,-0.6929031321777461,,,-1.715613688544046,0.7753008148109825,,0.6396347585816891,571.0544736296098,7.042857665673966e-06,0.0001157280791178,57815195791.0,False,False,train,8.531686,0.32843304,0.5409252669039146,0.17173,0.38434163701067614,0.13330759,35.42459524849768
WilkJo01,jordan-wilkins-1,00-0034400,Jordan Wilkins,RB,2018,5,169,IND,mississippi,73.0,216.0,,36.0,117.0,16.0,,4.27,1.0,2.0,31.0,1.0,0.0,5272155.0,3613791011.0,149.0,1526.0,675241.0,1.0,8.0,8.0,54.0,0,0,0,False,skill_run,False,True,False,False,12.87,0,1,True,,76.5,,28.494651904672548,1.1501474029961911,-0.2218281267263683,,0.4649300593534527,-0.2447791228048401,-0.8942195827429021,,0.0202310378448084,,0.0071962459606289,,-1.18930706025297,685.4485520626764,2.8261688057350363e-05,0.0002894452078893,3614466252.0,False,False,train,9.4247055,1.2214527,0.6138790035587188,0.1781745,0.4412811387900356,0.14726102,39.88949352603578
HuntKa00,kareem-hunt-1,00-0033923,Kareem Hunt,RB,2017,3,86,KAN,toledo,70.0,216.0,4.62,36.5,119.0,18.0,,,0.0,1.0,0.0,0.0,1.0,137205178262.0,86616319731475.0,6161210.0,1291141.0,683945403.0,1.0,52.0,33.0,121.0,1,0,3,False,skill_run,False,True,False,False,45.64,0,0,True,94.82347013259346,77.75,,30.98938775510204,-0.4967507801897647,-0.2218281267263683,0.4702599191226237,0.6194239523888677,0.0840443340102462,-0.4915866816125901,,,-0.7691237751727593,0.3026210801338418,,0.136729017665741,631.2904573184322,4.490508359848393e-05,9.410293520660735e-06,86617003676878.0,False,False,train,32.53807,12.385788,0.9644128113879004,0.40779305,0.8879003558718861,0.50840735,74.65852741191821
HowaJo00,jordan-howard-1,00-0032780,Jordan Howard,RB,2016,5,150,CHI,indiana,72.0,230.0,4.57,34.0,122.0,16.0,,,1.0,1.0,0.0,0.0,0.0,145306196.0,88115871213.0,2139.0,4911.0,8372106.0,111.0,27.0,22.0,73.0,1,0,3,False,skill_run,False,True,False,False,18.6,0,1,True,105.4612783669182,78.0,,31.19020061728395,0.601181341934206,0.5708726463391209,0.1007421993819355,-0.153045512788207,0.5772795192328759,-0.8942195827429021,,,0.3181212653196196,0.3617060469684844,,0.2434678133252036,606.4150988647449,1.4720638616126184e-05,3.379759525189139e-05,88124243319.0,False,False,train,13.820858,5.617605,0.8487544483985765,0.21266142,0.6067615658362989,0.21595092,54.657656132008256
BarkSa00,saquon-barkley-1,00-0034844,Saquon Barkley,RB,2018,1,2,NYG,penn st.,72.0,233.0,4.4,41.0,,29.0,,4.24,2.0,2.0,36.0,1.0,0.0,182272217.0,107614961271.0,71818.0,202854.0,161402632.0,143.0,65.0,40.0,106.0,3,1,6,False,skill_run,False,True,False,False,99.24,1,0,True,124.329793046923,,,31.59702932098765,0.601181341934206,0.7407370977102972,-1.1556180477364084,2.009868989707602,,1.7228942746041265,,-0.1650011917732947,2.2465917317356783,,,0.4597109632968292,590.4079241599393,0.0003940150681329,0.0011129178288318,107776363903.0,False,False,train,60.46838,16.763874,0.9875444839857651,0.7356381,0.994661921708185,0.9448184,93.00414728206248
CarsCh00,chris-carson-1,00-0033594,Chris Carson,RB,2017,7,249,SEA,oklahoma st.,72.0,218.0,4.58,37.0,130.0,23.0,,,11.0,12.0,724.0,0.0,0.0,13182.0,517559.0,49.0,1713.0,170128.0,1.0,29.0,29.0,49.0,0,0,3,False,skill_run,False,True,False,False,0.29,0,1,True,99.08880188646432,83.5,,29.562885802469136,0.601181341934206,-0.1085851591455841,0.1746457433300718,0.7739178454242827,1.8925733464932213,0.5149955712131901,,,-0.3331823957740251,1.6615753173306211,,-0.621504786561293,39.26255499924139,0.0037171901077226,0.1299499317250796,687687.0,False,False,train,16.56728,11.158392,0.9501779359430605,0.23655939,0.6725978647686833,0.25886375,61.36753779395197
HendDa00,darrell-henderson-1,00-0035664,Darrell Henderson,RB,2019,3,70,LAR,memphis,68.0,208.0,4.49,33.5,121.0,22.0,,,1.0,2.0,4.0,1.0,0.0,87130214.0,48211541909.0,5922.0,202419.0,237226295.0,323.0,15.0,15.0,54.0,0,0,1,False,skill_run,False,True,False,False,54.26,0,0,True,102.35474169111872,77.25,,31.622837370242216,-1.5946829023137354,-0.6747999970495051,-0.4904861522031683,-0.307539405823622,0.4128677908253326,0.313679120648034,,,0.0006153919788735,0.1844511464645566,,0.4734288101808427,553.3274818882002,6.796723809263225e-05,0.0023231780424641,48448768204.0,False,False,train,28.24814,8.095858,0.9163701067615658,0.3571873,0.8380782918149466,0.44137722,69.38766117197763
MontDa01,david-montgomery-1,00-0035685,David Montgomery,RB,2019,3,73,CHI,iowa st.,70.0,222.0,4.63,28.5,121.0,15.0,,,0.0,2.0,0.0,0.0,0.0,109258255.0,56311461185.0,21113.0,133622.0,129296157.0,0.0,49.0,26.0,105.0,0,0,5,False,skill_run,False,True,False,False,52.59,0,0,True,96.61821417952524,74.75,,31.85020408163265,-0.4967507801897647,0.1179007760159841,0.5441634630707601,-1.8524783361777717,0.4128677908253326,-1.0955360333080582,,,-0.5856906354698344,-0.4063985218818691,,0.5942818705036607,515.3977718662998,0.0001932394032835,0.0012229922581135,56440757342.0,False,False,train,33.488274,13.335991,0.9733096085409253,0.41931492,0.8932384341637011,0.5232543,75.64853680038368
RandJo01,joseph-randle-1,00-0030388,Joseph Randle,RB,2013,5,151,DAL,oklahoma st.,72.0,204.0,4.63,35.0,123.0,,,,2.0,2.0,37.0,0.0,0.0,82208274.0,45212161417.0,22414.0,374328.0,427266224.0,120.0,7.0,7.0,35.0,0,0,0,False,skill_run,False,True,False,False,18.27,0,1,True,88.7843049217259,79.0,,27.66435185185185,0.601181341934206,-0.9012859322110734,0.5441634630707601,0.1559422732826228,0.741691247640419,,,,-1.3863611119996575,0.5980459143070548,,-1.630639486428874,549.9709362223077,0.0002726489550188,0.0045534102808191,45639427641.0,False,False,train,11.576222,3.3729696,0.7829181494661922,0.19447526,0.5284697508896797,0.18087848,49.393195620741295
ElliAn00,andre-ellington-1,00-0030287,Andre Ellington,RB,2013,6,187,ARI,clemson,69.0,199.0,4.61,34.0,122.0,,,,0.0,1.0,0.0,0.0,0.0,68118223212.0,49168611781081.0,410118.0,11122214.0,55109109232.0,101.0,18.0,17.0,65.0,0,0,1,False,skill_run,False,True,False,False,8.41,0,1,True,88.12099058929013,78.0,,29.383952951060703,-1.04571684125175,-1.1843933511630338,0.3963563751744874,-0.153045512788207,0.5772795192328759,,,,-1.4541556428223958,0.3617060469684844,,-0.7166136200081695,721.8128932702291,6.020679645791933e-06,0.0001632780990981,49223720890313.0,False,False,train,14.186908,7.626962,0.905693950177936,0.21574204,0.6103202846975089,0.22167043,57.18241341067378
JohnDu00,duke-johnson-1,00-0032257,Duke Johnson,RB,2015,3,77,CLE,miami,69.0,207.0,4.54,33.5,121.0,,,,1.0,1.0,18.0,0.0,0.0,260.0,9361.0,4.0,1.0,11.0,0.0,28.0,18.0,97.0,0,0,0,False,skill_run,False,True,False,False,50.4,0,0,True,97.44889742251908,77.25,,30.565217391304348,-1.04571684125175,-0.7314214808398971,-0.12096843246248,-0.307539405823622,0.4128677908253326,,,,-0.5007900416378307,0.1844511464645566,,-0.0887318083703346,36.003846153846155,0.0153846153846153,0.0038461538461538,9372.0,False,False,train,25.804932,5.652649,0.8505338078291815,0.32965332,0.8131672597864769,0.40320206,64.94180524953744
RogeSa00,sam-rogers-1,00-0033967,Sam Rogers,RB,2017,6,206,LAR,virginia tech,70.0,231.0,4.93,32.0,114.0,19.0,7.27,4.34,111.0,121.0,91313.0,1.0,0.0,5326167.0,9140260283.0,22.0,12201624.0,78230193301.0,124.0,,,,0,0,0,False,skill_run,True,False,False,False,4.73,0,1,True,78.20856159351482,73.0,5.805,33.14142857142857,-0.4967507801897647,0.6274941301295129,2.7612697815148963,-0.7710210849298669,-0.7380143080274698,-0.2902702310474341,0.7373769162540549,0.4524395736203935,-2.4672627629634523,-0.8199932897243671,0.6855730856600641,1.2806111497605372,1716.1047115120498,4.130550168629711e-06,2.290882730488924,87370453584.0,False,False,train,4.6351066,-1.924839,0.2580071174377224,0.14576074,0.0693950177935943,0.07242354,16.07187080657726
SpilC.00,cj-spiller-1,00-0027861,C.J. Spiller,RB,2010,1,9,BUF,clemson,71.0,196.0,4.37,,,18.0,,,11.0,12.0,1517.0,11.0,0.0,117145116216.0,8657686291212.0,83712.0,18343436.0,206271436503.0,2234.0,34.0,32.0,90.0,1,0,3,False,skill_run,False,True,False,False,93.99,1,0,True,107.48808340197904,,,27.33346558222575,0.0522152808722206,-1.3542578025342102,-1.3773286795808242,,,-0.4915866816125901,,,0.5252723695578463,,,-1.8065166764474532,73.90565284214135,7.146008532327222e-07,0.0001565872875671,8863957727715.0,False,False,train,37.151455,-6.553051,0.060498220640569395,0.46445328,0.9145907473309609,0.5804915,41.610639482948706
BookDe00,devontae-booker-1,00-0032972,Devontae Booker,RB,2016,4,136,DEN,utah,71.0,219.0,4.56,,,22.0,,,1.0,1.0,25.0,1.0,0.0,292268.0,15121261.0,1011.0,4337.0,306318.0,20.0,19.0,11.0,93.0,0,0,0,False,skill_run,False,True,False,False,23.5,0,0,True,101.30123495630592,,,30.54096409442571,0.0522152808722206,-0.051963675355192,0.0268386554337925,,,0.313679120648034,,,-0.1070590412614849,,,-0.1016232520332015,51.73765516580673,0.0034591539272174,0.0148391202594878,15427579.0,False,False,train,16.67141,5.0461435,0.8398576512455516,0.23750097,0.6743772241992882,0.26049078,57.041685347879486
WillJo07,jonathan-williams-2,00-0032975,Jonathan Williams,RB,2016,5,156,BUF,arkansas,71.0,220.0,4.56,,,16.0,,,10.0,31.0,210.0,10.0,0.0,45150211.0,2319001190.0,412.0,8711.0,2087265.0,222.0,5.0,1.0,47.0,0,0,0,False,skill_run,False,True,False,False,16.68,0,1,True,101.7637976730014,,,30.68042055147788,0.0522152808722206,0.0046578084351999,0.0268386554337925,,,-0.8942195827429021,,,-0.0597824774650948,,,-0.0274974509717137,51.361912572235816,9.125095783051822e-06,0.0001929337605974,2321088455.0,False,False,train,8.274573,0.071320534,0.5106761565836299,0.16990915,0.3701067615658363,0.12929021,33.81316875899707
McKiJe00,,00-0031376,Jerick McKinnon,RB,2014,3,96,MIN,georgia southern,69.0,209.0,4.41,40.5,132.0,32.0,6.83,4.12,1.0,4.0,16.0,0.0,0.0,5199.0,48109125.0,21.0,,,,32.0,20.0,116.0,0,0,1,False,skill_run,False,False,False,False,40.63,0,0,True,110.51517708124656,86.25,5.475,30.86053350136526,-1.04571684125175,-0.618178513259113,-1.081714503788272,1.8553750966721871,2.221396803308308,2.326843626299594,-1.0280570270987135,-0.905930110245724,0.8346587128150816,2.3115099525116896,-1.0734537276683842,0.068238644539125,9253.534333525678,0.0040392383150605,,48109125.0,False,True,train,21.818512,1.6662292,0.6530249110320284,0.28718928,0.7633451957295374,0.34091425,53.94997077029583
ThomDa03,daniel-thomas-1,00-0028000,Daniel Thomas,RB,2011,2,62,MIA,kansas st.,72.0,230.0,4.62,,,21.0,,,34.0,48.0,50105.0,11.0,1.0,247298.0,12651585.0,1119.0,2527.0,257171.0,0.0,11.0,11.0,52.0,0,0,0,False,skill_run,False,True,False,False,58.86,0,0,True,100.96943578933562,,,31.19020061728395,0.601181341934206,0.5708726463391209,0.4702599191226237,,,0.1123626700828779,,,-0.1409708199645417,,,0.2434678133252036,51.159269383496834,0.0045249051751328,0.0102184409093482,12908756.0,False,False,train,23.33964,-4.7828865,0.10320284697508897,0.3030073,0.7846975088967971,0.36468187,33.175848066753765
FourLe00,leonard-fournette-1,00-0033856,Leonard Fournette,RB,2017,1,4,JAX,louisiana state,72.0,240.0,4.51,28.5,,,,,0.0,1.0,0.0,0.0,0.0,187300129.0,10341953843.0,10228.0,71915.0,127253146.0,10.0,38.0,19.0,81.0,0,0,5,False,skill_run,False,True,False,False,97.72,1,0,True,116.02059005529271,,,32.5462962962963,0.601181341934206,1.1370874842430418,-0.3426790643068956,-1.8524783361777717,,,,,1.3973435084086008,,,0.9642783132306196,55.21594618335794,5.460754381007394e-05,0.0003839559555241,10469206989.0,False,False,train,45.800007,2.095501,0.6903914590747331,0.5719962,0.9644128113879004,0.7156251,72.65634201970813
PeriSa00,samaje-perine-1,00-0033526,Samaje Perine,RB,2017,4,114,WAS,oklahoma,71.0,233.0,4.65,33.0,116.0,30.0,7.26,4.37,,,,,,263226196.0,171313491060.0,211612.0,151510.0,108107106.0,11.0,26.0,5.0,125.0,0,0,1,False,skill_run,False,False,False,False,32.34,0,0,True,99.67221396811696,74.5,5.815,32.49335449315612,0.0522152808722206,0.7407370977102972,0.6919705509670393,-0.4620332988590369,-0.4091908512123834,1.9242107251692824,0.6972534175414927,0.6376718032385021,-0.2735543334544333,-0.4654834887165117,0.7388769284881977,0.9361379628276456,650.8223484717304,0.0008039169475366,0.0005755886089696,171421598166.0,False,False,train,15.64398,4.018714,0.8113879003558719,0.22832367,0.6530249110320284,0.24443719,54.97123165593029
FranJo01,johnathan-franklin-1,00-0030078,Johnathan Franklin,RB,2013,4,125,GNB,ucla,70.0,205.0,4.49,31.5,115.0,18.0,6.89,4.31,,,,,,126214166282.0,56611279761734.0,58513.0,610933.0,576374323.0,12.0,1.0,1.0,11.0,0,0,0,False,skill_run,False,False,False,False,27.74,0,0,True,100.87847137826606,73.25,5.6,29.41122448979592,-0.4967507801897647,-0.8446644484206813,-0.4904861522031683,-0.9255149779652818,-0.5736025796199266,-0.4915866816125901,-0.7873160348233376,0.2672073440022848,-0.1502679047228073,-0.7609083228897245,-0.4071556923166993,-0.7021178792037754,448.5334842306652,4.636008914345205e-07,4.840447138358414e-06,56611856136057.0,False,False,train,9.841604,-1.7836618,0.2722419928825623,0.1812473,0.46619217081850534,0.15377507,26.913970333401423
TaylSt00,stepfan-taylor-1,00-0030282,Stepfan Taylor,RB,2013,5,140,ARI,stanford,69.0,214.0,4.76,30.0,110.0,17.0,7.13,4.5,,,,,,56223242322.0,303113713301530.0,2151013.0,3282541.0,43266182287.0,122.0,3.0,3.0,61.0,0,0,0,False,skill_run,False,False,False,False,22.04,0,1,True,83.37118187600791,70.0,5.815,31.598823776517538,-1.04571684125175,-0.3350710943071525,1.5049095343965522,-1.3889966570715266,-1.3956612216576427,-0.6929031321777461,0.1756479342781746,1.440344798250299,-1.9396133473653645,-1.529012891740078,0.7388769284881977,0.4606647768127713,5391.252812592105,3.8258430342398e-05,5.838405727653225e-05,303156979483817.0,False,False,train,9.740903,1.5376501,0.6387900355871886,0.18050128,0.45907473309608543,0.15220161,41.38715392343196
WareSp00,spencer-ware-1,00-0030414,Spencer Ware,RB,2013,6,194,SEA,louisiana state,70.0,228.0,4.62,,,,,,10.0,11.0,390.0,10.0,0.0,2417794.0,175707367.0,181.0,101118.0,10173230.0,11.0,17.0,0.0,43.0,0,0,1,False,skill_run,False,True,False,False,6.94,0,1,True,100.09144069551532,,,32.711020408163265,-0.4967507801897647,0.4576296787583367,0.4702599191226237,,,,,,-0.2307069564228579,,,1.0518347233415783,72.67259617651463,7.486163006443063e-05,0.0418224215958845,185880597.0,False,False,train,8.311458,1.751512,0.6583629893238434,0.17016941,0.3718861209964413,0.12986653,39.772960839799715
LeshMi00,mikel-leshoure-1,00-0027995,Mikel Leshoure,RB,2011,2,57,DET,illinois,72.0,227.0,4.56,38.0,122.0,21.0,6.82,4.4,,,,,,35108281.0,1267341697.0,1517.0,61417.0,66177196.0,23.0,5.0,5.0,17.0,0,0,1,False,skill_run,False,False,False,False,61.82,0,0,True,105.00173668986962,80.0,5.61,30.783371913580247,0.601181341934206,0.4010081949679446,0.0268386554337925,1.0829056314951124,0.5772795192328759,0.1123626700828779,-1.0681805258112758,0.8229040328566108,0.2711534691096378,0.834385781645625,-0.3538518494885609,0.0272246633535799,36.09808458010234,4.320917905379645e-05,0.0017493593605451,1333518893.0,False,False,train,18.075987,-10.046539,0.030249110320284697,0.25045243,0.701067615658363,0.2824373,25.889111499557295
ThomAn01,anthony-thomas-2,00-0020403,Anthony Thomas,RB,2001,2,38,CHI,michigan,74.0,229.0,4.58,32.5,115.0,20.0,7.48,4.44,,,,,,559296.0,595701594.0,7118.0,464522.0,605445246.0,951.0,27.0,22.0,86.0,0,0,3,False,skill_run,False,False,False,False,73.75,0,0,True,104.08869555963452,73.75,5.960000000000001,29.39864864864865,1.6991134640581766,0.5142511625487288,0.1746457433300718,-0.6165271918944519,-0.5736025796199266,-0.088953780482278,1.579970389217881,1.0698803390140872,0.1778354266382069,-0.6427383892204395,1.5117826494961593,-0.7088023620794214,1065.0918190010298,0.0127267135827897,0.8305476885227143,1201146840.0,False,False,train,34.44922,6.3266926,0.8718861209964412,0.4310572,0.902135231316726,0.53826904,72.30467491832917
PumpDo00,donnel-pumphrey-1,00-0033561,Donnel Pumphrey,RB,2017,4,132,PHI,san diego st.,68.0,176.0,4.48,33.5,117.0,5.0,,,10.0,1211.0,160.0,10.0,0.0,125276309349.0,752186716532133.0,8201717.0,22232827.0,234160416231.0,2030.0,,,,0,0,0,False,skill_run,True,True,False,False,25.0,0,0,True,87.38373578066427,75.25,,26.757785467128027,-1.5946829023137354,-2.486687478342052,-0.5643896961513046,-0.307539405823622,-0.2447791228048401,-3.1087005389596185,,,-1.5295073145766582,-0.2882285882125839,,-2.11251003515457,6004.22155187107,6.546901838520252e-05,0.0001774703223261,752420876948364.0,False,False,train,11.637742,0.012475967,0.5088967971530249,0.19495757,0.5355871886120996,0.18183972,38.6035616550051
WillDe07,dexter-williams-1,00-0034995,Dexter Williams,RB,2019,6,194,GNB,notre dame,71.0,212.0,4.57,36.0,130.0,17.0,7.0,4.16,,,,,,213939158.0,81200360995.0,13412.0,4216.0,1613133.0,11.0,0.0,0.0,7.0,0,0,0,False,skill_run,False,False,False,False,6.94,0,1,True,97.20778701646374,83.0,5.58,29.564768895060503,0.0522152808722206,-0.4483140618879367,0.1007421993819355,0.4649300593534527,1.8925733464932213,-0.6929031321777461,-0.3459575489851436,-0.6589538040882474,-0.5254329086100795,1.543405383661336,-0.5137633779729667,-0.620503859463627,379.5488481589705,6.269072069546053e-05,1.9706537313753475e-05,81201974128.0,False,False,train,9.3340025,2.774057,0.7491103202846975,0.1775114,0.43416370106761565,0.14584379,45.114790790870096
RidlSt00,stevan-ridley-1,00-0028011,Stevan Ridley,RB,2011,3,73,NWE,louisiana state,71.0,225.0,4.65,36.0,118.0,18.0,6.78,4.21,,,,,,1245249.0,921801147.0,1315.0,611.0,3361.0,0.0,25.0,23.0,73.0,0,0,1,False,skill_run,False,False,False,False,52.59,0,0,True,96.2499920292975,77.0,5.495,31.37770283673874,0.0522152808722206,0.2877652273871604,0.6919705509670393,0.4649300593534527,-0.0803673943972969,-0.4915866816125901,-1.228674520661528,-0.3502334213914034,-0.6233250520541427,0.1253661796299141,-0.966846042012112,0.3431315543357325,740.2544768154803,0.001056013696859,0.0004906649192249,921804508.0,False,False,train,22.914228,2.7619457,0.7402135231316725,0.298534,0.7758007117437722,0.35803482,58.25593188855783
MurrDe00,demarco-murray-1,00-0028009,DeMarco Murray,RB,2011,3,71,DAL,oklahoma,72.0,213.0,4.37,34.5,124.0,21.0,7.28,4.18,,,,,,127179171282.0,76410027051214.0,1314815.0,14314171.0,60395522594.0,445.0,60.0,40.0,99.0,3,1,7,False,skill_run,False,False,False,False,53.7,0,0,True,116.81102941133436,79.25,5.73,28.88483796296296,0.601181341934206,-0.3916925780975446,-1.3773286795808242,0.0014483802472078,0.9061029760479624,0.1123626700828779,0.7775004149666206,-0.535465651009512,1.4781309460776946,0.6571308811416973,0.285794264449057,-0.9819100365140012,600.8061405101207,1.0338288783818244e-05,0.0001125512208934,76470422573808.0,False,False,train,29.10197,8.949688,0.9288256227758007,0.36704808,0.8487544483985765,0.4547183,70.56344125989918
HeluRo00,roy-helu-jr-1,00-0028043,Roy Helu,RB,2011,4,105,WAS,nebraska,71.0,219.0,4.4,36.5,119.0,11.0,6.67,4.01,,,,,,45125220188.0,20980311471245.0,71011.0,525195.0,4026614946.0,0.0,13.0,13.0,57.0,0,0,1,False,skill_run,False,False,False,False,36.37,0,0,True,116.85933337886752,77.75,5.34,30.54096409442571,0.0522152808722206,-0.051963675355192,-1.1556180477364084,0.6194239523888677,0.0840443340102462,-1.9008018355686824,-1.6700330064997218,-1.5851149521787853,1.4830678887241198,0.3026210801338418,-1.7930556058482026,-0.1016232520332015,464.9353816743087,1.5736432909170315e-06,1.1638613569350812e-05,20984338086191.0,False,False,train,11.856771,0.2315054,0.5355871886120996,0.19668216,0.5462633451957295,0.18526205,39.987638784154875
DaviKn00,knile-davis-1,00-0030280,Knile Davis,RB,2013,3,96,KAN,arkansas,71.0,227.0,4.37,33.5,121.0,31.0,6.96,4.38,,,,,,33204112.0,1631322377.0,4132.0,21911.0,4136157.0,11.0,10.0,10.0,57.0,0,0,0,False,skill_run,False,False,False,False,40.63,0,0,True,124.48874965433288,77.25,5.67,31.656615750843088,0.0522152808722206,0.4010081949679446,-1.3773286795808242,-0.307539405823622,0.4128677908253326,2.1255271757344385,-0.5064515438353956,0.6994158797778699,2.26283800909404,0.1844511464645566,-0.0340287925197543,0.4913831564587117,49.13013114158873,0.000124442418457,0.0006598881487931,1635458534.0,False,False,train,14.775863,-5.37642,0.0800711743772242,0.2207662,0.6298932384341637,0.23087284,24.833492420852394
BernGi00,giovani-bernard-1,00-0030456,Giovani Bernard,RB,2013,2,37,CIN,north carolina,68.0,202.0,4.53,33.5,122.0,19.0,6.91,4.12,,,,,,239184.0,12531228.0,1312.0,4547.0,362490.0,15.0,42.0,41.0,135.0,0,0,2,False,skill_run,False,False,False,False,74.41,0,0,True,95.93753532303836,77.75,5.515000000000001,30.710640138408305,-1.5946829023137354,-1.0145288997918576,-0.1948719764106164,-0.307539405823622,0.5772795192328759,-0.2902702310474341,-0.7070690373982097,-0.905930110245724,-0.6552599202869314,0.3026210801338418,-0.8602383563558401,-0.0114347233195475,52.39158137668071,0.0054853167435948,0.0190104689276874,12893718.0,False,False,train,30.728643,2.6061172,0.7313167259786477,0.38613978,0.8665480427046264,0.48013505,63.90912656682243
MichCh00,christine-michael-1,00-0030432,Christine Michael,RB,2013,2,62,SEA,texas a&m,70.0,220.0,4.54,43.0,125.0,27.0,6.69,4.02,,,,,,16612614988.0,844631899417.0,104812.0,151388.0,661743548.0,10.0,9.0,8.0,38.0,0,0,1,False,skill_run,False,False,False,False,58.86,0,0,True,103.56887648770144,84.0,5.355,31.56326530612245,-0.4967507801897647,0.0046578084351999,-0.12096843246248,2.627844561849262,1.0705147044555057,1.3202613734738142,-1.589786009074594,-1.5233708756394175,0.1247069348038654,1.7797452509999063,-1.7130998416059977,0.4417642528910208,50.84280229374566,6.3091813104505324e-06,9.112833837981198e-06,845293642965.0,False,False,train,14.901907,-13.220619,0.017793594306049824,0.2218523,0.6423487544483986,0.2328423,22.652611062991237
GreeAl00,alex-green-2,00-0028034,Alex Green,RB,2011,3,96,GNB,hawaii,72.0,225.0,4.45,34.0,114.0,20.0,6.91,4.15,,,,,,86146.0,4531199.0,218.0,1127.0,98363.0,11.0,5.0,5.0,29.0,0,0,0,False,skill_run,False,False,False,False,40.63,0,0,True,114.7552252715997,74.0,5.53,30.51215277777778,0.601181341934206,0.2877652273871604,-0.7861003279957203,-0.153045512788207,-0.7380143080274698,-0.088953780482278,-0.7070690373982097,-0.7206978806276152,1.2680159669471174,-0.5836534223857969,-0.7802825921136396,-0.1169374366275025,52.59906437907738,0.0025305876070856,0.0130824414366308,4629562.0,False,False,train,10.837086,-9.315197,0.033807829181494664,0.18875109,0.505338078291815,0.16932946,18.620686051684345
CartDe01,delone-carter-1,00-0028057,Delone Carter,RB,2011,4,119,IND,syracuse,69.0,222.0,4.54,37.0,120.0,27.0,6.92,4.07,,,,,,15623236231.0,71313710211233.0,40119.0,9118.0,4611745.0,10.0,3.0,3.0,27.0,0,0,0,False,skill_run,False,False,False,False,30.21,0,0,True,104.51041172849872,78.5,5.495,32.780088216761186,-1.04571684125175,0.1179007760159841,-0.12096843246248,0.7739178454242827,0.2484560624177894,1.3202613734738142,-0.6669455386856477,-1.214650492942568,0.2209372388718179,0.4798759806377696,-0.966846042012112,1.088546588450608,4564.592710294595,2.5679058683369918e-06,5.836178794959168e-07,71313714822978.0,False,False,train,9.235978,-2.389288,0.22419928825622776,0.17679691,0.42704626334519574,0.14431216,23.931078224631815
DwyeJo00,jonathan-dwyer-1,00-0027786,Jonathan Dwyer,RB,2010,6,188,PIT,georgia tech,71.0,229.0,4.64,33.0,107.0,15.0,7.56,4.67,,,,,,82200235.0,43613951395.0,91214.0,285.0,1720937.0,10.0,8.0,8.0,38.0,0,0,1,False,skill_run,False,False,False,False,8.19,0,1,True,98.8083292301787,70.0,6.115,31.93552866494743,0.0522152808722206,0.5142511625487288,0.6180670070188964,-0.4620332988590369,-1.8888964068802725,-1.0955360333080582,1.900958378918381,2.4899940994195724,-0.3618483105774432,-1.529012891740078,2.337992213332245,0.6396347585816891,530.5818334339311,0.0011096561950218,3.4671433725219887e-06,43615672332.0,False,False,train,8.861792,2.301846,0.7099644128113879,0.17409045,0.40213523131672596,0.1384655,42.692400029731175
GallWa00,wayne-gallman-1,00-0033950,Wayne Gallman,RB,2017,4,140,NYG,clemson,72.0,215.0,4.6,29.5,120.0,21.0,7.17,4.28,,,,,,161283232.0,76915271133.0,41317.0,242120.0,108213152.0,110.0,12.0,11.0,61.0,0,0,1,False,skill_run,False,False,False,False,22.04,0,0,True,96.03667797070484,74.75,5.725,29.156057098765437,0.601181341934206,-0.2784496105167604,0.3224528312263445,-1.5434905501069416,0.2484560624177894,0.1123626700828779,0.3361419291284266,0.0819751143841816,-0.6451269728223549,-0.4063985218818691,0.2591423430349854,-0.8377479365329168,476.8956461202365,0.0002561766619359,0.0015012099955933,77023484285.0,False,False,train,12.6771345,1.0518684,0.597864768683274,0.20324367,0.5693950177935944,0.19808023,43.32896917024329
WashDe00,deandre-washington-1,00-0032940,DeAndre Washington,RB,2016,5,143,OAK,texas tech,68.0,204.0,4.49,34.5,116.0,24.0,7.03,4.2,,,,,,77107188233.0,36645011031492.0,34214.0,19343041.0,109269328385.0,22.0,12.0,11.0,59.0,0,0,0,False,skill_run,False,False,False,False,20.98,0,1,True,100.38638127398184,75.25,5.615,31.014705882352946,-1.5946829023137354,-0.9012859322110734,-0.4904861522031683,0.0014483802472078,-0.4091908512123834,0.7163120217783461,-0.2255870528474536,-0.4119774979307711,-0.2005623369567014,-0.2882285882125839,-0.3271999280744941,0.1501864545139158,475.24766330162754,4.437199797328006e-07,0.0002508591149965,36754280359877.0,False,False,train,13.407847,5.2045946,0.8451957295373665,0.20922427,0.5889679715302492,0.20949762,53.96162667440987
DixoKe00,kenneth-dixon-1,00-0032411,Kenneth Dixon,RB,2016,4,134,BAL,louisiana tech,70.0,215.0,4.56,37.5,121.0,18.0,6.97,4.28,,,,,,200151253197.0,119491712991070.0,2742219.0,10143034.0,3585385467.0,1167.0,5.0,5.0,18.0,0,0,0,False,skill_run,False,False,False,False,24.24,0,0,True,99.45098408952408,79.25,5.625,30.84591836734694,-0.4967507801897647,-0.2784496105167604,0.0268386554337925,0.9284117384596976,0.4128677908253326,-0.4915866816125901,-0.4663280451228335,0.0819751143841816,-0.2961652964470471,0.6571308811416973,-0.2738960852463605,0.060470208859422,597.0070688163996,1.370073360120786e-05,5.067684482603095e-05,119495298376537.0,False,False,train,12.47226,0.8469944,0.5889679715302492,0.20158988,0.5604982206405694,0.19487907,42.698062767019486
SmalWe00,wendell-smallwood-1,00-0032782,Wendell Smallwood,RB,2016,5,153,PHI,west virginia,70.0,208.0,4.47,33.5,120.0,14.0,6.83,4.28,,,,,,39148238.0,2217221519.0,129.0,113126.0,132326160.0,0.0,10.0,9.0,56.0,0,0,1,False,skill_run,False,False,False,False,17.63,0,1,True,104.19892491456235,76.75,5.555,29.841632653061225,-0.4967507801897647,-0.6747999970495051,-0.6382932400994475,-0.307539405823622,0.2484560624177894,-1.2968524838732145,-1.0280570270987135,0.0819751143841816,0.1891014991995872,0.0662812127952715,-0.6470229850433056,-0.4733414527848165,56.636559709277336,3.2951674606657903e-06,0.0028896830554672,2349547679.0,False,False,train,10.429388,2.2261353,0.699288256227758,0.18564945,0.49110320284697506,0.16295919,44.76576716238069
CookJa00,jameel-cook-1,00-0020391,Jameel Cook,RB,2001,6,174,TAM,illinois,70.0,226.0,4.8,29.5,108.0,17.0,7.55,4.38,,,,,,413145113.0,284188303728.0,2237.0,8161627.0,89132225284.0,24.0,4.0,2.0,109.0,0,0,2,False,skill_run,False,False,False,False,11.54,0,1,True,85.14781057098766,68.75,5.965,32.42408163265306,-0.4967507801897647,0.3443867111775525,1.800523710189104,-1.5434905501069416,-1.724484678472729,-0.6929031321777461,1.860834880205819,0.6994158797778699,-1.7580317005764672,-1.824437725913291,1.5384345709102214,0.8993171057289404,687.8655822996508,5.414562413086077e-06,0.0197548675832939,373320529012.0,False,False,train,5.569114,-0.9908314,0.3487544483985765,0.15167236,0.19395017793594305,0.08701741,22.602976913103216
LascDa00,daniel-lasco-1,00-0032804,Daniel Lasco,RB,2016,7,237,NOR,california,72.0,209.0,4.46,41.5,135.0,23.0,7.22,4.26,,,,,,66721065.0,1093171115331.0,12123.0,11334.0,7835624.0,20.0,0.0,0.0,10.0,0,0,0,False,skill_run,False,False,False,False,0.98,0,1,True,105.64205650925145,88.25,5.74,28.342399691358025,0.601181341934206,-0.618178513259113,-0.7121967840475839,2.164362882743017,2.714631988530938,0.5149955712131901,0.5367594226912408,-0.0415130386945592,0.3365978287574748,2.7841896871888303,0.3390981072771906,-1.270234236476166,16384.19763430035,0.0001816967400025,0.0001698713891932,1093178950955.0,False,False,train,9.080582,3.6716943,0.802491103202847,0.17566895,0.41459074733096085,0.14188409,46.74251986753686
JanoAn00,andy-janovich-1,00-0032956,Andy Janovich,RB,2016,6,176,DEN,nebraska,73.0,238.0,4.81,34.0,119.0,30.0,7.28,4.32,,,,,,342.0,6265.0,3.0,212.0,131658.0,0.0,2.0,2.0,77.0,0,0,1,False,skill_run,False,False,False,False,11.03,0,1,True,88.92556786924351,76.5,5.800000000000001,31.396884969037345,1.1501474029961911,1.0238445166622576,1.8744272541372404,-0.153045512788207,0.0840443340102462,1.9242107251692824,0.7775004149666206,0.328951420541658,-1.3719232282071794,0.0071962459606289,0.658921164246002,0.3533275033276781,18.3187134502924,0.0087719298245614,0.6198830409356725,137923.0,False,False,train,3.272156,-3.2877896,0.16370106761565836,0.13747853,0.014234875444839857,0.05112744,10.60485973934315
BradAl00,allen-bradford-1,00-0028125,Allen Bradford,RB,2011,6,187,TAM,southern california,71.0,242.0,4.53,29.0,113.0,28.0,6.97,4.39,,,,,,131514115110.0,422457668794.0,11185.0,33413.0,332344274.0,12001.0,1.0,0.0,19.0,0,0,0,False,skill_run,False,False,False,False,8.41,0,1,True,114.93506707017468,71.0,5.68,33.74846260662567,0.0522152808722206,1.250330451823826,-0.1948719764106164,-1.6979844431423563,-0.9024260364350132,1.52157782403897,-0.4663280451228335,0.7611599563172377,1.2863968306802087,-1.292673024401508,0.0192750503083792,1.6032701723810503,3.212261044684453,8.504790524305876e-08,2.54063983718044e-07,422790013068.0,False,False,train,4.5682483,-1.9916973,0.25622775800711745,0.145345,0.06583629893238434,0.07137888,15.90031400667603
HillBr02,brian-hill-4,00-0033567,Brian Hill,RB,2017,5,156,ATL,wyoming,73.0,219.0,4.54,34.0,125.0,15.0,7.03,4.32,,,,,,145281349.0,79616311860.0,7622.0,13208.0,20413267.0,0.0,9.0,8.0,48.0,0,0,0,False,skill_run,False,False,False,False,16.68,0,1,True,103.09810886730278,79.5,5.675000000000001,28.89041095890411,1.1501474029961911,-0.051963675355192,-0.12096843246248,-0.153045512788207,1.0705147044555057,-1.0955360333080582,-0.2255870528474536,0.328951420541658,0.0765917827698885,0.7162158479763399,-0.0073768711056828,-0.9789478015828826,548.0146791588506,5.246371989566259e-05,9.091325273968925e-05,79636725127.0,False,False,train,9.467567,1.2643147,0.6209964412811388,0.17848851,0.4430604982206406,0.14793074,40.22945278546246
HuntKe00,kendall-hunter-1,00-0028053,Kendall Hunter,RB,2011,4,115,SFO,oklahoma st.,67.0,199.0,4.46,35.0,122.0,24.0,6.74,4.21,,,,,,10724189271.0,69615553821548.0,416116.0,10221120.0,13719883101.0,1100.0,12.0,12.0,45.0,0,0,0,False,skill_run,False,False,False,False,31.91,0,0,True,100.58741265713417,78.5,5.475,31.164401871240813,-2.1436489633757208,-1.1843933511630338,-0.7121967840475839,0.1559422732826228,0.5772795192328759,0.7163120217783461,-1.38916851551178,-0.3502334213914034,-0.1800157760955614,0.4798759806377696,-1.0734537276683842,0.2297549114112105,6491.451433983928,3.880162774870518e-05,0.0009530902282412,69629273704649.0,False,False,train,19.384201,7.758935,0.9110320284697508,0.26293096,0.7295373665480427,0.30287814,62.34821093411208
SherAn00,anthony-sherman-1,00-0028074,Anthony Sherman,RB,2011,5,136,ARI,connecticut,70.0,242.0,4.74,32.5,111.0,32.0,7.23,4.41,,,,,,6614.0,183931.0,0.0,226911.0,927071127.0,1.0,5.0,1.0,153.0,1,0,3,False,skill_run,False,False,False,False,23.5,0,1,True,95.88087637698538,71.75,5.82,34.71959183673469,-0.4967507801897647,1.250330451823826,1.3571024465002794,-0.6165271918944519,-1.2312494932500997,2.326843626299594,0.5768829214038064,0.8846481093959785,-0.661050789678321,-1.11541812389758,0.7655288499022693,2.119458046630056,27.809343816147567,0.0,34.30768067735107,927255058.0,False,False,train,5.0910196,-3.1122332,0.17793594306049823,0.14862213,0.10676156583629894,0.07954718,13.816055218652687
DrakKe00,kenyan-drake-1,00-0033118,Kenyan Drake,RB,2016,3,73,MIA,alabama,73.0,210.0,4.45,34.5,123.0,10.0,7.04,4.21,,,,,,42922277.0,281694112408.0,5841.0,12529.0,135159276.0,121.0,33.0,15.0,104.0,0,0,2,False,skill_run,False,False,False,False,52.59,0,0,True,107.10487692015973,78.75,5.625,27.70313379620942,1.1501474029961911,-0.5615570294687209,-0.7861003279957203,0.0014483802472078,0.741691247640419,-2.1021182861338383,-0.1854635541348915,-0.3502334213914034,0.48610646830591,0.5389609474724122,-0.2738960852463605,-1.610025577593147,6562.888366989478,0.0001360831812347,0.0002918997051344,281829271684.0,False,False,train,23.290749,3.138466,0.7722419928825622,0.30249128,0.7829181494661922,0.36391795,59.876227264567625
RoysEv00,evan-royster-1,00-0028115,Evan Royster,RB,2011,6,177,WAS,penn st.,72.0,212.0,4.65,34.0,113.0,20.0,7.07,4.18,,,,,,82191205208.0,513123611691014.0,51266.0,3171625.0,18155187202.0,21.0,4.0,4.0,32.0,0,0,0,False,skill_run,False,False,False,False,10.77,0,1,True,90.68888137871588,73.5,5.625,28.749228395061728,0.601181341934206,-0.4483140618879367,0.6919705509670393,-0.153045512788207,-0.9024260364350132,-0.088953780482278,-0.0650930579972016,-0.535465651009512,-1.1917024697786704,-0.701823356055082,-0.2738960852463605,-1.0539910865045423,6243.047664193025,6.23740701578252e-07,3.858837441273209e-05,513141766878216.0,False,False,train,9.1234,2.5634542,0.7259786476868327,0.17597918,0.42170818505338076,0.14255312,43.84395592882434
MareOw00,owen-marecic-1,00-0028062,Owen Marecic,RB,2011,4,124,CLE,stanford,72.0,248.0,4.87,28.5,102.0,22.0,7.1,4.56,,,,,,5823.0,61546.0,45.0,4489.0,262513275.0,10.0,0.0,0.0,24.0,0,0,0,False,skill_run,False,False,False,False,28.15,0,0,True,88.17913446510137,65.25,5.83,33.63117283950617,0.601181341934206,1.5900593545661783,2.3178485178260715,-1.8524783361777717,-2.710955048917989,0.313679120648034,0.0552774381404846,1.810809257486511,-1.4482130050892963,-2.651627261598287,0.8188326927304029,1.5409267131549496,10.569465911042418,0.0077279752704791,0.7709084664262408,262574821.0,False,False,train,5.13974,-6.485526,0.06405693950177936,0.14893064,0.10854092526690391,0.08030844,9.317877724687188
LewiDi00,dion-lewis-1,00-0028087,Dion Lewis,RB,2011,5,149,PHI,pittsburgh,67.0,193.0,4.56,34.5,112.0,17.0,6.9,4.18,,,,,,325219.0,17991061.0,1713.0,2527.0,189216.0,10.0,31.0,1.0,102.0,0,0,2,False,skill_run,False,False,False,False,18.93,0,1,True,89.27460432222395,73.25,5.54,30.22477166406772,-2.1436489633757208,-1.5241222539053865,0.0268386554337925,0.0014483802472078,-1.0668377648425562,-0.6929031321777461,-0.7471925361107719,-0.535465651009512,-1.3362496999676352,-0.7609083228897245,-0.726978749285506,-0.2696901718825759,55.31983371205249,0.0052672199348746,0.0077701487305477,18180277.0,False,False,train,22.425112,14.221859,0.9804270462633452,0.29343802,0.7704626334519573,0.35039237,67.50294274229596
ConnJo00,john-conner-1,00-0027739,John Conner,RB,2010,5,139,NYJ,kentucky,71.0,246.0,4.64,35.0,111.0,24.0,7.15,4.32,,,,,,261531.0,53747158.0,202.0,27115.0,21378946.0,1201.0,0.0,0.0,62.0,0,0,1,False,skill_run,False,False,False,False,22.4,0,1,True,106.14344537390376,73.0,5.735,34.30628843483436,0.0522152808722206,1.4768163869853943,0.6180670070188964,0.1559422732826228,-1.2312494932500997,0.7163120217783461,0.2558949317033024,0.328951420541658,0.3878426476565753,-0.8199932897243671,0.3124461858631238,1.899773376627005,205.50970248268848,0.0007723749765802,0.103677957871151,75126104.0,False,False,train,5.7385945,-2.4646583,0.2117437722419929,0.15276591,0.20284697508896798,0.08966554,17.375319441415876
ChubNi00,nick-chubb-1,00-0034791,Nick Chubb,RB,2018,2,35,CLE,georgia,71.0,227.0,4.52,38.5,128.0,29.0,7.09,4.25,,,,,,21992224223.0,154774711301345.0,147815.0,18454.0,213328630.0,2110.0,49.0,47.0,100.0,4,0,5,False,skill_run,False,False,False,False,75.73,0,0,True,108.76824311188948,83.25,5.67,31.656615750843088,0.0522152808722206,0.4010081949679446,-0.2687755203587593,1.2373995245305274,1.5637498896781352,1.7228942746041265,0.0151539394279225,-0.1032571152339269,0.6561120373709249,1.6024903504959789,-0.0340287925197543,0.4913831564587117,7037.701586339678,6.721239220788387e-06,8.39114762239481e-07,154774924629975.0,False,False,train,39.939686,11.81716,0.9572953736654805,0.49924606,0.9306049822064056,0.6240576,79.36998852101085
BohaTo00,tommy-bohanon-1,00-0030112,Tommy Bohanon,RB,2013,7,215,NYJ,wake forest,73.0,246.0,4.88,35.0,119.0,36.0,7.27,4.42,,,,,,1617152.0,5177311.0,21.0,811923.0,667556208.0,1015.0,1.0,1.0,68.0,0,0,1,False,skill_run,False,False,False,False,3.36,0,1,True,86.75326222509706,77.0,5.845,32.45224244698818,1.1501474029961911,1.4768163869853943,2.391752061774208,0.1559422732826228,0.0840443340102462,3.1321094285602187,0.7373769162540549,0.9463921859353462,-1.5939453295655188,0.1253661796299141,0.8987884569726035,0.914285526447914,3.201499302477442,1.2985792306474593e-05,0.5020696879452272,672733519.0,False,False,train,3.6992779,-1.7096095,0.27402135231316727,0.14003058,0.023131672597864767,0.057801217,15.380123492754544
JamiJa00,jawan-jamison-1,00-0030415,Jawan Jamison,RB,2013,7,228,WAS,rutgers,67.0,203.0,4.68,29.0,110.0,20.0,,,1.0,1.0,16.0,1.0,0.0,231255.0,8971075.0,94.0,828.0,62323.0,2.0,,,,0,0,0,False,skill_run,True,True,False,False,1.78,0,1,True,84.6335623369776,69.5,,31.790822009356205,-2.1436489633757208,-0.9579074160014656,0.9136811828114484,-1.6979844431423563,-1.3956612216576427,-0.088953780482278,,,-1.810590820810024,-1.6471828254093632,,0.5627183002737336,38.79299907029037,0.0004064776977795,0.0035804631251216,9033398.0,False,False,train,12.587522,7.178634,0.8985765124555161,0.20251904,0.5676156583629893,0.19668002,55.27935548344117
HenrDe00,derrick-henry-2,00-0032764,Derrick Henry,RB,2016,2,45,TEN,alabama,75.0,247.0,4.54,37.0,130.0,22.0,7.2,4.38,,,,,,36172395.0,3829902219.0,31128.0,1511.0,6113391.0,120.0,85.0,59.0,153.0,5,1,6,False,skill_run,False,False,False,False,69.23,0,0,True,116.2796022384648,83.5,5.79,30.869511111111112,2.248079525120162,1.5334378707757863,-0.12096843246248,0.7739178454242827,1.8925733464932213,0.313679120648034,0.4565124252661165,0.6994158797778699,1.4238160397212334,1.6615753173306211,0.6056173214178636,0.0730105463075726,105.87914399917396,0.0008605457283102,4.1772185668104087e-05,3836015610.0,False,False,train,50.623535,22.501009,0.9911032028469751,0.6297575,0.9750889679715302,0.79099274,87.56091387246427
AlleAn01,anthony-allen-1,00-0028163,Anthony Allen,RB,2011,7,225,BAL,georgia tech,73.0,228.0,4.56,41.5,120.0,24.0,6.79,4.06,,,,,,9614664240.0,4066966181316.0,13767.0,42153.0,4815311288.0,1211.0,1.0,1.0,21.0,0,0,0,False,skill_run,False,False,False,False,2.1,0,1,True,105.46429940656508,80.75,5.425,30.0776881215988,1.1501474029961911,0.4576296787583367,0.0268386554337925,2.164362882743017,0.2484560624177894,0.7163120217783461,-1.1885510219489657,-1.2763945694819412,0.318430032906028,1.0116406821495527,-1.3399729418090571,-0.3478700255726165,422.9961733240931,1.4318752747209818e-06,4.384240463086624e-06,4071781492604.0,False,False,train,5.2211404,-0.187747,0.43238434163701067,0.14944725,0.11387900355871886,0.08158032,24.193505054585028
ChapSh00,shaun-chapas-1,00-0028158,Shaun Chapas,RB,2011,7,220,DAL,georgia,74.0,247.0,4.87,35.5,116.0,23.0,7.13,4.4,,,,,,117715.0,41254544.0,12.0,3995.0,221205029.0,112.0,0.0,0.0,6.0,0,0,0,False,skill_run,False,False,False,False,2.69,0,1,True,87.82357343903242,75.75,5.765000000000001,31.70945945945946,1.6991134640581766,1.5334378707757863,2.3178485178260715,0.3104361663180378,-0.4091908512123834,0.5149955712131901,0.1756479342781746,0.8229040328566108,-1.4845533821359964,-0.1700586545432988,0.4723577143475295,0.5194713663203969,350.46123263815144,0.000101941128998,0.033937900862252,262459573.0,False,False,train,3.923938,-1.4849494,0.302491103202847,0.14138876,0.04092526690391459,0.06131153,16.972155375903295
ArmsRy00,ryquell-armstead-1,00-0035268,Ryquell Armstead,RB,2019,5,140,JAX,temple,71.0,220.0,4.45,30.0,114.0,22.0,7.02,4.29,,,,,,51156156210.0,1919196041098.0,214513.0,25148.0,7417552.0,0.0,2.0,2.0,18.0,0,0,0,False,skill_run,False,False,False,False,22.04,0,1,True,112.20510915445304,72.0,5.654999999999999,30.68042055147788,0.0522152808722206,0.0046578084351999,-0.7861003279957203,-1.3889966570715266,-0.7380143080274698,0.313679120648034,-0.2657105515600193,0.1437191909235494,1.0073794674000487,-1.0563331570629375,-0.1139845567619595,-0.0274974509717137,37.516423892748136,4.193297852938901e-06,4.915928377567209e-07,1919203458650.0,False,False,train,11.776822,3.5735693,0.798932384341637,0.19605133,0.5427046263345195,0.18401285,50.41267176354272
ScarJo00,jordan-scarlett-1,00-0035275,Jordan Scarlett,RB,2019,5,154,CAR,florida,71.0,208.0,4.47,30.0,116.0,21.0,7.37,4.63,,,,,,34179131.0,181889776.0,165.0,1410.0,12384.0,0.0,0.0,0.0,10.0,0,0,0,False,skill_run,False,False,False,False,17.31,0,1,True,104.19892491456235,73.0,6.0,29.00694306685181,0.0522152808722206,-0.6747999970495051,-0.6382932400994475,-1.3889966570715266,-0.4091908512123834,0.1123626700828779,1.1386119033796869,2.243017793262096,0.1891014991995872,-0.8199932897243671,1.724998020808694,-0.9170070637095836,5.321661805854572,4.827507170969326e-06,4.125324309737424e-05,181902160.0,False,False,train,5.6656013,-2.5376515,0.20640569395017794,0.15229413,0.19572953736654805,0.08852502,16.987201628735907
WillTr06,trayveon-williams-1,00-0035291,Trayveon Williams,RB,2019,6,182,CIN,texas a&m,68.0,206.0,4.51,33.0,121.0,19.0,7.44,4.44,,,,,,156173271.0,10577981760.0,8818.0,192027.0,91192277.0,1.0,4.0,3.0,75.0,0,0,0,False,skill_run,False,False,False,False,9.56,0,1,True,99.58433979745958,77.0,5.94,31.31877162629758,-1.5946829023137354,-0.7880429646302892,-0.3426790643068956,-0.4620332988590369,0.4128677908253326,-0.2902702310474341,1.4194763943676287,1.0698803390140872,-0.2825355779110071,0.1253661796299141,1.4051749638398874,0.3118076323473793,67.73234428828734,5.646292700112556e-05,0.0012295766027721,10669174037.0,False,False,train,8.531751,1.9718051,0.6779359430604982,0.17173044,0.3861209964412811,0.1333086,40.940638726901966
MattAl01,alexander-mattison-1,00-0034972,Alexander Mattison,RB,2019,3,102,MIN,boise st.,71.0,221.0,4.67,35.0,127.0,22.0,7.13,4.29,,,,,,67212302.0,32810861412.0,41217.0,52827.0,54284173.0,10.0,21.0,18.0,89.0,0,0,1,False,skill_run,False,False,False,False,37.76,0,0,True,92.92974535108333,81.0,5.71,30.819877008530053,0.0522152808722206,0.061279292225592,0.839777638863312,0.1559422732826228,1.399338161270592,0.313679120648034,0.1756479342781746,0.1437191909235494,-0.9626733138936082,1.0707256489841954,0.1791865787927849,0.0466283500897758,488.1674996342188,0.0006132359519541,0.0007859721870558,32865145585.0,False,False,train,18.841934,-1.3103485,0.3096085409252669,0.25771037,0.7153024911032029,0.29440522,37.732703246680025
SankBi00,bishop-sankey-1,00-0031413,Bishop Sankey,RB,2014,2,54,TEN,washington,69.0,209.0,4.49,35.5,126.0,26.0,6.75,4.0,,,,,,28289327.0,18714391870.0,11620.0,63328.0,14249304.0,1.0,6.0,6.0,29.0,0,0,1,False,skill_run,False,False,False,False,63.63,0,0,True,102.84683179540296,80.75,5.375,30.86053350136526,-1.04571684125175,-0.618178513259113,-0.4904861522031683,0.3104361663180378,1.2349264328630487,1.118944922908658,-1.3490450167992178,-1.646859028718153,0.0509098242127661,1.0116406821495527,-1.60649215594973,0.068238644539125,661.5354218218058,0.0004107556181877,0.0022385827701026,18728641174.0,False,False,train,17.081161,-11.041365,0.026690391459074734,0.24123107,0.6832740213523132,0.26689315,24.89558073125276
MartDo00,doug-martin-1,00-0029613,Doug Martin,RB,2012,1,31,TAM,boise st.,69.0,223.0,4.46,36.0,120.0,28.0,6.79,4.16,,,,,,24129201263.0,10776512601299.0,151216.0,382828.0,5468338255.0,22.0,39.0,35.0,84.0,2,1,7,False,skill_run,False,False,False,False,78.41,1,0,True,112.71855790221566,78.0,5.475,32.92774627179164,-1.04571684125175,0.1745222598063762,-0.7121967840475839,0.4649300593534527,0.2484560624177894,1.52157782403897,-1.1885510219489657,-0.6589538040882474,1.059856875551726,0.3617060469684844,-1.0734537276683842,1.167031814905337,446.61704645084257,6.2669293671099e-06,1.586575518299617e-05,10781980939554.0,False,False,train,29.595938,-14.108568,0.014234875444839857,0.37280476,0.8576512455516014,0.46243653,34.427245985782875
FowlJa00,jalston-fowler-1,00-0032130,Jalston Fowler,RB,2015,4,108,TEN,alabama,71.0,254.0,4.94,33.5,114.0,23.0,7.56,4.4,,,,,,1456111912.0,111385858869.0,14000.0,1711.0,615129.0,52.0,0.0,0.0,42.0,0,0,1,False,skill_run,False,False,False,False,35.0,0,0,True,85.30135237991863,73.75,5.98,35.421940091251734,0.0522152808722206,1.929788257308531,2.835173325463039,-0.307539405823622,-0.7380143080274698,0.5149955712131901,1.900958378918381,0.8229040328566108,-1.7423388466923588,-0.6427383892204395,1.6183903351524267,2.4927797851189184,76.4953970577778,9.614645608365848e-06,1.1750470454224264e-06,111386473998.0,False,False,train,6.326129,-5.299137,0.08718861209964412,0.156607,0.26512455516014233,0.098845765,13.899091113743198
DaviMi01,mike-davis-9,00-0032063,Mike Davis,RB,2015,4,126,SFO,south carolina,69.0,217.0,4.61,34.0,116.0,17.0,7.0,4.18,,,,,,52203199.0,2751183982.0,2119.0,43432.0,35352368.0,2.0,20.0,1.0,87.0,0,0,2,False,skill_run,False,False,False,False,27.34,0,0,True,96.0917334566631,75.0,5.59,32.041797941608905,-1.04571684125175,-0.1652066429359762,0.3963563751744874,-0.153045512788207,-0.4091908512123834,-0.6929031321777461,-0.3459575489851436,-0.535465651009512,-0.639499986253177,-0.3473135550472265,-0.460459535144833,0.69612045617696,52.70144425440288,4.059138214882195e-05,0.0008319796646944,2786536350.0,False,False,train,15.046648,3.421382,0.7882562277580071,0.22310412,0.6441281138790036,0.23510388,53.57697113287831
BestJa00,jahvid-best-1,00-0027880,Jahvid Best,RB,2010,1,30,DET,california,70.0,199.0,4.34,32.5,113.0,18.0,6.75,4.17,,,,,,29194141.0,2211580867.0,21512.0,132722.0,74246213.0,114.0,13.0,13.0,22.0,0,0,2,False,skill_run,False,False,False,False,79.09,1,0,True,112.18225200728337,72.75,5.46,28.550408163265303,-0.4967507801897647,-1.1843933511630338,-1.5990393114252397,-0.6165271918944519,-0.9024260364350132,-0.4915866816125901,-1.3490450167992178,-0.5972097275488798,1.005043335806715,-0.8790782565590097,-1.1534094919105846,-1.159670732041695,75.75427093402062,0.0007368601802669,0.0045461861679711,2285827080.0,False,False,train,28.820621,-14.883884,0.010676156583629894,0.36378604,0.8434163701067615,0.4503222,33.57753871598702
CareKa00,kadeem-carey-1,00-0031057,Ka'Deem Carey,RB,2014,4,117,CHI,arizona,69.0,207.0,4.69,32.5,115.0,19.0,7.08,4.38,,,,,,91303349.0,42519291885.0,62319.0,153626.0,203303173.0,211.0,3.0,3.0,37.0,0,0,0,False,skill_run,False,False,False,False,31.05,0,0,True,85.56752497066714,73.75,5.73,30.565217391304348,-1.04571684125175,-0.7314214808398971,0.9875847267595912,-0.6165271918944519,-0.5736025796199266,-0.2902702310474341,-0.0249695592846395,0.6994158797778699,-1.715134480639534,-0.6427383892204395,0.285794264449057,-0.0887318083703346,465.6925770050341,0.0006825488953313,0.0016825888829116,42722595058.0,False,False,train,11.545181,-0.0800848,0.4501779359430605,0.19423226,0.5266903914590747,0.18039346,36.033439594072384
PierBe00,bernard-pierce-1,00-0029264,Bernard Pierce,RB,2012,3,84,BAL,temple,72.0,218.0,4.45,36.5,123.0,17.0,7.07,4.28,,,,,,236154249.0,13617281292.0,161024.0,883.0,398752.0,10.0,10.0,10.0,52.0,0,0,0,False,skill_run,False,False,False,False,46.68,0,0,True,111.18506270759435,79.75,5.675000000000001,29.562885802469136,0.601181341934206,-0.1085851591455841,-0.7861003279957203,0.6194239523888677,0.741691247640419,-0.6929031321777461,-0.0650930579972016,0.0819751143841816,0.9031248675812203,0.7753008148109825,-0.0073768711056828,-0.621504786561293,57.662656292074594,0.0006818594231603,3.739081569521114e-06,13617680044.0,False,False,train,19.76334,-0.38894272,0.4128113879003559,0.26662126,0.7366548042704626,0.3088022,42.754020512475236
TurbRo00,robert-turbin-1,00-0029273,Robert Turbin,RB,2012,4,106,SEA,utah st.,70.0,222.0,4.42,36.0,122.0,28.0,7.16,4.31,,,,,,3106207249.0,1748512961517.0,81319.0,203017.0,256418171.0,254.0,16.0,12.0,82.0,0,0,0,False,skill_run,False,False,False,False,35.91,0,0,True,116.33057981729478,79.0,5.734999999999999,31.85020408163265,-0.4967507801897647,0.1179007760159841,-1.007810959840136,0.4649300593534527,0.5772795192328759,1.52157782403897,0.2960184304158645,0.2672073440022848,1.429026240783175,0.5980459143070548,0.312446185863119,0.5942818705036607,562.9093042905972,2.6179515235559226e-05,6.53584850352012e-05,1748769379688.0,False,False,train,13.369122,1.7438555,0.6565836298932385,0.2089041,0.5836298932384342,0.20889254,46.291876115779864
YeldT.00,tj-yeldon-1,00-0032209,T.J. Yeldon,RB,2015,2,36,JAX,alabama,73.0,226.0,4.61,36.0,117.0,22.0,7.19,4.22,,,,,,175207194.0,11081235979.0,121411.0,112015.0,131183180.0,101.0,20.0,19.0,60.0,0,0,2,False,skill_run,False,False,False,False,75.07,0,0,True,100.0771048903496,76.5,5.705,29.81384875211109,1.1501474029961911,0.3443867111775525,0.3963563751744874,0.4649300593534527,-0.2447791228048401,0.313679120648034,0.4163889265535544,-0.2884893448520356,-0.2321721579685668,0.0071962459606289,0.1525346573787181,-0.4881095313526754,63.24646680318389,0.0006929567058759,0.0006393287709407,11212419159.0,False,False,train,28.825819,0.70329285,0.5800711743772242,0.3638462,0.8451957295373665,0.4504034,56.391754111679425
WillKa01,karlos-williams-1,00-0032152,Karlos Williams,RB,2015,5,155,BUF,florida st.,73.0,230.0,4.48,33.5,117.0,16.0,7.16,4.46,,,,,,91150.0,730689.0,1111.0,829.0,63265.0,1.0,4.0,4.0,11.0,0,0,0,False,skill_run,False,False,False,False,16.99,0,1,True,114.19465471336808,75.25,5.8100000000000005,30.34152749108651,1.1501474029961911,0.5708726463391209,-0.5643896961513046,-0.307539405823622,-0.2447791228048401,-0.8942195827429021,0.2960184304158645,1.1933684920928227,1.2107224393841007,-0.2882285882125839,0.7122250070741356,-0.2076305197925575,8.016335710367526,0.0121886999451453,0.0090948985189248,793954.0,False,False,train,5.7808332,-2.4224195,0.2188612099644128,0.15303946,0.2099644128113879,0.09032552,17.821036300943415
AjayJa00,jay-ajayi-1,00-0031590,Jay Ajayi,RB,2015,5,149,MIA,boise st.,72.0,221.0,4.57,39.0,121.0,19.0,7.1,4.1,,,,,,82249347.0,54814251823.0,41828.0,12250.0,14222535.0,14.0,19.0,14.0,45.0,1,0,2,False,skill_run,False,False,False,False,18.93,0,1,True,101.33453269169097,80.0,5.6,29.96971450617284,0.601181341934206,0.061279292225592,0.1007421993819355,1.3918934175659423,0.4128677908253326,-0.2902702310474341,0.0552774381404846,-1.0294182633244648,-0.1036558216452306,0.834385781645625,-0.4071556923166993,-0.4052616365896693,666.4399636267021,0.0005085511499562,0.0001489373526576,54828474358.0,False,False,train,10.654751,2.451498,0.7206405693950177,0.18735905,0.49644128113879005,0.16648048,45.83123932741715
MorrAl00,alfred-morris-1,00-0029141,Alfred Morris,RB,2012,6,173,WAS,florida atlantic,70.0,219.0,4.63,35.5,117.0,16.0,7.01,4.19,,,,,,7263227214.0,2313929281114.0,1179.0,7814.0,11447133.0,211.0,36.0,28.0,114.0,2,0,4,False,skill_run,False,False,False,False,11.8,0,1,True,95.3125626365587,76.25,5.6,31.419795918367345,-0.4967507801897647,-0.051963675355192,0.5441634630707601,0.3104361663180378,-0.2447791228048401,-0.8942195827429021,-0.3058340502725815,-0.4737215744701388,-0.7191357148914717,-0.0518887208740136,-0.4071556923166993,0.3655054440846999,318.5814257130577,1.6232453773819118e-07,1.075830312032422e-06,2313940728247.0,False,False,train,13.218839,6.658893,0.8825622775800712,0.20766498,0.5818505338078291,0.20654435,55.22368872372494
BallVi00,vick-ballard-1,00-0029547,Vick Ballard,RB,2012,5,170,IND,mississippi st.,70.0,219.0,4.59,33.0,115.0,23.0,7.03,4.19,,,,,,186193.0,9681189.0,1910.0,1020.0,106187.0,11.0,5.0,5.0,17.0,0,0,1,False,skill_run,False,False,False,False,12.6,0,1,True,98.67868839496742,74.0,5.61,31.419795918367345,-0.4967507801897647,-0.051963675355192,0.2485492872782081,-0.4620332988590369,-0.5736025796199266,0.5149955712131901,-0.2255870528474536,-0.4737215744701388,-0.3750983478054077,-0.5836534223857969,-0.3538518494885609,0.3655054440846999,51.99545095680288,0.0102581729710569,0.0054781866128157,9787376.0,False,False,train,8.209871,0.0066184998,0.5071174377224199,0.16945334,0.3665480427046263,0.12827924,33.57031008381119
RainCh00,chris-rainey-1,00-0029140,Chris Rainey,RB,2012,5,159,PIT,florida,68.0,180.0,4.36,36.5,120.0,16.0,6.5,3.93,,,,,,1848951171.0,10652575366861.0,4522.0,3102531.0,37161216381.0,132.0,1.0,1.0,18.0,0,0,0,False,skill_run,False,False,False,False,15.76,0,1,True,99.62229530604324,78.25,5.215,27.3659169550173,-1.5946829023137354,-2.260201543180484,-1.4512322235289603,0.6194239523888677,0.2484560624177894,-0.8942195827429021,-2.352132484613292,-2.0790675644937355,-0.2786563071479015,0.420791013803127,-2.4593536411998875,-1.7892676794876432,5761.415192538365,2.445710882431952e-06,0.0016779950972539,10689736583242.0,False,False,train,5.753004,-2.4502487,0.21352313167259787,0.15285918,0.20462633451957296,0.08989069,17.488449391017394
GordMe00,melvin-gordon-1,00-0032144,Melvin Gordon,RB,2015,1,15,SDG,wisconsin,73.0,215.0,4.52,35.0,126.0,19.0,7.04,4.07,,,,,,2062206343.0,9862116092587.0,131229.0,2119.0,6510153.0,103.0,51.0,38.0,112.0,2,0,7,False,skill_run,False,False,False,False,89.6,1,0,True,103.01838003989532,80.5,5.555,28.36273221992869,1.1501474029961911,-0.2784496105167604,-0.2687755203587593,0.1559422732826228,1.2349264328630487,-0.2902702310474341,-0.1854635541348915,-1.214650492942568,0.0684430391308242,0.9525557153149102,-0.6470229850433056,-1.2594268131430004,4782.312946550276,6.363524214996559e-05,1.0275402397014158e-06,9862122602740.0,False,False,train,45.126328,1.4218216,0.6316725978647687,0.5637306,0.9572953736654805,0.70509887,69.78940098417188
TateBe00,ben-tate-1,00-0027890,Ben Tate,RB,2010,2,58,HOU,auburn,71.0,220.0,4.34,40.5,124.0,26.0,6.91,4.12,,,,,,54202159263.0,3929036641362.0,38310.0,2161520.0,-314490105.0,0.0,14.0,13.0,51.0,0,0,0,False,skill_run,False,False,False,False,61.22,0,0,True,124.02058010855448,82.25,5.515000000000001,30.68042055147788,0.0522152808722206,0.0046578084351999,-1.5990393114252397,1.8553750966721871,0.9061029760479624,1.118944922908658,-0.7070690373982097,-0.905930110245724,2.214988395193808,1.3661504831574085,-0.8602383563558401,-0.0274974509717137,72.48856309021764,7.067984102646542e-07,3.9878854078706745e-05,3928722151257.0,False,False,train,12.565771,-15.556755,0.008896797153024912,0.20234348,0.5622775800711743,0.19634017,19.57509668219132
AlleJa01,javorius-allen-1,00-0031577,Javorius Allen,RB,2015,4,125,BAL,southern california,72.0,221.0,4.53,35.5,121.0,11.0,6.96,4.28,,,,,,6135276.0,327851489.0,1411.0,2241.0,252458.0,11.0,14.0,14.0,64.0,0,0,0,False,skill_run,False,False,False,False,27.74,0,0,True,104.96136290292812,78.25,5.62,29.96971450617284,0.601181341934206,0.061279292225592,-0.1948719764106164,0.3104361663180378,0.4128677908253326,-1.9008018355686824,-0.5064515438353956,0.0819751143841816,0.2670270364224604,0.420791013803127,-0.3005480066604273,-0.4052616365896693,53.43712149217085,0.0002299815036845,0.0003652647411461,328103947.0,False,False,train,11.353644,-0.2716217,0.42170818505338076,0.19273783,0.5195729537366548,0.1774007,34.662557070630726
HerrDa00,dan-herron-1,00-0029588,Dan Herron,RB,2012,6,191,CIN,ohio st.,70.0,213.0,4.57,35.0,117.0,22.0,6.97,4.04,,,,,,89153216135.0,4396001155678.0,67163.0,611198.0,296618034.0,100.0,5.0,0.0,35.0,0,0,0,False,skill_run,False,False,False,False,7.55,0,1,True,97.6663143137112,76.0,5.505,30.55897959183673,-0.4967507801897647,-0.3916925780975446,0.1007421993819355,0.1559422732826228,-0.2447791228048401,0.313679120648034,-0.4663280451228335,-1.3998827225606767,-0.4785687878362072,-0.1109736877086562,-0.9135421991839784,-0.0920474087532178,49.308385566499005,7.53343546219338e-07,6.855591155281434e-06,4396297773712.0,False,False,train,9.868655,3.3087096,0.7811387900355872,0.18144807,0.4697508896797153,0.15419774,47.353485515904595
WashCh00,chauncey-washington-1,00-0026353,Chauncey Washington,RB,2008,7,213,JAX,southern california,71.0,211.0,4.45,,,,,,0.0,12.0,0.0,0.0,0.0,0.0,30.0,1.0,1110213149.0,132106294295670.0,4.0,0.0,0.0,11.0,0,0,0,False,skill_run,False,True,False,False,3.64,0,1,True,107.61490014358904,,,29.42531243800833,0.0522152808722206,-0.5049355456783288,-0.7861003279957203,,,,,,0.5382337682153249,,,-0.6946296605251165,,,,132106294295700.0,False,False,train,8.201429,2.792542,0.7508896797153025,0.16939396,0.36476868327402134,0.12814733,43.28178670177786
SandMi01,miles-sanders-1,00-0035243,Miles Sanders,RB,2019,2,53,PHI,penn st.,71.0,211.0,4.49,36.0,124.0,20.0,6.89,4.19,,,,,,2531219.0,1841911271.0,129.0,2624.0,2430139.0,100.0,34.0,29.0,88.0,1,0,4,False,skill_run,False,False,False,False,64.24,0,0,True,103.8310120039714,80.0,5.54,29.42531243800833,0.0522152808722206,-0.5049355456783288,-0.4904861522031683,0.4649300593534527,0.9061029760479624,-0.088953780482278,-0.7873160348233376,-0.4737215744701388,0.1514986886805543,0.834385781645625,-0.726978749285506,-0.6946296605251165,727.6775620758219,5.096358710961003e-05,0.0010366546711288,1844341410.0,False,False,train,26.084402,-2.038124,0.2491103202846975,0.33274853,0.8202846975088968,0.40756878,41.17645335685316
EwinBr00,bradie-ewing-1,00-0029420,Bradie Ewing,RB,2012,5,157,ATL,wisconsin,72.0,239.0,4.73,36.5,120.0,14.0,7.14,4.16,,,,,,43.0,1419.0,11.0,820.0,82246.0,20.0,0.0,0.0,2.0,0,0,0,False,skill_run,False,False,False,False,16.37,0,1,True,95.49559382499996,78.25,5.65,32.41068672839506,0.601181341934206,1.0804660004526496,1.283198902552143,0.6194239523888677,0.2484560624177894,-1.2968524838732145,0.2157714329907367,-0.6589538040882474,-0.7004288772135672,0.420791013803127,-0.1406364781760216,0.8921972632400785,33.0,0.2558139534883721,19.069767441860463,83665.0,False,False,train,2.738915,-5.464338,0.07651245551601424,0.13434745,0.0035587188612099642,0.042795546,6.6745326364432795
CookDa01,dalvin-cook-1,00-0033893,Dalvin Cook,RB,2017,2,41,MIN,florida st.,70.0,210.0,4.49,30.5,116.0,22.0,7.27,4.53,,,,,,170229288.0,100816911765.0,81919.0,222433.0,203244488.0,11.0,52.0,51.0,90.0,4,0,5,False,skill_run,False,False,False,False,71.8,0,0,True,103.33892189968718,73.25,5.9,30.12857142857143,-0.4967507801897647,-0.5615570294687209,-0.4904861522031683,-1.2345027640361117,-0.4091908512123834,0.313679120648034,0.7373769162540549,1.6255770278684076,0.1012042564466602,-0.7609083228897245,1.191959592527348,-0.3208238351721766,592.2418694778304,0.0004812274136986,0.0013066670407503,101020156253.0,False,False,train,38.67583,10.553305,0.9466192170818505,0.4834539,0.9234875444839857,0.60430986,78.08979470322565
WillRy00,ryan-williams-2,00-0027976,Ryan Williams,RB,2011,2,38,ARI,virginia tech,69.0,212.0,4.59,40.0,123.0,19.0,6.96,4.18,,,,,,293110.0,1655477.0,219.0,1610.0,180109.0,11.0,1.0,1.0,5.0,0,0,0,False,skill_run,False,False,False,False,73.75,0,0,True,95.5245750672744,81.5,5.57,31.30350766645663,-1.04571684125175,-0.4483140618879367,0.2485492872782081,1.7008812036367722,0.741691247640419,-0.2902702310474341,-0.5064515438353956,-0.535465651009512,-0.6974668279609286,1.1888955826534806,-0.5670672208011003,0.3036943239033136,5.647971751219679,0.0007471597693698,0.005492818395824,1835586.0,False,False,train,20.455929,-7.6665974,0.046263345195729534,0.273447,0.7491103202846975,0.3196239,28.69415877367042
AlleBr20,brian-allen-2,00-0021311,Brian Allen,RB,2002,6,204,IND,stanford,69.0,209.0,4.46,33.0,112.0,19.0,6.9,4.08,,,,,,11.0,30.0,0.0,516.0,45202.0,1.0,0.0,0.0,4.0,0,0,0,False,skill_run,False,False,False,False,5.07,0,1,True,105.64205650925145,72.5,5.49,30.86053350136526,-1.04571684125175,-0.618178513259113,-0.7121967840475839,-0.4620332988590369,-1.0668377648425562,-0.2902702310474341,-0.7471925361107719,-1.1529064164032004,0.3365978287574748,-0.9381632233936524,-0.993497963426179,0.068238644539125,2.727272727272727,0.0,46.90909090909091,45232.0,False,False,train,5.0576396,-1.502306,0.298932384341637,0.14841108,0.099644128113879,0.07902562,18.498911989912443
BarnKe00,kenjon-barner-1,00-0030465,Kenjon Barner,RB,2013,6,182,CAR,oregon,69.0,196.0,4.52,35.5,122.0,20.0,6.87,4.2,,,,,,6191152278.0,3665519391767.0,361121.0,4131720.0,30121184256.0,232.0,4.0,0.0,76.0,0,0,0,False,skill_run,False,False,False,False,9.56,0,1,True,93.91443017590456,78.75,5.535,28.94097878596933,-1.04571684125175,-1.3542578025342102,-0.2687755203587593,0.3104361663180378,0.5772795192328759,-0.088953780482278,-0.8675630322484618,-0.4119774979307711,-0.8620328747493354,0.5389609474724122,-0.7536306706995728,-0.952069299372358,592.0577022135717,5.83285604657518e-05,0.0006673588072905,3695640576023.0,False,False,train,14.368204,7.8082585,0.9128113879003559,0.2172797,0.6156583629893239,0.22450319,57.66128046179582
HomeTr00,travis-homer-1,00-0035594,Travis Homer,RB,2019,6,204,SEA,miami,70.0,201.0,4.48,39.5,130.0,17.0,7.07,4.31,,,,,,7163164.0,44971985.0,84.0,1819.0,219186.0,10.0,8.0,8.0,85.0,0,0,0,False,skill_run,False,False,False,False,5.07,0,1,True,99.79619824950863,84.75,5.69,28.83734693877551,-0.4967507801897647,-1.0711503835822498,-0.5643896961513046,1.5463873106013573,1.8925733464932213,-0.6929031321777461,-0.0650930579972016,0.2672073440022848,-0.2608824284837133,1.957000151503834,0.0725788931365129,-1.007153114429055,6.278229145668032,1.172666157022232e-05,0.0002539380642408,45191171.0,False,False,train,9.087366,2.5274205,0.7224199288256228,0.17571807,0.4181494661921708,0.1419901,43.613949877697166
GillMi00,mike-gillislee-1,00-0030433,Mike Gillislee,RB,2013,5,164,MIA,florida,71.0,208.0,4.55,30.5,119.0,15.0,7.12,4.4,,,,,,315856244.0,2673253281152.0,17210.0,1616.0,617159.0,101.0,11.0,0.0,36.0,0,0,0,False,skill_run,False,False,False,False,14.28,0,1,True,97.06166657535542,74.75,5.76,29.00694306685181,0.0522152808722206,-0.6747999970495051,-0.0470648885143437,-1.2345027640361117,0.0840443340102462,-1.0955360333080582,0.1355244355656124,0.8229040328566108,-0.5403672561194627,-0.4063985218818691,0.4457057929334579,-0.9170070637095836,8463.512537532739,5.448681267798524e-05,5.116251556515058e-06,2673253898311.0,False,False,train,9.704789,1.5015364,0.6370106761565836,0.18023434,0.45373665480427045,0.15163733,41.19259387241458
BlueAl00,alfred-blue-1,00-0031075,Alfred Blue,RB,2014,6,181,HOU,louisiana state,74.0,223.0,4.63,32.0,121.0,13.0,7.15,4.5,,,,,,20784071.0,101539270343.0,1721.0,1375.0,,0.0,18.0,18.0,73.0,0,0,1,False,skill_run,False,False,False,False,9.8,0,1,True,97.05343136051413,76.5,5.825,28.62837837837838,1.6991134640581766,0.1745222598063762,0.5441634630707601,-0.7710210849298669,0.4128677908253326,-1.4981689344383702,0.2558949317033024,1.440344798250299,-0.5412089423292882,0.0071962459606289,0.7921807713163361,-1.118226938212694,4885.437041809567,8.280379719642027e-05,6.615643297215449e-05,101539270343.0,False,True,train,8.23794,1.6779943,0.6548042704626335,0.16965096,0.3683274021352313,0.12871781,39.52609449731074
BawdNi00,nick-bawden-1,00-0034433,Nick Bawden,RB,2018,7,237,DET,san diego st.,74.0,245.0,,,,,,,13.0,38.0,147.0,1.0,2.0,111.0,434.0,0.0,1515.0,137103.0,1.0,0.0,0.0,35.0,0,0,0,False,skill_run,False,True,False,False,0.98,0,1,True,,,,31.4527027027027,1.6991134640581766,1.4201949031950023,,,,,,,,,,0.3829965076093053,3.90990990990991,0.0,13.64864864864865,137537.0,False,False,train,3.0424557,-2.3664317,0.23487544483985764,0.13612233,0.008896797153024912,0.04753837,13.246167736373232
JoneJu01,julius-jones-1,00-0022840,Julius Jones,RB,2004,2,43,DAL,notre dame,70.0,217.0,4.47,37.5,121.0,,6.97,4.12,,,,,,28.0,4135.0,2.0,584378.0,9245961133.0,447.0,38.0,29.0,94.0,0,0,6,False,skill_run,False,True,False,False,70.51,0,0,True,108.7075322425963,79.25,5.545,31.132857142857144,-0.4967507801897647,-0.1652066429359762,-0.6382932400994475,0.9284117384596976,0.4128677908253326,,-0.4663280451228335,-0.905930110245724,0.6499070381747559,0.6571308811416973,-0.7003268278714392,0.2129878264720619,147.67857142857142,0.0714285714285714,20870.64285714286,9245965268.0,False,False,train,25.691423,-2.4311028,0.21708185053380782,0.3284004,0.8096085409252669,0.40142852,39.47202331867082
BakeEd01,edwin-baker-1,00-0029317,Edwin Baker,RB,2012,7,250,SDG,michigan st.,68.0,204.0,4.44,35.0,111.0,20.0,7.27,4.31,,,,,,85207170.0,4271201665.0,1135.0,735.0,432260.0,1.0,1.0,,6.0,0,0,0,False,skill_run,False,False,False,False,0.25,0,1,True,104.9852490043594,73.0,5.789999999999999,31.014705882352946,-1.5946829023137354,-0.9012859322110734,-0.8600038719438565,0.1559422732826228,-1.2312494932500997,-0.088953780482278,0.7373769162540549,0.2672073440022848,0.2694683330453919,-0.8199932897243671,0.6056173214178588,0.1501864545139158,50.127256485575096,1.3320475260473972e-05,8.626034640042616e-06,4271633925.0,False,False,train,7.962373,2.5534854,0.7241992882562278,0.16771883,0.3416370106761566,0.124412075,41.64332982921622
FreeDe00,devonta-freeman-1,00-0031285,Devonta Freeman,RB,2014,4,103,ATL,florida st.,68.0,206.0,4.58,31.5,118.0,,7.11,4.26,,,,,,120111173.0,5796601016.0,8814.0,151022.0,11186278.0,1.0,49.0,45.0,98.0,2,0,4,False,skill_run,False,True,False,False,37.29,0,0,True,93.63437242482406,74.75,5.6850000000000005,31.31877162629758,-1.5946829023137354,-0.7880429646302892,0.1746457433300718,-0.9255149779652818,-0.0803673943972969,,0.0954009368530503,-0.0415130386945592,-0.8906563838600969,-0.4063985218818691,0.0459269717224508,0.3118076323473793,48.26029811564658,7.338201584293911e-05,0.0012573518035661,5807787294.0,False,False,train,28.524616,16.89935,0.9893238434163701,0.36036754,0.8398576512455516,0.44569713,72.49140036593977
WillAn00,andre-williams-2,00-0031055,Andre Williams,RB,2014,4,113,NYG,boston col.,71.0,230.0,4.56,38.0,129.0,,7.27,4.06,,,,,,95124130355.0,4615175842177.0,24418.0,424.0,151134.0,0.0,7.0,6.0,41.0,0,0,0,False,skill_run,False,True,False,False,32.78,0,0,True,106.389424839956,83.5,5.664999999999999,32.0749851219996,0.0522152808722206,0.5708726463391209,0.0268386554337925,1.0829056314951124,1.7281616180856785,,0.7373769162540549,-1.2763945694819412,0.4129831604988084,1.6615753173306211,-0.0606807139338259,0.7137605596431787,48.517403785488725,2.566961706653492e-07,4.4573337849991014e-09,4615175993311.0,False,False,train,6.6702003,-4.9550657,0.09608540925266904,0.15889272,0.2775800711743772,0.10422188,14.657309783814853
JoneMa04,matt-jones-3,00-0031939,Matt Jones,RB,2015,3,95,WAS,florida,74.0,231.0,4.61,31.5,112.0,20.0,,4.2,,,,,,5279166.0,275339817.0,326.0,3511.0,102565.0,1.0,9.0,9.0,25.0,0,0,0,False,skill_run,False,True,False,False,41.12,0,0,True,102.29120013128652,71.75,,29.655405405405407,1.6991134640581766,0.6274941301295129,0.3963563751744874,-0.9255149779652818,-1.0668377648425562,-0.088953780482278,,-0.4119774979307711,-0.0058789200326738,-1.11541812389758,,-0.5723275033683298,52.15593087999128,6.175217827967523e-05,0.0006650671715949,275442382.0,False,False,train,13.479897,-6.672386,0.05516014234875445,0.20982091,0.5925266903914591,0.21062338,22.465825696008487
TaliLo00,,00-0031066,Lorenzo Taliaferro,RB,2014,4,138,BAL,coastal carolina,72.0,229.0,4.58,33.0,118.0,18.0,6.88,4.22,,,,,,1010.0,3021.0,0.0,14.0,911.0,1.0,3.0,3.0,19.0,0,0,0,False,skill_run,False,False,False,False,22.76,0,0,True,104.08869555963452,75.5,5.55,31.054591049382715,0.601181341934206,0.5142511625487288,0.1746457433300718,-0.4620332988590369,-0.0803673943972969,-0.4915866816125901,-0.8274395335358996,-0.2884893448520356,0.1778354266382069,-0.2291436213779413,-0.6736749064573724,0.1713867633346624,2.991089108910891,0.0,0.0138613861386138,3932.0,False,False,train,6.748137,-4.877129,0.09786476868327403,0.15941422,0.28113879003558717,0.10543964,14.83444380895417
LangJe00,jeremy-langford-1,00-0031569,Jeremy Langford,RB,2015,4,106,CHI,michigan st.,72.0,208.0,4.42,34.5,118.0,,7.22,4.32,,,,,,9292276.0,2314221522.0,1822.0,2811.0,15762.0,10.0,7.0,7.0,29.0,0,0,0,False,skill_run,False,True,False,False,35.91,0,0,True,108.99441712611402,76.25,5.77,28.20679012345679,0.601181341934206,-0.6747999970495051,-1.007810959840136,0.0014483802472078,-0.0803673943972969,,0.5367594226912408,0.328951420541658,0.6792283193941733,-0.0518887208740136,0.4990096357615916,-1.3423152864667072,249.04786749769377,0.0001960768276792,0.0003025093098827,2314237284.0,False,False,train,11.812639,0.18737316,0.5284697508896797,0.19633377,0.5444839857651246,0.18457249,39.64659490645781
JohnDa08,,00-0032187,David Johnson,RB,2015,3,86,ARI,northern iowa,73.0,224.0,4.5,41.5,127.0,25.0,6.82,4.27,,,,,,10242331.0,369519980.0,1120.0,210410.0,8318441276.0,1221.0,42.0,33.0,92.0,1,1,3,False,skill_run,False,False,False,False,45.64,0,0,True,109.25163846974549,84.25,5.545,29.550009382623383,1.1501474029961911,0.2311437435967683,-0.416582608255032,2.164362882743017,1.399338161270592,0.917628472343502,-1.0681805258112758,0.0202310378448084,0.7055178166300519,1.8388302178345488,-0.7003268278714392,-0.6283490371327344,36.07772293240669,0.0001093501079002,0.0205431751815089,8687961256.0,False,False,train,25.815384,5.663101,0.8523131672597865,0.3297688,0.8149466192170819,0.40336537,65.05414282989248
PeadIs00,isaiah-pead-1,00-0029626,Isaiah Pead,RB,2012,2,50,STL,cincinnati,70.0,197.0,4.39,33.0,116.0,,6.95,4.32,,,,,,30121157237.0,19480610291259.0,9612.0,2202639.0,11201190319.0,213.0,1.0,1.0,30.0,0,0,0,False,skill_run,False,True,False,False,66.09,0,0,True,106.08113087188408,74.5,5.635,28.2634693877551,-0.4967507801897647,-1.297636318743818,-1.2295215916845514,-0.4620332988590369,-0.4091908512123834,,-0.5465750425479577,0.328951420541658,0.3814737479942324,-0.4654834887165117,-0.2205922424182268,-1.312188349654335,646.7417615459194,3.1911124544022777e-07,7.312597529600685e-05,19491811481578.0,False,False,train,22.95488,-5.1676464,0.09252669039145907,0.29895982,0.7793594306049823,0.35867,32.44085295477159
WilsDa01,david-wilson-1,00-0029251,David Wilson,RB,2012,1,32,NYG,virginia tech,70.0,206.0,4.38,41.0,132.0,,7.09,4.12,,,,,,59113290.0,3346191709.0,459.0,1522.0,234129.0,41.0,5.0,5.0,21.0,0,0,0,False,skill_run,False,True,False,False,77.74,1,0,True,111.94398785752304,86.5,5.605,29.55469387755102,-0.4967507801897647,-0.7880429646302892,-1.3034251356326878,2.009868989707602,2.221396803308308,,0.0151539394279225,-0.905930110245724,0.98069137255942,2.370594919346332,-0.3805037709026278,-0.6258590703974565,56.60641979155618,7.764751378243369e-06,2.574717123678956e-05,3346425838.0,False,False,train,21.18774,-22.516766,0.0017793594306049821,0.28077653,0.7544483985765125,0.33105844,27.396842183220432
EdmoCh00,,00-0034681,Chase Edmonds,RB,2018,4,134,ARI,fordham,69.0,205.0,4.55,34.0,122.0,19.0,6.79,4.07,,,,,,13201815.0,691107042.0,301.0,3622.0,111402521.0,0.0,21.0,17.0,86.0,0,0,1,False,skill_run,False,False,False,False,24.24,0,0,True,95.66173869205704,78.0,5.43,30.269901281243435,-1.04571684125175,-0.8446644484206813,-0.0470648885143437,-0.153045512788207,0.5772795192328759,-0.2902702310474341,-1.1885510219489657,-1.214650492942568,-0.6834479184735704,0.3617060469684844,-1.3133210203949903,-0.2457022612797943,52.34939604895236,2.279989531742416e-05,0.0002743562154143,802509563.0,False,False,train,17.464363,5.839097,0.8576512455516014,0.24475549,0.693950177935943,0.27288067,58.53777705376895
MurpMa03,marcus-murphy-1,00-0031959,Marcus Murphy,RB,2015,7,230,NOR,missouri,69.0,198.0,4.61,29.0,109.0,11.0,,4.4,,,,,,224692177.0,181251601924.0,2194.0,291128.0,52279212.0,11.0,2.0,1.0,28.0,0,0,0,False,skill_run,False,True,False,False,1.59,0,1,True,87.67817154110274,69.0,,29.236294896030245,-1.04571684125175,-1.241014834953426,0.3963563751744874,-1.6979844431423563,-1.5600729500651858,-1.9008018355686824,,0.8229040328566108,-1.4994142904095749,-1.7653527590786484,,-0.7950988464629003,806.6662771441304,9.764469904085712e-06,0.0012956748378471,181303881136.0,False,False,train,8.876195,3.4673076,0.791814946619217,0.17419398,0.40569395017793597,0.13869055,46.04416735761955
WillJa06,jamaal-williams-1,00-0033948,Jamaal Williams,RB,2017,4,134,GNB,byu,72.0,212.0,4.59,30.0,123.0,,7.25,4.53,,,,,,166217109234.0,77512335181375.0,127412.0,271887.0,3151254780.0,1000.0,33.0,19.0,117.0,0,0,3,False,skill_run,False,True,False,False,24.24,0,0,True,95.5245750672744,76.5,5.890000000000001,28.749228395061728,0.601181341934206,-0.4483140618879367,0.2485492872782081,-1.3889966570715266,0.741691247640419,,0.6571299188289307,1.6255770278684076,-0.6974668279609286,0.0071962459606289,1.1386557496992142,-1.0539910865045423,466.3318688345936,7.665396215056882e-07,1.6357341386393515e-06,77515486436155.0,False,False,train,18.323328,6.698062,0.8861209964412812,0.2527812,0.708185053380783,0.286302,60.39020532655971
JameMi00,mike-james-1,00-0030391,Mike James,RB,2013,6,189,TAM,miami,70.0,223.0,4.53,35.0,115.0,28.0,,4.62,,,,,,157072147.0,46398275621.0,1376.0,1513930.0,1055680344.0,113.0,2.0,2.0,23.0,0,0,0,False,skill_run,False,True,False,False,7.98,0,1,True,105.91123949028491,75.0,,31.993673469387755,-0.4967507801897647,0.1745222598063762,-0.1948719764106164,0.1559422732826228,-0.5736025796199266,1.52157782403897,,2.1812737167227283,0.3641098739708169,-0.3473135550472265,,0.6705406793099796,295.39467376733575,8.760305542904433e-06,0.0096384370425649,47453955965.0,False,False,train,5.9186893,-0.64125633,0.39501779359430605,0.15393503,0.23843416370106763,0.09247952,25.497686048021734
PollTo00,tony-pollard-1,00-0035261,Tony Pollard,RB,2019,4,128,DAL,memphis,72.0,210.0,4.52,35.0,121.0,13.0,,,,,,,,313079.0,159230553.0,126.0,293638.0,298536444.0,243.0,45.0,34.0,112.0,1,0,2,False,skill_run,False,True,False,False,26.55,0,0,True,100.62260375989774,78.0,,28.47800925925926,0.601181341934206,-0.5615570294687209,-0.2687755203587593,0.1559422732826228,0.4128677908253326,-1.4981689344383702,,,-0.1764190434692188,0.3617060469684844,,-1.1981531864856247,508.59544396142826,0.0004024543326125,0.9379038517434896,457766997.0,False,False,train,13.53212,1.9068537,0.6743772241992882,0.21025416,0.597864768683274,0.21143937,47.36625531283987
HillJu00,justice-hill-1,00-0034975,Justice Hill,RB,2019,4,113,BAL,oklahoma st.,70.0,198.0,4.4,40.0,130.0,21.0,,,,,,,,206268158.0,11421467930.0,6159.0,53113.0,4619068.0,10.0,17.0,17.0,84.0,0,0,0,False,skill_run,False,True,False,False,32.78,0,0,True,105.65364387678434,85.0,,28.40693877551021,-0.4967507801897647,-1.241014834953426,-1.1556180477364084,1.7008812036367722,1.8925733464932213,0.1123626700828779,,,0.3377821242067811,2.0160851183384767,,-1.235929540848014,55.3719393276397,2.9859189414975044e-05,0.0002574949062181,11426086998.0,False,False,train,15.509367,3.884101,0.8096085409252669,0.22713995,0.6512455516014235,0.24233386,54.79872877460994
HarrDa06,damien-harris-1,00-0035657,Damien Harris,RB,2019,3,87,NWE,alabama,70.0,216.0,4.57,37.0,121.0,16.0,,,,,,,,46145135150.0,15710401000876.0,12119.0,4141222.0,139991204.0,200.0,16.0,15.0,44.0,0,0,3,False,skill_run,False,True,False,False,45.13,0,0,True,99.04189620545364,79.0,,30.98938775510204,-0.4967507801897647,-0.2218281267263683,0.1007421993819355,0.7739178454242827,0.4128677908253326,-0.8942195827429021,,,-0.3379764255145905,0.5980459143070548,,0.136729017665741,340.45627886466383,2.626279013075986e-07,8.974341469666278e-05,15710540992080.0,False,False,train,18.114178,-2.038105,0.2508896797153025,0.25081113,0.702846975088968,0.28303403,34.76942996802703
ScarBo01,bo-scarbrough-1,00-0034432,Bo Scarbrough,RB,2018,7,236,DAL,alabama,73.0,228.0,4.52,40.0,129.0,14.0,,4.34,,,,,,18125124.0,104812596.0,1118.0,417.0,22109.0,0.0,2.0,,7.0,0,0,0,False,skill_run,False,True,False,False,1.06,0,1,True,109.24739836788898,84.5,,30.0776881215988,1.1501474029961911,0.4576296787583367,-0.2687755203587593,1.7008812036367722,1.7281616180856785,-1.2968524838732145,,0.4524395736203935,0.7050844538909321,1.8979151846691915,,-0.3478700255726165,5.7827243554306165,6.168233662842804e-05,2.3006739153894893e-05,104834705.0,False,False,train,8.176047,2.76716,0.7455516014234875,0.16921546,0.3594306049822064,0.12775074,42.95000017047247
WaltMa00,mark-walton-1,00-0034679,Mark Walton,RB,2018,4,112,CIN,miami,70.0,202.0,4.6,31.5,118.0,18.0,,,,,,,,12920956.0,4501117428.0,9143.0,22277.0,29324091.0,110.0,3.0,1.0,21.0,0,0,0,False,skill_run,False,True,False,False,33.22,0,0,True,90.22980907015058,74.75,,28.98081632653061,-0.4967507801897647,-1.0145288997918576,0.3224528312263445,-0.9255149779652818,-0.0803673943972969,-0.4915866816125901,,,-1.2386222938364584,-0.4063985218818691,,-0.930894305622736,348.3579255281111,0.0007076101799278,0.0017240984335833,4530441519.0,False,False,train,12.32732,0.702054,0.5782918149466192,0.20042598,0.5569395017793595,0.19261438,42.13126996286823
HillJe01,jeremy-hill-2,00-0031301,Jeremy Hill,RB,2014,2,55,CIN,louisiana state,73.0,233.0,4.56,29.0,113.0,20.0,,,,,,,,142203.0,7551401.0,1216.0,818.0,73181.0,0.0,21.0,21.0,55.0,0,0,3,False,skill_run,False,True,False,False,63.03,0,0,True,107.77711299004238,71.0,,30.73728654531807,1.1501474029961911,0.7407370977102972,0.0268386554337925,-1.6979844431423563,-0.9024260364350132,-0.088953780482278,,,0.5548128518879804,-1.292673024401508,,0.0027287388775298,53.10296547892801,0.0085511557421432,0.0057523399646983,7624582.0,False,False,train,23.527353,-4.595173,0.10854092526690391,0.30499315,0.7882562277580071,0.3676149,33.558922296794286
HydeCa00,carlos-hyde-1,00-0031045,Carlos Hyde,RB,2014,2,57,SFO,ohio st.,72.0,230.0,4.62,34.5,114.0,19.0,,,,,,,,24106185208.0,1415669701521.0,61615.0,10816.0,7351147.0,13.0,32.0,18.0,102.0,0,0,4,False,skill_run,False,True,False,False,61.82,0,0,True,100.96943578933562,74.25,,31.19020061728395,0.601181341934206,0.5708726463391209,0.4702599191226237,0.0014483802472078,-0.7380143080274698,-0.2902702310474341,,,-0.1409708199645417,-0.5245684555511543,,0.2434678133252036,58.72640939683765,2.5559830171532963e-06,4.486815274451035e-07,1415677052668.0,False,False,train,22.124218,-5.998308,0.06761565836298933,0.2903285,0.7669039145907474,0.3456909,30.76309317292056
ThomDe05,deanthony-thomas-1,00-0031060,De'Anthony Thomas,RB,2014,4,124,KAN,oregon,69.0,174.0,4.39,32.0,124.0,8.0,,,,,,,,559296.0,595701594.0,7118.0,464522.0,605445246.0,951.0,7.0,7.0,69.0,0,0,0,False,skill_run,False,True,False,False,28.15,0,0,True,93.69602422186716,78.0,,25.692501575299307,-1.04571684125175,-2.599930445922836,-1.2295215916845514,-0.7710210849298669,0.9061029760479624,-2.5047511872641506,,,-0.8843552164489146,0.3617060469684844,,-2.678744281376406,1065.0918190010298,0.0127267135827897,0.8305476885227143,1201146840.0,False,False,train,10.062289,-1.5629768,0.2900355871886121,0.1828905,0.47686832740213525,0.15722327,27.94106543992126
McKnJo00,joe-mcknight-1,00-0027712,Joe McKnight,RB,2010,4,112,NYJ,southern california,71.0,198.0,4.4,36.5,120.0,18.0,,,,,,,,9489164.0,5406591014.0,328.0,232122.0,203193146.0,110.0,7.0,6.0,41.0,0,0,0,False,skill_run,False,True,False,False,33.22,0,0,True,105.65364387678434,78.25,,27.61237849633009,0.0522152808722206,-1.241014834953426,-1.1556180477364084,0.6194239523888677,0.2484560624177894,-0.4915866816125901,,,0.3377821242067811,0.420791013803127,,-1.6582650743244742,569.7647352285196,3.4565742566995366e-05,0.0244617966345612,5609784160.0,False,False,train,9.086494,-2.5387716,0.20462633451957296,0.17571178,0.41637010676156583,0.14197648,22.866220869574683
DayeMa00,matt-dayes-1,00-0033596,Matthew Dayes,RB,2017,7,252,CLE,north carolina st.,69.0,205.0,4.47,28.0,109.0,18.0,,,,,,,,63104134249.0,2525738651166.0,481210.0,10322432.0,173321172267.0,1500.0,0.0,0.0,23.0,0,0,0,False,skill_run,False,True,False,False,0.18,0,1,True,102.6960558052177,68.5,,30.269901281243435,-1.04571684125175,-0.8446644484206813,-0.6382932400994475,-2.0069722292131864,-1.5600729500651858,-0.4915866816125901,,,0.03549965287453,-1.8835226927479336,,-0.2457022612797943,40.02493150765356,7.625649344957548e-06,0.0001635777453069,2699059823433.0,False,False,train,5.999795,0.5909076,0.5604982206405694,0.15446392,0.24199288256227758,0.093746796,32.224000853973564
PennRa00,rashaad-penny-1,00-0034750,Rashaad Penny,RB,2018,1,27,SEA,san diego st.,71.0,220.0,4.46,32.5,120.0,13.0,,,,,,,,261135289.0,2236810052248.0,41123.0,81519.0,120224135.0,132.0,13.0,13.0,45.0,0,0,0,False,skill_run,False,True,False,False,81.14,1,0,True,111.20216474658048,76.25,,30.68042055147788,0.0522152808722206,0.0046578084351999,-0.7121967840475839,-0.6165271918944519,0.2484560624177894,-1.4981689344383702,,,0.9048727940958156,-0.0518887208740136,,-0.0274974509717137,8565.713430818612,0.0001574777585881,0.0003121715196447,2236930276383.0,False,False,train,31.221,-12.483505,0.023131672597864767,0.39199117,0.8754448398576512,0.48782817,36.03055081916874
LogaT.00,tj-logan-1,00-0033789,T.J. Logan,RB,2017,5,179,ARI,north carolina,69.0,196.0,4.37,33.5,121.0,17.0,,,,,,,,9311966120.0,533582400650.0,4357.0,10261129.0,124144151244.0,13.0,0.0,0.0,22.0,0,0,0,False,skill_run,False,True,False,False,10.28,0,1,True,107.48808340197904,77.25,,28.94097878596933,-1.04571684125175,-1.3542578025342102,-1.3773286795808242,-0.307539405823622,0.4128677908253326,-0.6929031321777461,,,0.5252723695578463,0.1844511464645566,,-0.952069299372358,57.300724011869576,4.6789259581197873e-07,0.0011019293742877,657726551894.0,False,False,train,5.7021456,-2.5011072,0.2099644128113879,0.15253018,0.19750889679715303,0.089096025,17.18127850960158
McNiJe00,jeremy-mcnichols-1,00-0033955,Jeremy McNichols,RB,2017,5,162,TAM,boise st.,69.0,214.0,4.49,35.5,121.0,,6.93,4.28,,,,,,17240314.0,15913371709.0,12023.0,155137.0,155460474.0,164.0,9.0,,71.0,0,0,0,False,skill_run,False,True,False,False,14.86,0,1,True,105.30728231682409,78.25,5.605,31.598823776517538,-1.04571684125175,-0.3350710943071525,-0.4904861522031683,0.3104361663180378,0.4128677908253326,,-0.6268220399730855,0.0819751143841816,0.3023819853822338,0.420791013803127,-0.3805037709026278,0.4606647768127713,923.0325914597612,0.0006973770895356,0.0089985019994415,16068832183.0,False,False,train,8.937006,0.7337532,0.5818505338078291,0.17463182,0.4110320284697509,0.13964072,37.78011290177544
GanaTe00,terrance-ganaway-1,00-0029427,Terrance Ganaway,RB,2012,6,202,NYJ,baylor,71.0,239.0,4.61,37.5,119.0,,7.15,4.25,,,,,,6846250.0,2002951547.0,5221.0,246.0,374452.0,1.0,0.0,,3.0,0,0,0,False,skill_run,False,True,False,False,5.42,0,1,True,105.83375251678564,78.25,5.7,33.33009323546915,0.0522152808722206,1.0804660004526496,0.3963563751744874,0.9284117384596976,0.0840443340102462,,0.2558949317033024,-0.1032571152339269,0.3561902606647574,0.420791013803127,0.1258827359646513,1.3808927691965798,292.5618472886617,0.0007626072667518,3.593207960562352e-05,2003325999.0,False,False,train,3.0760686,-3.483877,0.1494661921708185,0.1363201,0.010676156583629894,0.048063572,9.879844253120474
MasoTr00,tre-mason-1,00-0031391,Tre Mason,RB,2014,3,75,STL,auburn,68.0,207.0,4.5,38.5,126.0,,,4.15,,,,,,28171317.0,16110021816.0,1823.0,712.0,86163.0,1.0,8.0,8.0,25.0,0,0,1,False,skill_run,False,True,False,False,51.49,0,0,True,100.960219478738,82.25,,31.470804498269896,-1.5946829023137354,-0.7314214808398971,-0.416582608255032,1.2373995245305274,1.2349264328630487,,,-0.7206978806276152,-0.1419127797901165,1.3661504831574085,,0.39261822126411,571.8590229913639,6.471120963212334e-05,2.5273933767455742e-05,16110107979.0,False,False,train,14.6703415,-5.481941,0.07473309608540925,0.21985988,0.6209964412811388,0.22922409,24.39093242150821
MackMa00,marlon-mack-1,00-0033951,Marlon Mack,RB,2017,4,143,IND,south florida,71.0,213.0,4.5,35.5,125.0,15.0,,,,,,,,202210174.0,104113811187.0,9815.0,211628.0,160111227.0,10.0,20.0,19.0,55.0,0,0,2,False,skill_run,False,True,False,False,20.98,0,0,True,103.88660265203475,80.25,,29.70422535211268,0.0522152808722206,-0.3916925780975446,-0.416582608255032,0.3104361663180378,1.0705147044555057,-1.0955360333080582,,,0.15718037188759,0.8934707484802676,,-0.5463780584021374,514.8791929084637,4.853860617319878e-05,0.0010465744418972,104273922414.0,False,False,train,11.501959,-0.12330723,0.44483985765124556,0.19389424,0.5249110320284698,0.1797181,35.76406220444793
ConnJa00,james-conner-1,00-0033553,James Conner,RB,2017,3,105,PIT,pittsburgh,73.0,233.0,4.65,29.0,113.0,20.0,,,,,,,,1462988216.0,7991765771092.0,826216.0,35121.0,33707302.0,4.0,49.0,17.0,110.0,2,0,6,False,skill_run,False,True,False,False,36.37,0,0,True,99.67221396811696,71.0,,30.73728654531807,1.1501474029961911,0.7407370977102972,0.6919705509670393,-1.6979844431423563,-0.9024260364350132,-0.088953780482278,,,-0.2735543334544333,-1.292673024401508,,0.0027287388775298,5462.631676516525,0.0005647454921126,2.4006345106473502e-05,7991799478394.0,False,False,train,25.218248,5.0659657,0.8416370106761566,0.3232037,0.806049822064057,0.39403513,64.13125403517083
WhitJo01,johnny-white-1,00-0028071,Johnny White,RB,2011,5,133,BUF,north carolina,70.0,209.0,4.5,32.5,117.0,,7.07,4.31,,,,,,95219130.0,3990143720.0,17.0,151724.0,,10.0,0.0,0.0,19.0,0,0,0,False,skill_run,False,True,False,False,24.62,0,1,True,101.93568053650358,74.75,5.69,29.98510204081633,-0.4967507801897647,-0.618178513259113,-0.416582608255032,-0.6165271918944519,-0.2447791228048401,,-0.0650930579972016,0.2672073440022848,-0.0422150625642143,-0.4063985218818691,0.0725788931365129,-0.3970826439784976,41.90485378305809,1.785355526772824e-07,0.0015934193055534,3990143720.0,False,True,train,6.5284796,-1.6747732,0.27580071174377224,0.15794799,0.27580071174377224,0.10200749,21.74715228126885
CollAl00,alex-collins-1,00-0032426,Alex Collins,RB,2016,5,171,SEA,arkansas,70.0,217.0,4.59,28.5,113.0,18.0,,,,,,,,190204271.0,102611001577.0,41220.0,11313.0,63995.0,0.0,17.0,5.0,50.0,0,0,2,False,skill_run,False,True,False,False,12.33,0,1,True,97.7775131584837,70.75,,31.132857142857144,-0.4967507801897647,-0.1652066429359762,0.2485492872782081,-1.8524783361777717,-0.9024260364350132,-0.4915866816125901,,,-0.4672036278498425,-1.3517579912361504,,0.2129878264720619,539.4779046628244,0.0002167143765136,5.947815966761336e-05,102611065572.0,False,False,train,8.536476,0.33322334,0.5427046263345195,0.17176405,0.3879003558718861,0.13338244,35.56912199391907
PerkPa00,paul-perkins-1,00-0032417,Paul Perkins,RB,2016,5,149,NYG,ucla,70.0,208.0,4.54,32.0,124.0,19.0,,,,,,,,134250237.0,57315721343.0,6914.0,242630.0,296201242.0,21.0,5.0,5.0,29.0,0,0,0,False,skill_run,False,True,False,False,18.93,0,1,True,97.91966504291771,78.0,,29.841632653061225,-0.4967507801897647,-0.6747999970495051,-0.12096843246248,-0.7710210849298669,0.9061029760479624,-0.2902702310474341,,,-0.4526748896038537,0.3617060469684844,,-0.4733414527848165,426.93199374389184,5.150084018101212e-05,0.0018072966232454,57611922585.0,False,False,train,10.616869,2.4136162,0.7188612099644128,0.18707083,0.49466192170818507,0.16588858,45.706875019862565
ErviTy00,tyler-ervin-1,00-0032404,Tyler Ervin,RB,2016,4,119,HOU,san jose st.,70.0,192.0,4.41,39.0,130.0,17.0,,,,,,,,29452158294.0,10720528881601.0,110413.0,3102945.0,17126306334.0,112.0,2.0,0.0,43.0,0,0,0,False,skill_run,False,True,False,False,30.21,0,0,True,101.52590430430304,84.5,,27.54612244897959,-0.4967507801897647,-1.5807437376957785,-1.081714503788272,1.3918934175659423,1.8925733464932213,-0.6929031321777461,,,-0.0840965447603406,1.8979151846691915,,-1.6934823936859336,363.9980735736093,3.74889333738551e-06,0.00010535543674,10737655187935.0,False,False,train,9.797587,-1.8276787,0.2669039145907473,0.18092091,0.4626334519572954,0.1530873,26.60899010894562
RobiJo02,josh-robinson-2,00-0031611,Josh Robinson,RB,2015,6,205,IND,mississippi st.,68.0,217.0,4.7,32.0,113.0,21.0,,,,,,,,5578190.0,3354591203.0,1311.0,31228.0,8115370.0,1.0,0.0,0.0,5.0,0,0,0,False,skill_run,False,True,False,False,4.9,0,1,True,88.94024015094429,72.5,,32.99113321799308,-1.5946829023137354,-0.1652066429359762,1.0614882707077276,-0.7710210849298669,-0.9024260364350132,0.1123626700828779,,,-1.370423636828909,-0.9381632233936524,,1.200724110431427,601.3762892622876,0.0002350224714468,0.0055982316844711,3362706573.0,False,False,train,7.4091864,0.8492408,0.5907473309608541,0.1638933,0.3113879003558719,0.11576854,35.45088815386821
ArtiCa00,cameron-artis-payne-1,00-0031599,Cameron Artis-Payne,RB,2015,5,174,CAR,auburn,70.0,212.0,4.53,36.5,118.0,,7.13,,,,,,,91303.0,6101608.0,613.0,113.0,4147.0,0.0,5.0,5.0,32.0,0,0,0,False,skill_run,False,True,False,False,11.54,0,1,True,100.68691825982243,77.25,,30.41551020408163,-0.4967507801897647,-0.4483140618879367,-0.1948719764106164,0.6194239523888677,-0.0803673943972969,,0.1756479342781746,,-0.1698457325451456,0.1844511464645566,,-0.1683062175595387,66.8281217484639,0.0067139086338893,0.0012376373175032,6105755.0,False,False,train,7.5609407,-0.64231205,0.3932384341637011,0.16493571,0.3202846975088968,0.1181397,27.796739757697353
JohnSt03,storm-johnson-1,00-0031243,Storm Johnson,RB,2014,7,222,JAX,central florida,72.0,209.0,4.6,35.5,118.0,16.0,,,,,,,,9113213.0,1195071139.0,1414.0,11030.0,920260.0,3.0,0.0,0.0,6.0,0,0,0,False,skill_run,False,True,False,False,2.45,0,1,True,93.35658463198747,76.75,,28.342399691358025,0.601181341934206,-0.618178513259113,0.3224528312263445,0.3104361663180378,-0.0803673943972969,-0.8942195827429021,,,-0.9190478902134804,0.0662812127952715,,-1.270234236476166,131.1360920676385,0.0001551593274512,0.0012103305387463,1195991399.0,False,False,train,6.289463,0.88057566,0.5925266903914591,0.156365,0.2615658362989324,0.09827286,34.02514190940034
HillRo00,ronnie-hillman-1,00-0029683,Ronnie Hillman,RB,2012,3,67,DEN,san diego st.,69.0,200.0,4.42,37.0,,17.0,,,,,,,,262311.0,15321711.0,1719.0,924.0,68270.0,11.0,17.0,15.0,56.0,0,0,1,False,skill_run,False,True,False,False,55.96,0,0,True,104.80232415972502,,,29.53161100609116,-1.04571684125175,-1.1277718673726418,-1.007810959840136,0.7739178454242827,,-0.6929031321777461,,,0.2507723643147445,,,-0.6381283935534406,58.410478401592,0.0065532897972254,0.0035225362260827,15389981.0,False,False,train,26.177958,6.025675,0.8629893238434164,0.33378795,0.8220640569395018,0.4090306,65.81722463099983
ElliEz00,ezekiel-elliott-1,00-0033045,Ezekiel Elliott,RB,2016,1,4,DAL,ohio st.,72.0,225.0,4.47,32.5,118.0,,,,,,,,,30273289.0,26218781821.0,21823.0,32827.0,23220206.0,100.0,68.0,65.0,135.0,3,1,7,False,skill_run,False,True,False,False,97.72,1,0,True,112.7151832008487,75.25,,30.51215277777778,0.601181341934206,0.2877652273871604,-0.6382932400994475,-0.6165271918944519,-0.0803673943972969,,,,1.0595119617082394,-0.2882285882125839,,-0.1169374366275025,866.0698155724011,0.0007208665038014,0.0010843552545612,26242002027.0,False,False,train,50.55388,6.849373,0.8879003558718861,0.6289451,0.9733096085409253,0.78990436,83.35919696241088
ProsC.00,cj-prosise-1,00-0032393,C.J. Prosise,RB,2016,3,90,SEA,notre dame,72.0,220.0,4.48,35.5,121.0,,,,,,,,,10156.0,1261032.0,111.0,72926.0,72516308.0,21.0,5.0,5.0,35.0,0,0,0,False,skill_run,False,True,False,False,43.6,0,0,True,109.22966972583036,78.25,,29.834104938271604,0.601181341934206,0.0046578084351999,-0.5643896961513046,0.3104361663180378,0.4128677908253326,,,,0.7032724849469242,0.420791013803127,,-0.4773426865802105,124.16620716817644,0.010929499803072,7.180582906656164,73777340.0,False,False,train,19.064804,-1.0874786,0.34519572953736655,0.2598478,0.7259786476868327,0.29788756,39.48210928390247
ElliRh00,rhett-ellison-1,00-0029587,Rhett Ellison,RB,2012,4,128,MIN,southern california,77.0,251.0,4.78,31.5,109.0,,,,,,,,,1.0,-5.0,0.0,462122.0,5841239133.0,132.0,9.0,4.0,113.0,0,0,4,False,skill_run,False,True,False,False,26.55,0,0,True,96.15948543762605,70.25,,29.76100522853769,3.346011647244133,1.7599238059373548,1.6527166222928311,-0.9255149779652818,-1.5600729500651858,,,,-0.6325753450429884,-1.4699279249054356,,-0.5161976428577909,-5.0,0.0,462122.0,5841239128.0,False,False,train,7.914634,-3.7106318,0.1387900355871886,0.1673859,0.33629893238434166,0.12366615,18.098621461474178
MixoJo00,joe-mixon-1,00-0033897,Joe Mixon,RB,2017,2,48,CIN,oklahoma,,,,,,,,,1.0,1.0,26.0,1.0,0.0,113187.0,7531274.0,710.0,2837.0,356538.0,45.0,56.0,49.0,111.0,2,0,6,False,skill_run,False,True,True,False,67.34,0,0,True,,,,,,,,,,,,,,,,,66.53833037362948,0.0062728051808069,0.0250647159126048,7887812.0,False,False,train,41.429935,13.307409,0.9715302491103203,0.5178666,0.9341637010676157,0.64734274,80.84867074714437
CoheTa00,,00-0033556,Tarik Cohen,RB,2017,4,119,CHI,north carolina a&t,66.0,179.0,4.42,31.5,118.0,11.0,,,,,,,,1528.0,69149.0,1.0,19.0,20125.0,0.0,21.0,21.0,51.0,1,1,2,False,skill_run,False,True,False,False,30.21,0,0,True,93.79808012295388,74.75,,28.888200183654728,-2.692615024437706,-2.316823026970876,-1.007810959840136,-0.9255149779652818,-0.0803673943972969,-1.9008018355686824,,,-0.8739245177687568,-0.4063985218818691,,-0.9801229030431612,45.25458115183246,0.0006544502617801,0.0124345549738219,89274.0,False,False,train,18.192799,6.5675325,0.8790035587188612,0.2515505,0.7064056939501779,0.28426248,60.00451607980975
WillJo12,joe-williams-7,00-0033286,Joe Williams,RB,2017,4,121,SFO,utah,71.0,210.0,4.41,35.0,125.0,14.0,7.19,4.19,,,,,,104210.0,4771407.0,310.0,119.0,84107.0,0.0,,,,0,0,0,False,skill_run,True,False,False,False,29.37,0,0,True,111.04395783283148,80.0,5.69,29.28585598095616,0.0522152808722206,-0.5615570294687209,-1.081714503788272,0.1559422732826228,1.0705147044555057,-1.2968524838732145,0.4163889265535544,-0.4737215744701388,0.8887031397312821,0.834385781645625,0.0725788931365176,-0.7687554615866043,45.78646003262643,0.0029747624988004,0.0011419249592169,4855514.0,False,False,train,10.842267,-0.78299904,0.3612099644128114,0.18879077,0.5071174377224199,0.16941042,31.754771147546396
WestTe00,,00-0031375,Terrance West,RB,2014,3,94,CLE,towson,69.0,225.0,4.56,33.5,120.0,16.0,,,,,,,,93636.0,49110156.0,42.0,21.0,102.0,0.0,11.0,3.0,43.0,0,0,2,False,skill_run,False,True,False,False,41.61,0,0,True,104.0766112564787,76.75,,33.22306238185255,-1.04571684125175,0.2877652273871604,0.0268386554337925,-0.307539405823622,0.2484560624177894,-0.8942195827429021,,,0.1766003415168575,0.0662812127952715,,1.324002267814795,524.4794309880815,0.0004485454312443,0.0002242727156221,49110258.0,False,False,train,14.630186,-5.5220966,0.07295373665480427,0.21951574,0.6192170818505338,0.22859666,24.264739368946103
MichSo00,sony-michel-1,00-0034845,Sony Michel,RB,2018,1,31,NWE,georgia,71.0,214.0,4.54,,,22.0,,4.21,,,,,,64219152156.0,41011618401227.0,58416.0,726229.0,10627014996.0,1311.0,21.0,15.0,65.0,0,0,2,False,skill_run,False,True,False,False,78.41,1,0,True,100.74427076530958,,,29.84368180916485,0.0522152808722206,-0.3350710943071525,-0.12096843246248,,,0.313679120648034,,-0.3502334213914034,-0.1639839773999934,,,-0.4722522573406477,638.6197423099314,9.096351795192952e-07,1.1308604608105967e-05,41022245416223.0,False,False,train,31.080265,-12.624241,0.021352313167259787,0.39031538,0.8736654804270463,0.48562914,35.84629278431159
GuicDe00,derrius-guice-1,00-0034358,Derrius Guice,RB,2018,2,59,WAS,louisiana state,70.0,224.0,4.49,31.5,,15.0,,,,,,,,51183237.0,43613871251.0,31511.0,5918.0,20106124.0,12.0,2.0,2.0,5.0,0,0,0,False,skill_run,False,True,False,False,60.63,0,0,True,110.22818335966632,,,32.137142857142855,-0.4967507801897647,0.2311437435967683,-0.4904861522031683,-0.9255149779652818,,-1.0955360333080582,,,0.8053263077211705,,,0.7467994881162986,852.1124064701105,0.0006156507842596,0.0001156237930008,43633977375.0,False,False,train,24.17854,-3.943987,0.12633451957295375,0.31193832,0.7935943060498221,0.37778968,34.719827261842866
RiddTh00,theo-riddick-1,00-0030107,Theo Riddick,RB,2013,6,199,DET,notre dame,70.0,201.0,4.68,32.0,118.0,,,,,,,,,291114190.0,1602963917.0,5.0,6403836.0,43414436370.0,332.0,24.0,24.0,88.0,0,0,1,False,skill_run,False,True,False,False,5.97,0,1,True,83.7997341366133,75.0,,28.83734693877551,-0.4967507801897647,-1.0711503835822498,0.9136811828114484,-0.7710210849298669,-0.0803673943972969,,,,-1.8958128473308211,-0.3473135550472265,,-1.007153114429055,5.506306363836129,1.7175390866381332e-08,0.0219976772688407,45017400287.0,False,False,train,9.291042,2.7310967,0.7384341637010676,0.177198,0.43238434163701067,0.14517254,44.63246415054353
CoxxCh01,chandler-cox-1,00-0035310,Chandler Cox,RB,2019,7,233,MIA,auburn,,,,,,,,,1.0,2.0,-3.0,0.0,1.0,713.0,1503.0,102.0,34810.0,25417881.0,1.0,0.0,0.0,21.0,0,0,0,False,skill_run,False,True,True,False,1.31,0,1,True,,,,,,,,,,,,,,,,,2.1079943899018234,0.1430575035063113,48.8218793828892,25419384.0,False,False,train,6.961971,1.5530834,0.6405693950177936,0.16085212,0.29359430604982206,0.10878079,36.88732025965889
SmitTe00,terrelle-smith-1,00-0019587,Terrelle Smith,RB,2000,4,96,NOR,arizona st.,72.0,249.0,5.0,32.5,109.0,19.0,8.38,4.85,,,,,,,,,2.0,8.0,0.0,3.0,2.0,146.0,0,0,8,False,skill_run,False,False,False,True,40.63,0,0,True,79.68,70.75,6.615,33.766782407407405,0.601181341934206,1.6466808383565703,3.278594589151864,-0.6165271918944519,-1.5600729500651858,-0.2902702310474341,5.191085273348549,3.6013874771282133,-2.316873314817644,-1.3517579912361504,5.003184354738984,1.6130077631454909,,,,8.0,True,False,train,10.775861,-0.8494053,0.35587188612099646,0.18828279,0.5,0.16837282,31.36798754758682
HillKe01,kenny-hilliard-1,00-0031625,Kenny Hilliard,RB,2015,7,235,HOU,louisiana state,72.0,226.0,4.83,27.0,111.0,,7.17,4.4,,,,,,62826890.0,336464310447.0,8676.0,3314.0,1321035.0,1000.0,,,,0,0,0,False,skill_run,True,True,False,False,1.14,0,1,True,83.05196491175583,69.0,5.785,30.647762345679013,0.601181341934206,0.3443867111775525,2.02223434203352,-2.3159600152840163,-1.2312494932500997,,0.3361419291284266,0.8229040328566108,-1.972239152754884,-1.7653527590786484,0.5789654000037968,-0.0448563866369612,5355.41884131142,0.000138093736615,5.27481147005685e-05,336465631482.0,False,False,train,4.7856154,-0.62327194,0.398576512455516,0.14670028,0.0800711743772242,0.07477524,21.973994500948336
ReynKe00,keenan-reynolds-1,00-0033078,Keenan Reynolds,RB,2016,6,182,BAL,navy,,,,,,,,,61685261.0,108128111115.0,89810578431203.0,9868.0,2231.0,162300250265.0,649134611911373.0,10312324.0,1.0,47.0,0.0,0.0,,2.0,0,0,0,False,skill_run,False,True,True,False,9.56,0,1,True,,,,,,,,,,,,,,,,,3999.590948575134,6.35385588325482e-05,6.161419950783956e-12,649134611911420.0,False,False,train,11.455763,4.8958173,0.8345195729537367,0.19353348,0.5213523131672598,0.1789963,51.25842505210871
BrowDo00,donald-brown-1,00-0027003,Donald Brown,RB,2009,1,27,IND,connecticut,70.0,210.0,4.46,41.5,125.0,,6.93,4.1,,,,,,,,,1641.0,200598.0,23.0,25.0,21.0,89.0,0,0,1,False,skill_run,False,True,False,True,81.14,1,0,True,106.14752089446318,83.25,5.515,30.12857142857143,-0.4967507801897647,-0.5615570294687209,-0.7121967840475839,2.164362882743017,1.0705147044555057,,-0.6268220399730855,-1.0294182633244648,0.3882591892427793,1.6024903504959789,-0.8602383563558449,-0.3208238351721766,,,,200598.0,True,False,train,27.01571,-16.688795,0.0071174377224199285,0.34316656,0.8291814946619217,0.42212048,32.17406853344092
ThomCh03,chris-thompson-1,00-0030404,Chris Thompson,RB,2013,5,154,WAS,florida st.,67.0,192.0,4.42,,,21.0,,,,,,,,231332991.0,12084683687.0,2615.0,219321.0,1015517248.0,100.0,20.0,19.0,74.0,0,0,0,False,skill_run,False,True,False,False,17.31,0,1,True,100.61023119333602,,,30.068166629538872,-2.1436489633757208,-1.5807437376957785,-1.007810959840136,,,0.1123626700828779,,,-0.1776835907646843,,,-0.3529310190982067,52.23934396369777,1.1304051310173912e-05,0.0009480748900186,13100200935.0,False,False,train,14.7869005,6.5836477,0.8807829181494662,0.22086115,0.6334519572953736,0.23104532,56.93848532077681
PoweBi00,bilal-powell-1,00-0028064,Bilal Powell,RB,2011,4,126,NYJ,louisville,70.0,207.0,4.51,,,18.0,,,,,,,,2475108229.0,1873543921405.0,22411.0,3121218.0,2558103158.0,3.0,26.0,26.0,109.0,0,0,3,False,skill_run,False,True,False,False,27.34,0,0,True,100.06775892268998,,,29.69816326530612,-0.4967507801897647,-0.7314214808398971,-0.3426790643068956,,,-0.4915866816125901,,,-0.2331273694898409,,,-0.5496002615911374,756.9543422195943,9.054553549383396e-06,0.0012610430378072,1876102024563.0,False,False,train,12.168547,0.5432806,0.5551601423487544,0.1991568,0.5498220640569395,0.19013354,40.988654152513405
ColeTe01,tevin-coleman-1,00-0032058,Tevin Coleman,RB,2015,3,73,ATL,indiana,71.0,206.0,4.4,,,22.0,,,,,,,,51131270.0,2259582036.0,11215.0,101925.0,49193141.0,0.0,33.0,25.0,94.0,0,0,2,False,skill_run,False,True,False,False,52.59,0,0,True,109.92247797281604,,,28.728030152747472,0.0522152808722206,-0.7880429646302892,-1.1556180477364084,,,0.313679120648034,,,0.7740814630705298,,,-1.065258665832561,44.1917839318288,0.0002193374035106,0.0019933985602156,2308775177.0,False,False,train,29.264757,9.112474,0.9341637010676157,0.3689411,0.8540925266903915,0.45726186,70.97245790196908
JoneRo01,ronald-jones-4,00-0034816,Ronald Jones II,RB,2018,2,38,TAM,southern california,71.0,205.0,4.65,36.5,,,,,,,,,,153177261.0,98710821550.0,81219.0,71114.0,3976187.0,111.0,18.0,17.0,61.0,0,0,2,False,skill_run,False,True,False,False,73.75,0,0,True,87.69443718224883,,,28.5885736956953,0.0522152808722206,-0.8446644484206813,0.6919705509670393,0.6194239523888677,,,,,-1.4977518485534174,,,-1.1393844668940505,644.4221610020824,0.0005302288307662,0.0004642595091186,98714797737.0,False,False,train,31.07225,2.9497242,0.7562277580071174,0.39022002,0.8718861209964412,0.4855039,65.20131190052237
MillLa01,lamar-miller-1,00-0029615,Lamar Miller,RB,2012,4,97,MIA,miami,71.0,212.0,4.34,33.0,,,,,,,,,,108227.0,6461272.0,69.0,1117.0,9685.0,1.0,42.0,22.0,106.0,1,0,6,False,skill_run,False,True,False,False,40.14,0,0,True,119.51074083187976,,,29.564768895060503,0.0522152808722206,-0.4483140618879367,-1.5990393114252397,-0.4620332988590369,,,,,1.7540569439987244,,,-0.620503859463627,59.701109704602366,0.000637548855646,0.0103208995906751,6470957.0,False,False,train,18.947388,7.3221216,0.902135231316726,0.25872028,0.7188612099644128,0.29605293,61.558097681541035
GaffTy00,tyler-gaffney-1,00-0031190,Tyler Gaffney,RB,2014,6,204,CAR,stanford,71.0,220.0,4.49,36.5,116.0,,6.78,4.18,,,,,,226074330.0,872554491709.0,14721.0,231215.0,39607986.0,211.0,,,,0,0,0,False,skill_run,True,True,False,False,5.07,0,1,True,108.25982294252942,76.25,5.48,30.68042055147788,0.0522152808722206,0.0046578084351999,-0.4904861522031683,0.6194239523888677,-0.4091908512123834,,-1.228674520661528,-0.535465651009512,0.6041485787855956,-0.0518887208740136,-1.0468018062543123,-0.0274974509717137,3859.591187150704,6.511575197414054e-05,0.0010227388487671,872594099695.0,False,False,train,12.822934,6.2629886,0.8683274021352313,0.20442672,0.5747330960854092,0.20035835,54.3234594184839
JoneGr01,greg-jones-1,00-0022897,Greg Jones,RB,2004,2,55,JAX,florida st.,73.0,249.0,4.55,,,,,,,,,,,135.0,434106.0,0.0,633.0,149662.0,15.0,9.0,9.0,131.0,0,0,5,False,skill_run,False,True,False,False,63.03,0,0,True,116.19401431376684,,,32.84800150121974,1.1501474029961911,1.6466808383565703,-0.0470648885143437,,,,,,1.4150684627200203,,,1.1246447851180013,3215.6,0.0,4.688888888888889,583768.0,False,False,train,18.851288,-9.271238,0.03558718861209965,0.2577998,0.7170818505338078,0.29455137,26.812148462463952
ForeDO00,donta-foreman-1,00-0033925,D'Onta Foreman,RB,2017,3,89,HOU,texas,72.0,233.0,,,,18.0,,,,,,,,1695323.0,746812028.0,515.0,157.0,76475.0,0.0,17.0,2.0,63.0,0,0,1,False,skill_run,False,True,False,False,44.11,0,0,True,,,,31.59702932098765,0.601181341934206,0.7407370977102972,,,,-0.4915866816125901,,,,,,0.4597109632968292,440.5131222781735,0.0003037769203862,9.260772136047232e-05,746888503.0,False,False,train,14.800631,-5.351652,0.08362989323843416,0.22097932,0.6352313167259787,0.23125985,25.09460562647874
HoodEl00,elijah-hood-1,00-0033975,Elijah Hood,RB,2017,7,242,OAK,north carolina,72.0,232.0,,,,18.0,,,,,,,,67219145.0,2591463858.0,4178.0,21325.0,-271142.0,0.0,0.0,0.0,1.0,0,0,0,False,skill_run,False,True,False,False,0.64,0,1,True,,,,31.46141975308642,0.601181341934206,0.684115613919905,,,,-0.4915866816125901,,,,,,0.387629913306288,38.55246683069236,6.215491137234786e-05,0.0003172459274809,2591192716.0,False,False,train,2.7420664,-2.666821,0.199288256227758,0.13436575,0.005338078291814947,0.042844787,11.622502643787351
BennMi00,michael-bennett-1,00-0020514,Michael Bennett,RB,2001,1,27,MIN,wisconsin,69.0,207.0,4.38,39.5,130.0,13.0,,,,,,,,,,,32244137.0,320345538404.0,5444.0,34.0,29.0,107.0,1,0,3,False,skill_run,False,True,False,True,81.14,1,0,True,112.48740527430714,84.75,,30.565217391304348,-1.04571684125175,-0.7314214808398971,-1.3034251356326878,1.5463873106013573,1.8925733464932213,-1.4981689344383702,,,1.036231750643063,1.957000151503834,,-0.0887318083703346,,,,320345538404.0,True,False,train,42.745785,-0.95872116,0.3505338078291815,0.53426856,0.9395017793594306,0.6679029,56.854817543271594
HaviSt00,stanley-havili-1,00-0028178,Stanley Havili,RB,2011,7,240,PHI,southern california,72.0,227.0,4.64,,,,,,,,,,,21132126.0,13471138166.0,2001.0,434242232.0,24248324298396.0,5322.0,1.0,0.0,28.0,0,0,1,False,skill_run,False,True,False,False,0.77,0,1,True,97.94537438974044,,,30.783371913580247,0.601181341934206,0.4010081949679446,0.6180670070188964,,,,,,-0.4500472468402696,,,0.0272246633535799,637.4719782571806,9.46899521609894e-05,20.548913630365444,24261795436562.0,False,False,train,5.709673,0.30078554,0.5373665480427047,0.15257883,0.199288256227758,0.08921364,30.316276487851272
RichTr00,trent-richardson-1,00-0029675,Trent Richardson,RB,2012,1,3,CLE,alabama,69.0,228.0,4.48,,,,,,,,,,,145112283.0,7517001679.0,8621.0,162329.0,126266338.0,43.0,17.0,7.0,46.0,0,0,3,False,skill_run,False,True,False,False,98.48,1,0,True,113.20165771586052,,,33.66603654694392,-1.04571684125175,0.4576296787583367,-0.5643896961513046,,,,,,1.1092324484966654,,,1.5594579471789851,51.80127776640383,5.940916800268383e-05,0.0011186441054062,7643268017.0,False,False,train,43.32838,-0.37612534,0.41459074733096085,0.541509,0.9448398576512456,0.67700595,59.85072558089508
LacyEd00,eddie-lacy-1,00-0030485,Eddie Lacy,RB,2013,2,61,GNB,alabama,71.0,231.0,4.55,,,,,,,,,,,5695204.0,4066741322.0,6717.0,21122.0,18131189.0,2.0,36.0,34.0,60.0,1,0,3,False,skill_run,False,True,False,False,59.44,0,0,True,107.79444701397644,,,32.21444157905177,0.0522152808722206,0.6274941301295129,-0.0470648885143437,,,,,,0.5565844885953691,,,0.7878863607046664,714.0642059529387,0.0011794134152174,0.0037087345773742,4084872511.0,False,False,train,25.68296,-2.4395657,0.21530249110320285,0.32830706,0.8078291814946619,0.40129623,39.36074968122503
SeasLa00,lache-seastrunk-1,00-0031078,Lache Seastrunk,RB,2014,6,186,WAS,baylor,69.0,201.0,4.51,41.5,134.0,15.0,,,,,,,,131158.0,10121177.0,711.0,9.0,107.0,1.0,,,,0,0,0,False,skill_run,True,True,False,False,8.64,0,1,True,97.16724417130766,87.75,,29.67926906112161,-1.04571684125175,-1.0711503835822498,-0.3426790643068956,2.164362882743017,2.5502202601233943,-1.0955360333080582,,,-0.5295766200168305,2.666019753519545,,-0.5596431670987118,77.16782049131582,0.0054209426798212,6.861952759267448e-05,10121284.0,False,False,train,13.047951,6.488005,0.8754448398576512,0.20626262,0.5782918149466192,0.20387423,54.78636709051836
TapeTh00,thomas-tapeh-1,00-0022797,Thomas Tapeh,RB,2004,5,162,PHI,minnesota,73.0,245.0,4.8,32.5,114.0,23.0,7.65,4.52,,,,,,,,,,,,2.0,2.0,41.0,0,0,2,False,skill_run,False,False,False,True,14.86,0,1,True,92.30625482253087,73.25,6.085,32.320322762244324,1.1501474029961911,1.4201949031950023,1.800523710189104,-0.6165271918944519,-0.7380143080274698,0.5149955712131901,2.262069867331451,1.5638329513290343,-1.0263976234534764,-0.7609083228897245,2.17808068484784,0.8441657735578835,,,,,True,True,train,4.0414534,-4.1617994,0.11921708185053381,0.14210357,0.046263345195729534,0.06314771,9.798975800929652
CobbDe00,deandra-cobb-1,00-0023634,DeAndra Cobb,RB,2005,6,201,ATL,michigan st.,70.0,196.0,4.49,34.0,118.0,17.0,7.13,4.25,,,,,,,,,,,,0.0,0.0,3.0,0,0,0,False,skill_run,False,False,False,True,5.6,0,1,True,96.44966043970804,76.0,5.69,28.12,-0.4967507801897647,-1.3542578025342102,-0.4904861522031683,-0.153045512788207,-0.0803673943972969,-0.6929031321777461,0.1756479342781746,-0.1032571152339269,-0.6029177948278486,-0.1109736877086562,0.0725788931365129,-1.388447158460654,,,,,True,True,train,8.410507,1.8505616,0.6654804270462633,0.17086989,0.3790035587188612,0.13141418,40.24496949440219
HerrNo00,noah-herron-1,00-0023676,Noah Herron,RB,2005,7,244,PIT,northwestern,71.0,224.0,4.6,31.0,108.0,17.0,6.95,3.97,,,,,,,,,,,,3.0,0.0,23.0,0,0,0,False,skill_run,False,False,False,True,0.53,0,1,True,100.05681797878084,69.5,5.46,31.23824637968657,0.0522152808722206,0.2311437435967683,0.3224528312263445,-1.0800088710006968,-1.724484678472729,-0.6929031321777461,-0.5465750425479577,-1.832091258336259,-0.2342455967356685,-1.6471828254093632,-1.1534094919105846,0.2690057532742428,,,,,True,True,train,6.0716476,0.66276026,0.5693950177935944,0.1549337,0.24733096085409254,0.094869494,32.71848404786659
MorrSa00,sammy-morris-1,00-0019484,Sammy Morris,RB,2000,5,156,BUF,texas tech,72.0,221.0,4.65,37.5,117.0,23.0,7.05,4.21,,,,,,,,,,,,27.0,5.0,144.0,0,0,3,False,skill_run,False,False,False,True,16.68,0,1,True,94.53888105988776,77.25,5.63,29.96971450617284,0.601181341934206,0.061279292225592,0.6919705509670393,0.9284117384596976,-0.2447791228048401,0.5149955712131901,-0.1453400554223294,-0.3502334213914034,-0.7982104113539974,0.1844511464645566,-0.2472441638322937,-0.4052616365896693,,,,,True,True,train,11.093016,2.8897629,0.7544483985765125,0.19071835,0.5160142348754448,0.17332837,47.77915524259157
HenrLe20,leonard-henry-1,00-0021343,Leonard Henry,RB,2002,7,241,MIA,east carolina,73.0,206.0,4.57,35.0,113.0,26.0,7.11,4.29,,,,,,,,,,,,1.0,1.0,6.0,0,0,0,False,skill_run,False,False,False,True,0.71,0,1,True,94.45662323297891,74.0,5.7,27.175455057234004,1.1501474029961911,-0.7880429646302892,0.1007421993819355,0.1559422732826228,-0.9024260364350132,1.118944922908658,0.0954009368530503,0.1437191909235494,-0.8066176332533131,-0.5836534223857969,0.1258827359646513,-1.8905045891532648,,,,,True,True,train,5.345254,-0.06363344,0.45195729537366547,0.15023775,0.13345195729537365,0.08351959,25.422477898224393
HedgMa00,madison-hedgecock-1,00-0023683,Madison Hedgecock,RB,2005,7,251,STL,north carolina,75.0,266.0,4.87,32.5,108.0,29.0,7.41,4.24,,,,,,,,,,,,2.0,1.0,84.0,0,0,4,False,skill_run,False,False,False,True,0.21,0,1,True,94.5792329343426,70.25,5.825,33.24408888888889,2.248079525120162,2.609246062793236,2.3178485178260715,-0.6165271918944519,-1.724484678472729,1.7228942746041265,1.2991058982299388,-0.1650011917732947,-0.7940862182486901,-1.4699279249054356,0.7921807713163361,1.3351785640619491,,,,,True,True,train,3.563733,-1.8451543,0.26512455516014233,0.13921642,0.019572953736654804,0.055683326,14.894436317234172
JacoJo01,joshua-jacobs-1,00-0035700,Josh Jacobs,RB,2019,1,24,OAK,alabama,70.0,220.0,,,,,,,,,,,,8646120.0,564284640.0,4111.0,141420.0,166168247.0,23.0,57.0,38.0,105.0,3,1,6,False,skill_run,False,True,False,False,83.21,1,0,True,,,,31.56326530612245,-0.4967507801897647,0.0046578084351999,,,,,,,,,,0.4417642528910208,65.26449320620117,0.0004754733915328,0.0163564697228352,730452887.0,False,False,train,42.614853,-1.089653,0.34341637010676157,0.5326392,0.9359430604982206,0.6658571,56.42544269932971
AddaJo00,joseph-addai-1,00-0024245,Joseph Addai,RB,2006,1,30,IND,louisiana state,71.0,214.0,4.4,38.5,125.0,18.0,7.09,4.47,,,,,,,,,,,,50.0,50.0,78.0,1,0,4,False,skill_run,False,False,False,True,79.09,1,0,True,114.19131206884772,81.75,5.779999999999999,29.84368180916485,0.0522152808722206,-0.3350710943071525,-1.1556180477364084,1.2373995245305274,1.0705147044555057,-0.4915866816125901,0.0151539394279225,1.2551125686321905,1.210380801934277,1.247980549488123,0.5523134785897252,-0.4722522573406477,,,,,True,True,train,42.693703,-1.0108032,0.3469750889679715,0.5336205,0.9377224199288257,0.6670891,56.647644776890715
ArriJ.00,jj-arrington-1,00-0023479,J.J. Arrington,RB,2005,2,44,ARI,california,69.0,214.0,4.4,35.0,121.0,18.0,6.81,4.1,,,,,,,,,,,,12.0,12.0,58.0,0,0,0,False,skill_run,False,False,False,True,69.87,0,0,True,114.19131206884772,78.0,5.455,31.598823776517538,-1.04571684125175,-0.3350710943071525,-1.1556180477364084,0.1559422732826228,0.4128677908253326,-0.4915866816125901,-1.1083040245238416,-1.0294182633244648,1.210380801934277,0.3617060469684844,-1.1800614133246514,0.4606647768127713,,,,,True,True,train,24.30331,-3.8192158,0.13345195729537365,0.31327885,0.798932384341637,0.37973922,35.17708725670479
DrewMa00,maurice-drew-1,00-0024275,Maurice Jones-Drew,RB,2006,2,60,JAX,ucla,67.0,207.0,4.39,36.0,116.0,18.0,7.08,4.38,,,,,,,,,,,,74.0,73.0,126.0,3,1,4,False,skill_run,False,False,False,True,60.03,0,0,True,111.4659598501523,76.0,5.73,32.4172421474716,-2.1436489633757208,-0.7314214808398971,-1.2295215916845514,0.4649300593534527,-0.4091908512123834,-0.4915866816125901,-0.0249695592846395,0.6994158797778699,0.9318341673173404,-0.1109736877086562,0.285794264449057,0.8956816891362567,,,,,True,True,train,37.169712,9.047186,0.9323843416370107,0.4646803,0.9181494661921709,0.58077675,76.56750399340939
CalhBr00,brian-calhoun-1,00-0024289,Brian Calhoun,RB,2006,3,74,DET,wisconsin,69.0,201.0,4.57,31.5,124.0,18.0,7.05,4.2,,,,,,,,,,,,1.0,1.0,11.0,0,0,0,False,skill_run,False,False,False,True,52.04,0,0,True,92.16398674674156,77.75,5.625,29.67926906112161,-1.04571684125175,-1.0711503835822498,0.1007421993819355,-0.9255149779652818,0.9061029760479624,-0.4915866816125901,-0.1453400554223294,-0.4119774979307711,-1.0409382371226743,0.3026210801338418,-0.2738960852463605,-0.5596431670987118,,,,,True,True,train,21.270689,1.1184063,0.604982206405694,0.28161484,0.7562277580071174,0.33235452,51.603230979837136
EasyOm00,omar-easy-1,00-0021087,Omar Easy,RB,2002,4,107,KAN,penn st.,73.0,244.0,4.53,40.0,123.0,21.0,7.25,4.12,,,,,,,,,,,,0.0,0.0,53.0,0,0,0,False,skill_run,False,False,False,True,35.45,0,0,True,115.8849436575315,81.5,5.6850000000000005,32.18840307750047,1.1501474029961911,1.36357341940461,-0.1948719764106164,1.7008812036367722,0.741691247640419,0.1123626700828779,0.6571299188289307,-0.905930110245724,1.3834796682285653,1.1888955826534806,0.0459269717224508,0.7740460206678531,,,,,True,True,train,7.165984,-4.459282,0.11387900355871886,0.16223377,0.304270462633452,0.1119685,16.124614878189735
WashLe00,leon-washington-1,00-0024332,Leon Washington,RB,2006,4,117,NYJ,florida st.,68.0,201.0,4.42,32.5,105.0,17.0,6.94,4.37,,,,,,,,,,,,30.0,23.0,126.0,2,1,1,False,skill_run,False,False,False,True,31.05,0,0,True,105.32633578052364,68.75,5.655,30.558607266435985,-1.5946829023137354,-1.0711503835822498,-1.007810959840136,-0.6165271918944519,-2.2177198636953586,-0.6929031321777461,-0.5866985412605198,0.6376718032385021,0.3043293586996738,-1.824437725913291,-0.1139845567619548,-0.0922453122362801,,,,,True,True,train,16.562502,4.937236,0.8362989323843416,0.23651625,0.6708185053380783,0.2587891,56.774434589406354
HarrJe00,jerome-harrison-1,00-0024359,Jerome Harrison,RB,2006,5,145,CLE,washington st.,69.0,201.0,4.47,34.5,124.0,19.0,6.77,4.07,,,,,,,,,,,,12.0,10.0,63.0,0,0,0,False,skill_run,False,False,False,True,20.28,0,1,True,100.6922303260915,79.25,5.42,29.67926906112161,-1.04571684125175,-1.0711503835822498,-0.6382932400994475,0.0014483802472078,0.9061029760479624,-0.2902702310474341,-1.2687980193740935,-1.214650492942568,-0.1693028088922109,0.6571308811416973,-1.366624863223124,-0.5596431670987118,,,,,True,True,train,12.684545,4.481292,0.8220640569395018,0.20330368,0.5711743772241993,0.19819601,52.336043445559156
GricMa00,marion-grice-1,00-0030999,Marion Grice,RB,2014,6,201,SDG,arizona st.,72.0,208.0,4.67,,,,,,,,,,,103191.0,679996.0,1114.0,4150.0,425438.0,86.0,0.0,,10.0,0,0,0,False,skill_run,False,True,False,False,5.6,0,1,True,87.46328974219607,,,28.20679012345679,0.601181341934206,-0.6747999970495051,0.839777638863312,,,,,,-1.5213764432334542,,,-1.3423152864667072,6.58968320880697,0.010795515112752,0.0402166855636635,1105434.0,False,False,train,5.832157,-0.72778845,0.3790035587188612,0.15337238,0.22953736654804271,0.091127455,24.640886402055887
NorwJe00,jerious-norwood-1,00-0024294,Jerious Norwood,RB,2006,3,79,ATL,mississippi st.,72.0,210.0,4.4,36.5,122.0,15.0,6.81,4.25,,,,,,,,,,,,20.0,20.0,66.0,0,0,0,False,skill_run,False,False,False,True,49.32,0,0,True,112.05689502083187,79.25,5.529999999999999,28.47800925925926,0.601181341934206,-0.5615570294687209,-1.1556180477364084,0.6194239523888677,0.5772795192328759,-1.0955360333080582,-1.1083040245238416,-0.1032571152339269,0.9922311325024028,0.6571308811416973,-0.7802825921136444,-1.1981531864856247,,,,,True,True,train,21.401001,1.2487183,0.6174377224199288,0.28293487,0.7597864768683275,0.33439064,52.23974939581551
VickLa00,lawrence-vickers-1,00-0024394,Lawrence Vickers,RB,2006,6,180,CLE,colorado,72.0,245.0,4.82,30.5,104.0,21.0,7.74,4.63,,,,,,,,,,,,3.0,2.0,106.0,0,0,3,False,skill_run,False,False,False,True,10.04,0,1,True,90.7837100560024,67.25,6.1850000000000005,33.22434413580247,0.601181341934206,1.4201949031950023,1.9483307980853832,-1.2345027640361117,-2.382131592102902,0.1123626700828779,2.623181355744517,2.243017793262096,-1.1820104348401632,-2.1789475269211467,2.71111911312919,1.324683563183326,,,,,True,True,train,3.2504492,-3.3094964,0.1619217081850534,0.13734989,0.012455516014234875,0.050788272,10.488741920657747
LundWa00,wali-lundy-1,00-0024384,Wali Lundy,RB,2006,6,170,HOU,virginia,71.0,214.0,4.48,35.0,111.0,18.0,6.99,4.36,,,,,,,,,,,,5.0,5.0,14.0,0,0,1,False,skill_run,False,False,False,True,12.6,0,1,True,106.2506787333077,73.0,5.675000000000001,29.84368180916485,0.0522152808722206,-0.3350710943071525,-0.5643896961513046,0.1559422732826228,-1.2312494932500997,-0.4915866816125901,-0.3860810476977057,0.5759277266991344,0.3988025122846168,-0.8199932897243671,-0.0073768711056828,-0.4722522573406477,,,,,True,True,train,7.870308,1.3103623,0.6227758007117438,0.16707726,0.33274021352313166,0.12297356,37.36685276376183
KeatCu00,curtis-keaton-1,00-0019466,Curtis Keaton,RB,2000,4,97,CIN,james madison,70.0,214.0,4.41,41.5,131.0,23.0,6.82,3.93,,,,,,,,,,,,0.0,0.0,25.0,0,0,0,False,skill_run,False,False,False,True,40.14,0,0,True,113.15908083917112,86.25,5.375,30.70244897959184,-0.4967507801897647,-0.3350710943071525,-1.081714503788272,2.164362882743017,2.0569850749007648,0.5149955712131901,-1.0681805258112758,-2.0790675644937355,1.1048808473960885,2.3115099525116896,-1.60649215594973,-0.0157885999468988,,,,,True,True,train,14.879529,3.254263,0.7775800711743772,0.22165917,0.6405693950177936,0.23249264,52.99762708065349
JameLa00,lamichael-james-1,00-0029260,LaMichael James,RB,2012,2,61,SFO,oregon,68.0,194.0,4.35,35.0,123.0,15.0,6.88,4.12,,,,,,,,,,,,2.0,2.0,18.0,0,0,0,False,skill_run,False,False,False,True,59.44,0,0,True,108.3614225585616,79.0,5.5,29.49437716262976,-1.5946829023137354,-1.4675007701149942,-1.525135767477103,0.1559422732826228,0.741691247640419,-1.0955360333080582,-0.8274395335358996,-0.905930110245724,0.6145326425150456,0.5980459143070548,-0.9401941205980452,-0.6579194346534012,,,,,True,True,train,20.373146,-7.74938,0.04448398576512456,0.27262545,0.7473309608540926,0.3183304,28.545095791437024
LyncMa00,marshawn-lynch-1,00-0025399,Marshawn Lynch,RB,2007,1,12,BUF,california,71.0,215.0,4.46,35.5,125.0,20.0,7.05,4.55,,,,,,,,,,,,74.0,15.0,149.0,5,1,8,False,skill_run,False,False,False,True,91.78,1,0,True,108.67484282052185,80.25,5.8,29.983138266217026,0.0522152808722206,-0.2784496105167604,-0.7121967840475839,0.3104361663180378,1.0705147044555057,-0.088953780482278,-0.1453400554223294,1.7490651809471431,0.6465659916692974,0.8934707484802676,0.6589211642459972,-0.3981264562791581,,,,,True,True,train,57.399612,13.6951065,0.9768683274021353,0.7047417,0.9928825622775801,0.8968689,90.96459695665014
DaviDo01,domanick-davis-1,00-0021979,Domanick Williams,RB,2003,4,101,HOU,louisiana state,69.0,213.0,4.63,32.5,112.0,22.0,7.32,4.47,,,,,,,,,,,,33.0,33.0,40.0,0,0,3,False,skill_run,False,False,False,True,38.23,0,0,True,92.70125955062558,72.25,5.895,31.451165721487083,-1.04571684125175,-0.3916925780975446,0.5441634630707601,-0.6165271918944519,-1.0668377648425562,0.313679120648034,0.9379944098168724,1.2551125686321905,-0.986025873734746,-0.9972481902282948,1.1653076711132764,0.3821795503580424,,,,,True,True,train,21.913776,10.28851,0.9412811387900356,0.28816536,0.7651245551601423,0.34240276,65.56509899287038
LeonBr00,brian-leonard-1,00-0025439,Brian Leonard,RB,2007,2,52,STL,rutgers,73.0,226.0,4.52,34.5,122.0,28.0,6.88,4.22,,,,,,,,,,,,11.0,3.0,88.0,0,0,0,False,skill_run,False,False,False,True,64.86,0,0,True,108.28908785588996,78.25,5.55,29.81384875211109,1.1501474029961911,0.3443867111775525,-0.2687755203587593,0.0014483802472078,0.5772795192328759,1.52157782403897,-0.8274395335358996,-0.2884893448520356,0.6071396208509163,0.420791013803127,-0.6736749064573724,-0.4881095313526754,,,,,True,True,train,26.04045,-2.082077,0.24733096085409254,0.3322608,0.8185053380782918,0.406882,41.046200855452824
HenrCh01,chris-henry-1,00-0025437,Chris Henry,RB,2007,2,50,TEN,arizona,71.0,230.0,4.4,36.0,127.0,26.0,6.96,4.14,,,,,,,,,,,,1.0,1.0,11.0,0,0,0,False,skill_run,False,False,False,True,66.09,0,0,True,122.7289802609111,81.5,5.55,32.0749851219996,0.0522152808722206,0.5708726463391209,-1.1556180477364084,0.4649300593534527,1.399338161270592,1.118944922908658,-0.5064515438353956,-0.7824419571669884,2.082979479661773,1.1888955826534806,-0.6736749064573724,0.7137605596431787,,,,,True,True,train,14.805863,-13.316663,0.01601423487544484,0.22102438,0.6370106761565836,0.23134163,22.428103030735485
JackBr00,brandon-jackson-2,00-0025450,Brandon Jackson,RB,2007,2,63,GNB,nebraska,70.0,210.0,4.54,37.0,122.0,21.0,7.0,4.14,,,,,,,,,,,,16.0,16.0,54.0,0,0,1,False,skill_run,False,False,False,True,58.27,0,0,True,98.861200283715,79.5,5.57,30.12857142857143,-0.4967507801897647,-0.5615570294687209,-0.12096843246248,0.7739178454242827,0.5772795192328759,0.1123626700828779,-0.3459575489851436,-0.7824419571669884,-0.3564445855358998,0.7162158479763399,-0.5670672208011003,-0.3208238351721766,,,,,True,True,train,19.969519,-8.1530075,0.04092526690391459,0.2686419,0.7419928825622776,0.31202373,28.09018106355574
StitSh00,shyrone-stith-1,00-0018971,Shyrone Stith,RB,2000,7,243,JAX,virginia tech,67.0,204.0,4.6,35.0,111.0,13.0,7.14,4.14,,,,,,,,,,,,0.0,0.0,15.0,0,0,0,False,skill_run,False,False,False,True,0.58,0,1,True,91.1231735163897,73.0,5.64,31.947427043885053,-2.1436489633757208,-0.9012859322110734,0.3224528312263445,0.1559422732826228,-1.2312494932500997,-1.4981689344383702,0.2157714329907367,-0.7824419571669884,-1.1473153213727498,-0.8199932897243671,-0.19394032100416,0.6459591474893644,,,,,True,True,train,12.098262,6.6893744,0.8843416370106761,0.19859691,0.5480427046263345,0.18903534,54.08716496119932
WolfGa00,garrett-wolfe-1,00-0025480,Garrett Wolfe,RB,2007,3,93,CHI,northern illinois,67.0,186.0,4.39,35.5,116.0,22.0,6.69,4.08,,,,,,,,,,,,2.0,2.0,50.0,0,0,0,False,skill_run,False,False,False,True,42.1,0,0,True,100.15781899578904,75.75,5.385,29.128536422365784,-2.1436489633757208,-1.920472640438131,-1.2295215916845514,0.3104361663180378,-0.4091908512123834,0.313679120648034,-1.589786009074594,-1.1529064164032004,-0.2239227132611848,-0.1700586545432988,-1.5531883131215964,-0.8523761023919914,,,,,True,True,train,20.039953,-0.11232948,0.44661921708185054,0.26933438,0.7437722419928826,0.31312427,44.389386648756336
WrigDw01,dwayne-wright-1,00-0025498,Dwayne Wright,RB,2007,4,111,BUF,fresno st.,71.0,228.0,4.66,34.0,115.0,14.0,7.23,4.43,,,,,,,,,,,,1.0,1.0,15.0,0,0,0,False,skill_run,False,False,False,True,33.66,0,0,True,96.69882031486992,74.5,5.83,31.796072207895257,0.0522152808722206,0.4576296787583367,0.7658740949151757,-0.153045512788207,-0.5736025796199266,-1.2968524838732145,0.5768829214038064,1.008136262474714,-0.5774522259256597,-0.4654834887165117,0.8188326927304029,0.5655089575201995,,,,,True,True,train,6.960504,-4.664762,0.10676156583629894,0.16084221,0.2918149466192171,0.108757876,15.498763507636419
MartJa01,jamar-martin-1,00-0021387,Jamar Martin,RB,2002,4,129,DAL,ohio st.,71.0,245.0,4.89,32.0,108.0,23.0,7.53,4.34,,,,,,,,,,,,0.0,0.0,25.0,0,0,0,False,skill_run,False,False,False,True,26.16,0,0,True,85.69601825984289,70.0,5.9350000000000005,34.16683197778219,0.0522152808722206,1.4201949031950023,2.465655605722344,-0.7710210849298669,-1.724484678472729,0.5149955712131901,1.780587882780695,0.4524395736203935,-1.702001729200933,-1.529012891740078,1.3785230424258206,1.8256475755655173,,,,,True,True,train,4.7324185,-6.8928475,0.0498220640569395,0.14636764,0.07295373665480427,0.07394404,7.8581909860527395
SmitKo00,kolby-smith-1,00-0025535,Kolby Smith,RB,2007,5,148,KAN,louisville,71.0,220.0,4.5,38.0,114.0,18.0,7.22,4.34,,,,,,,,,,,,4.0,4.0,27.0,0,0,0,False,skill_run,False,False,False,True,19.27,0,1,True,107.3007163542143,76.0,5.779999999999999,30.68042055147788,0.0522152808722206,0.0046578084351999,-0.416582608255032,1.0829056314951124,-0.7380143080274698,-0.4915866816125901,0.5367594226912408,0.4524395736203935,0.5061223821782476,-0.1109736877086562,0.5523134785897252,-0.0274974509717137,,,,,True,True,train,8.898028,0.6947756,0.5765124555160143,0.17435111,0.4092526690391459,0.1390317,37.51320780105756
TomlLa00,ladainian-tomlinson-1,00-0020536,LaDainian Tomlinson,RB,2001,1,5,SDG,texas christian,70.0,221.0,4.46,40.5,124.0,18.0,6.84,4.21,,,,,,,,,,,,129.0,121.0,170.0,5,3,10,True,skill_run,False,False,False,True,96.97,1,0,True,111.7076291317922,82.25,5.525,31.70673469387755,-0.4967507801897647,0.061279292225592,-0.7121967840475839,1.8553750966721871,0.9061029760479624,-0.4915866816125901,-0.9879335283861516,-0.3502334213914034,0.9565341545811186,1.3661504831574085,-0.8069345135277065,0.5180230616973398,,,,,True,True,train,80.0688,36.364296,1.0,0.88115776,1.0,1.0,97.62315511703493
McClLe00,leron-mcclain-1,00-0025524,Le'Ron McClain,RB,2007,4,137,BAL,alabama,72.0,256.0,4.75,29.5,113.0,14.0,7.14,4.47,,,,,,,,,,,,13.0,12.0,111.0,2,1,6,False,skill_run,False,False,False,True,23.13,0,0,True,100.5762693656433,71.25,5.805,34.71604938271605,0.601181341934206,2.043031224889315,1.4310059904484158,-1.5434905501069416,-0.9024260364350132,-1.2968524838732145,0.2157714329907367,1.2551125686321905,-0.181154684425296,-1.2335880575668652,0.6855730856600641,2.1175751130792837,,,,,True,True,train,5.07157,-6.553696,0.05871886120996441,0.14849913,0.10320284697508897,0.07924328,8.967659760836606
WillCa02,carnell-williams-1,00-0023440,Cadillac Williams,RB,2005,1,5,TAM,auburn,71.0,217.0,4.43,35.5,118.0,19.0,6.94,4.15,,,,,,,,,,,,28.0,27.0,81.0,0,0,4,False,skill_run,False,False,False,True,96.97,1,0,True,112.6872614291838,76.75,5.545,30.262051180321365,0.0522152808722206,-0.1652066429359762,-0.9339074158919994,0.3104361663180378,-0.0803673943972969,-0.2902702310474341,-0.5866985412605198,-0.7206978806276152,1.0566581964310595,0.0662812127952715,-0.7003268278714392,-0.2498748541561807,,,,,True,True,train,45.6924,1.987896,0.6814946619217082,0.57067853,0.9626334519572953,0.7139438,72.20490130082145
ChapDo00,doug-chapman-1,00-0019712,Doug Chapman,RB,2000,3,88,MIN,marshall,70.0,215.0,4.56,38.5,128.0,16.0,6.84,4.2,,,,,,,,,,,,3.0,3.0,26.0,0,0,0,False,skill_run,False,False,False,True,44.61,0,0,True,99.45098408952408,83.25,5.52,30.84591836734694,-0.4967507801897647,-0.2784496105167604,0.0268386554337925,1.2373995245305274,1.5637498896781352,-0.8942195827429021,-0.9879335283861516,-0.4119774979307711,-0.2961652964470471,1.6024903504959789,-0.833586434941778,0.060470208859422,,,,,True,True,train,26.22432,6.0720367,0.8647686832740213,0.33430365,0.8238434163701067,0.409755,65.94878843458523
FostDe00,deshaun-foster-1,00-0021164,DeShaun Foster,RB,2002,2,34,CAR,ucla,73.0,222.0,4.57,35.5,119.0,20.0,6.82,4.16,,,,,,,,,,,,32.0,30.0,79.0,0,0,3,False,skill_run,False,False,False,True,76.4,0,0,True,101.79305998893844,77.25,5.49,29.286170013135678,1.1501474029961911,0.1179007760159841,0.1007421993819355,0.3104361663180378,0.0840443340102462,-0.088953780482278,-1.0681805258112758,-0.6589538040882474,-0.0567917008713584,0.1844511464645566,-0.993497963426179,-0.7685885429127933,,,,,True,True,train,27.450638,-0.67188835,0.3861209964412811,0.34808484,0.8345195729537367,0.42891622,47.67525222961165
BettLa00,ladell-betts-1,00-0021184,Ladell Betts,RB,2002,2,56,WAS,iowa,70.0,220.0,4.62,38.0,116.0,23.0,7.06,4.06,,,,,,,,,,,,31.0,30.0,111.0,0,0,1,False,skill_run,False,False,False,True,62.42,0,0,True,96.57946032023408,77.0,5.56,31.56326530612245,-0.4967507801897647,0.0046578084351999,0.4702599191226237,1.0829056314951124,-0.4091908512123834,0.5149955712131901,-0.1052165567097673,-1.2763945694819412,-0.5896515022561255,0.1253661796299141,-0.6203710636292387,0.4417642528910208,,,,,True,True,train,19.957952,-8.164574,0.03914590747330961,0.26852828,0.7402135231316725,0.311843,27.977532793989806
AndeDe01,deon-anderson-1,00-0025582,Deon Anderson,RB,2007,6,195,DAL,connecticut,71.0,243.0,4.73,33.0,114.0,23.0,7.27,4.43,,,,,,,,,,,,1.0,1.0,39.0,0,0,1,False,skill_run,False,False,False,True,6.74,0,1,True,97.09384644131794,73.5,5.85,33.88791906367784,0.0522152808722206,1.306951935614218,1.283198902552143,-0.4620332988590369,-0.7380143080274698,0.5149955712131901,0.7373769162540549,1.008136262474714,-0.5370782891724402,-0.701823356055082,0.9254403783866704,1.677395973442538,,,,,True,True,train,3.2925959,-3.2673497,0.16725978647686832,0.13759975,0.01601423487544484,0.051446807,10.791607390943371
SproDa00,darren-sproles-1,00-0023564,Darren Sproles,RB,2005,4,130,SDG,kansas st.,66.0,187.0,4.47,33.0,105.0,23.0,6.96,3.96,,,,,,,,,,,,62.0,25.0,183.0,3,0,1,False,skill_run,False,False,False,True,25.77,0,0,True,93.6788411491498,69.0,5.46,30.17929292929293,-2.692615024437706,-1.863851156647739,-0.6382932400994475,-0.4620332988590369,-2.2177198636953586,0.5149955712131901,-0.5064515438353956,-1.8938353348756292,-0.8861114250758073,-1.7653527590786484,-1.1534094919105846,-0.2938636502406493,,,,,True,True,train,23.766195,12.140929,0.9626334519572953,0.3075304,0.791814946619217,0.3713468,67.91918132732559
PearAl00,alvin-pearman-1,00-0023561,Alvin Pearman,RB,2005,4,127,JAX,virginia,69.0,208.0,4.63,34.0,114.0,24.0,7.06,4.08,,,,,,,,,,,,5.0,5.0,38.0,0,0,0,False,skill_run,False,False,False,True,26.94,0,0,True,90.52517364568132,74.0,5.57,30.7128754463348,-1.04571684125175,-0.6747999970495051,0.5441634630707601,-0.153045512788207,-0.7380143080274698,0.7163120217783461,-0.1052165567097673,-1.1529064164032004,-1.208434339437474,-0.5836534223857969,-0.5670672208011003,-0.0102465819156057,,,,,True,True,train,15.357252,3.731986,0.806049822064057,0.22580756,0.6494661921708185,0.23995706,54.54660926319102
BaxtJa00,jarrod-baxter-1,00-0021253,Jarrod Baxter,RB,2002,5,136,HOU,new mexico,73.0,245.0,4.7,32.5,116.0,23.0,7.1,4.27,,,,,,,,,,,,0.0,0.0,32.0,0,0,1,False,skill_run,False,False,False,True,23.5,0,1,True,100.41640017042096,74.25,5.685,32.320322762244324,1.1501474029961911,1.4201949031950023,1.0614882707077276,-0.6165271918944519,-0.4091908512123834,0.5149955712131901,0.0552774381404846,0.0202310378448084,-0.1974942334944485,-0.5245684555511543,0.0459269717224461,0.8441657735578835,,,,,True,True,train,5.084697,-3.118556,0.17615658362989323,0.14858215,0.10498220640569395,0.07944839,13.706518311544032
DrouRe00,reuben-droughns-1,00-0019610,Reuben Droughns,RB,2000,3,81,DET,oregon,71.0,215.0,4.66,30.0,115.0,13.0,7.34,4.41,,,,,,,,,,,,27.0,1.0,114.0,0,0,3,False,skill_run,False,False,False,True,48.25,0,0,True,91.1852910863905,72.5,5.875,29.983138266217026,0.0522152808722206,-0.2784496105167604,0.7658740949151757,-1.3889966570715266,-0.5736025796199266,-1.4981689344383702,1.0182414072419967,0.8846481093959785,-1.1409665492927177,-0.9381632233936524,1.0586999854570092,-0.3981264562791581,,,,,True,True,train,20.507442,0.35515976,0.5462633451957295,0.27395904,0.7508896797153025,0.3204288,48.75608413722167
WebeMi00,mike-weber-1,00-0035303,Mike Weber,RB,2019,7,218,DAL,ohio st.,70.0,211.0,4.47,33.5,,22.0,,,,,,,,182101171.0,1096626954.0,9105.0,231021.0,9194112.0,1.0,,,,0,0,0,False,skill_run,True,True,False,False,2.95,0,1,True,105.701794023907,,,30.27204081632653,-0.4967507801897647,-0.5049355456783288,-0.6382932400994475,-0.307539405823622,,0.313679120648034,,,0.342703345524643,,,-0.2445650263658577,6.0220752451943325,4.9999678475433855e-05,0.0012686409358674,1105821066.0,False,False,train,6.769637,1.3607497,0.6263345195729537,0.15955831,0.2846975088967972,0.10577558,36.054009039922754
GrifJu00,justin-griffith-1,00-0022011,Justin Griffith,RB,2003,4,121,ATL,mississippi st.,71.0,232.0,4.59,32.0,113.0,29.0,7.73,4.68,,,,,,,,,,,,11.0,8.0,96.0,0,0,6,False,skill_run,False,False,False,True,29.37,0,0,True,104.5363274321116,72.5,6.205,32.35389803610395,0.0522152808722206,0.684115613919905,0.2485492872782081,-0.7710210849298669,-0.9024260364350132,1.7228942746041265,2.583057857031955,2.55173817595894,0.223585972483416,-0.9381632233936524,2.8177267987854573,0.8620121617661579,,,,,True,True,train,8.071097,-3.5541687,0.14412811387900357,0.16847906,0.3469750889679715,0.1261109,18.59642570248384
DarbKe00,kenneth-darby-1,00-0025633,Kenneth Darby,RB,2007,7,246,TAM,alabama,70.0,211.0,4.75,30.0,108.0,19.0,7.25,4.53,,,,,,,,,,,,4.0,0.0,41.0,0,0,0,False,skill_run,False,False,False,True,0.42,0,1,True,82.89684701621381,69.0,5.890000000000001,30.27204081632653,-0.4967507801897647,-0.5049355456783288,1.4310059904484158,-1.3889966570715266,-1.724484678472729,-0.2902702310474341,0.6571299188289307,1.6255770278684076,-1.988093091734108,-1.7653527590786484,1.1386557496992142,-0.2445650263658577,,,,,True,True,train,6.153466,0.74457884,0.5854092526690391,0.15547009,0.2580071174377224,0.09614791,33.60887245046392
FortMa00,matt-forte-1,00-0026184,Matt Forte,RB,2008,2,44,CHI,tulane,73.0,217.0,4.44,33.0,118.0,23.0,6.84,4.23,,,,,,,,,,,,84.0,78.0,146.0,2,0,9,False,skill_run,False,False,False,True,69.87,0,0,True,111.67548546051955,75.5,5.535,28.6265715894164,1.1501474029961911,-0.1652066429359762,-0.8600038719438565,-0.4620332988590369,-0.0803673943972969,0.5149955712131901,-0.9879335283861516,-0.2267452683126624,0.9532488869390832,-0.2291436213779413,-0.7536306706995728,-1.1191873073629417,,,,,True,True,train,43.94565,15.823122,0.9857651245551602,0.54916126,0.9519572953736655,0.68665075,83.18599180235557
HestJa00,jacob-hester-1,00-0026209,Jacob Hester,RB,2008,3,69,SDG,louisiana state,71.0,226.0,4.61,27.5,111.0,23.0,6.85,4.24,,,,,,,,,,,,6.0,6.0,65.0,0,0,1,False,skill_run,False,False,False,True,54.83,0,0,True,100.0771048903496,69.25,5.545,31.517159293790915,0.0522152808722206,0.3443867111775525,0.3963563751744874,-2.1614661222486014,-1.2312494932500997,0.5149955712131901,-0.9478100296735896,-0.1650011917732947,-0.2321721579685668,-1.706267792244006,-0.7003268278714392,0.4172573553972221,,,,,True,True,train,21.36629,1.2140064,0.6120996441281139,0.28258288,0.7580071174377224,0.33384827,51.972750976575654
RiceRa00,ray-rice-1,00-0026195,Ray Rice,RB,2008,2,55,BAL,rutgers,68.0,199.0,4.42,31.5,119.0,23.0,6.65,4.2,,,,,,,,,,,,63.0,63.0,92.0,3,0,5,False,skill_run,False,False,False,True,63.03,0,0,True,104.2783125389264,75.25,5.425000000000001,30.25454152249135,-1.5946829023137354,-1.1843933511630338,-1.007810959840136,-0.9255149779652818,0.0840443340102462,0.5149955712131901,-1.750280003924846,-0.4119774979307711,0.1972153699298151,-0.2882285882125839,-1.3399729418090525,-0.2538664900697417,,,,,True,True,train,36.236294,8.113768,0.9181494661921709,0.453092,0.9074733096085409,0.5661921,75.26112667765481
DaviCh24,chris-davis-3,00-0022020,Chris Davis,RB,2003,5,165,SEA,syracuse,71.0,235.0,4.56,38.5,116.0,21.0,7.25,4.37,,,,,,,,,,,,0.0,0.0,1.0,0,0,0,False,skill_run,False,False,False,True,13.99,0,1,True,108.7022384234333,77.25,5.8100000000000005,32.772267407260465,0.0522152808722206,0.8539800652910813,0.0268386554337925,1.2373995245305274,-0.4091908512123834,0.1123626700828779,0.6571299188289307,0.6376718032385021,0.6493659794807607,0.1844511464645566,0.7122250070741356,1.084389564950625,,,,,True,True,train,5.549851,-2.6534019,0.20284697508896798,0.15154846,0.19217081850533807,0.08671642,16.72259303240696
EvanHe00,heath-evans-1,00-0020507,Heath Evans,RB,2001,3,82,SEA,auburn,72.0,246.0,4.56,34.5,111.0,30.0,7.3,4.24,,,,,,,,,,,,8.0,2.0,143.0,0,0,0,False,skill_run,False,False,False,True,47.73,0,0,True,113.79042830708336,72.75,5.77,33.3599537037037,0.601181341934206,1.4768163869853943,0.0268386554337925,0.0014483802472078,-1.2312494932500997,1.9242107251692824,0.8577474123917448,-0.1650011917732947,1.1694081812410555,-0.8790782565590097,0.4990096357615916,1.3967646131738671,,,,,True,True,train,14.782354,-5.3699284,0.08185053380782918,0.22082207,0.6316725978647687,0.23097429,24.943400739403806
NorrMo00,moran-norris-1,00-0020508,Moran Norris,RB,2001,4,115,NOR,kansas,73.0,250.0,4.63,31.0,114.0,37.0,7.56,4.5,,,,,,,,,,,,1.0,0.0,140.0,0,0,4,False,skill_run,False,False,False,True,31.91,0,0,True,108.80429524721312,72.5,6.029999999999999,32.9799211859636,1.1501474029961911,1.7033023221469628,0.5441634630707601,-1.0800088710006968,-0.7380143080274698,3.3334258791253744,1.900958378918381,1.440344798250299,0.6597967724654451,-0.9381632233936524,1.884909549293095,1.1947645380080318,,,,,True,True,train,6.2056856,-5.4195805,0.07829181494661921,0.15581323,0.2597864768683274,0.09696384,13.38294368038398
BrowRo05,ronnie-brown-1,00-0023437,Ronnie Brown,RB,2005,1,2,MIA,auburn,72.0,233.0,4.43,34.0,117.0,18.0,7.1,4.08,,,,,,,,,,,,41.0,36.0,132.0,1,0,6,False,skill_run,False,False,False,True,99.24,1,0,True,120.99599959907756,75.5,5.59,31.59702932098765,0.601181341934206,0.7407370977102972,-0.9339074158919994,-0.153045512788207,-0.2447791228048401,-0.4915866816125901,0.0552774381404846,-1.1529064164032004,1.905858912309552,-0.2291436213779413,-0.460459535144833,0.4597109632968292,,,,,True,True,train,44.39627,0.69176483,0.5747330960854092,0.55473316,0.9537366548042705,0.69369173,67.03255513967993
CartRo01,rock-cartwright-1,00-0021357,Rock Cartwright,RB,2002,7,257,WAS,kansas st.,68.0,237.0,4.47,35.0,116.0,30.0,7.18,4.25,,,,,,,,,,,,9.0,9.0,154.0,0,0,0,False,skill_run,False,False,False,True,0.05,0,1,True,118.72665963822728,75.5,5.715,36.03179065743944,-1.5946829023137354,0.9672230328718656,-0.6382932400994475,0.1559422732826228,-0.4091908512123834,1.9242107251692824,0.3762654278409887,-0.1032571152339269,1.673919347008464,-0.2291436213779413,0.2058385002068518,2.8169358887660576,,,,,True,True,train,8.955184,3.5462966,0.797153024911032,0.17476289,0.4128113879003559,0.13992475,46.436101543945774
JohnRu00,rudi-johnson-1,00-0020407,Rudi Johnson,RB,2001,4,100,CIN,auburn,70.0,227.0,4.57,37.5,119.0,24.0,7.32,4.22,,,,,,,,,,,,46.0,45.0,95.0,1,0,5,False,skill_run,False,False,False,True,38.71,0,0,True,104.0856964751758,78.25,5.77,32.56755102040816,-0.4967507801897647,0.4010081949679446,0.1007421993819355,0.9284117384596976,0.0840443340102462,0.7163120217783461,0.9379944098168724,-0.2884893448520356,0.1775289029980029,0.420791013803127,0.4990096357615916,0.9755759145352576,,,,,True,True,train,16.715658,5.090392,0.8434163701067615,0.23790187,0.6779359430604982,0.26118216,57.27705432692032
MoreKn00,knowshon-moreno-1,00-0026988,Knowshon Moreno,RB,2009,1,12,DEN,georgia,71.0,217.0,4.5,35.5,115.0,25.0,6.84,4.27,,,,,,,,,,,,33.0,32.0,63.0,0,0,3,False,skill_run,False,False,False,True,91.78,1,0,True,105.83752476756592,75.25,5.555,30.262051180321365,0.0522152808722206,-0.1652066429359762,-0.416582608255032,0.3104361663180378,-0.5736025796199266,0.917628472343502,-0.9879335283861516,0.0202310378448084,0.3565758063393943,-0.2882285882125839,-0.6470229850433056,-0.2498748541561807,,,,,True,True,train,48.148296,4.4437904,0.8185053380782918,0.60046786,0.9715302491103203,0.75231713,79.22651937370624
GreeSh00,shonn-greene-1,00-0026899,Shonn Greene,RB,2009,3,65,NYJ,iowa,70.0,227.0,4.55,37.0,121.0,19.0,7.1,4.4,,,,,,,,,,,,23.0,20.0,85.0,0,0,2,False,skill_run,False,False,False,True,57.11,0,0,True,105.92787650291191,79.0,5.75,32.56755102040816,-0.4967507801897647,0.4010081949679446,-0.0470648885143437,0.7739178454242827,0.4128677908253326,-0.2902702310474341,0.0552774381404846,0.8229040328566108,0.3658102721232249,0.5980459143070548,0.3924019501053243,0.9755759145352576,,,,,True,True,train,24.425941,4.2736588,0.8131672597864769,0.3145995,0.800711743772242,0.38165534,62.466023149651576
BuckCo00,correll-buckhalter-1,00-0020270,Correll Buckhalter,RB,2001,4,121,PHI,nebraska,72.0,226.0,4.53,40.0,123.0,11.0,7.08,4.06,,,,,,,,,,,,27.0,21.0,103.0,0,0,0,False,skill_run,False,False,False,True,29.37,0,0,True,107.33605437132016,81.5,5.57,30.647762345679013,0.601181341934206,0.3443867111775525,-0.1948719764106164,1.7008812036367722,0.741691247640419,-1.9008018355686824,-0.0249695592846395,-1.2763945694819412,0.5097341302933532,1.1888955826534806,-0.5670672208011003,-0.0448563866369612,,,,,True,True,train,8.527121,-3.0981455,0.1797153024911032,0.17169753,0.38256227758007116,0.13323626,20.938533565354305
CoffGl00,glen-coffee-1,00-0027048,Glen Coffee,RB,2009,3,74,SFO,alabama,72.0,209.0,4.5,36.0,121.0,24.0,7.35,4.51,,,,,,,,,,,,2.0,2.0,14.0,0,0,0,False,skill_run,False,False,False,True,52.04,0,0,True,101.93568053650358,78.5,5.93,28.342399691358025,0.601181341934206,-0.618178513259113,-0.416582608255032,0.4649300593534527,0.4128677908253326,0.7163120217783461,1.058364905954559,1.5020888747896668,-0.0422150625642143,0.4798759806377696,1.3518711210117489,-1.270234236476166,,,,,True,True,train,17.996521,-2.1557617,0.24555160142348753,0.24970733,0.699288256227758,0.28119564,34.42588851863379
GoodMi00,mike-goodson-1,00-0027080,Mike Goodson,RB,2009,4,111,CAR,texas a&m,72.0,208.0,4.43,39.5,118.0,14.0,6.89,4.22,,,,,,,,,,,,7.0,4.0,42.0,0,0,0,False,skill_run,False,False,False,True,33.66,0,0,True,108.01359620861858,78.75,5.555,28.20679012345679,0.601181341934206,-0.6747999970495051,-0.9339074158919994,1.5463873106013573,-0.0803673943972969,-1.2968524838732145,-0.7873160348233376,-0.2884893448520356,0.578982793749408,0.5389609474724122,-0.6470229850433056,-1.3423152864667072,,,,,True,True,train,11.456192,-0.16907406,0.4377224199288256,0.19353682,0.5231316725978647,0.179003,35.42232691287146
TaylKe01,kelvin-taylor-1,00-0032440,Kelvin Taylor,RB,2016,6,211,SFO,florida,70.0,207.0,4.6,32.0,113.0,15.0,,,,,,,,111116259.0,5085651035.0,4613.0,5217.0,,0.0,,,,0,0,0,False,skill_run,True,True,False,False,3.94,0,1,True,92.46322018574836,72.5,,29.69816326530612,-0.4967507801897647,-0.7314214808398971,0.3224528312263445,-0.7710210849298669,-0.9024260364350132,-1.0955360333080582,,,-1.0103548626771877,-0.9381632233936524,,-0.5496002615911374,45.76873880356249,4.151507656498767e-05,4.695082472133984e-05,5085651035.0,False,True,train,8.788364,2.2284188,0.701067615658363,0.17356318,0.398576512455516,0.1373182,42.23186266154475
BrowAn03,andre-brown-1,00-0027094,Andre Brown,RB,2009,4,129,NYG,north carolina st.,72.0,224.0,4.37,37.0,115.0,24.0,7.35,4.33,,,,,,,,,,,,7.0,7.0,22.0,0,0,1,False,skill_run,False,False,False,True,26.16,0,0,True,122.84352388797603,76.0,5.84,30.376543209876544,0.601181341934206,0.2311437435967683,-1.3773286795808242,0.7739178454242827,-0.5736025796199266,0.7163120217783461,1.058364905954559,0.3906954970810258,2.0946864955905364,-0.1109736877086562,0.8721365355585367,-0.1890184866180437,,,,,True,True,train,10.787255,-0.8380108,0.35765124555160144,0.18836989,0.501779359430605,0.16855086,31.480052064162983
FiamTo00,tony-fiammetta-1,00-0027093,Tony Fiammetta,RB,2009,4,128,CAR,syracuse,72.0,245.0,4.58,34.0,112.0,30.0,7.31,4.49,,,,,,,,,,,,1.0,0.0,51.0,0,0,2,False,skill_run,False,False,False,True,26.55,0,0,True,111.36126817515483,73.0,5.9,33.22434413580247,0.601181341934206,1.4201949031950023,0.1746457433300718,-0.153045512788207,-1.0668377648425562,1.9242107251692824,0.897870911104307,1.3786007217109313,0.9211340774196352,-0.8199932897243671,1.191959592527348,1.324683563183326,,,,,True,True,train,7.6159115,-4.0093546,0.12455516014234876,0.16531461,0.3238434163701068,0.118998624,17.14533959074589
DixoAn00,anthony-dixon-1,00-0027772,Anthony Dixon,RB,2010,6,173,SFO,mississippi st.,73.0,233.0,4.67,33.0,121.0,15.0,7.09,4.49,,,,,,,,,,,,7.0,3.0,96.0,0,0,0,False,skill_run,False,False,False,True,11.8,0,1,True,97.97570437467157,77.0,5.79,30.73728654531807,1.1501474029961911,0.7407370977102972,0.839777638863312,-0.4620332988590369,0.4128677908253326,-1.0955360333080582,0.0151539394279225,1.3786007217109313,-0.446947348349135,0.1253661796299141,0.6056173214178636,0.0027287388775298,,,,,True,True,train,4.950237,-1.6097088,0.28647686832740216,0.14773364,0.09074733096085409,0.07734745,17.77564324312628
RingJa00,javon-ringer-1,00-0027120,Javon Ringer,RB,2009,5,173,TEN,michigan st.,69.0,205.0,4.5,34.0,115.0,23.0,6.87,4.11,,,,,,,,,,,,5.0,5.0,37.0,0,0,0,False,skill_run,False,False,False,True,11.8,0,1,True,99.9847584209724,74.5,5.49,30.269901281243435,-1.04571684125175,-0.8446644484206813,-0.416582608255032,-0.153045512788207,-0.5736025796199266,0.5149955712131901,-0.8675630322484618,-0.9676741867850917,-0.2416104970160187,-0.4654834887165117,-0.993497963426179,-0.2457022612797943,,,,,True,True,train,10.869866,2.6666136,0.7348754448398577,0.1890022,0.5088967971530249,0.16984166,46.749831294886164
MoatRy00,ryan-moats-1,00-0023512,Ryan Moats,RB,2005,3,77,PHI,louisiana tech,68.0,210.0,4.46,36.0,117.0,19.0,7.22,4.1,,,,,,,,,,,,7.0,2.0,38.0,0,0,0,False,skill_run,False,False,False,True,50.4,0,0,True,106.14752089446318,76.5,5.66,31.92690311418685,-1.5946829023137354,-0.5615570294687209,-0.7121967840475839,0.4649300593534527,-0.2447791228048401,-0.2902702310474341,0.5367594226912408,-1.0294182633244648,0.3882591892427793,0.0071962459606289,-0.087332635347888,0.6350499880143042,,,,,True,True,train,18.132769,-2.019514,0.2526690391459075,0.25098577,0.7046263345195729,0.2833245,34.885493956267624
MoreVe00,vernand-morency-1,00-0023508,Vernand Morency,RB,2005,3,73,HOU,oklahoma st.,70.0,212.0,4.66,33.5,108.0,19.0,7.02,4.12,,,,,,,,,,,,8.0,2.0,39.0,0,0,0,False,skill_run,False,False,False,True,52.59,0,0,True,89.91293818751065,70.75,5.57,30.41551020408163,-0.4967507801897647,-0.4483140618879367,0.7658740949151757,-0.307539405823622,-1.724484678472729,-0.2902702310474341,-0.2657105515600193,-0.905930110245724,-1.2710083162235764,-1.3517579912361504,-0.5670672208011003,-0.1683062175595387,,,,,True,True,train,18.625902,-1.5263805,0.297153024911032,0.25564945,0.7099644128113879,0.29102972,37.01899248244923
OgboCh00,chris-ogbonnaya-1,00-0027140,Chris Ogbonnaya,RB,2009,7,211,STL,texas,72.0,220.0,4.57,35.0,111.0,19.0,6.85,4.29,,,,,,,,,,,,7.0,0.0,53.0,0,0,1,False,skill_run,False,False,False,True,3.94,0,1,True,100.8760053944435,73.0,5.57,29.834104938271604,0.601181341934206,0.0046578084351999,0.1007421993819355,0.1559422732826228,-1.2312494932500997,-0.2902702310474341,-0.9478100296735896,0.1437191909235494,-0.1505199424191029,-0.8199932897243671,-0.5670672208011003,-0.4773426865802105,,,,,True,True,train,10.288768,4.8798804,0.8327402135231317,0.18458885,0.48576512455516013,0.160762,49.93192818851021
DaviJa03,james-davis-1,00-0027130,James Davis,RB,2009,6,195,CLE,clemson,71.0,218.0,4.45,32.0,109.0,17.0,7.15,4.37,,,,,,,,,,,,1.0,0.0,9.0,0,0,0,False,skill_run,False,False,False,True,6.74,0,1,True,111.18506270759435,70.5,5.76,30.401507637373538,0.0522152808722206,-0.1085851591455841,-0.7861003279957203,-0.7710210849298669,-1.5600729500651858,-0.6929031321777461,0.2558949317033024,0.6376718032385021,0.9031248675812203,-1.4108429580707929,0.4457057929334579,-0.1757490530946911,,,,,True,True,train,6.755906,0.19596052,0.5302491103202847,0.15946627,0.28291814946619215,0.10556103,32.168873467108114
HaynVe00,verron-haynes-1,00-0021279,Verron Haynes,RB,2002,5,166,PIT,georgia,70.0,224.0,4.78,31.5,117.0,25.0,7.27,4.08,,,,,,,,,,,,9.0,9.0,68.0,0,0,0,False,skill_run,False,False,False,True,13.71,0,1,True,85.81563640648699,74.25,5.675,32.137142857142855,-0.4967507801897647,0.2311437435967683,1.6527166222928311,-0.9255149779652818,-0.2447791228048401,0.917628472343502,0.7373769162540549,-1.1529064164032004,-1.689776068253968,-0.5245684555511543,-0.0073768711056875,0.7467994881162986,,,,,True,True,train,5.540883,-2.6623697,0.20106761565836298,0.15149081,0.18861209964412812,0.0865763,16.57628876471965
PrenTr00,travis-prentice-1,00-0019609,Travis Prentice,RB,2000,3,63,CLE,miami (oh),72.0,225.0,4.5,37.0,115.0,23.0,6.92,4.4,,,,,,,,,,,,4.0,4.0,30.0,0,0,1,False,skill_run,False,False,False,True,58.27,0,0,True,109.73936899862824,76.0,5.66,30.51215277777778,0.601181341934206,0.2877652273871604,-0.416582608255032,0.7739178454242827,-0.5736025796199266,0.5149955712131901,-0.6669455386856477,0.8229040328566108,0.7553666752430015,-0.1109736877086562,-0.087332635347888,-0.1169374366275025,,,,,True,True,train,19.43838,-0.7139034,0.3807829181494662,0.2634563,0.7313167259786477,0.30372468,41.20127121801903
ScobJo00,josh-scobey-1,00-0021098,Josh Scobey,RB,2002,6,185,ARI,kansas st.,71.0,218.0,4.42,40.5,124.0,21.0,6.96,3.93,,,,,,,,,,,,3.0,3.0,62.0,0,0,0,False,skill_run,False,False,False,True,8.86,0,1,True,114.23453333410026,82.25,5.445,30.401507637373538,0.0522152808722206,-0.1085851591455841,-1.007810959840136,1.8553750966721871,0.9061029760479624,0.1123626700828779,-0.5064515438353956,-2.0790675644937355,1.2147982632434593,1.3661504831574085,-1.233365256152785,-0.1757490530946911,,,,,True,True,train,9.822349,3.262403,0.7793594306049823,0.18110447,0.46441281138790036,0.1534742,47.154206825930665
TurnMi00,michael-turner-2,00-0022821,Michael Turner,RB,2004,5,154,SDG,northern illinois,70.0,237.0,4.49,31.0,114.0,22.0,7.5,4.15,,,,,,,,,,,,55.0,9.0,134.0,2,1,5,False,skill_run,False,False,False,True,17.31,0,1,True,116.62535471536124,72.5,5.825,34.00224489795919,-0.4967507801897647,0.9672230328718656,-0.4904861522031683,-1.0800088710006968,-0.7380143080274698,0.313679120648034,1.6602173866430048,-0.7206978806276152,1.4591539267617852,-0.9381632233936524,0.7921807713163361,1.7381640025984588,,,,,True,True,train,9.222744,1.0194912,0.5960854092526691,0.17670065,0.42526690391459077,0.14410537,38.76487501482628
JennRa00,,00-0027155,Rashad Jennings,RB,2009,7,250,JAX,liberty,73.0,231.0,4.52,34.0,120.0,29.0,6.86,4.2,,,,,,,,,,,,31.0,9.0,93.0,0,0,5,False,skill_run,False,False,False,True,0.25,0,1,True,110.68486413588752,77.0,5.53,30.47344717583036,1.1501474029961911,0.6274941301295129,-0.2687755203587593,-0.153045512788207,0.2484560624177894,1.7228942746041265,-0.9076865309610238,-0.4119774979307711,0.852001703450958,0.1253661796299141,-0.7802825921136396,-0.137510766902529,,,,,True,True,train,11.770326,6.3614383,0.8736654804270463,0.19600013,0.5409252669039146,0.18391134,53.36335405283128
BlayDe00,,00-0020315,Derrick Blaylock,RB,2001,5,150,KAN,s.f. austin,70.0,194.0,4.36,35.5,119.0,18.0,7.05,4.09,,,,,,,,,,,,11.0,10.0,51.0,0,0,0,False,skill_run,False,False,False,True,18.6,0,1,True,107.37069605206882,77.25,5.57,27.8330612244898,-0.4967507801897647,-1.4675007701149942,-1.4512322235289603,0.3104361663180378,0.0840443340102462,-0.4915866816125901,-0.1453400554223294,-1.0911623398638326,0.513274708837228,0.1844511464645566,-0.5670672208011003,-1.540964776073294,,,,,True,True,train,10.22753,2.0242767,0.6850533807829181,0.18412842,0.4822064056939502,0.15980515,43.92493476779647
ScotBe00,,00-0026941,Bernard Scott,RB,2009,6,209,CIN,abilene christian,70.0,200.0,4.44,36.0,125.0,21.0,6.82,4.08,,,,,,,,,,,,9.0,9.0,49.0,0,0,0,False,skill_run,False,False,False,True,4.25,0,1,True,102.92671471015626,80.5,5.45,28.693877551020407,-0.4967507801897647,-1.1277718673726418,-0.8600038719438565,0.4649300593534527,1.0705147044555057,0.1123626700828779,-1.0681805258112758,-1.1529064164032004,0.0590743164627176,0.9525557153149102,-1.2067133347387182,-1.083411923235376,,,,,True,True,train,9.579676,3.01973,0.7615658362989324,0.17931193,0.44661921708185054,0.14968243,45.974905101774645
PeerCe00,cedric-peerman-1,00-0026932,Cedric Peerman,RB,2009,6,185,BAL,virginia,69.0,216.0,4.34,40.0,117.0,27.0,6.99,4.29,,,,,,,,,,,,4.0,,92.0,1,0,0,False,skill_run,False,False,False,True,8.86,0,1,True,121.76566047021711,78.5,5.640000000000001,31.89413988657845,-1.04571684125175,-0.2218281267263683,-1.5990393114252397,1.7008812036367722,-0.2447791228048401,1.3202613734738142,-0.3860810476977057,0.1437191909235494,1.984522669596266,0.4798759806377696,-0.1939403210041553,0.6176352297222311,,,,,True,True,train,9.160178,2.6002326,0.7295373665480427,0.17624602,0.4234875444839858,0.14312778,44.0387216158662
NeadSp00,spencer-nead-1,00-0022036,Spencer Nead,RB,2003,7,234,NWE,byu,76.0,259.0,4.86,28.5,102.0,19.0,7.37,4.34,,,,,,,,,,,,0.0,,10.0,0,0,0,False,skill_run,False,False,False,True,1.23,0,1,True,92.85059320190528,65.25,5.855,31.523026315789476,2.7970455861821475,2.212895676260492,2.243944973877935,-1.8524783361777717,-2.710955048917989,-0.2902702310474341,1.1386119033796869,0.4524395736203935,-0.9707631177086906,-2.651627261598287,0.9520922998007418,0.420375875074843,,,,,True,True,train,3.5113838,-1.8975036,0.2615658362989324,0.13890307,0.017793594306049824,0.05486537,14.693874078487903
VitaDa00,dan-vitale-1,00-0032794,Danny Vitale,RB,2016,6,197,TAM,northwestern,73.0,239.0,4.6,38.5,123.0,30.0,7.12,4.12,,,,,,,,,,,,1.0,,44.0,0,0,1,False,skill_run,False,False,False,True,6.35,0,1,True,106.7570513255742,80.75,5.62,31.5288046537812,1.1501474029961911,1.0804660004526496,0.3224528312263445,1.2373995245305274,0.741691247640419,1.9242107251692824,0.1355244355656124,-0.905930110245724,0.450556696742142,1.0116406821495527,-0.3005480066604273,0.4234472562177067,,,,,True,True,train,2.0193636,-4.5405817,0.11209964412811388,0.13021809,0.0017793594306049821,0.031552557,7.754985901570192
MarsKe00,keith-marshall-1,00-0032806,Keith Marshall,RB,2016,7,242,WAS,georgia,71.0,219.0,4.31,30.5,,25.0,,,,,,,,117561268.0,75924624350.0,8103.0,11814.0,,1101.0,,,,0,0,0,False,skill_run,True,True,False,False,0.64,0,1,True,126.930219145066,,,30.54096409442571,0.0522152808722206,-0.051963675355192,-1.8207499432696552,-1.2345027640361117,,0.917628472343502,,,2.512370200015466,,,-0.1016232520332015,645.8302606093021,6.892576218214999e-05,0.0001004922811822,75924624350.0,False,True,train,8.808484,3.3995967,0.7864768683274022,0.17370752,0.400355871886121,0.13763256,45.6929936705429
ForsJu00,justin-forsett-1,00-0026373,Justin Forsett,RB,2008,7,233,SEA,california,68.0,194.0,4.62,26.5,112.0,26.0,6.96,,,,,,,,,,,,,32.0,12.0,122.0,1,0,2,False,skill_run,False,True,False,True,1.31,0,1,True,85.16552410057005,69.25,,29.49437716262976,-1.5946829023137354,-1.4675007701149942,0.4702599191226237,-2.4704539083194312,-1.0668377648425562,1.118944922908658,-0.5064515438353956,,-1.7562212762142446,-1.706267792244006,,-0.6579194346534012,,,,,True,True,train,14.745013,9.336126,0.9359430604982206,0.22050099,0.6263345195729537,0.23039083,58.98224948643578
BoydCo01,cory-boyd-1,00-0026378,Cory Boyd,RB,2008,7,238,TAM,south carolina,72.0,213.0,4.52,33.5,118.0,25.0,6.97,4.24,,,,,,,,,,,,0.0,,1.0,0,0,0,False,skill_run,False,False,False,True,0.91,0,1,True,102.06006952789627,75.75,5.605,28.88483796296296,0.601181341934206,-0.3916925780975446,-0.2687755203587593,-0.307539405823622,-0.0803673943972969,0.917628472343502,-0.4663280451228335,-0.1650011917732947,-0.0295017939091929,-0.1700586545432988,-0.3805037709026278,-0.9819100365140012,,,,,True,True,train,8.505434,3.0965466,0.7651245551601423,0.17154337,0.3807829181494662,0.1328974,44.30945638514181
HillPe00,peyton-hillis-1,00-0026367,Peyton Hillis,RB,2008,7,227,DEN,arkansas,73.0,240.0,4.64,30.5,117.0,26.0,7.15,,,,,,,,,,,,,21.0,4.0,81.0,0,0,3,False,skill_run,False,True,False,True,1.89,0,1,True,103.55458085258904,73.75,,31.66072433852505,1.1501474029961911,1.1370874842430418,0.6180670070188964,-1.2345027640361117,-0.2447791228048401,1.118944922908658,0.2558949317033024,,0.1232458388680975,-0.6427383892204395,,0.4935670091077352,,,,,True,True,train,5.2324924,-0.17639494,0.43416370106761565,0.1495194,0.11565836298932385,0.081757694,24.30525720556966
ChoiTa00,tashard-choice-1,00-0026262,Tashard Choice,RB,2008,4,122,DAL,georgia tech,70.0,215.0,4.48,34.0,119.0,20.0,6.88,,,,,,,,,,,,,13.0,10.0,88.0,0,0,0,False,skill_run,False,True,False,True,28.96,0,0,True,106.74717723206147,76.5,,30.84591836734694,-0.4967507801897647,-0.2784496105167604,-0.5643896961513046,-0.153045512788207,0.0840443340102462,-0.088953780482278,-0.8274395335358996,,0.4495475077283352,0.0071962459606289,,0.060470208859422,,,,,True,True,train,12.2776375,0.6523714,0.5676156583629893,0.2000282,0.5533807829181495,0.19183809,41.60956769996054
ParmJa00,jalen-parmele-1,00-0026316,Jalen Parmele,RB,2008,6,176,MIA,toledo,71.0,224.0,4.47,34.0,125.0,19.0,6.96,4.29,,,,,,,,,,,,1.0,,36.0,0,0,0,False,skill_run,False,False,False,True,11.03,0,1,True,112.21422683106717,79.5,5.625,31.23824637968657,0.0522152808722206,0.2311437435967683,-0.6382932400994475,-0.153045512788207,1.0705147044555057,-0.2902702310474341,-0.5064515438353956,0.1437191909235494,1.008311346266554,0.7162158479763399,-0.2738960852463605,0.2690057532742428,,,,,True,True,train,5.923984,-0.63596153,0.39679715302491103,0.15396953,0.2402135231316726,0.09256225,25.606792125307372
FeltJe00,,00-0026286,Jerome Felton,RB,2008,5,146,DET,furman,72.0,241.0,4.68,32.5,110.0,30.0,7.2,4.46,,,,,,,,,,,,3.0,2.0,132.0,1,0,3,False,skill_run,False,False,False,True,19.94,0,1,True,100.47629814389953,71.25,5.83,32.68190586419753,0.601181341934206,1.1937089680334338,0.9136811828114484,-0.6165271918944519,-1.3956612216576427,1.9242107251692824,0.4565124252661165,1.1933684920928227,-0.1913723169148686,-1.2335880575668652,0.8188326927304029,1.036359363221161,,,,,True,True,train,5.0137033,-3.1895494,0.1708185053380783,0.14813362,0.09430604982206406,0.078339115,13.248316141581196
SmitKe02,kevin-smith-1,00-0026204,Kevin Smith,RB,2008,3,64,DET,central florida,73.0,217.0,4.53,32.0,120.0,,6.74,4.49,,,,,,,,,,,,19.0,19.0,54.0,0,0,2,False,skill_run,False,True,False,True,57.69,0,0,True,103.06160972821448,76.0,5.615,28.6265715894164,1.1501474029961911,-0.1652066429359762,-0.1948719764106164,-0.7710210849298669,0.2484560624177894,,-1.38916851551178,1.3786007217109313,0.0728613613257458,-0.1109736877086562,-0.3271999280744941,-1.1191873073629417,,,,,True,True,train,27.373701,7.2214184,0.900355871886121,0.34721243,0.8327402135231317,0.42771405,68.16756926556499
CharJa00,jamaal-charles-1,00-0026213,Jamaal Charles,RB,2008,3,73,KAN,texas,71.0,200.0,4.38,30.5,122.0,,6.8,4.22,,,,,,,,,,,,66.0,64.0,119.0,4,2,4,False,skill_run,False,True,False,True,52.59,0,0,True,108.68348335681848,76.25,5.51,27.89129141043444,0.0522152808722206,-1.1277718673726418,-1.3034251356326878,-1.2345027640361117,0.5772795192328759,,-1.1484275232364036,-0.2884893448520356,0.6474491040575635,-0.0518887208740136,-0.8868902777699117,-1.5100134722014968,,,,,True,True,train,33.67036,13.518078,0.9750889679715302,0.42153335,0.895017793594306,0.5260994,75.8565696379256
JoneFe00,felix-jones-1,00-0026162,Felix Jones,RB,2008,1,22,DAL,arkansas,70.0,207.0,4.44,33.5,124.0,,6.9,4.19,,,,,,,,,,,,27.0,26.0,80.0,0,0,1,False,skill_run,False,True,False,True,84.61,1,0,True,106.52914972501172,78.75,5.545,29.69816326530612,-0.4967507801897647,-0.7314214808398971,-0.8600038719438565,-0.307539405823622,0.9061029760479624,,-0.7471925361107719,-0.4737215744701388,0.4272638454823976,0.5389609474724122,-0.7003268278714392,-0.5496002615911374,,,,,True,True,train,37.901234,-5.8032722,0.0693950177935943,0.4737895,0.9199288256227758,0.5922068,42.49430375432205
CurlDa20,,00-0022015,Dan Curley,RB,2003,5,148,STL,eastern washington,76.0,254.0,4.63,35.5,118.0,17.0,7.47,4.53,,,,,,,,,,,,0.0,0.0,1.0,0,0,0,False,skill_run,False,False,False,True,19.27,0,1,True,110.54516397116852,76.75,6.0,30.914473684210527,2.7970455861821475,1.929788257308531,0.5441634630707601,0.3104361663180378,-0.0803673943972969,-0.6929031321777461,1.5398468905053149,1.6255770278684076,0.8377235450276285,0.0662812127952715,1.724998020808694,0.0969096673610569,,,,,True,True,train,5.8196363,-2.3836164,0.2277580071174377,0.15329112,0.21352313167259787,0.09093182,18.265241810196873
MendRa00,rashard-mendenhall-1,00-0026163,Rashard Mendenhall,RB,2008,1,23,PIT,illinois,70.0,225.0,4.41,33.5,117.0,26.0,,4.18,,,,,,,,,,,,29.0,26.0,72.0,0,0,4,False,skill_run,False,True,False,True,83.91,1,0,True,118.97566910660515,75.25,,32.28061224489796,-0.4967507801897647,0.2877652273871604,-1.081714503788272,-0.307539405823622,-0.2447791228048401,1.118944922908658,,-0.535465651009512,1.699369543474302,-0.2882285882125839,,0.8230582969226196,,,,,True,True,train,34.943306,-8.7612,0.037366548042704624,0.43712586,0.9039145907473309,0.54598916,39.23525423394828
BradAh00,ahmad-bradshaw-1,00-0025637,Ahmad Bradshaw,RB,2007,7,250,NYG,marshall,69.0,198.0,4.55,34.0,112.0,,6.7,4.09,,,,,,,,,,,,42.0,36.0,103.0,0,0,3,False,skill_run,False,True,False,True,0.25,0,1,True,92.3952402976941,73.0,5.395,29.236294896030245,-1.04571684125175,-1.241014834953426,-0.0470648885143437,-0.153045512788207,-1.0668377648425562,,-1.5496625103620318,-1.0911623398638326,-1.017302797299824,-0.8199932897243671,-1.4998844702934628,-0.7950988464629003,,,,,True,True,train,17.36387,11.954983,0.9590747330960854,0.2438279,0.6903914590747331,0.27131048,62.47358640795076
SnelJa00,jason-snelling-1,00-0025631,Jason Snelling,RB,2007,7,244,ATL,virginia,71.0,230.0,4.79,30.0,111.0,,7.06,4.37,,,,,,,,,,,,21.0,21.0,96.0,0,0,0,False,skill_run,False,True,False,True,0.53,0,1,True,87.38075201794182,70.5,5.715,32.0749851219996,0.0522152808722206,0.5708726463391209,1.7266201662409677,-1.3889966570715266,-1.2312494932500997,,-0.1052165567097673,0.6376718032385021,-1.5298122722474992,-1.4108429580707929,0.2058385002068518,0.7137605596431787,,,,,True,True,train,6.1466794,0.737792,0.5836298932384342,0.15542553,0.25622775800711745,0.096041866,33.49909898742133
MughOv00,ovie-mughelli-1,00-0022143,Ovie Mughelli,RB,2003,4,134,BAL,wake forest,73.0,255.0,4.73,31.5,114.0,,7.78,4.32,,,,,,,,,,,,6.0,2.0,107.0,1,0,5,False,skill_run,False,True,False,True,24.24,0,0,True,101.88860429027191,72.75,6.050000000000001,33.639519609682864,1.1501474029961911,1.9864097410989232,1.283198902552143,-0.9255149779652818,-0.7380143080274698,,2.783675350594769,0.328951420541658,-0.0470265250490547,-0.8790782565590097,1.991517234949372,1.5453633024581763,,,,,True,True,train,4.840982,-6.784284,0.05338078291814947,0.14704715,0.08540925266903915,0.07564034,8.297166138542716
GrifQu00,quentin-griffin-1,00-0022095,Quentin Griffin,RB,2003,4,108,DEN,oklahoma,67.0,195.0,4.48,38.0,123.0,21.0,,4.08,,,,,,,,,,,,6.0,6.0,16.0,0,0,0,False,skill_run,False,True,False,True,35.0,0,0,True,96.81720725698598,80.5,,30.537981733125417,-2.1436489633757208,-1.4108792863246022,-0.5643896961513046,1.0829056314951124,0.741691247640419,0.1123626700828779,,-1.1529064164032004,-0.5653524011460207,0.9525557153149102,,-0.1032084774513143,,,,,True,True,train,14.733194,3.1079283,0.7686832740213523,0.22039941,0.6245551601423488,0.23020616,52.25054544008923
MealRo00,rondell-mealey-1,00-0019534,Rondell Mealey,RB,2000,7,252,GNB,louisiana state,72.0,212.0,4.69,33.0,120.0,,6.89,4.15,,,,,,,,,,,,2.0,2.0,14.0,0,0,0,False,skill_run,False,True,False,True,0.18,0,1,True,87.63437339991032,76.5,5.52,28.749228395061728,0.601181341934206,-0.4483140618879367,0.9875847267595912,-0.4620332988590369,0.2484560624177894,,-0.7873160348233376,-0.7206978806276152,-1.503890711749884,0.0071962459606289,-0.833586434941778,-1.0539910865045423,,,,,True,True,train,10.218254,4.8093667,0.8291814946619217,0.18405876,0.4804270462633452,0.15966022,49.650180227391665
PittAn00,antonio-pittman-1,00-0025494,Antonio Pittman,RB,2007,4,107,NOR,ohio st.,71.0,207.0,4.4,35.5,123.0,16.0,6.84,4.16,,,,,,,,,,,,3.0,,23.0,0,0,0,False,skill_run,False,False,False,True,35.45,0,0,True,110.45608223482,79.25,5.5,28.86748660979964,0.0522152808722206,-0.7314214808398971,-1.1556180477364084,0.3104361663180378,0.741691247640419,-0.8942195827429021,-0.9879335283861516,-0.6589538040882474,0.8286188804284984,0.6571308811416973,-0.9401941205980452,-0.9911328647710732,,,,,True,True,train,12.289602,0.6643362,0.5711743772241993,0.20012394,0.5551601423487544,0.19202504,41.793157516107016
GantQu00,quinton-ganther-1,00-0024460,Quinton Ganther,RB,2006,7,246,TEN,utah,69.0,218.0,4.5,35.0,119.0,29.0,7.19,,,,,,,,,,,,,3.0,1.0,36.0,0,0,0,False,skill_run,False,True,False,True,0.42,0,1,True,106.32525529644872,77.0,,32.18945599663936,-1.04571684125175,-0.1085851591455841,-0.416582608255032,0.1559422732826228,0.0840443340102462,1.7228942746041265,0.4163889265535544,,0.4064246649523454,0.1253661796299141,,0.7746056826316888,,,,,True,True,train,8.375809,2.9669213,0.7580071174377224,0.17062424,0.3736654804270463,0.13087201,43.823519242642405
PeteAd01,adrian-peterson-1,00-0025394,Adrian Peterson,RB,2007,1,7,MIN,oklahoma,73.0,217.0,4.4,38.5,127.0,,7.09,4.4,,,,,,,,,,,,101.0,89.0,184.0,7,4,12,False,skill_run,False,True,False,True,95.47,1,0,True,115.7921248548596,82.75,5.745,28.6265715894164,1.1501474029961911,-0.1652066429359762,-1.1556180477364084,1.2373995245305274,1.399338161270592,,0.0151539394279225,0.8229040328566108,1.3739930540081826,1.4843204168266937,0.3657500286912574,-1.1191873073629417,,,,,True,True,train,79.07178,35.36727,0.998220640569395,0.87583745,0.998220640569395,1.0,97.40998733934558
KirtDa00,david-kirtman-1,00-0024377,David Kirtman,RB,2006,5,163,SEA,southern california,71.0,233.0,4.76,29.5,106.0,,7.18,4.31,,,,,,,,,,,,0.0,0.0,7.0,0,0,0,False,skill_run,False,True,False,True,14.57,0,1,True,90.77329615471888,67.75,5.744999999999999,32.49335449315612,0.0522152808722206,0.7407370977102972,1.5049095343965522,-1.5434905501069416,-2.0533081352878155,,0.3762654278409887,0.2672073440022848,-1.1830747953055198,-2.0607775932518613,0.3657500286912527,0.9361379628276456,,,,,True,True,train,4.609682,-3.5935707,0.14056939501779359,0.14560254,0.06761565836298933,0.07202628,11.327665532968965
MillGa01,garrett-mills-1,00-0024321,Garrett Mills,RB,2006,4,106,NWE,tulsa,73.0,241.0,4.64,35.5,111.0,23.0,6.81,4.05,,,,,,,,,,,,1.0,,16.0,0,0,0,False,skill_run,False,False,False,True,35.91,0,0,True,103.98605827280817,73.25,5.43,31.792644023268902,1.1501474029961911,1.1937089680334338,0.6180670070188964,0.3104361663180378,-1.2312494932500997,0.5149955712131901,-1.1083040245238416,-1.338138646021309,0.1673453069995107,-0.7609083228897245,-1.3133210203949903,0.5636867619977656,,,,,True,True,train,8.539501,-3.085765,0.18149466192170818,0.17178558,0.3896797153024911,0.1334297,21.157686541990454
GateLi00,lionel-gates-1,00-0023668,Lionel Gates,RB,2005,7,236,BUF,louisville,72.0,222.0,4.6,36.0,121.0,23.0,7.17,4.1,,,,,,,,,,,,0.0,,1.0,0,0,0,False,skill_run,False,False,False,True,1.06,0,1,True,99.16345353254172,78.5,5.635,30.105324074074076,0.601181341934206,0.1179007760159841,0.3224528312263445,0.4649300593534527,0.4128677908253326,0.5149955712131901,0.3361419291284266,-1.0294182633244648,-0.3255525691993771,0.4798759806377696,-0.2205922424182268,-0.3331805865991281,,,,,True,True,train,5.761357,0.35246944,0.5444839857651246,0.15291329,0.20640569395017794,0.0900212,30.76616306480988
BrouNe00,,00-0023654,Nehemiah Broughton,RB,2005,7,222,WAS,the citadel,71.0,250.0,4.59,30.0,108.0,25.0,7.54,4.28,,,,,,,,,,,,0.0,0.0,6.0,0,0,0,False,skill_run,False,False,False,True,2.45,0,1,True,112.64690456046507,69.0,5.91,34.86411426304305,0.0522152808722206,1.7033023221469628,0.2485492872782081,-1.3889966570715266,-1.724484678472729,0.917628472343502,1.820711381493257,0.0819751143841816,1.052533492883326,-1.7653527590786484,1.2452634353554817,2.196276580872964,,,,,True,True,train,3.9109828,-1.4979045,0.30071174377224197,0.14131013,0.03914590747330961,0.061109107,16.85977253327113
DyerDe00,deon-dyer-1,00-0019473,Deon Dyer,RB,2000,4,117,MIA,north carolina,71.0,260.0,4.99,28.0,104.0,,7.88,4.81,,,,,,,,,,,,0.0,0.0,45.0,0,0,0,False,skill_run,False,True,False,True,31.05,0,0,True,83.86894135874152,66.0,6.345,36.258678833564765,0.0522152808722206,2.269517160050884,3.2046910452037274,-2.0069722292131864,-2.382131592102902,,3.1849103377203973,3.354411170970737,-1.888739472123476,-2.4743723610943595,3.563980598379343,2.9375345914878523,,,,,True,True,train,4.81248,-6.812786,0.051601423487544484,0.14686853,0.08185053380782918,0.075195,8.142338127255758
GreeJu00,,00-0023591,Justin Green,RB,2005,5,158,BAL,montana,71.0,251.0,4.84,31.0,109.0,23.0,7.24,4.21,,,,,,,,,,,,0.0,0.0,39.0,0,0,0,False,skill_run,False,False,False,True,16.06,0,1,True,91.47918158800242,70.0,5.725,35.00357072009522,0.0522152808722206,1.7599238059373548,2.096137885981656,-1.0800088710006968,-1.5600729500651858,0.5149955712131901,0.6170064201163685,-0.3502334213914034,-1.110929253706363,-1.529012891740078,0.2591423430349854,2.2704023819344514,,,,,True,True,train,4.000438,-4.2028146,0.11743772241992882,0.14185372,0.042704626334519574,0.06250685,9.638812708274008
JacoBr00,,00-0023545,Brandon Jacobs,RB,2005,4,110,NYG,southern illinois,76.0,267.0,4.56,37.0,118.0,19.0,7.53,4.46,,,,,,,,,,,,36.0,36.0,109.0,0,0,3,False,skill_run,False,False,False,True,34.1,0,0,True,123.50424535768803,77.5,5.995,32.49671052631579,2.7970455861821475,2.665867546583628,0.0268386554337925,0.7739178454242827,-0.0803673943972969,-0.2902702310474341,1.780587882780695,1.1933684920928227,2.162216020965253,0.2435361132991992,1.698346099394627,0.937921807416902,,,,,True,True,train,10.700853,-0.9244127,0.35231316725978645,0.18771029,0.498220640569395,0.16720083,31.15516202570705
ShelEr00,eric-shelton-1,00-0023489,Eric Shelton,RB,2005,2,54,CAR,louisville,73.0,246.0,4.53,38.5,124.0,,7.44,4.08,,,,,,,,,,,,0.0,0.0,9.0,0,0,0,False,skill_run,False,True,False,True,63.63,0,0,True,116.8348202448883,81.25,5.76,32.45224244698818,1.1501474029961911,1.4768163869853943,-0.1948719764106164,1.2373995245305274,0.9061029760479624,,1.4194763943676287,-1.1529064164032004,1.4805625057769218,1.129810615818838,0.4457057929334579,0.914285526447914,,,,,True,True,train,15.976579,-12.145947,0.02491103202846975,0.23126698,0.6601423487544484,0.24963406,23.817309058964042
JohnKy00,kyle-johnson-3,00-0021260,Kyle Johnson,RB,2002,5,145,CAR,syracuse,73.0,242.0,4.74,34.0,119.0,22.0,7.4,4.35,,,,,,,,,,,,4.0,,45.0,0,0,2,False,skill_run,False,False,False,True,20.28,0,1,True,95.88087637698538,76.5,5.875,31.92456370801276,1.1501474029961911,1.250330451823826,1.3571024465002794,-0.153045512788207,0.0840443340102462,0.313679120648034,1.2589823995173766,0.5141836501597612,-0.661050789678321,0.0071962459606289,1.0586999854570092,0.6338065148877942,,,,,True,True,train,5.0515757,-3.1516771,0.17437722419928825,0.14837277,0.09786476868327403,0.07893087,13.478457234481688
MoorMe00,mewelde-moore-1,00-0022217,Mewelde Moore,RB,2004,4,119,MIN,tulane,71.0,209.0,4.65,35.0,118.0,,7.05,4.12,,,,,,,,,,,,29.0,17.0,122.0,0,0,1,False,skill_run,False,True,False,True,30.21,0,0,True,89.40554815165856,76.5,5.585,29.146399523903987,0.0522152808722206,-0.618178513259113,0.6919705509670393,0.1559422732826228,-0.0803673943972969,,-0.1453400554223294,-0.905930110245724,-1.3228664892535629,0.0071962459606289,-0.4871114565588998,-0.8428812626480939,,,,,True,True,train,13.923618,2.2983522,0.708185053380783,0.213523,0.608540925266904,0.21755652,49.11981122508593
McHuSe00,sean-mchugh-1,00-0022724,Sean McHugh,RB,2004,7,241,TEN,penn st.,77.0,264.0,4.92,29.0,115.0,18.0,7.36,4.09,,,,,,,,,,,,2.0,,40.0,0,0,1,False,skill_run,False,False,False,True,0.71,0,1,True,90.110108260971,72.0,5.725,31.302411873840445,3.346011647244133,2.496003095212452,2.68736623756676,-1.6979844431423563,-0.5736025796199266,-0.4915866816125901,1.0984884046671246,-1.0911623398638326,-1.250856403368862,-1.0563331570629375,0.2591423430349854,0.303111873243166,,,,,True,True,train,4.1020827,-1.3068047,0.3113879003558719,0.14247352,0.04804270462633452,0.06409504,17.547741448407283
FlemTr00,troy-fleming-1,00-0022825,Troy Fleming,RB,2004,6,191,TEN,tennessee,72.0,230.0,4.62,32.0,120.0,,6.94,3.91,,,,,,,,,,,,3.0,3.0,29.0,0,0,0,False,skill_run,False,True,False,True,7.55,0,1,True,100.96943578933562,76.0,5.425000000000001,31.19020061728395,0.601181341934206,0.5708726463391209,0.4702599191226237,-0.7710210849298669,0.2484560624177894,,-0.5866985412605198,-2.2025557175724737,-0.1409708199645417,-0.1109736877086562,-1.3399729418090525,0.2434678133252036,,,,,True,True,train,6.688814,0.12886858,0.5231316725978647,0.15901712,0.2793594306049822,0.104512714,31.78305229589714
PeteAd00,,00-0021306,Adrian Peterson,RB,2002,6,199,CHI,georgia southern,70.0,214.0,4.68,34.0,119.0,14.0,7.59,4.6,,,,,,,,,,,,11.0,11.0,106.0,0,0,0,False,skill_run,False,False,False,True,5.97,0,1,True,89.21961743898132,76.5,6.095,30.70244897959184,-0.4967507801897647,-0.3350710943071525,0.9136811828114484,-0.153045512788207,0.0840443340102462,-1.2968524838732145,2.021328875056071,2.0577855636439875,-1.3418696749456371,0.0071962459606289,2.231384527675973,-0.0157885999468988,,,,,True,True,train,6.431077,-0.12886858,0.4430604982206406,0.15730132,0.27402135231316727,0.10048558,28.35858523196067
WilsQu00,quincy-wilson-1,00-0022801,Quincy Wilson,RB,2004,7,219,ATL,west virginia,69.0,225.0,4.6,33.5,118.0,26.0,7.68,4.36,,,,,,,,,,,,0.0,,4.0,0,0,0,False,skill_run,False,False,False,True,2.82,0,1,True,100.5035002019004,75.75,6.02,33.22306238185255,-1.04571684125175,0.2877652273871604,0.3224528312263445,-0.307539405823622,-0.0803673943972969,1.118944922908658,2.3824403634691373,0.5759277266991344,-0.188592110503815,-0.1700586545432988,1.831605706464961,1.324002267814795,,,,,True,True,train,5.1940346,-0.21485281,0.4288256227758007,0.14927506,0.11209964412811388,0.08115679,24.003654888091987
KarnMi00,mike-karney-1,00-0022796,Mike Karney,RB,2004,5,156,NOR,arizona st.,71.0,254.0,5.02,30.0,103.0,25.0,,,,,,,,,,,,,,2.0,2.0,101.0,0,0,7,False,skill_run,False,True,False,True,16.68,0,1,True,79.99242148523571,66.5,,35.421940091251734,0.0522152808722206,1.929788257308531,3.4264016770481365,-1.3889966570715266,-2.546543320510445,0.917628472343502,,,-2.2849420463755465,-2.356202427425074,,2.4927797851189184,,,,,True,True,train,4.743842,-3.4594107,0.15302491103202848,0.14643903,0.07473309608540925,0.07412253,12.026889623736043
MurrLa00,latavius-murray-1,00-0030513,Latavius Murray,RB,2013,6,181,OAK,central florida,,,,,,,,,,,,,,4611198198.0,1326375491106.0,311815.0,151727.0,447242231.0,114.0,44.0,17.0,151.0,1,0,3,False,skill_run,False,True,True,False,9.8,0,1,True,,,,,,,,,,,,,,,,,287.6422643644519,6.762125300431513e-05,3.290402916660751e-05,1326822733337.0,False,False,train,14.872896,8.31295,0.9234875444839857,0.22160198,0.6387900355871886,0.232389,58.79512240878204
TaylCh01,chester-taylor-1,00-0021314,Chester Taylor,RB,2002,6,207,BAL,toledo,71.0,213.0,4.58,33.0,114.0,22.0,,,,,,,,,,,,,,41.0,12.0,151.0,0,0,1,False,skill_run,False,True,False,True,4.57,0,1,True,96.8161229441142,73.5,,29.70422535211268,0.0522152808722206,-0.3916925780975446,0.1746457433300718,-0.4620332988590369,-0.7380143080274698,0.313679120648034,,,-0.5654632241432213,-0.701823356055082,,-0.5463780584021374,,,,,True,True,train,10.974123,4.4141774,0.8167259786476868,0.18980251,0.5106761565836299,0.17147067,50.108026189471055
NedxLa00,larry-ned-1,00-0021305,Larry Ned,RB,2002,6,197,OAK,san diego st.,71.0,219.0,4.62,34.5,120.0,15.0,7.12,,,,,,,,,,,,,0.0,,19.0,0,0,0,False,skill_run,False,True,False,True,6.35,0,1,True,96.14046277332392,77.25,,30.54096409442571,0.0522152808722206,-0.051963675355192,0.4702599191226237,0.0014483802472078,0.2484560624177894,-1.0955360333080582,0.1355244355656124,,-0.6345195704852844,0.1844511464645566,,-0.1016232520332015,,,,,True,True,train,7.8885546,1.328609,0.6245551601423488,0.16720425,0.33451957295373663,0.123258665,37.48185634811897
CoxxMi00,michael-cox-1,00-0030128,Michael Cox,RB,2013,7,253,NYG,massachusetts,,,,,,,,,,,,,,136198.0,11356710.0,205.0,113.0,1163.0,0.0,0.0,0.0,18.0,0,0,0,False,skill_run,False,True,True,False,0.15,0,1,True,,,,,,,,,,,,,,,,,83.38382355100663,0.0015051616029603,0.0008296744445586,11357873.0,False,False,train,4.3133364,-1.095551,0.3416370106761566,0.14376889,0.060498220640569395,0.06739588,19.098740234188867
WilsBr00,braden-wilson-1,,Braden Wilson,RB,2013,6,204,KAN,kansas st.,75.0,251.0,4.81,,,22.0,,,,,,,,3756.0,881513.0,101.0,4725.0,33631434.0,0.0,,,,0,0,0,False,skill_run,True,True,False,False,5.07,0,1,True,93.7828467864711,,,31.369422222222223,2.248079525120162,1.7599238059373548,1.8744272541372404,,,0.313679120648034,,,-0.8754814521650386,,,0.3387301289927044,234.69462193823216,0.0268903088391906,1.2579872204472844,34512947.0,False,False,train,4.1752095,-2.384736,0.22597864768683273,0.1429208,0.05338078291814947,0.06523765,14.269930774750343
GillCu00,cullen-gillaspia-1,00-0035304,Cullen Gillaspia,RB,2019,7,220,HOU,texas a&m,,,,,,,,,,,,,,5.0,33.0,1.0,5.0,52.0,0.0,0.0,0.0,44.0,0,0,0,False,skill_run,False,True,True,False,2.69,0,1,True,,,,,,,,,,,,,,,,,6.6,0.2,1.0,85.0,False,False,train,3.7372496,-1.6716378,0.27846975088967973,0.14025937,0.028469750889679714,0.05839453,15.681263036044893
AndeRo02,rodney-anderson-1,00-0035299,Rodney Anderson,RB,2019,6,211,CIN,oklahoma,72.0,224.0,,,,25.0,,,,,,,,118811.0,51161119.0,133.0,17.0,281.0,5.0,,,,0,0,0,False,skill_run,True,True,False,False,3.94,0,1,True,,,,30.376543209876544,0.601181341934206,0.2311437435967683,,,,0.917628472343502,,,,,,-0.1890184866180437,430.6092786021496,0.0011194249690685,0.0001430843945425,51161400.0,False,False,train,4.1702676,-2.389678,0.22241992882562278,0.14289056,0.051601423487544484,0.06516043,14.089845432319887
ThomDa06,darwin-thompson-1,00-0035148,Darwin Thompson,RB,2019,6,214,KAN,utah st.,,,,,,,,,,,,,,153.0,1044.0,14.0,23.0,351.0,2.0,2.0,2.0,26.0,0,0,0,False,skill_run,False,True,True,False,3.5,0,1,True,,,,,,,,,,,,,,,,,6.823529411764706,0.0915032679738562,0.1503267973856209,1395.0,False,False,train,3.7372496,-2.822696,0.19217081850533807,0.14025937,0.028469750889679714,0.05839453,12.229305740671226
JohnTy02,ty-johnson-1,00-0035537,Ty Johnson,RB,2019,6,186,DET,maryland,,,,,,,,,,,,,,3511013766.0,2501004875506.0,3653.0,21656.0,302066022.0,110.0,18.0,2.0,106.0,0,0,0,False,skill_run,False,True,True,False,8.64,0,1,True,,,,,,,,,,,,,,,,,712.3312644698984,1.040440238478974e-06,6.168019108814853e-06,2501306941528.0,False,False,train,7.948346,1.3884006,0.6281138790035588,0.16762094,0.3398576512455516,0.12419291,37.75798526761584
LattMa00,marcus-lattimore-1,00-0030497,Marcus Lattimore,RB,2013,4,131,SFO,south carolina,71.0,221.0,4.65,,,,,,,,,,,249163143.0,1197818662.0,171011.0,291926.0,412182173.0,210.0,,,,0,0,0,False,skill_run,True,True,False,False,25.38,0,0,True,94.53888105988776,,,30.819877008530053,0.0522152808722206,0.061279292225592,0.6919705509670393,,,,,,-0.7982104113539974,,,0.0466283500897758,4.807366962777476,0.0006863414786833,0.0011716259334551,1610000835.0,False,False,train,16.276861,4.651595,0.8274021352313167,0.23394696,0.6672597864768683,0.25432596,56.2067396183137
BarbMa01,marion-barber-iii-1,00-0023544,Marion Barber III,RB,2005,4,109,DAL,minnesota,71.0,221.0,4.49,40.0,127.0,20.0,,,,,,,,,,,,,,39.0,37.0,99.0,1,0,3,False,skill_run,False,True,False,True,34.55,0,0,True,108.75191304681366,83.5,,30.819877008530053,0.0522152808722206,0.061279292225592,-0.4904861522031683,1.7008812036367722,1.399338161270592,-0.088953780482278,,,0.6544430110194897,1.6615753173306211,,0.0466283500897758,,,,,True,True,train,19.597973,7.972707,0.9145907473309609,0.26500764,0.7348754448398577,0.30621833,62.70565828421151
LoveBr00,bryce-love-1,00-0035256,Bryce Love,RB,2019,4,112,WAS,stanford,69.0,200.0,,,,18.0,,,,,,,,29112263165.0,2267792118736.0,23196.0,158620.0,250833399.0,1100.0,,,,0,0,0,False,skill_run,True,True,False,False,33.22,0,0,True,,,,29.53161100609116,-1.04571684125175,-1.1277718673726418,,,,-0.4915866816125901,,,,,,-0.6381283935534406,77.89817321596749,7.967776283324896e-07,5.448563002504722e-06,2268042952135.0,False,False,train,12.735651,1.110385,0.603202846975089,0.20371787,0.5729537366548043,0.19899455,43.641437228199
StepTr01,travis-stephens-1,00-0021386,Travis Stephens,RB,2002,4,119,TAM,tennessee,68.0,194.0,4.6,32.0,121.0,15.0,,,,,,,,,,,,,,0.0,0.0,1.0,0,0,0,False,skill_run,False,True,False,True,30.21,0,0,True,86.65635128519412,76.5,,29.49437716262976,-1.5946829023137354,-1.4675007701149942,0.3224528312263445,-0.7710210849298669,0.4128677908253326,-1.0955360333080582,,,-1.603850183691291,0.0071962459606289,,-0.6579194346534012,,,,,True,True,train,13.427967,1.802701,0.6637010676156584,0.20939074,0.5907473309608541,0.20981197,46.74704385053008
MoreFr00,frank-moreau-1,00-0019471,Frank Moreau,RB,2000,4,115,KAN,louisville,73.0,231.0,4.57,36.0,117.0,23.0,,,,,,,,,,,,,,1.0,1.0,14.0,0,0,0,False,skill_run,False,True,False,True,31.91,0,0,True,105.91980566416568,76.5,,30.47344717583036,1.1501474029961911,0.6274941301295129,0.1007421993819355,0.4649300593534527,-0.2447791228048401,0.5149955712131901,,,0.3649853860934919,0.0071962459606289,,-0.137510766902529,,,,,True,True,train,9.712744,-1.9125223,0.2597864768683274,0.18029311,0.4555160142348754,0.15176162,26.14287411853724
WillDe02,deangelo-williams-1,00-0024242,DeAngelo Williams,RB,2006,1,27,CAR,memphis,69.0,214.0,4.45,35.5,121.0,25.0,,,,,,,,,,,,,,61.0,51.0,142.0,1,0,6,False,skill_run,False,True,False,True,81.14,1,0,True,109.14496981387704,78.25,,31.598823776517538,-1.04571684125175,-0.3350710943071525,-0.7861003279957203,0.3104361663180378,0.4128677908253326,0.917628472343502,,,0.6946156679435652,0.420791013803127,,0.4606647768127713,,,,,True,True,train,36.39235,-7.3121567,0.04804270462633452,0.4550263,0.9110320284697508,0.56863046,40.61548401717614
MortCh00,chad-morton-1,00-0019590,Chad Morton,RB,2000,5,166,NOR,southern california,68.0,182.0,4.5,36.0,121.0,18.0,,,,,,,,,,,,,,10.0,3.0,93.0,0,0,0,False,skill_run,False,True,False,True,13.71,0,1,True,88.7669562566682,78.5,,27.669982698961935,-1.5946829023137354,-2.1469585755997,-0.416582608255032,0.4649300593534527,0.4128677908253326,-0.4915866816125901,,,-1.3881342451138925,0.4798759806377696,,-1.6276465016541797,,,,,True,True,train,10.417284,2.2140312,0.6957295373665481,0.18555798,0.4893238434163701,0.16277006,44.58221906948557
BrowBr02,bryce-brown-1,00-0029429,Bryce Brown,RB,2012,7,229,PHI,kansas st.,,,,,,,,,,,,,,1013.0,46016.0,30.0,101.0,1373.0,10.0,9.0,6.0,42.0,0,0,0,False,skill_run,False,True,True,False,1.68,0,1,True,,,,,,,,,,,,,,,,,45.425468904244816,0.0296150049358341,0.0997038499506416,47389.0,False,False,train,4.1377892,-1.2710981,0.31494661921708184,0.14269179,0.0498220640569395,0.06465296,17.741201141802758
GreeMi00,mike-green-4,00-0019576,Mike Green,RB,2000,7,213,TEN,houston,72.0,189.0,4.53,38.5,118.0,,,4.2,,,,,,,,,,,,2.0,2.0,32.0,0,0,0,False,skill_run,False,True,False,True,3.64,0,1,True,89.76333750521907,78.25,,25.63020833333333,0.601181341934206,-1.7506081890669547,-0.1948719764106164,1.2373995245305274,-0.0803673943972969,,,-0.4119774979307711,-1.2862983643512504,0.420791013803127,,-2.7118552362869965,,,,,True,True,train,5.724384,0.31549644,0.5391459074733096,0.15267397,0.20106761565836298,0.0894435,30.429538126464838
SmitMi01,michael-smith-6,00-0029145,Michael Smith,RB,2012,7,212,TAM,utah st.,,,,,,,,,,,,,,4624114.0,290153870.0,429.0,19316.0,22023181.0,202.0,0.0,0.0,1.0,0,0,0,False,skill_run,False,True,True,False,3.79,0,1,True,,,,,,,,,,,,,,,,,62.747992372160375,9.277452934767612e-05,0.0041772326547312,312177051.0,False,False,train,5.3872457,-0.021641731,0.48576512455516013,0.15050602,0.16903914590747332,0.08417571,27.50502270841938
SmitIt00,ito-smith-1,00-0034378,Ito Smith,RB,2018,4,126,ATL,southern miss,,,,,,,,,,,,,,136171265248.0,536112814591413.0,2101713.0,8494340.0,76515459396.0,322.0,6.0,6.0,36.0,0,0,0,False,skill_run,False,True,True,False,27.34,0,0,True,,,,,,,,,,,,,,,,,3937.048052061682,1.5434335549223876e-05,6.237982723102266e-05,536189330050809.0,False,False,train,11.625266,0.0,0.5,0.1948597,0.5338078291814946,0.18164478,38.20624642392282
WestBr00,,00-0021216,Brian Westbrook,RB,2002,3,91,PHI,villanova,68.0,200.0,4.57,37.0,118.0,26.0,7.09,,,,,,,,,,,,,69.0,68.0,121.0,2,1,7,False,skill_run,False,True,False,True,43.1,0,0,True,91.70545944949409,77.5,,30.406574394463668,-1.5946829023137354,-1.1277718673726418,0.1007421993819355,0.7739178454242827,-0.0803673943972969,1.118944922908658,0.0151539394279225,,-1.0878023578965466,0.2435361132991992,,-0.1730559011530109,,,,,True,True,train,28.731905,8.579622,0.9252669039145908,0.36276004,0.8416370106761566,0.44893605,70.07733816619022
BookLo00,lorenzo-booker-1,00-0025458,Lorenzo Booker,RB,2007,3,71,MIA,florida st.,70.0,191.0,4.46,35.5,121.0,26.0,,,,,,,,,,,,,,4.0,3.0,36.0,0,0,0,False,skill_run,False,True,False,True,53.7,0,0,True,96.54369757544032,78.25,,27.40265306122449,-0.4967507801897647,-1.6373652214861705,-0.7121967840475839,0.3104361663180378,0.4128677908253326,1.118944922908658,,,-0.5933066599779901,0.420791013803127,,-1.7697412024922523,,,,,True,True,train,22.91893,2.7666473,0.7437722419928826,0.29858324,0.7775800711743772,0.35810828,58.43632168033793
ProsJa00,jay-prosch-1,00-0031085,Jay Prosch,RB,2014,6,211,HOU,auburn,,,,,,,,,,,,,,212.0,938.0,2.0,155.0,11995.0,1.0,0.0,0.0,63.0,0,0,2,False,skill_run,False,True,True,False,3.94,0,1,True,,,,,,,,,,,,,,,,,4.4245283018867925,0.0094339622641509,0.7311320754716981,12933.0,False,False,train,3.7372496,-2.822696,0.19217081850533807,0.14025937,0.028469750889679714,0.05839453,12.229305740671226
MaysDe00,devante-mays-1,00-0033304,Devante Mays,RB,2017,7,238,GNB,utah st.,,,,,,,,,,,,,,16537.0,966259.0,93.0,11.0,98.0,0.0,0.0,0.0,8.0,0,0,0,False,skill_run,False,True,True,False,0.91,0,1,True,,,,,,,,,,,,,,,,,58.43012638326178,0.0056237527967587,0.0006651750619822,966357.0,False,False,train,4.1929636,-1.2159238,0.3309608540925267,0.1430296,0.05693950177935943,0.065515056,18.54811742510713
WilsBr01,brandon-wilson-3,00-0033791,Brandon Wilson,RB,2017,6,207,CIN,houston,,,,,,,,,,,,,,374.0,1886.0,20.0,65.0,4952.0,0.0,6.0,6.0,60.0,0,0,0,False,skill_run,False,True,True,False,4.57,0,1,True,,,,,,,,,,,,,,,,,5.042780748663102,0.053475935828877,0.1737967914438502,6838.0,False,False,train,3.7372496,-2.822696,0.19217081850533807,0.14025937,0.028469750889679714,0.05839453,12.229305740671226
MillTr00,trey-millard-1,00-0031271,Trey Millard,RB,2014,7,245,SFO,oklahoma,74.0,247.0,4.64,,,,,,,,,,,24243317.0,7416919897.0,3201.0,16133011.0,13512733778.0,1141.0,,,,0,0,0,False,skill_run,True,True,False,False,0.47,0,1,True,106.57492279412288,,,31.70945945945946,1.6991134640581766,1.5334378707757863,0.6180670070188964,,,,,,0.431942115787987,,,0.5194713663203969,305.9366792506157,0.0001320363875949,0.6654621972727577,20929653675.0,False,False,train,5.3891263,-0.019761086,0.4875444839857651,0.15051804,0.1708185053380783,0.0842051,27.612612406289028
StewJo00,jonathan-stewart-1,00-0026153,Jonathan Stewart,RB,2008,1,13,CAR,oregon,70.0,235.0,4.46,36.5,128.0,28.0,,,,,,,,,,,,,,48.0,48.0,134.0,1,0,5,False,skill_run,False,True,False,True,91.05,1,0,True,118.78413052475642,82.25,,33.71530612244898,-0.4967507801897647,0.8539800652910813,-0.7121967840475839,0.6194239523888677,1.5637498896781352,1.52157782403897,,,1.67979320137537,1.3661504831574085,,1.585646384985817,,,,,True,True,train,50.847416,7.14291,0.8932384341637011,0.63236374,0.9768683274021353,0.7944909,83.80399701752272
SlatSt00,steve-slaton-1,00-0026229,Steve Slaton,RB,2008,3,89,HOU,west virginia,69.0,197.0,4.45,33.5,118.0,19.0,,,,,,,,,,,,,,21.0,21.0,45.0,0,0,2,False,skill_run,False,True,False,True,44.11,0,0,True,100.4745750155784,75.75,,29.08863684099979,-1.04571684125175,-1.297636318743818,-0.7861003279957203,-0.307539405823622,-0.0803673943972969,-0.2902702310474341,,,-0.1915484305164691,-0.1700586545432988,,-0.8735840729176292,,,,,True,True,train,19.036655,-1.1156273,0.3398576512455516,0.2595772,0.7241992882562278,0.29744774,39.21879107894847
ToraRy00,ryan-torain-1,00-0026279,Ryan Torain,RB,2008,5,139,DEN,arizona st.,72.0,222.0,4.61,34.0,120.0,21.0,,,,,,,,,,,,,,5.0,0.0,22.0,0,0,1,False,skill_run,False,True,False,True,22.4,0,1,True,98.30582869760003,77.0,,30.105324074074076,0.601181341934206,0.1179007760159841,0.3963563751744874,-0.153045512788207,0.2484560624177894,0.1123626700828779,,,-0.4132067483172825,0.1253661796299141,,-0.3331805865991281,,,,,True,True,train,8.012769,-0.19048405,0.4306049822064057,0.16807084,0.34341637010676157,0.12519951,29.957933866707243
JohnJe00,jeremi-johnson-1,00-0022141,Jeremi Johnson,RB,2003,4,118,CIN,western kentucky,71.0,260.0,4.9,29.0,103.0,20.0,,,,,,,,,,,,,,4.0,4.0,96.0,0,0,4,False,skill_run,False,True,False,True,30.63,0,0,True,90.20259328986374,66.0,,36.258678833564765,0.0522152808722206,2.269517160050884,2.5395591496704872,-1.6979844431423563,-2.546543320510445,-0.088953780482278,,,-1.2414039027438757,-2.4743723610943595,,2.9375345914878523,,,,,True,True,train,5.242927,-6.382339,0.06583629893238434,0.14958577,0.11743772241992882,0.081920736,9.612336562568608
MinoTr00,travis-minor-1,00-0020448,Travis Minor,RB,2001,3,85,MIA,florida st.,70.0,197.0,4.44,32.0,115.0,9.0,,,,,,,,,,,,,,10.0,10.0,118.0,0,0,0,False,skill_run,False,True,False,True,46.16,0,0,True,101.38281398950392,73.5,,28.2634693877551,-0.4967507801897647,-1.297636318743818,-0.8600038719438565,-0.7710210849298669,-0.5736025796199266,-2.3034347366989945,,,-0.0987211959742865,-0.701823356055082,,-1.312188349654335,,,,,True,True,train,16.68302,-3.469263,0.1512455516014235,0.23760612,0.6761565836298933,0.26067218,29.538519909850645
HartMi00,michael-hart-1,00-0026342,Mike Hart,RB,2008,6,202,IND,michigan,69.0,206.0,4.69,28.0,110.0,23.0,,,,,,,,,,,,,,3.0,3.0,21.0,0,0,0,False,skill_run,False,True,False,True,5.42,0,1,True,85.15415528481851,69.0,,30.417559336273893,-1.04571684125175,-0.7880429646302892,0.9875847267595912,-2.0069722292131864,-1.3956612216576427,0.5149955712131901,,,-1.7573832344174625,-1.7653527590786484,,-0.1672170348250635,,,,,True,True,train,7.5679784,1.0080328,0.594306049822064,0.1649842,0.3220640569395018,0.11824967,35.87820067710087
HillLe00,,00-0026344,Lex Hilliard,RB,2008,6,204,MIA,montana,71.0,231.0,4.68,32.0,122.0,,7.01,4.2,,,,,,,,,,,,3.0,3.0,62.0,0,0,1,False,skill_run,False,True,False,True,5.07,0,1,True,96.30715714207795,77.0,5.605,32.21444157905177,0.0522152808722206,0.6274941301295129,0.9136811828114484,-0.7710210849298669,0.5772795192328759,,-0.3058340502725815,-0.4119774979307711,-0.6174824495188568,0.1253661796299141,-0.3805037709026278,0.7878863607046664,,,,,True,True,train,5.875672,-0.6842737,0.38434163701067614,0.1536551,0.23487544483985764,0.09180737,24.98042395862078
BatcBa00,baron-batch-1,00-0028170,Baron Batch,RB,2011,7,232,PIT,texas tech,,,,,,,,,,,,,,9113168177.0,43758884816.0,17145.0,6455732.0,41449395226.0,113.0,1.0,1.0,12.0,0,0,0,False,skill_run,False,True,True,False,1.4,0,1,True,,,,,,,,,,,,,,,,,4.801720320101144,1.881343531360576e-06,0.0007083960127382,85208280042.0,False,False,train,5.0585284,-0.35035896,0.4181494661921708,0.1484167,0.10142348754448399,0.07903951,23.30357267670466
LaynGe00,george-layne-1,00-0020479,George Layne,RB,2001,4,108,KAN,texas christian,71.0,242.0,4.59,32.0,115.0,,7.08,4.19,,,,,,,,,,,,0.0,,11.0,0,0,0,False,skill_run,False,True,False,True,35.0,0,0,True,109.0422036145302,73.5,5.635,33.74846260662567,0.0522152808722206,1.250330451823826,0.2485492872782081,-0.7710210849298669,-0.5736025796199266,,-0.0249695592846395,-0.4737215744701388,0.6841123727055883,-0.701823356055082,-0.2205922424182268,1.6032701723810503,,,,,True,True,train,6.3674507,-5.2578154,0.08896797153024912,0.15688008,0.2669039145907473,0.09949142,14.024227115183113
WellCh00,chris-wells-1,00-0027007,Beanie Wells,RB,2009,1,31,ARI,ohio st.,73.0,235.0,4.38,33.5,128.0,25.0,,,,,,,,,,,,,,14.0,14.0,51.0,0,0,2,False,skill_run,False,True,False,True,78.41,1,0,True,127.70309294426173,80.75,,31.00112591480578,1.1501474029961911,0.8539800652910813,-1.3034251356326878,-0.307539405823622,1.5637498896781352,0.917628472343502,,,2.5913623369850582,1.0116406821495527,,0.1429682446575888,,,,,True,True,train,26.659294,-17.045212,0.005338078291814947,0.339161,0.8274021352313167,0.4165515,31.87581587039279
WashDw00,dwayne-washington-1,00-0032450,Dwayne Washington,RB,2016,7,236,DET,washington,,,,,,,,,,,,,,4713247.0,332697282.0,494.0,11525.0,591315.0,103.0,4.0,2.0,96.0,0,0,0,False,skill_run,False,True,True,False,1.06,0,1,True,,,,,,,,,,,,,,,,,70.58770355128853,0.0001048109721387,0.0024452357366376,333288597.0,False,False,train,5.1722255,-0.23666191,0.42704626334519574,0.14913665,0.1103202846975089,0.08081602,23.88730982669838
JackDa01,darius-jackson-1,00-0033049,Darius Jackson,RB,2016,6,216,DAL,eastern michigan,,,,,,,,,,,,,,34944208.0,122012221078.0,2014.0,31521.0,26126201.0,22.0,0.0,0.0,4.0,0,0,0,False,skill_run,False,True,True,False,3.22,0,1,True,,,,,,,,,,,,,,,,,3491.6293160228443,5.763473019620305e-05,0.0009020378999575,122038347279.0,False,False,train,4.7545857,-1.8053598,0.2704626334519573,0.14650618,0.07829181494661921,0.0742904,16.80027328279148
MorrMa00,maurice-morris-1,00-0021182,Maurice Morris,RB,2002,2,54,SEA,oregon,71.0,208.0,4.53,38.5,119.0,23.0,,,,,,,,,,,,,,27.0,18.0,145.0,0,0,1,False,skill_run,False,True,False,True,63.63,0,0,True,98.7871650851088,78.75,,29.00694306685181,0.0522152808722206,-0.6747999970495051,-0.1948719764106164,1.2373995245305274,0.0840443340102462,0.5149955712131901,,,-0.3640114076418602,0.5389609474724122,,-0.9170070637095836,,,,,True,True,train,28.122526,0.0,0.5,0.35574657,0.8362989323843416,0.43941444,52.62919897339522
WattDe00,derek-watt-1,00-0032897,Derek Watt,RB,2016,6,198,SDG,wisconsin,,,,,,,,,,,,,,2119.0,58245.0,0.0,12315.0,15020139.0,10.0,1.0,1.0,110.0,0,0,0,False,skill_run,False,True,True,False,6.15,0,1,True,,,,,,,,,,,,,,,,,27.48702218027372,0.0,5.811703633789524,15078384.0,False,False,train,4.1818385,-2.378107,0.2313167259786477,0.14296144,0.05516014234875445,0.06534123,14.521925307916367
BellTa00,tatum-bell-1,00-0022893,Tatum Bell,RB,2004,2,41,DEN,oklahoma st.,71.0,212.0,4.37,38.5,117.0,25.0,,,,,,,,,,,,,,22.0,20.0,54.0,0,0,1,False,skill_run,False,True,False,True,71.8,0,0,True,116.26262082254875,77.75,,29.564768895060503,0.0522152808722206,-0.4483140618879367,-1.3773286795808242,1.2373995245305274,-0.2447791228048401,0.917628472343502,,,1.4220804415765274,0.3026210801338418,,-0.620503859463627,,,,,True,True,train,30.752796,2.63027,0.7330960854092526,0.38642606,0.8683274021352313,0.48051244,64.0291620870502
JohnQu00,quinn-johnson-1,00-0027106,Quinn Johnson,RB,2009,5,145,GNB,louisiana state,73.0,246.0,4.72,32.0,115.0,16.0,,,,,,,,,,,,,,0.0,0.0,44.0,0,0,1,False,skill_run,False,True,False,True,20.28,0,1,True,99.1281744432637,73.5,,32.45224244698818,1.1501474029961911,1.4768163869853943,1.2092953586040005,-0.7710210849298669,-0.5736025796199266,-0.8942195827429021,,,-0.3291582945523544,-0.701823356055082,,0.914285526447914,,,,,True,True,train,5.0342813,-3.1689715,0.17259786476868327,0.14826354,0.09608540925266904,0.078660645,13.364106693513877
GreeWi01,william-green-1,00-0021150,William Green,RB,2002,1,16,CLE,boston col.,72.0,221.0,4.6,42.0,121.0,27.0,,,,,,,,,,,,,,14.0,14.0,46.0,0,0,3,False,skill_run,False,True,False,True,88.88,1,0,True,98.71677130942216,81.5,,29.96971450617284,0.601181341934206,0.061279292225592,0.3224528312263445,2.318856775778432,0.4128677908253326,1.3202613734738142,,,-0.3712060554312307,1.1888955826534806,,-0.4052616365896693,,,,,True,True,train,39.905598,-3.7989082,0.13523131672597866,0.49882,0.9288256227758007,0.62352496,46.432664985652494
RipkAa00,aaron-ripkowski-1,00-0031612,Aaron Ripkowski,RB,2015,6,206,GNB,oklahoma,,,,,,,,,,,,,,6.0,13.0,3.0,17.0,338.0,11.0,2.0,2.0,47.0,0,0,0,False,skill_run,False,True,True,False,4.73,0,1,True,,,,,,,,,,,,,,,,,2.1666666666666665,0.5,2.833333333333333,351.0,False,False,train,3.67832,-2.8816257,0.18505338078291814,0.13990444,0.021352313167259787,0.05747375,11.776745336600895
RedmJ.00,jr-redmond-1,00-0019722,J.R. Redmond,RB,2000,3,76,NWE,arizona st.,71.0,216.0,4.48,32.5,121.0,,,,,,,,,,,,,,,9.0,6.0,50.0,0,0,0,False,skill_run,False,True,False,True,50.94,0,0,True,107.24367573081524,76.75,,30.12259472326919,0.0522152808722206,-0.2218281267263683,-0.5643896961513046,-0.6165271918944519,0.4128677908253326,,,,0.5002925031720522,0.0662812127952715,,-0.3240006552176703,,,,,True,True,train,18.70008,-1.4522018,0.304270462633452,0.25635588,0.7117437722419929,0.29218876,37.376587079884324
GordLa00,,00-0021209,Lamar Gordon,RB,2002,3,84,STL,north dakota st.,73.0,214.0,4.55,34.0,119.0,16.0,,,,,,,,,,,,,,9.0,6.0,41.0,0,0,0,False,skill_run,False,True,False,True,46.68,0,0,True,99.8615223419522,76.5,,28.23081253518484,1.1501474029961911,-0.3350710943071525,-0.0470648885143437,-0.153045512788207,0.0840443340102462,-0.8942195827429021,,,-0.2542059314112456,0.0071962459606289,,-1.329546566033029,,,,,True,True,train,17.333263,-2.8190193,0.19572953736654805,0.2435458,0.6886120996441281,0.27083224,31.888984382629822
WhytKe00,kerrith-whyte-1,00-0035596,Kerrith Whyte Jr,RB,2019,7,222,CHI,florida atlantic,,,,,,,,,,,,,,4355134.0,145347866.0,128.0,5710.0,2146160.0,2.0,1.0,,6.0,0,0,0,False,skill_run,False,True,True,False,2.45,0,1,True,,,,,,,,,,,,,,,,,33.37391363847817,2.9390599692225316e-05,0.0013110962831453,147494026.0,False,False,train,3.8640387,-1.5448487,0.29537366548042704,0.14102557,0.037366548042704624,0.06037561,16.59030126633116
WillDa011,david-williams-5,00-0034427,David Williams,RB,2018,7,226,DEN,arkansas,,,,,,,,,,,,,,458656117.0,256299239656.0,2038.0,711910.0,999372171.0,2.0,0.0,,6.0,0,0,0,False,skill_run,False,True,True,False,1.99,0,1,True,,,,,,,,,,,,,,,,,558.8047998409231,4.44341615528917e-06,0.0015521650613895,257298611827.0,False,False,train,5.4845257,0.075638294,0.5177935943060499,0.15112896,0.18683274021352314,0.085695714,29.184892104401712
ScotBo02,boston-scott-1,00-0034414,Boston Scott,RB,2018,6,201,NOR,louisiana tech,,,,,,,,,,,,,,13470182.0,32755151040.0,68.0,11120.0,1125181.0,1.0,11.0,,75.0,0,0,0,False,skill_run,False,True,True,False,5.6,0,1,True,,,,,,,,,,,,,,,,,2431.678431664843,5.0481871737145055e-06,0.0008255270789956,32756276221.0,False,False,train,4.672285,-1.8876605,0.26334519572953735,0.14599238,0.0711743772241993,0.073004454,16.337232146995458
SmalKi00,kiero-small-1,00-0031091,Kiero Small,RB,2014,7,227,SEA,arkansas,,,,,,,,,,,,,,140.0,1151.0,13.0,119.0,7128.0,1.0,0.0,,3.0,0,0,0,False,skill_run,False,True,True,False,1.89,0,1,True,,,,,,,,,,,,,,,,,8.221428571428572,0.0928571428571428,0.85,8279.0,False,False,train,3.7372496,-1.6716378,0.27846975088967973,0.14025937,0.028469750889679714,0.05839453,15.681263036044893
JoneKe02,kevin-jones-3,00-0022782,Kevin Jones,RB,2004,1,30,DET,virginia tech,72.0,227.0,4.38,38.0,120.0,,,,,,,,,,,,,,,27.0,26.0,64.0,0,0,4,False,skill_run,False,True,False,True,79.09,1,0,True,123.35575360998898,79.0,,30.783371913580247,0.601181341934206,0.4010081949679446,-1.3034251356326878,1.0829056314951124,0.2484560624177894,,,,2.147039312315917,0.5980459143070548,,0.0272246633535799,,,,,True,True,train,29.02675,-14.677755,0.012455516014234875,0.36617482,0.8469750889679716,0.453543,33.83207980318002
SmitMu00,musa-smith-1,00-0022130,Musa Smith,RB,2003,3,77,BAL,georgia,73.0,232.0,4.45,35.5,123.0,,,,,,,,,,,,,,,6.0,6.0,49.0,0,0,0,False,skill_run,False,True,False,True,50.4,0,0,True,118.325387835605,79.25,,30.605366860574215,1.1501474029961911,0.684115613919905,-0.7861003279957203,0.3104361663180378,0.741691247640419,,,,1.632907066313013,0.6571308811416973,,-0.0673910140124986,,,,,True,True,train,15.751305,-4.400978,0.11565836298932385,0.22927053,0.6548042704626335,0.24611413,27.230113279140717
WillMa09,marquez-williams-1,00-0033796,Marquez Williams,RB,2017,7,240,JAX,miami,,,,,,,,,,,,,,1.0,1.0,0.0,2.0,19.0,1.0,0.0,,1.0,0,0,0,False,skill_run,False,True,True,False,0.77,0,1,True,,,,,,,,,,,,,,,,,1.0,0.0,2.0,20.0,False,False,train,3.0322664,-2.376621,0.23309608540925267,0.13606243,0.0071174377224199285,0.047379162,13.135024018426595
WynnDe00,deshawn-wynn-1,00-0025615,DeShawn Wynn,RB,2007,7,228,GNB,florida,70.0,232.0,4.47,31.5,115.0,,,,,,,,,,,,,,,3.0,3.0,23.0,0,0,0,False,skill_run,False,True,False,True,1.78,0,1,True,116.22187778931956,73.25,,33.284897959183674,-0.4967507801897647,0.684115613919905,-0.6382932400994475,-0.9255149779652818,-0.5736025796199266,,,,1.4179162698000376,-0.7609083228897245,,1.3568699585668582,,,,,True,True,train,5.5417047,0.13281727,0.5249110320284698,0.15149613,0.1903914590747331,0.086589135,29.56597582394012
WillJa05,,00-0027141,Javarris Williams,RB,2009,7,212,KAN,tennessee st.,69.0,223.0,4.51,33.5,116.0,25.0,,,,,,,,,,,,,,0.0,0.0,4.0,0,0,0,False,skill_run,False,True,False,True,3.79,0,1,True,107.80246492637616,74.75,,32.92774627179164,-1.04571684125175,0.1745222598063762,-0.3426790643068956,-0.307539405823622,-0.4091908512123834,0.917628472343502,,,0.5574039652487969,-0.4063985218818691,,1.167031814905337,,,,,True,True,train,7.060495,1.6516075,0.6476868327402135,0.16151816,0.297153024911032,0.11032023,37.28730163182335
JohnCh04,chris-johnson-1,00-0026164,Chris Johnson,RB,2008,1,24,TEN,east carolina,71.0,197.0,4.24,35.0,130.0,,,,,,,,,,,,,,,70.0,61.0,130.0,3,1,7,False,skill_run,False,True,False,True,83.21,1,0,True,121.90816535772656,82.5,,27.47292203927792,0.0522152808722206,-1.297636318743818,-2.338074750906616,0.1559422732826228,1.8925733464932213,,,,1.9990874867820705,1.4252354499920508,,-1.7323908753859638,,,,,True,True,train,55.18916,11.484653,0.9555160142348754,0.681236,0.9893238434163701,0.8623306,88.87845061958049
McFaDa00,darren-mcfadden-1,00-0026144,Darren McFadden,RB,2008,1,4,OAK,arkansas,73.0,211.0,4.33,33.0,128.0,,,,,,,,,,,,,,,39.0,32.0,103.0,0,0,4,False,skill_run,False,True,False,True,97.72,1,0,True,120.04964096691148,80.5,,27.835053480953277,1.1501474029961911,-0.5049355456783288,-1.672942855373376,-0.4620332988590369,1.5637498896781352,,,,1.809135629967452,0.9525557153149102,,-1.5399058247031183,,,,,True,True,train,53.109104,9.404598,0.9377224199288257,0.65823877,0.9839857651245552,0.8298298,86.94998311614653
DaniP.00,pj-daniels-1,00-0024346,P.J. Daniels,RB,2006,4,132,BAL,georgia tech,70.0,214.0,4.64,33.0,116.0,21.0,7.13,4.4,,,,,,,,,,,,,,,0,0,0,False,skill_run,True,False,False,True,25.0,0,0,True,92.33616792689187,74.5,5.765000000000001,30.70244897959184,-0.4967507801897647,-0.3350710943071525,0.6180670070188964,-0.4620332988590369,-0.4091908512123834,0.1123626700828779,0.1756479342781746,0.8229040328566108,-1.0233403325486354,-0.4654834887165117,0.4723577143475295,-0.0157885999468988,,,,,True,True,train,11.612078,-0.013188362,0.4893238434163701,0.19475627,0.5320284697508897,0.18143871,37.7374230296056
JohnGa01,gartrell-johnson-1,00-0027098,Gartrell Johnson,RB,2009,4,134,SDG,colorado st.,70.0,219.0,4.67,34.0,114.0,20.0,,,,,,,,,,,,,,0.0,,19.0,0,0,0,False,skill_run,False,True,False,True,24.24,0,0,True,92.08875218048529,74.0,,31.419795918367345,-0.4967507801897647,-0.051963675355192,0.839777638863312,-0.153045512788207,-0.7380143080274698,-0.088953780482278,,,-1.0486276414843538,-0.5836534223857969,,0.3655054440846999,,,,,True,True,train,9.24623,-2.379036,0.22953736654804271,0.17687155,0.4288256227758007,0.14447235,24.184885018395786
ThomMa01,marcus-thomas-2,00-0026306,Marcus Thomas,RB,2008,5,166,SDG,texas-el paso,72.0,213.0,4.59,30.0,116.0,21.0,,,,,,,,,,,,,,0.0,,3.0,0,0,0,False,skill_run,False,True,False,True,13.71,0,1,True,95.97516268551624,73.0,,28.88483796296296,0.601181341934206,-0.3916925780975446,0.2485492872782081,-1.3889966570715266,-0.4091908512123834,0.1123626700828779,,,-0.651414187938712,-0.8199932897243671,,-0.9819100365140012,,,,,True,True,train,8.382723,0.17947006,0.5266903914590747,0.17067318,0.37544483985765126,0.13098004,34.60957706677213
OmonXa00,,00-0026319,Xavier Omon,RB,2008,6,179,BUF,nw missouri st.,71.0,228.0,4.52,31.0,112.0,17.0,,,,,,,,,,,,,,0.0,0.0,7.0,0,0,0,False,skill_run,False,True,False,True,10.28,0,1,True,109.24739836788898,71.5,,31.796072207895257,0.0522152808722206,0.4576296787583367,-0.2687755203587593,-1.0800088710006968,-1.0668377648425562,-0.6929031321777461,,,0.7050844538909321,-1.1745030907322227,,0.5655089575201995,,,,,True,True,train,6.1221943,-0.4377513,0.4092526690391459,0.15526488,0.25444839857651247,0.095659286,26.477558207946743
CobbCe00,cedric-cobbs-1,00-0022872,Cedric Cobbs,RB,2004,4,128,NWE,arkansas,72.0,223.0,4.75,40.0,123.0,,,,,,,,,,,,,,,0.0,0.0,5.0,0,0,0,False,skill_run,False,True,False,True,26.55,0,0,True,87.61135964272835,81.5,,30.24093364197531,0.601181341934206,0.1745222598063762,1.4310059904484158,1.7008812036367722,0.741691247640419,,,,-1.5062428497850913,1.1888955826534806,,-0.261099536608585,,,,,True,True,train,6.3721514,-5.2531147,0.09074733096085409,0.15691116,0.26868327402135234,0.099564865,14.133079313934912
FargJu00,justin-fargas-1,00-0022093,Justin Fargas,RB,2003,3,96,OAK,southern california,73.0,219.0,4.35,,137.0,27.0,,,,,,,,,,,,,,20.0,20.0,92.0,0,0,2,False,skill_run,False,True,False,True,40.63,0,0,True,122.32552340373704,,,28.89041095890411,1.1501474029961911,-0.051963675355192,-1.525135767477103,,3.043455445346024,1.3202613734738142,,,2.041743873853452,,,-0.9789478015828826,,,,,True,True,train,19.893528,-0.25875473,0.42526690391459077,0.26789603,0.7384341637010676,0.31083637,43.35400775127988
EcheAd00,adimchinobe-echemandu-1,00-0022883,Adimchinobe Echemandu,RB,2004,7,208,CLE,california,71.0,226.0,4.58,,,15.0,,,,,,,,,,,,,,1.0,0.0,19.0,0,0,0,False,skill_run,False,True,False,True,4.41,0,1,True,102.72508819422448,,,31.517159293790915,0.0522152808722206,0.3443867111775525,0.1746457433300718,,,-1.0955360333080582,,,0.038466929616689,,,0.4172573553972221,,,,,True,True,train,6.0849175,0.67603016,0.5729537366548043,0.15502062,0.2491103202846975,0.09507684,32.902305204540596
JohnLa00,larry-johnson-1,00-0021976,Larry Johnson,RB,2003,1,27,KAN,penn st.,73.0,228.0,4.45,,,19.0,,,,,,,,,,,,,,51.0,50.0,85.0,2,1,4,False,skill_run,False,True,False,True,81.14,1,0,True,116.28529494188768,,,30.0776881215988,1.1501474029961911,0.4576296787583367,-0.7861003279957203,,,-0.2902702310474341,,,1.4243978666753576,,,-0.3478700255726165,,,,,True,True,train,35.56944,-8.135067,0.042704626334519574,0.44484332,0.905693950177936,0.5557725,39.83438016468944
BrowTh01,thomas-brown-1,00-0026312,Thomas Brown,RB,2008,6,172,ATL,georgia,68.0,204.0,4.51,36.0,128.0,25.0,7.17,,,,,,,,,,,,,,,,0,0,0,False,skill_run,True,True,False,True,12.06,0,1,True,98.6175015469988,82.0,,31.014705882352946,-1.5946829023137354,-0.9012859322110734,-0.3426790643068956,0.4649300593534527,1.5637498896781352,0.917628472343502,0.3361419291284266,,-0.3813519947533365,1.3070655163227656,,0.1501864545139158,,,,,True,True,train,12.394799,5.8348536,0.8558718861209964,0.20096722,0.5587188612099644,0.19366874,53.30197195273914
SchmOw00,owen-schmitt-1,00-0026303,Owen Schmitt,RB,2008,5,163,SEA,west virginia,74.0,247.0,4.73,,,26.0,,,,,,,,,,,,,,1.0,0.0,74.0,0,0,0,False,skill_run,False,True,False,True,14.57,0,1,True,98.69209905763591,,,31.70945945945946,1.6991134640581766,1.5334378707757863,1.283198902552143,,,1.118944922908658,,,-0.3737277011313116,,,0.5194713663203969,,,,,True,True,train,4.7528143,-3.4504385,0.1583629893238434,0.1464951,0.07651245551601424,0.07426272,12.279925282408229
ToefLa00,labrandon-toefield-1,00-0022057,LaBrandon Toefield,RB,2003,4,132,JAX,louisiana state,71.0,233.0,4.6,,,19.0,,,,,,,,,,,,,,5.0,5.0,45.0,0,0,0,False,skill_run,False,True,False,True,25.0,0,0,True,104.07695798685684,,,32.49335449315612,0.0522152808722206,0.7407370977102972,0.3224528312263445,,,-0.2902702310474341,,,0.1766357793510178,,,0.9361379628276456,,,,,True,True,train,8.127963,-3.497303,0.14768683274021352,0.16887774,0.35231316725978645,0.12699942,18.87128001390509
SmitOn00,onterrio-smith-1,00-0022138,Onterrio Smith,RB,2003,4,105,MIN,oregon,70.0,220.0,4.48,,,19.0,,,,,,,,,,,,,,14.0,14.0,26.0,0,0,0,False,skill_run,False,True,False,True,36.37,0,0,True,109.22966972583036,,,31.56326530612245,-0.4967507801897647,0.0046578084351999,-0.5643896961513046,,,-0.2902702310474341,,,0.7032724849469242,,,0.4417642528910208,,,,,True,True,train,17.624718,5.9994516,0.8594306049822064,0.24624062,0.6957295373665481,0.2753862,58.724351846662714
GurlTo01,todd-gurley-1,00-0032241,Todd Gurley,RB,2015,1,10,STL,georgia,73.0,222.0,4.52,,,17.0,,,,,,,,,,,,,,54.0,50.0,88.0,3,2,6,False,skill_run,False,True,False,True,93.25,1,0,True,106.3724668318919,,,29.286170013135678,1.1501474029961911,0.1179007760159841,-0.2687755203587593,,,-0.6929031321777461,,,0.4112499547708818,,,-0.7685885429127933,,,,,True,True,train,45.609,1.9044952,0.6725978647686833,0.5696566,0.9608540925266904,0.71264064,71.76694166246683
HenrTr00,travis-henry-1,00-0020471,Travis Henry,RB,2001,2,58,BUF,tennessee,69.0,223.0,4.61,,,23.0,,,,,,,,,,,,,,41.0,27.0,90.0,1,0,4,False,skill_run,False,True,False,True,61.22,0,0,True,98.74864774578744,,,32.92774627179164,-1.04571684125175,0.1745222598063762,0.3963563751744874,,,0.5149955712131901,,,-0.3679481007301036,,,1.167031814905337,,,,,True,True,train,30.501677,2.3791504,0.7153024911032029,0.3834533,0.8647686832740213,0.47658867,63.108313574167326
HendDe01,,00-0033581,De'Angelo Henderson,RB,2017,6,203,DEN,coastal carolina,,,,,,,,,,,,,,11.0,,0.0,51618.0,82198179.0,201.0,0.0,0.0,8.0,0,0,0,False,skill_run,False,True,True,False,5.24,0,1,True,,,,,,,,,,,,,,,,,,0.0,4692.545454545455,82198179.0,True,False,train,4.9412546,-1.618691,0.2846975088967972,0.1476771,0.08896797153024912,0.0772071,17.664943672915477
PerrCh00,chris-perry-1,00-0022926,Chris Perry,RB,2004,1,26,CIN,michigan,72.0,224.0,4.56,,,19.0,,,,,,,,,,,,,,9.0,9.0,35.0,0,0,0,False,skill_run,False,True,False,True,81.83,1,0,True,103.61404853978324,,,30.376543209876544,0.601181341934206,0.2311437435967683,0.0268386554337925,,,-0.2902702310474341,,,0.1293237777204658,,,-0.1890184866180437,,,,,True,True,train,33.400433,-10.304073,0.028469750889679714,0.41824585,0.891459074733096,0.52188176,37.77052420048951
JordLa00,lamont-jordan-1,00-0020462,LaMont Jordan,RB,2001,2,49,NYJ,maryland,70.0,234.0,4.57,,,24.0,,,,,,,,,,,,,,30.0,11.0,114.0,0,0,2,False,skill_run,False,True,False,True,66.72,0,0,True,107.29538755590808,,,33.571836734693875,-0.4967507801897647,0.7973585815006893,0.1007421993819355,,,0.7163120217783461,,,0.5055777484151087,,,1.509387576179496,,,,,True,True,train,30.008644,1.8861179,0.6690391459074733,0.37764224,0.8612099644128114,0.46888503,60.916310991044575
HuntTo01,tony-hunt-1,00-0025477,Tony Hunt,RB,2007,3,90,PHI,penn st.,74.0,233.0,4.68,,,24.0,,,,,,,,,,,,,,0.0,0.0,14.0,0,0,0,False,skill_run,False,True,False,True,43.6,0,0,True,97.14098534244228,,,29.91216216216216,1.6991134640581766,0.7407370977102972,0.9136811828114484,,,0.7163120217783461,,,-0.5322604229980595,,,-0.4358526446572401,,,,,True,True,train,16.210983,-3.9412994,0.1298932384341637,0.23335718,0.6654804270462633,0.2532966,28.23841409936706
CaniTr00,trung-canidate-1,00-0019649,Trung Canidate,RB,2000,1,31,STL,arizona,71.0,193.0,4.41,,,18.0,,,,,,,,,,,,,,11.0,6.0,46.0,0,0,1,False,skill_run,False,True,False,True,78.41,1,0,True,102.05468505588796,,,26.915096211069237,0.0522152808722206,-1.5241222539053865,-1.081714503788272,,,-0.4915866816125901,,,-0.0300521178441387,,,-2.0288940796319204,,,,,True,True,train,30.926691,-12.777815,0.019572953736654804,0.3884896,0.8701067615658363,0.48322955,35.61943730955871
PinnAn00,andrew-pinnock-1,00-0021936,Andrew Pinnock,RB,2003,7,229,SDG,south carolina,70.0,265.0,4.62,,,22.0,,,,,,,,,,,,,,1.0,1.0,42.0,0,0,0,False,skill_run,False,True,False,True,1.68,0,1,True,116.33434993119104,,,38.01938775510204,-0.4967507801897647,2.552624579002844,0.4702599191226237,,,0.313679120648034,,,1.4294115680560038,,,3.873410649175409,,,,,True,True,train,5.396858,-0.012029171,0.49110320284697506,0.15056747,0.17259786476868327,0.08432591,27.793953078417804
SmitPa00,paul-smith-6,00-0019673,Paul Smith,RB,2000,5,132,SFO,texas-el paso,71.0,220.0,4.65,,,25.0,,,,,,,,,,,,,,3.0,2.0,79.0,0,0,0,False,skill_run,False,True,False,True,25.0,0,1,True,94.11110331753534,,,30.68042055147788,0.0522152808722206,0.0046578084351999,0.6919705509670393,,,0.917628472343502,,,-0.841931751178961,,,-0.0274974509717137,,,,,True,True,train,9.790885,1.5876322,0.6423487544483986,0.18087126,0.4608540925266904,0.15298258,41.58810880777569
BrowCh03,chris-brown-1,00-0022092,Chris Brown,RB,2003,3,93,TEN,colorado,77.0,329.0,5.33,,,30.0,,,,,,,,,,,,,,24.0,23.0,68.0,0,0,2,False,skill_run,False,True,False,True,42.1,0,0,True,81.5299277585473,,,39.00944510035419,3.346011647244133,6.176399541587938,5.717411539440415,,,1.9242107251692824,,,-2.127800083147624,,,4.399659453747949,,,,,True,True,train,15.074579,-5.0777035,0.09430604982206406,0.22334632,0.6459074733096085,0.2355403,25.868124299255136
LewiJa00,jamal-lewis-2,00-0019693,Jamal Lewis,RB,2000,1,5,BAL,tennessee,72.0,240.0,4.58,,,23.0,,,,,,,,,,,,,,69.0,53.0,131.0,1,1,9,False,skill_run,False,True,False,True,96.97,1,0,True,109.08858923280474,,,32.5462962962963,0.601181341934206,1.1370874842430418,0.1746457433300718,,,0.5149955712131901,,,0.6888532490504377,,,0.9642783132306196,,,,,True,True,train,51.424187,7.719681,0.9074733096085409,0.63904214,0.9804270462633452,0.8035029,84.75837592658624
AlexSh00,shaun-alexander-1,00-0019647,Shaun Alexander,RB,2000,1,19,SEA,alabama,72.0,218.0,4.58,,,,,,,,,,,,,,,,,68.0,68.0,123.0,3,1,7,False,skill_run,False,True,False,True,86.73,1,0,True,99.08880188646432,,,29.562885802469136,0.601181341934206,-0.1085851591455841,0.1746457433300718,,,,,,-0.3331823957740251,,,-0.621504786561293,,,,,True,True,train,45.315495,1.6109886,0.6441281138790036,0.5660553,0.9590747330960854,0.7080546,70.42881706802446
MacKMa20,malaefou-mackenzie-1,00-0022109,Malaefou MacKenzie,RB,2003,7,218,JAX,southern california,70.0,233.0,4.67,,,,,,,,,,,,,,,,,0.0,0.0,1.0,0,0,0,False,skill_run,False,True,False,True,2.95,0,1,True,97.97570437467157,,,33.42836734693878,-0.4967507801897647,0.7407370977102972,0.839777638863312,,,,,,-0.446947348349135,,,1.433128767373179,,,,,True,True,train,3.8612802,-1.5476072,0.29359430604982206,0.14100882,0.03558718861209965,0.0603325,16.482342485325194
BushMi00,michael-bush-1,00-0025487,Michael Bush,RB,2007,4,100,OAK,louisville,73.0,243.0,4.62,,,,,,,,,,,,,,,,,25.0,21.0,89.0,0,0,2,False,skill_run,False,True,False,True,38.71,0,0,True,106.67640389916764,,,32.05648339275661,1.1501474029961911,1.306951935614218,0.4702599191226237,,,,,,0.4423140670145185,,,0.7039262677778226,,,,,True,True,train,14.726787,3.1015205,0.7669039145907474,0.2203444,0.6227758007117438,0.23010604,52.14068145249237
McAlDe00,deuce-mcallister-1,00-0020527,Deuce McAllister,RB,2001,1,23,NOR,mississippi,73.0,222.0,4.41,,,,,,,,,,,,,,,,,55.0,55.0,97.0,2,0,4,False,skill_run,False,True,False,True,83.91,1,0,True,117.3893268518504,,,29.286170013135678,1.1501474029961911,0.1179007760159841,-1.081714503788272,,,,,,1.5372362627256977,,,-0.7685885429127933,,,,,True,True,train,46.089584,2.3850784,0.7170818505338078,0.57553715,0.9679715302491103,0.72014976,73.95644383074126
MuhaKh00,khalfani-muhammad-1,00-0033797,Khalfani Muhammad,RB,2017,7,241,TEN,california,,,,,,,,,,,,,,744687152.0,445215586827.0,4412.0,1471717.0,18763189132.0,1020.0,,,,0,0,0,False,skill_run,True,True,True,False,0.71,0,1,True,,,,,,,,,,,,,,,,,597.8558722697018,5.924635584420556e-06,0.0019762889638251,463978775959.0,False,False,train,5.767779,0.3588915,0.5480427046263345,0.15295488,0.20818505338078291,0.090121545,30.946937679077806
JackJa00,james-jackson-1,00-0020430,James Jackson,RB,2001,3,65,CLE,miami,70.0,210.0,4.55,,,,,,,,,,,,,,,,,9.0,9.0,52.0,0,0,1,False,skill_run,False,True,False,True,57.11,0,0,True,97.99495183088769,,,30.12857142857143,-0.4967507801897647,-0.5615570294687209,-0.0470648885143437,,,,,,-0.4449801478833898,,,-0.3208238351721766,,,,,True,True,train,31.39764,11.2453575,0.9537366548042705,0.39409816,0.8772241992882562,0.49058813,73.38767615130364
AskeB.00,bj-askew-1,00-0022003,B.J. Askew,RB,2003,3,85,NYJ,michigan,74.0,241.0,4.6,,,,,,,,,,,,,,,,,4.0,1.0,83.0,0,0,1,False,skill_run,False,True,False,True,46.16,0,0,True,107.65041577181331,,,30.93918918918919,1.6991134640581766,1.1937089680334338,0.3224528312263445,,,,,,0.5418636692058506,,,0.1100467901871241,,,,,True,True,train,16.124365,-4.027918,0.12277580071174377,0.23258325,0.6637010676156584,0.2519432,27.875582861359433
PinnAr00,artose-pinner-1,00-0022006,Artose Pinner,RB,2003,4,99,DET,kentucky,70.0,229.0,4.68,,,,,,,,,,,,,,,,,8.0,7.0,47.0,0,0,0,False,skill_run,False,True,False,True,39.18,0,0,True,95.47332894171366,,,32.85448979591837,-0.4967507801897647,0.5142511625487288,0.9136811828114484,,,,,,-0.7027044760396541,,,1.128093532147899,,,,,True,True,train,13.395887,1.7706213,0.6601423487544484,0.20912534,0.5854092526690391,0.20931074,46.48260060790595
BarlKe00,kevan-barlow-1,00-0020474,Kevan Barlow,RB,2001,3,80,SFO,pittsburgh,73.0,235.0,4.56,,,,,,,,,,,,,,,,,36.0,33.0,84.0,0,0,2,False,skill_run,False,True,False,True,48.79,0,0,True,108.7022384234333,,,31.00112591480578,1.1501474029961911,0.8539800652910813,0.0268386554337925,,,,,,0.6493659794807607,,,0.1429682446575888,,,,,True,True,train,17.451012,-2.701271,0.19750889679715303,0.24463212,0.6921708185053381,0.27267206,32.08985595755094
WhitLe01,lendale-white-1,00-0024260,LenDale White,RB,2006,2,45,TEN,southern california,72.0,238.0,4.49,,,,,,,,,,,,,,,,,14.0,14.0,58.0,0,0,1,False,skill_run,False,True,False,True,69.23,0,0,True,117.11744481964548,,,32.27507716049383,0.601181341934206,1.0238445166622576,-0.4904861522031683,,,,,,1.5094483589956793,,,0.8201162132495373,,,,,True,True,train,31.818462,3.6959362,0.8042704626334519,0.3991335,0.8825622775800712,0.49716347,67.74800451094569
FinlJa00,jay-finley-1,00-0028184,Jay Finley,RB,2011,7,246,CIN,baylor,,,,,,,,,,,,,,5514979195.0,2078653701218.0,27112.0,18769.0,1521414776.0,1200.0,,,,0,0,0,False,skill_run,True,True,True,False,0.42,0,1,True,,,,,,,,,,,,,,,,,376.9105245406098,4.916065689709279e-06,3.4032766645822315e-06,2080175115994.0,False,False,train,7.3851247,1.9762373,0.6797153024911032,0.16372849,0.3096085409252669,0.11539258,38.96320456367159
SuggLe00,lee-suggs-1,00-0022180,Lee Suggs,RB,2003,4,115,CLE,virginia tech,72.0,202.0,4.44,,,,,,,,,,,,,,,,,8.0,8.0,29.0,0,0,0,False,skill_run,False,True,False,True,31.91,0,0,True,103.95598185725784,,,27.393132716049383,0.601181341934206,-1.0145288997918576,-0.8600038719438565,,,,,,0.1642713247540548,,,-1.7748015864099569,,,,,True,True,train,7.858185,-3.7670813,0.13701067615658363,0.1669929,0.3309608540925267,0.12278414,17.89518497499813
MaroLa00,laurence-maroney-1,00-0024236,Laurence Maroney,RB,2006,1,21,NWE,minnesota,72.0,217.0,4.48,,,,,,,,,,,,,,,,,26.0,25.0,49.0,0,0,0,False,skill_run,False,True,False,True,85.32,1,0,True,107.74017422956902,,,29.427276234567906,0.601181341934206,-0.1652066429359762,-0.5643896961513046,,,,,,0.5510374986157706,,,-0.6935858365518343,,,,,True,True,train,43.704506,0.0,0.5,0.54617435,0.9483985765124555,0.6828829,63.54911628036737
McGaWi00,willis-mcgahee-1,00-0022178,Willis McGahee,RB,2003,1,23,BUF,miami,72.0,223.0,4.45,,,,,,,,,,,,,,,,,56.0,26.0,142.0,2,0,7,False,skill_run,False,True,False,True,83.91,1,0,True,113.73517882474104,,,30.24093364197531,0.601181341934206,0.1745222598063762,-0.7861003279957203,,,,,,1.1637613671282891,,,-0.261099536608585,,,,,True,True,train,44.959534,1.2550278,0.6192170818505338,0.56167847,0.9555160142348754,0.7024927,69.1624281149742
WellJo00,jonathan-wells-1,00-0021223,Jonathan Wells,RB,2002,4,99,HOU,ohio st.,73.0,243.0,4.52,,,,,,,,,,,,,,,,,11.0,11.0,60.0,0,0,1,False,skill_run,False,True,False,True,39.18,0,0,True,116.43472720788168,,,32.05648339275661,1.1501474029961911,1.306951935614218,-0.2687755203587593,,,,,,1.4396707016910588,,,0.7039262677778226,,,,,True,True,train,15.998498,4.373232,0.8149466192170819,0.23146185,0.6619217081850534,0.24997655,55.46506719763169
BushRe00,reggie-bush-1,00-0024217,Reggie Bush,RB,2006,1,2,NOR,southern california,71.0,201.0,4.37,,,,,,,,,,,,,,,,,61.0,34.0,134.0,0,0,8,False,skill_run,False,True,False,True,99.24,1,0,True,110.23012634590708,,,28.03074786748661,0.0522152808722206,-1.0711503835822498,-1.3773286795808242,,,,,,0.8055248920636842,,,-1.4358876711400073,,,,,True,True,train,56.278114,12.573608,0.9661921708185054,0.6929412,0.9911032028469751,0.87934554,89.91548509254152
DaveNa00,najeh-davenport-1,00-0021252,Najeh Davenport,RB,2002,4,135,GNB,miami,73.0,248.0,4.57,,,,,,,,,,,,,,,,,18.0,9.0,73.0,0,0,0,False,skill_run,False,True,False,True,23.87,0,0,True,113.71476971737268,,,32.716081816475885,1.1501474029961911,1.5900593545661783,0.1007421993819355,,,,,,1.161675439249319,,,1.054525032227971,,,,,True,True,train,9.616116,-2.0091505,0.25444839857651247,0.1795802,0.4483985765124555,0.1502518,25.742547784491155
WileMi00,michael-wiley-1,00-0019614,Michael Wiley,RB,2000,5,144,DAL,ohio st.,71.0,193.0,4.5,,,,,,,,,,,,,,,,,4.0,4.0,42.0,0,0,0,False,skill_run,False,True,False,True,20.63,0,1,True,94.1319920743789,,,26.915096211069237,0.0522152808722206,-1.5241222539053865,-0.416582608255032,,,,,,-0.8397968003714317,,,-2.0288940796319204,,,,,True,True,train,7.718552,-0.48470068,0.40391459074733094,0.16602398,0.3274021352313167,0.120602384,28.43715389600534
McCoLe01,lesean-mccoy-1,00-0027029,LeSean McCoy,RB,2009,2,53,PHI,pittsburgh,70.0,198.0,4.5,,,,,,,,,,,,,,,,,83.0,50.0,170.0,6,2,10,False,skill_run,False,True,False,True,64.24,0,0,True,96.57064471879286,,,28.40693877551021,-0.4967507801897647,-1.241014834953426,-0.416582608255032,,,,,,-0.5905525073066763,,,-1.235929540848014,,,,,True,True,train,40.964622,12.842096,0.9697508896797153,0.51205546,0.9323843416370107,0.6400722,80.48027608318262
BrooZa00,zac-brooks-1,00-0032808,Zac Brooks,RB,2016,7,247,SEA,clemson,,,,,,,,,,,,,,264841.0,119246234.0,23.0,369.0,983113.0,12.0,,,,0,0,0,False,skill_run,True,True,True,False,0.37,0,1,True,,,,,,,,,,,,,,,,,450.25594224459206,8.684455956592823e-05,0.0013932888034707,120229347.0,False,False,train,4.037887,-1.3710003,0.30604982206405695,0.14208183,0.04448398576512456,0.063091986,17.23514887262335
HousCe00,cedric-houston-1,00-0023615,Cedric Houston,RB,2005,6,182,NYJ,tennessee,71.0,225.0,4.61,,,,,,,,,,,,,,,,,5.0,5.0,20.0,0,0,0,False,skill_run,False,True,False,True,9.56,0,1,True,99.6342858421622,,,31.37770283673874,0.0522152808722206,0.2877652273871604,0.3963563751744874,,,,,,-0.2774308055557458,,,0.3431315543357325,,,,,True,True,train,5.7908673,-0.76907825,0.36298932384341637,0.15310448,0.2117437722419929,0.0904823,23.626184120403067
JoneTa00,,00-0028063,Taiwan Jones,RB,2011,4,125,OAK,eastern washington,72.0,194.0,4.33,,,13.0,,,,,,,,,,,,,,3.0,3.0,139.0,0,0,0,False,skill_run,False,True,False,True,27.74,0,0,True,110.37739501223142,,,26.308256172839503,0.601181341934206,-1.4675007701149942,-1.672942855373376,,,-1.4981689344383702,,,0.8205765947785739,,,-2.351449986334288,,,,,True,True,train,6.8149486,-4.8103175,0.10142348754448399,0.15986237,0.28825622775800713,0.106483564,15.148982942051312
PortCl00,clinton-portis-1,00-0021179,Clinton Portis,RB,2002,2,51,DEN,miami,71.0,204.0,4.42,,,,,,,,,,,,,,,,,72.0,30.0,113.0,2,0,7,False,skill_run,False,True,False,True,65.47,0,0,True,106.89837064291952,,,28.44911723864313,0.0522152808722206,-0.9012859322110734,-1.007810959840136,,,,,,0.4650003418544589,,,-1.2135102679555403,,,,,True,True,train,39.090595,10.968069,0.9483985765124555,0.48863444,0.9252669039145908,0.61079055,78.42978104842939
DuckT.00,tj-duckett-1,00-0021376,T.J. Duckett,RB,2002,1,18,ATL,michigan st.,72.0,254.0,4.45,,,,,,,,,,,,,,,,,22.0,18.0,93.0,0,0,1,False,skill_run,False,True,False,True,87.44,1,0,True,129.54589875105032,,,34.44483024691358,0.601181341934206,1.929788257308531,-0.7861003279957203,,,,,,2.779707664320116,,,1.9734130130982008,,,,,True,True,train,38.101704,-5.6028023,0.0711743772241993,0.47628906,0.9217081850533808,0.5953391,42.71370245256458
FasoCi00,ciatrick-fason-1,00-0023547,Ciatrick Fason,RB,2005,4,112,MIN,florida,73.0,207.0,4.58,,,,,,,,,,,,,,,,,1.0,1.0,18.0,0,0,0,False,skill_run,False,True,False,True,33.22,0,0,True,94.08890821329408,,,27.307374741977856,1.1501474029961911,-0.7314214808398971,0.1746457433300718,,,,,,-0.8442002181862571,,,-1.820384836263236,,,,,True,True,train,9.972437,-1.6528292,0.28113879003558717,0.18222007,0.47153024911032027,0.15581933,27.436944733761592
WillEd00,eddie-williams-1,00-0026947,Eddie Williams,RB,2009,7,221,WAS,idaho,73.0,239.0,4.79,,,23.0,,,,,,,,,,,,,,0.0,,6.0,0,0,0,False,skill_run,False,True,False,True,2.57,0,1,True,90.7999988360352,,,31.5288046537812,1.1501474029961911,1.0804660004526496,1.7266201662409677,,,0.5149955712131901,,,-1.180345628057014,,,0.4234472562177067,,,,,True,True,train,4.28678,-1.1221075,0.33807829181494664,0.14360553,0.05871886120996441,0.066980936,18.909238382338735
GoreFr00,frank-gore-1,00-0023500,Frank Gore,RB,2005,3,65,SFO,miami,69.0,217.0,4.58,,,,,,,,,,,,,,,,,94.0,75.0,241.0,5,0,14,False,skill_run,False,True,False,True,57.11,0,0,True,98.63426609799428,,,32.041797941608905,-1.04571684125175,-0.1652066429359762,0.1746457433300718,,,,,,-0.3796385614478649,,,0.69612045617696,,,,,True,True,train,34.36268,14.210396,0.9786476868327402,0.42999637,0.900355871886121,0.53691685,76.49128922735244
JackSt00,steven-jackson-3,00-0022736,Steven Jackson,RB,2004,1,24,STL,oregon st.,73.0,241.0,4.55,,,,,,,,,,,,,,,,,75.0,68.0,160.0,3,0,10,False,skill_run,False,True,False,True,83.21,1,0,True,112.46087329163775,,,31.792644023268902,1.1501474029961911,1.1937089680334338,-0.0470648885143437,,,,,,1.0335200297757303,,,0.5636867619977656,,,,,True,True,train,43.163723,-0.5407829,0.40213523131672596,0.5394643,0.9430604982206405,0.6744332,59.224569295330824
BensCe00,cedric-benson-1,00-0023439,Cedric Benson,RB,2005,1,4,CHI,texas,70.0,222.0,4.62,,,,,,,,,,,,,,,,,36.0,10.0,96.0,0,0,6,False,skill_run,False,True,False,True,97.72,1,0,True,97.45745541405438,,,31.85020408163265,-0.4967507801897647,0.1179007760159841,0.4702599191226237,,,,,,-0.4999153657978094,,,0.5942818705036607,,,,,True,True,train,50.87339,7.1688843,0.895017793594306,0.63266563,0.9786476868327402,0.7948967,83.92491319637706
DaynRo00,ron-dayne-1,00-0019643,Ron Dayne,RB,2000,1,11,NYG,wisconsin,71.0,259.0,4.65,,,,,,,,,,,,,,,,,23.0,10.0,96.0,0,0,1,False,skill_run,False,True,False,True,92.51,1,0,True,110.79443526928024,,,36.1192223765126,0.0522152808722206,2.212895676260492,0.6919705509670393,,,,,,0.863200501994625,,,2.8634087904263645,,,,,True,True,train,37.16395,-6.540554,0.06227758007117438,0.46460867,0.9163701067615658,0.58068675,41.72441353524283
JoneTh00,thomas-jones-1,00-0019641,Thomas Jones,RB,2000,1,7,ARI,virginia,70.0,216.0,4.45,,,,,,,,,,,,,,,,,62.0,7.0,180.0,1,0,9,False,skill_run,False,True,False,True,95.47,1,0,True,110.16501626073573,,,30.98938775510204,-0.4967507801897647,-0.2218281267263683,-0.7861003279957203,,,,,,0.7988702677623934,,,0.136729017665741,,,,,True,True,train,54.189095,10.484589,0.9448398576512456,0.67028064,0.9875444839857651,0.8467046,87.8841899298264
AlexDa21,dan-alexander-1,00-0020487,Dan Alexander,RB,2001,6,192,TEN,nebraska,,,,,,,,,,,,,,,,,,,,0.0,0.0,11.0,0,0,0,False,skill_run,False,True,True,True,7.34,0,1,True,,,,,,,,,,,,,,,,,,,,,True,True,train,5.3355985,-1.2243471,0.3238434163701068,0.15017617,0.12633451957295375,0.083368726,20.15132491751922
BrowDe02,dee-brown-2,00-0020376,Dee Brown,RB,2001,6,175,CAR,syracuse,,,,,,,,,,,,,,,,,,,,2.0,2.0,43.0,0,0,0,False,skill_run,False,True,True,True,11.28,0,1,True,,,,,,,,,,,,,,,,,,,,,True,True,train,5.8227053,-0.7372403,0.3709964412811388,0.15331101,0.2215302491103203,0.09097977,24.15627846249058
ForsBr00,brock-forsey-1,00-0021938,Brock Forsey,RB,2003,6,206,CHI,boise st.,,,,,,,,,,,,,,,,,,,,2.0,2.0,16.0,0,0,0,False,skill_run,False,True,True,True,4.73,0,1,True,,,,,,,,,,,,,,,,,,,,,True,True,train,5.3355985,-1.2243471,0.3238434163701068,0.15017617,0.12633451957295375,0.083368726,20.15132491751922
DImpRy00,ryan-dimperio-1,00-0027612,Ryan D'Imperio,RB,2010,7,237,MIN,rutgers,,,,,,,,,,,,,,,,,,,,0.0,0.0,12.0,0,0,0,False,skill_run,False,True,True,True,0.98,0,1,True,,,,,,,,,,,,,,,,,,,,,True,True,train,5.379645,-0.029242516,0.4697508896797153,0.15045746,0.152135231316726,0.08405695,26.523028593311533
PerrBr01,bruce-perry-1,00-0022733,Bruce Perry,RB,2004,7,242,PHI,maryland,,,,,,,,,,,,,,,,,,,,0.0,0.0,5.0,0,0,0,False,skill_run,False,True,True,True,0.64,0,1,True,,,,,,,,,,,,,,,,,,,,,True,True,train,5.379645,-0.029242516,0.4697508896797153,0.15045746,0.152135231316726,0.08405695,26.523028593311533
PassPa00,patrick-pass-1,00-0019533,Patrick Pass,RB,2000,7,239,NWE,georgia,,,,,,,,,,,,,,,,,,,,10.0,10.0,79.0,0,0,0,False,skill_run,False,True,True,True,0.84,0,1,True,,,,,,,,,,,,,,,,,,,,,True,True,train,5.379645,-0.029242516,0.4697508896797153,0.15045746,0.152135231316726,0.08405695,26.523028593311533
StepLa00,larod-stephens-howling-1,00-0026956,LaRod Stephens-Howling,RB,2009,7,240,ARI,pittsburgh,,,,,,,,,,,,,,,,,,,,9.0,9.0,58.0,0,0,0,False,skill_run,False,True,True,True,0.77,0,1,True,,,,,,,,,,,,,,,,,,,,,True,True,train,5.379645,-0.029242516,0.4697508896797153,0.15045746,0.152135231316726,0.08405695,26.523028593311533
BrowAa00,aaron-brown-2,00-0027129,Aaron Brown,RB,2009,6,192,DET,texas christian,,,,,,,,,,,,,,,,,,,,2.0,2.0,22.0,0,0,0,False,skill_run,False,True,True,True,7.34,0,1,True,,,,,,,,,,,,,,,,,,,,,True,True,train,5.3355985,-1.2243471,0.3238434163701068,0.15017617,0.12633451957295375,0.083368726,20.15132491751922
SummFr00,frank-summers-1,00-0026926,Frank Summers,RB,2009,5,169,PIT,nevada-las vegas,,,,,,,,,,,,,,,,,,,,1.0,0.0,27.0,0,0,1,False,skill_run,False,True,True,True,12.87,0,1,True,,,,,,,,,,,,,,,,,,,,,True,True,train,5.8673162,-2.3359365,0.23754448398576514,0.15360078,0.23220640569395018,0.09167682,19.05145951782045
NashDa00,damien-nash-1,00-0023576,Damien Nash,RB,2005,5,142,TEN,missouri,,,,,,,,,,,,,,,,,,,,1.0,0.0,6.0,0,0,0,False,skill_run,False,True,True,True,21.33,0,1,True,,,,,,,,,,,,,,,,,,,,,True,True,train,7.54287,-0.66038275,0.3887900355871886,0.1648113,0.31583629893238435,0.11785735,27.521700367888315
PatrAl00,allen-patrick-1,00-0026380,Allen Patrick,RB,2008,7,240,BAL,oklahoma,73.0,198.0,4.55,,,,,,,,,,,,,,,,,,,,0,0,0,False,skill_run,True,True,False,True,0.77,0,1,True,92.3952402976941,,,26.12009757928317,1.1501474029961911,-1.241014834953426,-0.0470648885143437,,,,,,-1.017302797299824,,,-2.4514626122735006,,,,,True,True,train,7.0465326,1.6376452,0.6459074733096085,0.16142364,0.29537366548042704,0.11010207,37.17428660742753
AndeMi00,mike-anderson-7,00-0019594,Mike Anderson,RB,2000,6,189,DEN,utah,,,,,,,,,,,,,,,,,,,,37.0,35.0,98.0,0,0,3,False,skill_run,False,True,True,True,7.98,0,1,True,,,,,,,,,,,,,,,,,,,,,True,True,train,5.8227053,-0.7372403,0.3709964412811388,0.15331101,0.2215302491103203,0.09097977,24.15627846249058
RunnJ.00,jd-runnels-1,00-0024409,J.D. Runnels,RB,2006,6,195,CHI,oklahoma,,,,,,,,,,,,,,,,,,,,0.0,0.0,2.0,0,0,0,False,skill_run,False,True,True,True,6.74,0,1,True,,,,,,,,,,,,,,,,,,,,,True,True,train,5.3355985,-1.2243471,0.3238434163701068,0.15017617,0.12633451957295375,0.083368726,20.15132491751922
ONeaOr00,oren-oneal-1,00-0025562,Oren O'Neal,RB,2007,6,175,OAK,arkansas st.,,,,,,,,,,,,,,,,,,,,0.0,0.0,18.0,0,0,0,False,skill_run,False,True,True,True,11.28,0,1,True,,,,,,,,,,,,,,,,,,,,,True,True,train,5.8227053,-0.7372403,0.3709964412811388,0.15331101,0.2215302491103203,0.09097977,24.15627846249058
MauiRe00,reagan-mauia-1,00-0025568,Reagan Maui'a,RB,2007,6,181,MIA,hawaii,,,,,,,,,,,,,,,,,,,,0.0,0.0,39.0,0,0,1,False,skill_run,False,True,True,True,9.8,0,1,True,,,,,,,,,,,,,,,,,,,,,True,True,train,5.8227053,-0.7372403,0.3709964412811388,0.15331101,0.2215302491103203,0.09097977,24.15627846249058
HamiJu20,justin-hamilton-1,00-0024436,Justin Hamilton,RB,2006,7,222,CLE,virginia tech,,,,,,,,,,,,,,,,,,,,1.0,1.0,12.0,0,0,0,False,skill_run,False,True,True,True,2.45,0,1,True,,,,,,,,,,,,,,,,,,,,,True,True,train,5.379645,-0.029242516,0.4697508896797153,0.15045746,0.152135231316726,0.08405695,26.523028593311533
CannTr00,,00-0034164,Trenton Cannon,RB,2018,6,204,NYJ,virginia st.,,,,,,,,,,,,,,,,,,,,2.0,2.0,48.0,0,0,0,False,skill_run,False,True,True,True,5.07,0,1,True,,,,,,,,,,,,,,,,,,,,,True,True,train,5.3355985,-1.2243471,0.3238434163701068,0.15017617,0.12633451957295375,0.083368726,20.15132491751922
ArmaAl00,,00-0033296,Alex Armah,RB,2017,6,192,CAR,west georgia,,,,,,,,,,,,,,,,,,,,0.0,0.0,78.0,0,0,0,False,skill_run,False,True,True,True,7.34,0,1,True,,,,,,,,,,,,,,,,,,,,,True,True,train,5.3355985,-1.2243471,0.3238434163701068,0.15017617,0.12633451957295375,0.083368726,20.15132491751922
HighTi00,,00-0026289,Tim Hightower,RB,2008,5,149,ARI,richmond,,,,,,,,,,,,,,,,,,,,26.0,18.0,77.0,0,0,2,False,skill_run,False,True,True,True,18.93,0,1,True,,,,,,,,,,,,,,,,,,,,,True,True,train,7.54287,-0.66038275,0.3887900355871886,0.1648113,0.31583629893238435,0.11785735,27.521700367888315
JuszKy00,,00-0029892,Kyle Juszczyk,RB,2013,4,130,BAL,harvard,,,,,,,,,,,,,,,,,,,,21.0,5.0,206.0,10,2,11,False,skill_run,False,True,True,True,25.77,0,0,True,,,,,,,,,,,,,,,,,,,,,True,True,train,9.346113,-2.2791529,0.2411032028469751,0.17759982,0.43683274021352314,0.14603302,24.853439793998238
RichDa00,,00-0029612,Daryl Richardson,RB,2012,7,252,STL,abilene christian,,,,,,,,,,,,,,,,,,,,7.0,7.0,27.0,0,0,0,False,skill_run,False,True,True,True,0.18,0,1,True,,,,,,,,,,,,,,,,,,,,,True,True,train,5.4824853,0.07359791,0.5142348754448398,0.15111588,0.18327402135231316,0.08566383,28.970469687651057
MassCh00,,00-0021345,Chris Massey,RB,2002,7,243,STL,marshall,,,,,,,,,,,,,,,,,,,,13.0,13.0,141.0,0,0,0,False,skill_run,False,True,True,True,0.58,0,1,True,,,,,,,,,,,,,,,,,,,,,True,True,train,5.4088874,0.0,0.5,0.1506444,0.17704626334519574,0.084513865,28.244090671402493
MireBr00,brandon-miree-1,00-0022773,Brandon Miree,RB,2004,7,247,DEN,pittsburgh,,,,,,,,,,,,,,,,,,,,0.0,,10.0,0,0,0,False,skill_run,False,True,True,True,0.37,0,1,True,,,,,,,,,,,,,,,,,,,,,True,True,train,5.4088874,0.0,0.5,0.1506444,0.17704626334519574,0.084513865,28.244090671402493
WardDe01,derrick-ward-1,00-0022770,Derrick Ward,RB,2004,7,235,NYJ,ottawa (ks),,,,,,,,,,,,,,,,,,,,25.0,,93.0,0,0,0,False,skill_run,False,True,True,True,1.14,0,1,True,,,,,,,,,,,,,,,,,,,,,True,True,train,5.379645,-0.029242516,0.4697508896797153,0.15045746,0.152135231316726,0.08405695,26.523028593311533
KariDe00,,00-0027779,Deji Karim,RB,2010,6,180,JAX,southern illinois,,,,,,,,,,,,,,,,,,,,4.0,3.0,33.0,0,0,0,False,skill_run,False,True,True,True,10.04,0,1,True,,,,,,,,,,,,,,,,,,,,,True,True,train,5.8227053,-0.7372403,0.3709964412811388,0.15331101,0.2215302491103203,0.09097977,24.15627846249058
CramCa00,,00-0022886,Casey Cramer,RB,2004,7,228,TAM,dartmouth,,,,,,,,,,,,,,,,,,,,0.0,,36.0,0,0,0,False,skill_run,False,True,True,True,1.78,0,1,True,,,,,,,,,,,,,,,,,,,,,True,True,train,5.379645,-0.029242516,0.4697508896797153,0.15045746,0.152135231316726,0.08405695,26.523028593311533
VakaFu00,fui-vakapuna-1,00-0027143,Fui Vakapuna,RB,2009,7,215,CIN,byu,,,,,,,,,,,,,,,,,,,,,,,0,0,0,False,skill_run,True,True,True,True,3.36,0,1,True,,,,,,,,,,,,,,,,,,,,,True,True,train,5.379645,-0.029242516,0.4697508896797153,0.15045746,0.152135231316726,0.08405695,26.523028593311533
BannSh00,,00-0028161,Shane Bannon,RB,2011,7,223,KAN,yale,,,,,,,,,,,,,,,,,,,,,,,0,0,0,False,skill_run,True,True,True,True,2.33,0,1,True,,,,,,,,,,,,,,,,,,,,,True,True,train,5.379645,-0.029242516,0.4697508896797153,0.15045746,0.152135231316726,0.08405695,26.523028593311533
,jarrett-ferguson-1,,Jarrett Ferguson,RB,2002,7,251,BUF,virginia tech,,,,,,,,,,,,,,,,,,,,,,,0,0,0,False,skill_run,True,True,True,True,0.21,0,1,True,,,,,,,,,,,,,,,,,,,,,True,True,train,5.4824853,0.07359791,0.5142348754448398,0.15111588,0.18327402135231316,0.08566383,28.970469687651057
,dennis-morris-1,,Dennis Morris,RB,2010,6,174,WAS,louisiana tech,,,,,,,,,,,,,,,,,,,,,,,0,0,0,False,skill_run,True,True,True,True,11.54,0,1,True,,,,,,,,,,,,,,,,,,,,,True,True,train,5.8227053,-0.7372403,0.3709964412811388,0.15331101,0.2215302491103203,0.09097977,24.15627846249058
,cedric-humes-1,,Cedric Humes,RB,2006,7,240,PIT,virginia tech,,,,,,,,,,,,,,,,,,,,,,,0,0,0,False,skill_run,True,True,True,True,0.77,0,1,True,,,,,,,,,,,,,,,,,,,,,True,True,train,5.379645,-0.029242516,0.4697508896797153,0.15045746,0.152135231316726,0.08405695,26.523028593311533
,thomas-clayton-1,,Thomas Clayton,RB,2007,6,186,SFO,kansas st.,,,,,,,,,,,,,,,,,,,,,,,0,0,0,False,skill_run,True,True,True,True,8.64,0,1,True,,,,,,,,,,,,,,,,,,,,,True,True,train,5.8227053,-0.7372403,0.3709964412811388,0.15331101,0.2215302491103203,0.09097977,24.15627846249058
,antwoine-womack-1,,Antwoine Womack,RB,2002,7,237,NWE,virginia,,,,,,,,,,,,,,,,,,,,,,,0,0,0,False,skill_run,True,True,True,True,0.98,0,1,True,,,,,,,,,,,,,,,,,,,,,True,True,train,5.379645,-0.029242516,0.4697508896797153,0.15045746,0.152135231316726,0.08405695,26.523028593311533
,manuel-white-1,,Manuel White,RB,2005,4,120,WAS,ucla,,,,,,,,,,,,,,,,,,,,,,,0,0,0,False,skill_run,True,True,True,True,29.79,0,0,True,,,,,,,,,,,,,,,,,,,,,True,True,train,9.346113,-2.2791529,0.2411032028469751,0.17759982,0.43683274021352314,0.14603302,24.853439793998238
,nate-ilaoa-1,,Nate Ilaoa,RB,2007,7,236,PHI,hawaii,,,,,,,,,,,,,,,,,,,,,,,0,0,0,False,skill_run,True,True,True,True,1.06,0,1,True,,,,,,,,,,,,,,,,,,,,,True,True,train,5.379645,-0.029242516,0.4697508896797153,0.15045746,0.152135231316726,0.08405695,26.523028593311533
,chris-barnes-1,,Chris Barnes,RB,2001,5,161,BAL,new mexico st.,,,,,,,,,,,,,,,,,,,,,,,0,0,0,False,skill_run,True,True,True,True,15.16,0,1,True,,,,,,,,,,,,,,,,,,,,,True,True,train,5.8673162,-2.3359365,0.23754448398576514,0.15360078,0.23220640569395018,0.09167682,19.05145951782045
,luke-staley-1,,Luke Staley,RB,2002,7,214,DET,byu,,,,,,,,,,,,,,,,,,,,,,,0,0,0,False,skill_run,True,True,True,True,3.5,0,1,True,,,,,,,,,,,,,,,,,,,,,True,True,train,5.379645,-0.029242516,0.4697508896797153,0.15045746,0.152135231316726,0.08405695,26.523028593311533
,ahmaad-galloway-1,,Ahmaad Galloway,RB,2003,7,235,DEN,alabama,,,,,,,,,,,,,,,,,,,,,,,0,0,0,False,skill_run,True,True,True,True,1.14,0,1,True,,,,,,,,,,,,,,,,,,,,,True,True,train,5.379645,-0.029242516,0.4697508896797153,0.15045746,0.152135231316726,0.08405695,26.523028593311533
,brandon-drumm-1,,Brandon Drumm,RB,2003,7,236,DET,colorado,,,,,,,,,,,,,,,,,,,,,,,0,0,0,False,skill_run,True,True,True,True,1.06,0,1,True,,,,,,,,,,,,,,,,,,,,,True,True,train,5.379645,-0.029242516,0.4697508896797153,0.15045746,0.152135231316726,0.08405695,26.523028593311533
,anthony-davis-3,,Anthony Davis,RB,2005,7,243,IND,wisconsin,,,,,,,,,,,,,,,,,,,,,,,0,0,0,False,skill_run,True,True,True,True,0.58,0,1,True,,,,,,,,,,,,,,,,,,,,,True,True,train,5.4088874,0.0,0.5,0.1506444,0.17704626334519574,0.084513865,28.244090671402493
,rick-razzano-1,,Rick Razzano,RB,2005,7,221,TAM,mississippi,,,,,,,,,,,,,,,,,,,,,,,0,0,0,False,skill_run,True,True,True,True,2.57,0,1,True,,,,,,,,,,,,,,,,,,,,,True,True,train,5.379645,-0.029242516,0.4697508896797153,0.15045746,0.152135231316726,0.08405695,26.523028593311533
,charles-scott-1,,Charles Scott,RB,2010,6,200,PHI,louisiana state,,,,,,,,,,,,,,,,,,,,,,,0,0,0,False,skill_run,True,True,True,True,5.78,0,1,True,,,,,,,,,,,,,,,,,,,,,True,True,train,5.3355985,-1.2243471,0.3238434163701068,0.15017617,0.12633451957295375,0.083368726,20.15132491751922
,jt-wall-1,,J.T. Wall,RB,2003,7,242,PIT,georgia,,,,,,,,,,,,,,,,,,,,,,,0,0,0,False,skill_run,True,True,True,True,0.64,0,1,True,,,,,,,,,,,,,,,,,,,,,True,True,train,5.379645,-0.029242516,0.4697508896797153,0.15045746,0.152135231316726,0.08405695,26.523028593311533
,casey-moore-1,,Casey Moore,RB,2003,7,247,CAR,stanford,,,,,,,,,,,,,,,,,,,,,,,0,0,0,False,skill_run,True,True,True,True,0.37,0,1,True,,,,,,,,,,,,,,,,,,,,,True,True,train,5.4088874,0.0,0.5,0.1506444,0.17704626334519574,0.084513865,28.244090671402493
,thomas-hamner-1,,Thomas Hamner,RB,2000,6,171,PHI,minnesota,,,,,,,,,,,,,,,,,,,,,,,0,0,0,False,skill_run,True,True,True,True,12.33,0,1,True,,,,,,,,,,,,,,,,,,,,,True,True,train,5.8227053,-0.7372403,0.3709964412811388,0.15331101,0.2215302491103203,0.09097977,24.15627846249058
,kenny-irons-1,,Kenny Irons,RB,2007,2,49,CIN,auburn,,,,,,,,,,,,,,,,,,,,,,,0,0,0,False,skill_run,True,True,True,True,66.72,0,0,True,,,,,,,,,,,,,,,,,,,,,True,True,train,36.830753,8.708227,0.9270462633451957,0.46046713,0.9128113879003559,0.5754805,76.05703205029312
,,,Maurice Clarett,RB,2005,3,101,DEN,ohio st.,,,,,,,,,,,,,,,,,,,,,,,0,0,0,False,skill_run,True,True,True,True,38.23,0,0,True,,,,,,,,,,,,,,,,,,,,,True,True,train,17.886196,-2.2660866,0.24377224199288255,0.24867526,0.697508896797153,0.2794718,34.264009047657574
,,,Justise Hairston,RB,2007,6,208,NWE,central connecticut st.,,,,,,,,,,,,,,,,,,,,,,,0,0,0,False,skill_run,True,True,True,True,4.41,0,1,True,,,,,,,,,,,,,,,,,,,,,True,True,train,5.379645,-1.1803007,0.33274021352313166,0.15045746,0.152135231316726,0.08405695,21.042601547048186
PeriLa00,lamical-perine-1,00-0036269,La'Mical Perine,RB,2020,4,120,NYJ,florida,71.0,216.0,4.62,35.0,118.0,22.0,7.13,4.31,0.0,1.0,0.0,0.0,0.0,91136134132.0,421562826676.0,1876.0,9101340.0,16181170262.0,1115.0,3.0,2.0,17.0,0,0,0,False,skill_run,False,False,False,False,29.79,0,0,True,94.82347013259346,76.5,5.72,30.12259472326919,0.0522152808722206,-0.2218281267263683,0.4702599191226237,0.1559422732826228,-0.0803673943972969,0.313679120648034,0.1756479342781746,0.2672073440022848,-0.7691237751727593,0.0071962459606289,0.2324904216209186,-0.3240006552176703,4.625638674396872,2.0584590490560356e-08,9.9865328792834e-05,437743996938.0,False,False,holdout,14.506755,2.8814888,0.7526690391459074,0.2184602,0.6174377224199288,0.22666804,51.35808103157744
PerrMa00,malcolm-perry-1,00-0036245,Malcolm Perry,RB,2020,7,246,MIA,navy,69.0,186.0,4.63,36.0,122.0,10.0,7.12,4.31,1948.0,22486.0,52221084.0,127.0,113.0,9138172295.0,73118210872017.0,111721.0,139.0,303167.0,21.0,1.0,1.0,9.0,0,0,0,False,skill_run,False,False,False,False,0.42,0,1,True,80.95039566392657,79.0,5.715,27.464398235664778,-1.04571684125175,-1.920472640438131,0.5441634630707601,0.4649300593534527,0.5772795192328759,-2.1021182861338383,0.1355244355656124,0.2672073440022848,-2.187031588529479,0.5980459143070548,0.2058385002068518,-1.7369215639196525,8001.404275560007,1.222574891273704e-05,1.5210919154594472e-08,73118211175184.0,False,False,holdout,5.3781176,-0.030769825,0.45373665480427045,0.15044767,0.13523131672597866,0.08403309,25.543707560257346
SermTr00,trey-sermon-1,00-0036984,Trey Sermon,RB,2021,3,88,SFO,ohio st.,72.0,215.0,4.57,37.0,125.0,,6.83,4.28,1.0,1.0,42.0,0.0,0.0,12116454116.0,744947385870.0,51344.0,1612812.0,1391777195.0,2010.0,4.0,1.0,46.0,0,0,0,False,skill_run,False,True,False,False,44.61,0,0,True,98.58336890820615,81.0,5.555,29.156057098765437,0.601181341934206,-0.2784496105167604,0.1007421993819355,0.7739178454242827,1.0705147044555057,,-1.0280570270987135,0.0819751143841816,-0.3848405462884627,1.0707256489841954,-0.6470229850433056,-0.8377479365329168,61.48229331271789,4.237543385915134e-06,0.0001331092400927,746339163065.0,False,False,holdout,19.001448,-1.150835,0.33629893238434166,0.25923902,0.7224199288256228,0.29689762,39.02308885392557
HerbKh00,khalil-herbert-1,00-0036906,Khalil Herbert,RB,2021,6,217,CHI,virginia tech,68.0,210.0,4.46,33.0,115.0,22.0,6.96,4.31,0.0,1.0,0.0,0.0,0.0,4412011343155.0,1896634993841183.2,34528.0,589110.0,,1.0,13.0,12.0,63.0,0,0,1,False,skill_run,False,False,False,False,3.08,0,1,True,106.14752089446318,74.0,5.635,31.92690311418685,-1.5946829023137354,-0.5615570294687209,-0.7121967840475839,-0.4620332988590369,-0.5736025796199266,0.313679120648034,-0.5064515438353956,0.2672073440022848,0.3882591892427793,-0.5836534223857969,-0.2205922424182268,0.6350499880143042,429.879899738633,7.825909163531131e-09,1.335241354068531e-07,1896634993841183.2,False,True,holdout,9.643187,3.083241,0.7633451957295374,0.1797797,0.45195729537366547,0.15067479,46.182043595484785
FunkJa00,jake-funk-1,00-0036860,Jake Funk,RB,2021,7,233,LAR,maryland,70.0,204.0,4.49,38.0,122.0,22.0,6.71,4.12,1.0,1.0,3.0,0.0,0.0,292721760.0,,14023.0,711410.0,42441668.0,11001.0,0.0,0.0,20.0,0,0,0,False,skill_run,False,False,False,False,1.31,0,1,True,100.38638127398184,80.0,5.415,29.267755102040816,-0.4967507801897647,-0.9012859322110734,-0.4904861522031683,1.0829056314951124,0.5772795192328759,0.313679120648034,-1.5095390116494698,-0.905930110245724,-0.2005623369567014,0.834385781645625,-1.3932767846371907,-0.7783766880100963,,4.790556055689198e-05,0.0024303283773642,42441668.0,True,False,holdout,13.595685,8.186798,0.9217081850533808,0.2107824,0.6014234875444839,0.21243258,57.36109666791464
DallDe00,deejay-dallas-1,00-0036425,DeeJay Dallas,RB,2020,4,144,SEA,miami,70.0,217.0,4.58,33.5,119.0,,7.18,4.32,0.0,11.0,0.0,0.0,0.0,41109114.0,217617693.0,368.0,41014.0,9285140.0,2.0,7.0,6.0,84.0,0,0,0,False,skill_run,False,True,False,False,20.63,0,0,True,98.63426609799428,76.25,5.75,31.132857142857144,-0.4967507801897647,-0.1652066429359762,0.1746457433300718,-0.307539405823622,0.0840443340102462,,0.3762654278409887,0.328951420541658,-0.3796385614478649,-0.0518887208740136,0.3924019501053243,0.2129878264720619,5.293660500686053,8.951786214609248e-06,0.0009976863038206,226902833.0,False,False,holdout,12.867849,1.2425833,0.6156583629893239,0.2047922,0.5765124555160143,0.20106015,44.27363095466989
AkerCa00,cam-akers-1,00-0036414,Cam Akers,RB,2020,2,52,LAR,florida st.,70.0,217.0,4.47,35.5,122.0,20.0,,4.42,104.0,116.0,47050.0,0.0,0.0,194161231.0,10247061144.0,7614.0,162330.0,116145225.0,124.0,13.0,10.0,59.0,0,0,1,False,skill_run,False,True,False,False,64.86,0,0,True,108.7075322425963,78.75,,31.132857142857144,-0.4967507801897647,-0.1652066429359762,-0.6382932400994475,0.3104361663180378,0.5772795192328759,-0.088953780482278,,0.9463921859353462,0.6499070381747559,0.5389609474724122,,0.2129878264720619,52.776041289107816,3.921483171890273e-05,0.0008360577400747,10363206369.0,False,False,holdout,29.180525,1.0579987,0.599644128113879,0.36796108,0.8505338078291815,0.45594567,57.47457671791209
EdwaCl00,clyde-edwards-helaire-1,00-0036360,Clyde Edwards-Helaire,RB,2020,1,32,KAN,louisiana state,67.0,207.0,4.6,39.5,123.0,15.0,,,1.0,1.0,11.0,1.0,0.0,9133215.0,316031414.0,716.0,31055.0,4697453.0,1.0,18.0,18.0,52.0,0,0,1,False,skill_run,False,True,False,False,77.74,1,0,True,92.46322018574836,81.25,,32.4172421474716,-2.1436489633757208,-0.7314214808398971,0.3224528312263445,1.5463873106013573,0.741691247640419,-1.0955360333080582,,,-1.0103548626771877,1.129810615818838,,0.8956816891362567,34.60242795116506,7.839517628786797e-05,0.0034002265357817,320728867.0,False,False,holdout,34.086666,-9.61784,0.03202846975088968,0.42661715,0.896797153024911,0.53260416,38.40150806880507
EvanDa02,darrynton-evans-1,00-0036297,Darrynton Evans,RB,2020,3,93,TEN,appalachian st.,70.0,203.0,4.41,37.0,125.0,20.0,,,1.0,1.0,14.0,0.0,0.0,48179255.0,21711871479.0,718.0,61221.0,3487198.0,15.0,3.0,1.0,24.0,0,0,0,False,skill_run,False,True,False,False,42.1,0,0,True,107.3424925717371,81.0,,29.124285714285715,-0.4967507801897647,-0.9579074160014656,-1.081714503788272,0.7739178454242827,1.0705147044555057,-0.088953780482278,,,0.5103921513178745,1.0707256489841954,,-0.8546354968164153,450.6477212858522,1.490267958688859e-05,0.0012706921267254,21715358677.0,False,False,holdout,20.264614,0.11233139,0.5213523131672598,0.27155066,0.7455516014234875,0.3166346,47.52882949583683
EtieTr00,travis-etienne-1,00-0036973,Travis Etienne,RB,2021,1,25,JAX,clemson,70.0,215.0,4.45,33.5,128.0,18.0,,,1.0,1.0,23.0,0.0,0.0,107204207168.0,76616581614914.0,13241914.0,5123748.0,5778432588.0,242.0,33.0,33.0,66.0,0,0,3,False,skill_run,False,True,False,False,82.52,1,0,True,109.65499303730635,80.75,,30.84591836734694,-0.4967507801897647,-0.2784496105167604,-0.7861003279957203,-0.307539405823622,1.5637498896781352,-0.4915866816125901,,,0.7467429678529786,1.0116406821495527,,0.060470208859422,714.6788697839811,0.0001235204694835,4.779428098349313e-05,76622360047502.0,False,False,holdout,43.343807,-0.3606987,0.41637010676156583,0.5417005,0.9466192170818505,0.677247,59.966138015862455
PachIs00,isaih-pacheco-1,00-0037197,Isiah Pacheco,RB,2022,7,251,KAN,rutgers,70.0,216.0,4.37,33.0,118.0,,,,201.0,311.0,5801.0,0.0,100.0,111170115167.0,551735518647.0,3735.0,2131913.0,118311925.0,10.0,21.0,21.0,51.0,0,0,2,False,skill_run,False,True,False,False,0.21,0,1,True,118.4562551776912,75.5,,30.98938775510204,-0.4967507801897647,-0.2218281267263683,-1.3773286795808242,-0.4620332988590369,-0.0803673943972969,,,,1.6462824595811965,-0.2291436213779413,,0.136729017665741,4.962984142079746,3.3597158682342595e-08,1.917703329530095e-05,551853830572.0,False,False,holdout,7.062189,1.6533017,0.6494661921708185,0.16152963,0.298932384341637,0.1103467,37.39482203929344
SwifDA00,dandre-swift-1,00-0036275,D'Andre Swift,RB,2020,2,35,DET,georgia,68.0,212.0,4.48,35.5,121.0,,,,0.0,1.0,0.0,0.0,0.0,81163196.0,61810491218.0,3107.0,173224.0,153297216.0,131.0,44.0,17.0,89.0,1,0,2,False,skill_run,False,True,False,False,75.73,0,0,True,105.25768173580016,78.25,,32.23096885813149,-1.5946829023137354,-0.4483140618879367,-0.5643896961513046,0.3104361663180378,0.4128677908253326,,,,0.2973125213971815,0.420791013803127,,0.7966711658477695,761.5581231916989,3.828089766203884e-05,0.0021342678521432,61963788434.0,False,False,holdout,31.643219,3.5206928,0.7953736654804271,0.397034,0.8807829181494662,0.4944253,67.25979070646484
AlleBr05,braelon-allen-1,00-0039794,Braelon Allen,RB,2024,4,134,NYJ,wisconsin,73.0,235.0,,32.0,117.0,26.0,,,2.0,3.0,33.0,1.0,0.0,186229181.0,12681237984.0,121112.0,81328.0,39104131.0,0.0,4.0,4.0,21.0,0,0,0,False,skill_run,False,True,False,False,24.24,0,0,True,,74.5,,31.00112591480578,1.1501474029961911,0.8539800652910813,,-0.7710210849298669,-0.2447791228048401,1.118944922908658,,,,-0.4654834887165117,,0.1429682446575888,68.09479543380476,0.0006503384665585,0.0004367092179823,12720342115.0,False,False,holdout,13.685276,2.06001,0.6886120996441281,0.21152855,0.603202846975089,0.21383242,48.11576062727229
BrowCh10,chase-brown-3,00-0038597,Chase Brown,RB,2023,5,163,CIN,illinois,70.0,209.0,4.43,40.0,127.0,,,,0.0,1.0,0.0,0.0,0.0,711103170328.0,352253910051643.0,3510.0,1071427.0,7564142240.0,3.0,22.0,22.0,45.0,0,0,0,False,skill_run,False,True,False,False,14.57,0,1,True,108.53289234423694,83.5,,29.98510204081633,-0.4967507801897647,-0.618178513259113,-0.9339074158919994,1.7008812036367722,1.399338161270592,,,,0.632057838491814,1.6615753173306211,,-0.3970826439784976,495.3625925885889,4.935992618878347e-09,1.5067110437797638e-06,352261474193883.0,False,False,holdout,10.234249,2.0309963,0.6868327402135231,0.18417889,0.48398576512455516,0.15991014,44.0348058334449
JohnRo07,roschon-johnson-1,00-0039021,Roschon Johnson,RB,2023,4,115,CHI,texas,72.0,219.0,4.58,31.5,122.0,,,,1.0,11.0,2.0,0.0,0.0,123809693.0,649417569554.0,7655.0,2381114.0,1585183128.0,1101.0,6.0,6.0,36.0,0,0,0,False,skill_run,False,True,False,False,31.91,0,0,True,99.54333767493432,76.75,,29.69849537037037,0.601181341934206,-0.051963675355192,0.1746457433300718,-0.9255149779652818,0.5772795192328759,,,,-0.2867262301001867,0.0662812127952715,,-0.5494237365707518,5245.288586201405,6.182876166246531e-05,0.0192320483340508,651002752682.0,False,False,holdout,16.440521,4.815255,0.8309608540925267,0.23541668,0.6690391459074733,0.25688314,56.46521372992373
IngrKe01,keaontay-ingram-1,00-0037299,Keaontay Ingram,RB,2022,6,201,ARI,southern california,72.0,221.0,4.53,34.5,122.0,,,,0.0,1.0,0.0,0.0,0.0,14214453156.0,708853250911.0,3715.0,27291122.0,170242103156.0,2310.0,2.0,2.0,21.0,0,0,0,False,skill_run,False,True,False,False,5.6,0,1,True,104.96136290292812,78.25,,29.96971450617284,0.601181341934206,0.061279292225592,-0.1948719764106164,0.0014483802472078,0.5772795192328759,,,,0.2670270364224604,0.420791013803127,,-0.4052616365896693,49.86848548667446,2.6135370522023057e-07,0.0019199558154286,879095354067.0,False,False,holdout,6.1129756,-0.44697,0.40747330960854095,0.15520446,0.2526690391459075,0.09551524,26.36670720468531
GrayEr01,eric-gray-2,00-0038396,Eric Gray,RB,2023,5,172,NYG,oklahoma,70.0,207.0,,37.5,118.0,,,,1.0,2.0,0.0,0.0,1.0,10115778213.0,5397724121364.0,44211.0,13302333.0,115254229229.0,1220.0,1.0,1.0,34.0,0,0,0,False,skill_run,False,True,False,False,12.06,0,1,True,,77.75,,29.69816326530612,-0.4967507801897647,-0.7314214808398971,,0.9284117384596976,-0.0803673943972969,,,,,0.3026210801338418,,-0.5496002615911374,533.5945497922513,4.370499141942783e-06,0.001315008368106,5512978350593.0,False,False,holdout,8.408524,0.20527077,0.5320284697508897,0.17085585,0.37722419928825623,0.13138318,34.87040361131001
McInKe00,kenny-mcintosh-1,00-0038636,Kenny McIntosh,RB,2023,7,237,SEA,georgia,72.0,204.0,4.62,,,,,,1.0,1.0,18.0,1.0,0.0,254758150.0,174251328829.0,21310.0,1102243.0,3111242504.0,22.0,1.0,1.0,20.0,0,0,0,False,skill_run,False,True,False,False,0.98,0,1,True,89.5554995696716,,,27.66435185185185,0.601181341934206,-0.9012859322110734,0.4702599191226237,,,,,,-1.3075405939226608,,,-1.630639486428874,683.9872594026923,8.364796180220339e-05,0.0043266250755863,177362571333.0,False,False,holdout,11.674616,6.2657285,0.8701067615658363,0.19524711,0.5373665480427047,0.18241587,53.10486145184983
CartMi03,michael-carter-5,00-0036924,Michael Carter,RB,2021,4,107,NYJ,north carolina,67.0,201.0,4.5,34.0,119.0,16.0,6.81,3.98,,,,,,9784177156.0,55859710031245.0,8239.0,11252125.0,100135154267.0,1122.0,16.0,11.0,61.0,0,0,2,False,skill_run,False,False,False,False,35.45,0,0,True,98.03383630544124,76.5,5.395,31.47761194029851,-2.1436489633757208,-1.0711503835822498,-0.416582608255032,-0.153045512788207,0.0840443340102462,-0.8942195827429021,-1.1083040245238416,-1.7703471817968912,-0.441005931467823,0.0071962459606289,-1.4998844702934628,0.3962366058424721,5709.188329341509,8.4207387791906e-07,0.00115003283573,55959845185512.0,False,False,holdout,17.007214,5.3819475,0.8469750889679716,0.24055497,0.6814946619217082,0.2657377,57.634750663491765
BenjEn00,eno-benjamin-1,00-0036383,Eno Benjamin,RB,2020,7,222,ARI,arizona st.,69.0,207.0,4.57,39.0,122.0,12.0,6.97,4.25,,,,,,23300253.0,14216421083.0,11610.0,53442.0,15261347.0,22.0,4.0,4.0,24.0,0,0,0,False,skill_run,False,False,False,False,2.45,0,1,True,94.91515053022638,80.5,5.609999999999999,30.565217391304348,-1.04571684125175,-0.7314214808398971,0.1007421993819355,1.3918934175659423,0.5772795192328759,-1.6994853850035263,-0.4663280451228335,-0.1032571152339269,-0.7597535124794408,0.9525557153149102,-0.3538518494885657,-0.0887318083703346,610.1402024690461,0.0004982778513177,0.0022936231636626,14231682430.0,False,False,holdout,10.036544,4.6276565,0.8256227758007118,0.1826982,0.4750889679715303,0.156821,49.317074296631425
EbneTr00,trestan-ebner-1,00-0037087,Trestan Ebner,RB,2022,6,203,CHI,baylor,71.0,206.0,4.43,30.0,,,,,1.0,11.0,,0.0,10.0,23695350148.0,121411255107799.0,21312.0,2029242628.0,267348317299284.0,31232.0,0.0,0.0,17.0,0,0,0,False,skill_run,False,True,False,False,5.24,0,1,True,106.97500393738189,,,28.728030152747472,0.0522152808722206,-0.7880429646302892,-0.9339074158919994,-1.3889966570715266,,,,,0.4728327042645973,,,-1.065258665832561,5123.84304724219,8.994169685987457e-07,0.0856388538394853,388759572407083.0,False,False,holdout,6.2921286,-0.26781702,0.4234875444839858,0.15638259,0.26334519572953735,0.09831451,27.30034790402842
EvanCh02,chris-evans-2,00-0036857,Chris Evans,RB,2021,6,202,CIN,michigan,71.0,211.0,4.5,40.5,127.0,20.0,6.83,4.12,,,,,,881358116.0,61468542373.0,4641.0,616189.0,8715714887.0,110.0,2.0,2.0,34.0,0,0,0,False,skill_run,False,False,False,False,5.42,0,1,True,102.91114159426915,83.75,5.475,29.42531243800833,0.0522152808722206,-0.5049355456783288,-0.416582608255032,1.8553750966721871,1.399338161270592,-0.088953780482278,-1.0280570270987135,-0.905930110245724,0.0574826546616878,1.7206602841652636,-1.0734537276683842,-0.6946296605251165,69.74298103927597,5.265736952719001e-06,0.0006991357869336,70184257260.0,False,False,holdout,9.560704,3.0007586,0.7597864768683275,0.17917235,0.44483985765124556,0.149386,45.85942356267222
BrigGa00,gary-brightwell-1,00-0036569,Gary Brightwell,RB,2021,6,196,NYG,arizona,70.0,218.0,4.62,34.5,118.0,17.0,7.51,4.48,,,,,,916686.0,530390386.0,351.0,2413.0,95958.0,10.0,1.0,1.0,41.0,0,0,0,False,skill_run,False,False,False,False,6.54,0,1,True,95.70146522641376,76.25,5.995,31.276326530612245,-0.4967507801897647,-0.1085851591455841,0.4702599191226237,0.0014483802472078,-0.0803673943972969,-0.6929031321777461,1.700340885355567,1.3168566451715635,-0.6793876387144417,-0.0518887208740136,1.698346099394627,0.2892466352783809,578.5954907132867,0.0003829010151785,0.0026323081185924,530486344.0,False,False,holdout,7.682823,1.1228776,0.6067615658362989,0.16577677,0.32562277580071175,0.12004411,36.4993360655853
MitcEl00,elijah-mitchell-2,00-0036567,Elijah Mitchell,RB,2021,6,194,SFO,louisiana,70.0,201.0,4.38,37.5,128.0,17.0,6.94,4.19,,,,,,42145198141.0,2579771147878.0,413168.0,3201016.0,2534970153.0,1310.0,11.0,11.0,28.0,0,0,0,False,skill_run,False,False,False,False,6.94,0,1,True,109.22690077360258,82.75,5.565,28.83734693877551,-0.4967507801897647,-1.0711503835822498,-1.3034251356326878,0.9284117384596976,1.5637498896781352,-0.6929031321777461,-0.5866985412605198,-0.4737215744701388,0.7029894821412065,1.4843204168266937,-0.5937191422151672,-1.007153114429055,61.21150834899808,9.803441868222204e-06,7.595209279336532e-05,2582306118031.0,False,False,holdout,14.293082,7.7331367,0.9092526690391459,0.21664162,0.6138790035587188,0.2233294,57.447107502415086
KellJo01,joshua-kelley-1,00-0036370,Joshua Kelley,RB,2020,4,112,LAC,ucla,71.0,212.0,4.49,31.0,121.0,23.0,6.95,4.28,,,,,,149225229.0,794612431060.0,101212.0,12711.0,519371.0,1.0,9.0,9.0,57.0,0,0,0,False,skill_run,False,False,False,False,33.22,0,0,True,104.32310210825564,76.0,5.615,29.564768895060503,0.0522152808722206,-0.4483140618879367,-0.4904861522031683,-1.0800088710006968,0.4128677908253326,0.5149955712131901,-0.5465750425479577,0.0819751143841816,0.201793120914447,-0.1109736877086562,-0.3271999280744941,-0.620503859463627,5324.920165208793,0.0006782499224712,8.517996645191946e-05,794612950431.0,False,False,holdout,13.50895,1.8836842,0.6672597864768683,0.2100619,0.5960854092526691,0.21107736,47.0348848964608
HaskHa00,hassan-haskins-1,00-0037617,Hassan Haskins,RB,2022,4,131,TEN,michigan,74.0,228.0,,,,27.0,,,0.0,1.0,0.0,0.0,0.0,12161270.0,6223761327.0,4620.0,618.0,40131.0,0.0,2.0,1.0,44.0,0,0,0,False,skill_run,False,True,False,False,25.38,0,0,True,,,,29.27027027027027,1.6991134640581766,0.4576296787583367,,,,1.3202613734738142,,,,,,-0.7770397914349672,511.76902798803087,0.0003798945340412,5.0817061047078144e-05,6223801458.0,False,False,holdout,10.793199,-0.8320675,0.3594306049822064,0.1884153,0.50355871886121,0.16864373,31.589579285516862
JeffJe00,jermar-jefferson-1,00-0036670,Jermar Jefferson,RB,2021,7,257,DET,oregon st.,70.0,206.0,4.57,31.0,115.0,13.0,7.38,4.38,,,,,,239142133.0,1381685858.0,1287.0,2599.0,1478567.0,20.0,1.0,1.0,11.0,0,0,0,False,skill_run,False,False,False,False,0.05,0,1,True,94.45662323297891,73.0,5.88,29.55469387755102,-0.4967507801897647,-0.7880429646302892,0.1007421993819355,-1.0800088710006968,-0.5736025796199266,-1.4981689344383702,1.178735402092249,0.6994158797778699,-0.8066176332533131,-0.8199932897243671,1.085351906871076,-0.6258590703974565,5.777676399666469,5.3817367264178415e-06,1.086801379328669e-05,1383164425.0,False,False,holdout,8.181958,2.7730708,0.7473309608540926,0.16925699,0.3612099644128114,0.1278431,43.05943928871079
HillKy00,kylin-hill-1,00-0036669,Kylin Hill,RB,2021,7,256,GNB,mississippi st.,70.0,214.0,4.51,36.0,122.0,22.0,7.13,4.35,,,,,,7811724215.0,393734135058.0,24100.0,4221823.0,38181180237.0,411.0,0.0,0.0,10.0,0,0,0,False,skill_run,False,False,False,False,0.07,0,1,True,103.45169279930268,79.0,5.74,30.70244897959184,-0.4967507801897647,-0.3350710943071525,-0.3426790643068956,0.4649300593534527,0.5772795192328759,0.313679120648034,0.1756479342781746,0.5141836501597612,0.1127300894583132,0.5980459143070548,0.3390981072771906,-0.0157885999468988,50.40297432696809,3.0851063525416586e-06,0.0005404470106475,431915315295.0,False,False,holdout,6.058465,0.6495776,0.5658362989323843,0.15484744,0.24555160142348753,0.094663516,32.53470331059232
HubbCh01,chuba-hubbard-1,00-0036555,Chuba Hubbard,RB,2021,4,126,CAR,oklahoma st.,72.0,210.0,4.48,36.0,120.0,20.0,7.24,4.26,,,,,,124328132.0,7402094623.0,7215.0,22238.0,22919852.0,201.0,27.0,27.0,79.0,0,0,2,False,skill_run,False,False,False,False,27.34,0,0,True,104.2646847382926,78.0,5.75,28.47800925925926,0.601181341934206,-0.5615570294687209,-0.5643896961513046,0.4649300593534527,0.2484560624177894,-0.088953780482278,0.6170064201163685,-0.0415130386945592,0.1958225305097462,0.3617060469684844,0.3924019501053243,-1.1981531864856247,59.53676375512503,5.8031918311134926e-05,0.0001788653914626,7425014475.0,False,False,holdout,12.186961,0.5616951,0.5587188612099644,0.1993037,0.5516014234875445,0.19042127,41.175282315427296
WillJa10,javonte-williams-1,00-0036997,Javonte Williams,RB,2021,2,35,DEN,north carolina,69.0,212.0,4.55,36.0,123.0,22.0,6.97,4.09,,,,,,43166157.0,2249331140.0,5519.0,81725.0,65176305.0,13.0,28.0,19.0,70.0,0,0,2,False,skill_run,False,False,False,False,75.73,0,0,True,98.92823708641994,79.5,5.529999999999999,31.30350766645663,-1.04571684125175,-0.4483140618879367,-0.0470648885143437,0.4649300593534527,0.741691247640419,0.313679120648034,-0.4663280451228335,-1.0911623398638326,-0.3495930396473184,0.7162158479763399,-0.7802825921136444,0.3036943239033136,52.1086725417785,0.0001278547914283,0.0018932655969351,2314507445.0,False,False,holdout,24.530714,-3.5918121,0.1423487544483986,0.31573018,0.802491103202847,0.3832924,35.72422421328538
VidaKi00,kimani-vidal-1,00-0039391,Kimani Vidal,RB,2024,6,181,LAC,troy,68.0,213.0,4.46,37.5,120.0,18.0,7.01,4.15,,,,,,101152230296.0,51670111361662.0,451014.0,26222618.0,225134141201.0,1.0,7.0,7.0,23.0,0,0,0,False,skill_run,False,False,False,False,9.8,0,1,True,107.66391405009836,78.75,5.58,32.38300173010381,-1.5946829023137354,-0.3916925780975446,-0.7121967840475839,0.9284117384596976,0.2484560624177894,-0.4915866816125901,-0.3058340502725815,-0.7206978806276152,0.5432432706986899,0.5389609474724122,-0.5137633779729667,0.8774817547645003,510.8153444611222,4.4587647615895925e-06,0.0002592391479976,51895245502863.0,False,False,holdout,9.267517,2.7075715,0.7366548042704626,0.17702655,0.4306049822064057,0.14480495,44.51492215337702
StevRh00,rhamondre-stevenson-1,00-0036875,Rhamondre Stevenson,RB,2021,4,120,NWE,oklahoma,71.0,231.0,4.64,31.5,112.0,15.0,7.09,4.15,,,,,,64101.0,515664.0,67.0,1018.0,87211.0,0.0,28.0,28.0,70.0,0,0,2,False,skill_run,False,False,False,False,29.79,0,0,True,99.67128407061692,71.75,5.62,32.21444157905177,0.0522152808722206,0.6274941301295129,0.6180670070188964,-0.9255149779652818,-1.0668377648425562,-1.0955360333080582,0.0151539394279225,-0.7206978806276152,-0.2736493743146183,-1.11541812389758,-0.3005480066604273,0.7878863607046664,8.044554687134367,0.0010452255035022,0.015881187500975,602875.0,False,False,holdout,7.065439,-4.559827,0.1103202846975089,0.16155164,0.30071174377224197,0.11039748,15.866028772421792
TaylJo02,jonathan-taylor-1,00-0036223,Jonathan Taylor,RB,2020,2,41,IND,wisconsin,70.0,226.0,4.39,36.0,123.0,17.0,7.01,4.24,,,,,,270307320.0,179421942003.0,121621.0,8826.0,9560252.0,5.0,58.0,58.0,84.0,3,1,4,False,skill_run,False,False,False,False,71.8,0,0,True,121.69713490886193,79.5,5.625,32.42408163265306,-0.4967507801897647,0.3443867111775525,-1.2295215916845514,0.4649300593534527,0.741691247640419,-0.6929031321777461,-0.3058340502725815,-0.1650011917732947,1.977518964031244,0.7162158479763399,-0.2738960852463605,0.8993171057289404,663.7701931379439,0.0004499360209705,3.265172397107115e-05,179431502255.0,False,False,holdout,31.990843,3.8683167,0.8078291814946619,0.40120232,0.8843416370106761,0.4998569,68.02118420600891
TracTy00,tyrone-tracy-jr-1,00-0039384,Tyrone Tracy Jr.,RB,2024,5,166,NYG,purdue,71.0,209.0,4.48,40.0,124.0,,6.81,4.06,,,,,,162717113.0,-1392233133716.0,10108.0,13614152219.0,2.258915410616513e+16,31100.0,14.0,14.0,32.0,0,0,1,False,skill_run,False,True,False,False,13.71,0,1,True,103.76818623953882,82.0,5.435,29.146399523903987,0.0522152808722206,-0.618178513259113,-0.5643896961513046,1.7008812036367722,0.9061029760479624,,-1.1083040245238416,-1.2763945694819412,0.1450775350660278,1.3070655163227656,-1.2866690989809235,-0.8428812626480939,-8556.156805191105,6.212007952722219e-05,83.6676116481983,2.258776187303141e+16,False,False,holdout,8.033463,-0.16979027,0.4359430604982206,0.16821557,0.34519572953736655,0.12552285,30.216405655247456
GuerIs00,isaac-guerendo-1,00-0039363,Isaac Guerendo,RB,2024,4,129,SFO,louisville,72.0,221.0,4.33,41.5,129.0,,6.94,4.15,,,,,,1112365132.0,136160390810.0,1511.0,121722.0,36115234.0,10.0,4.0,4.0,30.0,0,0,0,False,skill_run,False,True,False,False,26.16,0,0,True,125.73919741084094,85.25,5.545,29.96971450617284,0.601181341934206,0.061279292225592,-1.672942855373376,2.164362882743017,1.7281616180856785,,-0.5866985412605198,-0.7206978806276152,2.39064094478444,2.075170085173119,-0.7003268278714392,-0.4052616365896693,122.406201788425,1.3583669215550348e-06,0.0001094262994212,136196506044.0,False,False,holdout,9.977498,-1.647768,0.28291814946619215,0.18225776,0.47330960854092524,0.1558984,27.546041497821484
CoruBl00,blake-corum-1,00-0039738,Blake Corum,RB,2024,3,83,LAR,michigan,68.0,205.0,4.53,35.5,,27.0,6.82,4.12,,,,,,26144247258.0,7495214631245.0,2111827.0,5241116.0,7314180117.0,111.0,8.0,8.0,34.0,0,0,0,False,skill_run,False,True,False,False,47.2,0,0,True,97.3623502040736,,5.470000000000001,31.16673875432526,-1.5946829023137354,-0.8446644484206813,-0.1948719764106164,0.3104361663180378,,1.3202613734738142,-1.0681805258112758,-0.905930110245724,-0.5096356639643951,,-1.1001056490824463,0.2309970434306466,286.6869547736359,8.077597259388649e-05,0.0002004691872854,7502528811362.0,False,False,holdout,22.482983,2.3307,0.7135231316725978,0.29403833,0.7722419928825622,0.3512966,56.892464379664
ShipWi00,will-shipley-1,00-0039746,Will Shipley,RB,2024,4,127,PHI,clemson,71.0,206.0,,,,,,,1.0,1.0,2.0,1.0,0.0,149210167.0,7391182827.0,11155.0,163831.0,116242244.0,2.0,2.0,2.0,31.0,0,0,0,False,skill_run,False,True,False,False,26.94,0,0,True,,,,28.728030152747472,0.0522152808722206,-0.7880429646302892,,,,,,,,,,-1.065258665832561,49.53538338309078,7.476032112476625e-05,0.0010979881819983,7507425071.0,False,False,holdout,14.764052,3.1387863,0.7740213523131673,0.22066465,0.6281138790035588,0.2306883,52.55019067630862
DillAJ00,aj-dillon-1,00-0036265,AJ Dillon,RB,2020,2,62,GNB,boston col.,72.0,247.0,4.53,41.0,131.0,23.0,7.19,,,,,,,300227318.0,158911081685.0,141014.0,813.0,41195.0,11.0,24.0,23.0,67.0,0,0,0,False,skill_run,False,True,False,False,58.86,0,0,True,117.30975853856673,86.0,,33.49556327160494,0.601181341934206,1.5334378707757863,-0.1948719764106164,2.009868989707602,2.0569850749007648,0.5149955712131901,0.4163889265535544,,1.5291039245511002,2.252424985677047,,1.4688456631644085,529.3025389681561,0.0004696907694455,2.707948115500936e-06,158911122880.0,False,False,holdout,29.53719,1.4146633,0.6298932384341637,0.37211818,0.8558718861209964,0.4615186,58.98590217599665
GibsAn00,antonio-gibson-2,00-0036328,Antonio Gibson,RB,2020,3,66,WAS,memphis,72.0,228.0,4.39,35.0,118.0,16.0,,,,,,,,33.0,369.0,4.0,638.0,99735.0,28.0,29.0,23.0,83.0,0,0,2,False,skill_run,False,True,False,False,56.54,0,0,True,122.77410070451558,76.5,,30.91898148148148,0.601181341934206,0.4576296787583367,-1.2295215916845514,0.1559422732826228,-0.0803673943972969,-0.8942195827429021,,,2.087591047895865,0.0071962459606289,,0.0993057133441211,11.181818181818182,0.1212121212121212,19.33333333333333,100104.0,False,False,holdout,20.702951,0.5506687,0.5569395017793595,0.2759077,0.7526690391459074,0.32348362,49.318787082234316
ConnSn00,snoop-conner-1,00-0037265,Snoop Conner,RB,2022,5,154,JAX,mississippi,70.0,222.0,4.59,29.5,118.0,25.0,,,,,,,,8193130.0,512421647.0,5813.0,61214.0,608382.0,0.0,0.0,0.0,8.0,0,0,0,False,skill_run,False,True,False,False,17.31,0,1,True,100.030451249693,73.75,,31.85020408163265,-0.4967507801897647,0.1179007760159841,0.2485492872782081,-1.5434905501069416,-0.0803673943972969,0.917628472343502,,,-0.2369404277387563,-0.6427383892204395,,0.5942818705036607,62.542843455431566,0.0007094968589537,0.0074713815110952,513030029.0,False,False,holdout,8.196634,-0.0066184998,0.4928825622775801,0.1693602,0.36298932384341637,0.12807241,32.923741481296744
PierDa01,dameon-pierce-1,00-0037258,Dameon Pierce,RB,2022,4,107,HOU,florida,70.0,218.0,4.59,34.5,119.0,21.0,,,,,,,,6654106100.0,422305503574.0,24413.0,541719.0,2030156216.0,1013.0,12.0,12.0,43.0,0,0,1,False,skill_run,False,True,False,False,35.45,0,0,True,98.22810077672555,76.75,,31.276326530612245,-0.4967507801897647,-0.1085851591455841,0.2485492872782081,0.0014483802472078,0.0840443340102462,0.1123626700828779,,,-0.4211509878276258,0.0662812127952715,,0.2892466352783809,63.46539974377625,3.668862448706672e-06,8.141123568799122e-05,424335659790.0,False,False,holdout,11.7296095,0.104343414,0.5195729537366548,0.19567953,0.5391459074733096,0.18327515,39.1449300979274
EstiAu00,audric-estime-1,00-0039373,Audric Estime,RB,2024,5,147,DEN,notre dame,71.0,221.0,4.71,38.0,125.0,23.0,,,,,,,,7156210.0,609201341.0,1118.0,917.0,135142.0,10.0,4.0,2.0,20.0,0,0,0,False,skill_run,False,True,False,False,19.6,0,1,True,89.81288368998997,81.5,,30.819877008530053,0.0522152808722206,0.061279292225592,1.135391814655864,1.0829056314951124,1.0705147044555057,0.5149955712131901,,,-1.2812344599753784,1.1888955826534806,,0.0466283500897758,85.12904749860611,0.0001562279474749,0.0001281404542348,609336483.0,False,False,holdout,4.8205495,-3.3827033,0.1601423487544484,0.14691907,0.08362989323843416,0.075321086,12.52309492620179
LloyMa00,marshawn-lloyd-1,00-0039811,MarShawn Lloyd,RB,2024,3,88,GNB,southern california,69.0,220.0,4.46,36.0,118.0,25.0,,,,,,,,64111116.0,228572820.0,199.0,31813.0,44176232.0,20.0,0.0,0.0,1.0,0,0,0,False,skill_run,False,True,False,False,44.61,0,0,True,111.20216474658048,77.0,,32.48477210670028,-1.04571684125175,0.0046578084351999,-0.7121967840475839,0.4649300593534527,-0.0803673943972969,0.917628472343502,,,0.9048727940958156,0.1253661796299141,,0.9315761355411504,3.565260352042538,3.103985898482878e-06,0.0004962165999418,272749052.0,False,False,holdout,17.272305,-2.8799782,0.18683274021352314,0.24298471,0.6868327402135231,0.26987976,31.46725397146045
MossZa00,zack-moss-1,00-0036251,Zack Moss,RB,2020,3,86,BUF,utah,69.0,223.0,4.65,33.0,,19.0,,4.37,,,,,,84214179235.0,382117310921416.0,2101115.0,129828.0,424350388.0,12.0,18.0,8.0,61.0,0,0,1,False,skill_run,False,True,False,False,45.64,0,0,True,95.39443654459264,,,32.92774627179164,-1.04571684125175,0.1745222598063762,0.6919705509670393,-0.4620332988590369,,-0.2902702310474341,,0.6376718032385021,-0.71076773170407,,,1.167031814905337,4537.446239962942,2.4949658348350463e-05,1.5416406260721778e-06,382117735271804.0,False,False,holdout,25.865326,5.713043,0.8540925266903915,0.33032095,0.8167259786476868,0.40414572,65.1875543774659
VaugKe00,keshawn-vaughn-1,00-0036450,Ke'Shawn Vaughn,RB,2020,3,76,TAM,illinois,70.0,214.0,4.51,32.0,117.0,,,,,,,,,15760157198.0,72330112441028.0,63129.0,1691328.0,11989170270.0,21.0,2.0,2.0,46.0,0,0,0,False,skill_run,False,True,False,False,50.94,0,0,True,103.45169279930268,74.5,,30.70244897959184,-0.4967507801897647,-0.3350710943071525,-0.3426790643068956,-0.7710210849298669,-0.2447791228048401,,,,0.1127300894583132,-0.4654834887165117,,-0.0157885999468988,4589.428362440881,4.005607254222769e-06,0.0001073166960678,72342101611298.0,False,False,holdout,17.262356,-2.889927,0.18327402135231316,0.24289325,0.6850533807829181,0.2697243,31.284379783580313
AllgTy00,tyler-allgeier-1,00-0037263,Tyler Allgeier,RB,2022,5,151,ATL,byu,71.0,224.0,4.6,33.0,120.0,,,,,,,,,917150276.0,4911911311606.0,1323.0,131428.0,-367174199.0,100.0,20.0,20.0,67.0,0,0,0,False,skill_run,False,True,False,False,18.27,0,1,True,100.05681797878084,76.5,,31.23824637968657,0.0522152808722206,0.2311437435967683,0.3224528312263445,-0.4620332988590369,0.2484560624177894,,,,-0.2342455967356685,0.0071962459606289,,0.2690057532742428,5355.623216980856,1.4425116958695654e-06,0.0001433003984616,4911544137407.0,False,False,holdout,6.9571614,-1.2460914,0.3167259786476868,0.16081966,0.2900355871886121,0.108705655,23.860257313689516
FordJe00,jerome-ford-1,00-0037267,Jerome Ford,RB,2022,5,156,CLE,cincinnati,71.0,210.0,4.46,31.0,118.0,,,,,,,,,72473215.0,371144831319.0,3819.0,2821.0,1151220.0,1.0,11.0,11.0,57.0,0,0,1,False,skill_run,False,True,False,False,16.68,0,1,True,106.14752089446318,74.5,,29.28585598095616,0.0522152808722206,-0.5615570294687209,-0.7121967840475839,-1.0800088710006968,-0.0803673943972969,,,,0.3882591892427793,-0.4654834887165117,,-0.7687554615866043,5121.131045711164,5.2695330267878966e-05,3.89247255003107e-05,371145982539.0,False,False,holdout,8.5641165,0.3608637,0.5498220640569395,0.17196077,0.3914590747330961,0.13381432,35.937565989739326
WillKy02,kyren-williams-1,00-0037840,Kyren Williams,RB,2022,5,164,LAR,notre dame,69.0,194.0,4.65,32.0,116.0,,,,,,,,,4211204.0,2611251002.0,1314.0,13542.0,3313359.0,13.0,31.0,31.0,55.0,1,0,2,False,skill_run,False,True,False,False,14.28,0,1,True,82.98888201637207,74.0,,28.645662675908422,-1.04571684125175,-1.4675007701149942,0.6919705509670393,-0.7710210849298669,-0.4091908512123834,,,,-1.9786865866280177,-0.5836534223857969,,-1.1090397522818176,620.0723123363294,0.0003120247796117,0.0032157074318888,2614564361.0,False,False,holdout,10.21146,2.0082073,0.6832740213523132,0.18400773,0.4786476868327402,0.15955406,43.77515070644138
CharZa00,zach-charbonnet-1,00-0039165,Zach Charbonnet,RB,2023,2,52,SEA,ucla,72.0,214.0,4.53,37.0,122.0,,,,,,,,,14919202195.0,72612411371359.0,1111314.0,862437.0,3041197321.0,0.0,16.0,16.0,49.0,0,0,0,False,skill_run,False,True,False,False,64.86,0,0,True,101.63679484717926,79.5,,29.0204475308642,0.601181341934206,-0.3350710943071525,-0.1948719764106164,0.7739178454242827,0.5772795192328759,,,,-0.072762894996789,0.7162158479763399,,-0.90982898652346,4867.0438554478615,7.448883562771501e-05,5.780717954804821e-05,72615452568680.0,False,False,holdout,31.496855,3.3743286,0.7846975088967971,0.39528334,0.8790035587188612,0.49213833,66.7164056268239
BensTr01,trey-benson-2,00-0039921,Trey Benson,RB,2024,3,66,ARI,florida st.,72.0,216.0,4.39,33.5,122.0,,,,,,,,,6154156.0,22990905.0,1914.0,1320.0,144227.0,1.0,3.0,3.0,17.0,0,0,0,False,skill_run,False,True,False,False,56.54,0,0,True,116.31230593059372,77.75,,29.291666666666668,0.601181341934206,-0.2218281267263683,-1.2295215916845514,-0.307539405823622,0.5772795192328759,,,,1.4271585447081372,0.3026210801338418,,-0.7656668865423755,3.73583396325995,0.0003110093406796,0.0002144892004687,23135132.0,False,False,holdout,24.63665,4.4843674,0.8238434163701067,0.31687564,0.8042704626334519,0.38494766,63.07561208875154
CalaRa00,raymond-calais-1,00-0036435,Raymond Calais,RB,2020,7,245,TAM,louisiana,68.0,188.0,4.42,37.5,120.0,20.0,,,,,,,,231581117.0,11788754886.0,1176.0,1610.0,96967.0,1.0,0.0,,4.0,0,0,0,False,skill_run,False,True,False,False,0.47,0,1,True,98.51418471014152,78.75,,28.58217993079585,-1.5946829023137354,-1.807229672857347,-1.007810959840136,0.9284117384596976,0.2484560624177894,-0.088953780482278,,,-0.3919115683043987,0.5389609474724122,,-1.1427829681537895,50.905510080944985,5.07813424183458e-06,6.952207592987817e-06,11788851853.0,False,False,holdout,8.876167,3.46728,0.7900355871886121,0.17419381,0.40391459074733094,0.13869011,45.9373938708543
WrigJa04,jaylen-wright-1,00-0039874,Jaylen Wright,RB,2024,4,120,MIA,tennessee,71.0,210.0,4.38,38.0,134.0,,,,,,,,,85146137.0,4098751013.0,4104.0,6222.0,228141.0,0.0,4.0,4.0,25.0,0,0,0,False,skill_run,False,True,False,False,29.79,0,0,True,114.1176575246594,86.0,,29.28585598095616,0.0522152808722206,-0.5615570294687209,-1.3034251356326878,1.0829056314951124,2.5502202601233943,,,,1.2028528848939906,2.252424985677047,,-0.7687554615866043,48.13783874892645,4.819948555035445e-05,7.307436625104906e-05,4098979154.0,False,False,holdout,13.568501,1.9432354,0.6761565836298933,0.21055637,0.599644128113879,0.21200784,47.49043000311826
RobiKe03,keilan-robinson-1,00-0039385,Keilan Robinson,RB,2024,5,167,JAX,texas,68.0,191.0,4.42,33.0,125.0,,,,,,,,,39452512.0,25432286134.0,2303.0,7208.0,5722156.0,30.0,0.0,0.0,6.0,0,0,0,False,skill_run,False,True,False,False,13.43,0,1,True,100.0862195725374,79.0,,29.038278546712803,-1.5946829023137354,-1.6373652214861705,-1.007810959840136,-0.4620332988590369,1.0705147044555057,,,,-0.2312405851496136,0.5980459143070548,,-0.9003512014035954,644.6303377082808,5.837397628825257e-05,0.0001827006604801,25438008290.0,False,False,holdout,9.6403,1.437047,0.6334519572953736,0.17975843,0.4501779359430605,0.15062968,40.94939917604376
HallBr03,breece-hall-1,00-0038120,Breece Hall,RB,2022,2,36,NYJ,iowa st.,71.0,217.0,4.39,40.0,126.0,,,,,,,,,186279253.0,89715731472.0,92120.0,232336.0,252180302.0,123.0,28.0,28.0,56.0,0,0,2,False,skill_run,False,True,False,False,75.07,0,0,True,116.85078882842052,83.0,,30.262051180321365,0.0522152808722206,-0.1652066429359762,-1.2295215916845514,1.7008812036367722,1.2349264328630487,,,,1.482194586640448,1.543405383661336,,-0.2498748541561807,481.61955787958846,0.0004945263550095,0.0012472457144757,89967911774.0,False,False,holdout,36.270973,8.148447,0.9199288256227758,0.45352173,0.9092526690391459,0.56673396,75.38732010274596
WalkKe00,kenneth-walker-iii-1,00-0038134,Kenneth Walker III,RB,2022,2,41,SEA,michigan st.,69.0,211.0,4.38,34.0,122.0,,,,,,,,,98119263.0,5795791636.0,41318.0,3313.0,173089.0,1.0,28.0,28.0,58.0,0,0,3,False,skill_run,False,True,False,False,71.8,0,0,True,114.6610749414435,78.0,,31.15584961142617,-1.04571684125175,-0.5049355456783288,-1.3034251356326878,-0.153045512788207,0.5772795192328759,,,,1.2583932629776335,0.3617060469684844,,0.2252090974485828,59.068846002237095,0.0004210997793572,3.3765031439341323e-05,5795964725.0,False,False,holdout,29.20431,1.0817833,0.6014234875444839,0.3682377,0.8523131672597865,0.45631734,57.59430378410316
CookJa01,james-cook-2,00-0037248,James Cook,RB,2022,2,63,BUF,georgia,71.0,199.0,4.42,33.0,124.0,,,,,,,,,413145113.0,284188303728.0,2237.0,8161627.0,89132225284.0,24.0,43.0,43.0,66.0,3,0,2,False,skill_run,False,True,False,False,58.27,0,0,True,104.2783125389264,78.5,,27.751834953382264,0.0522152808722206,-1.1843933511630338,-1.007810959840136,-0.4620332988590369,0.9061029760479624,,,,0.1972153699298151,0.4798759806377696,,-1.5841392732629864,687.8655822996508,5.414562413086077e-06,0.0197548675832939,373320529012.0,False,False,holdout,23.379078,-4.7434483,0.10498220640569395,0.3034239,0.7864768683274022,0.3652981,33.30326562223698
WhitRa01,rachaad-white-1,00-0037256,Rachaad White,RB,2022,3,91,TAM,arizona st.,72.0,214.0,4.48,38.0,125.0,,,,,,,,,42182.0,4201006.0,515.0,843.0,151456.0,11.0,26.0,26.0,67.0,0,0,2,False,skill_run,False,True,False,False,43.1,0,0,True,106.2506787333077,81.5,,29.0204475308642,0.601181341934206,-0.3350710943071525,-0.5643896961513046,1.0829056314951124,1.0705147044555057,,,,0.3988025122846168,1.1888955826534806,,-0.90982898652346,99.59238537764924,0.0122089990991418,0.0199848276516049,4352462.0,False,False,holdout,15.29533,-4.8569527,0.099644128113879,0.22526675,0.6476868327402135,0.23898955,26.22462803332195
DaviTy03,tyrion-davis-price-1,00-0037827,Tyrion Davis-Price,RB,2022,3,93,SFO,louisiana state,72.0,211.0,4.48,30.0,117.0,,,,,,,,,64104211.0,2954461003.0,636.0,10810.0,744764.0,0.0,1.0,1.0,8.0,0,0,0,False,skill_run,False,True,False,False,42.1,0,0,True,104.76118323704635,73.5,,28.613618827160494,0.601181341934206,-0.5049355456783288,-0.5643896961513046,-1.3889966570715266,-0.2447791228048401,,,,0.2465675259534631,-0.701823356055082,,-1.1260721364950836,46.08840756186828,9.921345104770106e-06,0.0001686316675826,2955205767.0,False,False,holdout,19.562256,-0.59002686,0.400355871886121,0.26465997,0.7330960854092526,0.30566025,42.08256110867147
RobiBr01,brian-robinson-jr-1,00-0037746,Brian Robinson Jr.,RB,2022,3,98,WAS,alabama,74.0,225.0,4.53,30.0,119.0,,,,,,,,,24639691271.0,1652724414831343.0,225614.0,11635.0,12426296.0,2.0,19.0,16.0,58.0,0,0,3,False,skill_run,False,True,False,False,39.66,0,0,True,106.86111607764174,74.5,,28.885135135135137,1.6991134640581766,0.2877652273871604,-0.1948719764106164,-1.3889966570715266,0.0840443340102462,,,,0.4611927115191735,-0.4654834887165117,,-0.9817520795016024,67075.69492871601,9.15652706515602e-06,4.7220559186526667e-07,1652724427257639.0,False,False,holdout,23.261404,3.1091213,0.7704626334519573,0.30218178,0.7811387900355872,0.36345944,59.75410558177271
ChanTy01,ty-chandler-1,00-0037276,Ty Chandler,RB,2022,5,169,MIN,north carolina,71.0,204.0,4.38,31.0,121.0,,,,,,,,,71115135100182.0,3056306554561092.0,243413.0,1019131615.0,10818363111216.0,3001.0,6.0,6.0,40.0,0,0,0,False,skill_run,False,True,False,False,12.87,0,1,True,110.85715302395484,76.0,,28.44911723864313,0.0522152808722206,-0.9012859322110734,-1.3034251356326878,-1.0800088710006968,0.4128677908253326,,,,0.869610616392134,-0.1109736877086562,,-1.2135102679555403,42.97687897598145,3.422801625239084e-09,1.4330727398103358e-05,3067124917672308.0,False,False,holdout,9.376211,1.1729584,0.6103202846975089,0.17781971,0.4395017793594306,0.1465033,39.68930716908063
WhitZa01,zamir-white-1,00-0038040,Zamir White,RB,2022,4,122,LVR,georgia,72.0,214.0,4.4,33.5,128.0,,,,,,,,,78144160.0,408779856.0,31111.0,269.0,203775.0,0.0,5.0,5.0,45.0,0,0,0,False,skill_run,False,True,False,False,28.96,0,0,True,114.19131206884772,80.75,,29.0204475308642,0.601181341934206,-0.3350710943071525,-1.1556180477364084,-0.307539405823622,1.5637498896781352,,,,1.210380801934277,1.0116406821495527,,-0.90982898652346,5.231099240173546,0.0003981231610909,3.442355769132332e-06,408983631.0,False,False,holdout,9.111087,-2.5141792,0.20818505338078291,0.17588994,0.4199288256227758,0.14236073,23.090991956509942
McFaAn00,anthony-mcfarland-2,00-0036336,Anthony McFarland Jr.,RB,2020,4,124,PIT,maryland,68.0,208.0,4.44,29.5,116.0,,,,,,,,,131114.0,1034614.0,48.0,717.0,73126.0,1.0,1.0,1.0,17.0,0,0,0,False,skill_run,False,True,False,False,28.15,0,0,True,107.04378329856252,72.75,,31.622837370242216,-1.5946829023137354,-0.6747999970495051,-0.8600038719438565,-1.5434905501069416,-0.4091908512123834,,,,0.4798623496280661,-0.8790782565590097,,0.4734288101808427,7.890949860426804,0.0003660936284454,0.0054685235749042,1107740.0,False,False,holdout,13.758006,2.13274,0.6921708185053381,0.21213569,0.604982206405694,0.21496885,48.328567522700574
HarrKe01,kevin-harris-5,00-0037286,Kevin Harris,RB,2022,6,183,NWE,south carolina,70.0,221.0,,38.5,126.0,21.0,,,,,,,,21181152.0,1791054660.0,4144.0,32111.0,2615989.0,10.0,1.0,1.0,9.0,0,0,0,False,skill_run,False,True,False,False,9.32,0,1,True,,82.25,,31.70673469387755,-0.4967507801897647,0.061279292225592,,1.2373995245305274,1.2349264328630487,0.1123626700828779,,,,1.3661504831574085,,0.5180230616973398,84.55888801515611,0.0001956456381598,0.0015160176368122,1793670649.0,False,False,holdout,9.729867,3.1699214,0.7758007117437722,0.18041968,0.45729537366548045,0.15202917,46.82691304390965
RobiBi01,bijan-robinson-1,00-0038542,Bijan Robinson,RB,2023,1,8,ATL,texas,71.0,215.0,4.46,37.0,124.0,,,,,,,,,86195258.0,70311271578.0,41118.0,152619.0,196295314.0,242.0,36.0,36.0,51.0,2,1,2,False,skill_run,False,True,False,False,94.73,1,0,True,108.67484282052185,80.5,,29.983138266217026,0.0522152808722206,-0.2784496105167604,-0.7121967840475839,0.7739178454242827,0.9061029760479624,,,,0.6465659916692974,0.9525557153149102,,-0.3981264562791581,815.7208784965874,0.000477033202917,0.0017706194463737,70507566892.0,False,False,holdout,52.700172,8.9956665,0.9306049822064056,0.6536243,0.9822064056939501,0.8234402,86.40961720850119
BigsTa00,tank-bigsby-1,00-0038555,Tank Bigsby,RB,2023,3,88,JAX,auburn,72.0,210.0,4.56,32.5,119.0,,,,,,,,,138223179.0,8341099970.0,51010.0,112130.0,84184180.0,0.0,8.0,6.0,50.0,0,0,0,False,skill_run,False,True,False,False,44.61,0,0,True,97.13817050604678,75.75,,28.47800925925926,0.601181341934206,-0.5615570294687209,0.0268386554337925,-0.6165271918944519,0.0840443340102462,,,,-0.5325481154289995,-0.1700586545432988,,-1.1981531864856247,60.34516085033756,0.0003690408538498,0.0008112242882215,8425284150.0,False,False,holdout,22.416996,2.2647133,0.702846975088968,0.29335392,0.7686832740213523,0.35026556,56.35993456050383
AchaDe00,devon-achane-1,00-0039040,De'Von Achane,RB,2023,3,84,MIA,texas a&m,69.0,188.0,4.32,33.0,,,,,,,,,,43130196.0,3649101102.0,498.0,52436.0,97261196.0,113.0,31.0,31.0,44.0,1,0,1,False,skill_run,False,True,False,False,46.68,0,0,True,107.95750962947908,,,27.759714345725687,-1.04571684125175,-1.807229672857347,-1.7468463993215122,-0.4620332988590369,,,,,0.5732504235407737,,,-1.5799511110101947,84.60664315089132,1.1546434892157689e-05,0.0012157607630626,3746362298.0,False,False,holdout,18.979414,-1.1728687,0.33451957295373663,0.25902748,0.7206405693950177,0.29655334,38.90521102183867
SpeaTy00,tyjae-spears-1,00-0039032,Tyjae Spears,RB,2023,3,81,TEN,tulane,70.0,201.0,,39.0,125.0,,,,,,,,,3237129229.0,1922758631581.0,12919.0,521922.0,13330145256.0,1002.0,13.0,13.0,42.0,0,0,0,False,skill_run,False,True,False,False,48.25,0,0,True,,82.0,,28.83734693877551,-0.4967507801897647,-1.0711503835822498,,1.3918934175659423,1.0705147044555057,,,,,1.3070655163227656,,-1.007153114429055,593.9703037975319,3.99088176161286e-06,0.0001612298932413,1936088776837.0,False,False,holdout,18.812113,-1.3401699,0.30782918149466193,0.25742525,0.7135231316725978,0.29393926,37.610920192773236
StroPi00,,00-0038098,Pierre Strong,RB,2022,4,127,NWE,south dakota st.,71.0,207.0,4.37,36.0,124.0,,,,,,,,,1213.0,53138.0,2.0,23.0,598.0,0.0,4.0,1.0,46.0,0,0,0,False,skill_run,False,True,False,False,26.94,0,0,True,113.52057787862071,80.0,,28.86748660979964,0.0522152808722206,-0.7314214808398971,-1.3773286795808242,0.4649300593534527,0.9061029760479624,,,,1.1418279190706897,0.834385781645625,,-0.9911328647710732,43.80708985985161,0.0016488046166529,0.0189612530915086,53736.0,False,False,holdout,11.191921,-0.43334484,0.4110320284697509,0.1914828,0.5177935943060499,0.17487377,34.1242845793954
SpilIs00,isaiah-spiller-1,00-0038045,Isaiah Spiller,RB,2022,4,123,LAC,texas a&m,72.0,217.0,,30.0,114.0,,,,,,,,,174186179.0,94610401011.0,1096.0,292025.0,203193189.0,1.0,1.0,1.0,15.0,0,0,0,False,skill_run,False,True,False,False,28.55,0,0,True,,72.0,,29.427276234567906,0.601181341934206,-0.1652066429359762,,-1.3889966570715266,-0.7380143080274698,,,,,-1.0563331570629375,,-0.6935858365518343,543.1567622308312,6.292118044566555e-06,0.0016765107408435,94813594200.0,False,False,holdout,10.341534,-1.2837324,0.31316725978647686,0.18498628,0.4875444839857651,0.16158646,29.209034759484997
BadiTy00,tyler-badie-1,00-0037085,Tyler Badie,RB,2022,6,196,BAL,missouri,68.0,197.0,4.45,33.5,121.0,,,,,,,,,8810848268.0,4364572421604.0,23414.0,12322854.0,130356333330.0,524.0,2.0,,20.0,0,0,0,False,skill_run,False,True,False,False,6.54,0,1,True,100.4745750155784,77.25,,29.950475778546718,-1.5946829023137354,-1.297636318743818,-0.7861003279957203,-0.307539405823622,0.4128677908253326,,,,-0.1915484305164691,0.1844511464645566,,-0.4154876679032051,495.3634756662002,2.657405880548073e-06,0.0013986001829988,4494928754934.0,False,False,holdout,7.722987,1.1630416,0.608540925266904,0.1660547,0.3291814946619217,0.120671675,36.65979457376161
DaviIs00,,00-0039798,Isaiah Davis,RB,2024,5,173,NYJ,south dakota st.,,,,,,,,,0.0,12.0,0.0,0.0,0.0,15228227.0,8413101529.0,11117.0,2122.0,173190.0,1.0,5.0,5.0,33.0,0,0,0,False,skill_run,False,True,True,False,11.8,0,1,True,,,,,,,,,,,,,,,,,552.4675675638405,0.000730025892049,0.0001393464912231,8413274719.0,False,False,holdout,7.5502224,-0.6530304,0.3914590747330961,0.16486192,0.3185053380782918,0.11797223,27.685152823337454
GibbJa01,jahmyr-gibbs-1,00-0039139,Jahmyr Gibbs,RB,2023,1,12,DET,alabama,69.0,199.0,4.36,33.5,,,,,,,,,,89143151.0,457746926.0,447.0,243544.0,303465444.0,323.0,40.0,40.0,49.0,3,0,0,False,skill_run,False,True,False,False,91.78,1,0,True,110.13798203279224,,,29.383952951060703,-1.04571684125175,-1.1843933511630338,-1.4512322235289603,-0.307539405823622,,,,,0.7961072145462017,,,-0.7166136200081695,5.134964614387481,5.014406547060469e-06,0.0027320550964145,761212370.0,False,False,holdout,39.63076,-4.0737457,0.12099644128113879,0.49538466,0.9270462633451957,0.6192306,45.67308919232511
VaugDe00,deuce-vaughn-1,00-0038622,Deuce Vaughn,RB,2023,6,212,DAL,kansas st.,65.0,179.0,,35.5,116.0,,,,,,,,,123235293.0,65214041558.0,7189.0,254942.0,434468378.0,243.0,1.0,1.0,14.0,0,0,0,False,skill_run,False,True,False,False,3.79,0,1,True,,75.75,,29.783905325443783,-3.241581085499692,-2.316823026970876,,0.3104361663180378,-0.4091908512123834,,,,,-0.1700586545432988,,-0.504025470529372,529.1831582532125,5.833556138824614e-05,0.0020687417848716,65648509936.0,False,False,holdout,11.031162,4.4712167,0.8202846975088968,0.19024147,0.5142348754448398,0.17236191,50.34815310928109
NichLe00,lew-nichols-1,00-0038409,Lew Nichols,RB,2023,7,235,GNB,central michigan,,,,,,,,,3.0,3.0,41.0,0.0,0.0,1978341177.0,895081848601.0,4166.0,104021.0,109338128.0,120.0,0.0,,1.0,0,0,0,False,skill_run,False,True,True,False,1.14,0,1,True,,,,,,,,,,,,,,,,,452.4405896248501,2.1058046248207877e-06,5.2579909476352165e-05,895191186729.0,False,False,holdout,5.896481,0.48759365,0.5516014234875445,0.15379046,0.23665480427046262,0.092132516,31.715612641512504
FeltDe00,demetric-felton-1,00-0036654,Demetric Felton,RB,2021,6,211,CLE,ucla,68.0,189.0,4.55,,,,,,,,,,,10586132.0,7527331668.0,1015.0,2205522.0,-2207594159.0,143.0,2.0,2.0,24.0,0,0,0,False,skill_run,False,True,False,False,3.94,0,1,True,88.19545664779892,,,28.73421280276817,-1.5946829023137354,-1.7506081890669547,-0.0470648885143437,,,,,,-1.4465447843621488,,,-1.0619723792370588,711.0559048385189,9.588015717166572e-05,0.20834068571977,5319737509.0,False,False,holdout,13.498478,6.9385324,0.891459074733096,0.20997502,0.594306049822064,0.2109137,55.96225835011735
RounLa00,larry-rountree-iii-1,00-0036650,Larry Rountree,RB,2021,6,198,LAC,missouri,,,4.62,30.0,,,6.96,,,,,,,126225186209.0,7031216829972.0,611914.0,5141315.0,576270100.0,0.0,1.0,1.0,16.0,0,0,0,False,skill_run,False,True,True,False,6.15,0,1,True,,,,,,,0.4702599191226237,-1.3889966570715266,,,-0.5064515438353956,,,,,,55.70375486180639,4.84779637390917e-06,4.073129265570787e-05,7031793100072.0,False,False,holdout,8.879416,2.319471,0.7117437722419929,0.17421718,0.40747330960854095,0.13874088,42.87837850201703
GainKe00,kenny-gainwell-1,00-0036919,Kenneth Gainwell,RB,2021,5,150,PHI,memphis,,201.0,4.42,,,21.0,,,,,,,,4231.0,911459.0,113.0,651.0,52610.0,3.0,24.0,15.0,83.0,0,0,0,False,skill_run,False,True,True,False,18.6,0,1,True,105.32633578052364,,,,,-1.0711503835822498,-1.007810959840136,,,0.1123626700828779,,,0.3043293586996738,,,,215.4240132356417,0.0267076341290475,0.1538643346726542,964069.0,False,False,holdout,9.868468,1.6652155,0.6512455516014235,0.1814467,0.4679715302491103,0.15419482,42.1220832945136
McClJa05,jase-mcclellan-1,00-0039393,Jase McClellan,RB,2024,6,186,ATL,alabama,70.0,221.0,,,,20.0,,,,,,,,2340112180.0,245191655890.0,2178.0,1101415.0,197174137.0,330.0,0.0,0.0,2.0,0,0,0,False,skill_run,False,True,False,False,8.64,0,1,True,,,,31.70673469387755,-0.4967507801897647,0.061279292225592,,,,-0.088953780482278,,,,,,0.5180230616973398,104.77773586478234,9.307246116722488e-07,0.0004706676070546,245388830027.0,False,False,holdout,6.770212,0.21026659,0.5338078291814946,0.15956217,0.28647686832740216,0.10578456,32.38878528537805
JordJa00,jawhar-jordan-1,00-0039405,Jawhar Jordan,RB,2024,6,205,HOU,louisville,70.0,193.0,4.56,,,,,,,,,,,152914142181.0,10572948151128.0,100413.0,2511021.0,87342485246.0,1.0,1.0,1.0,4.0,0,0,0,False,skill_run,False,True,False,False,4.9,0,1,True,89.27460432222395,,,27.68959183673469,-0.4967507801897647,-1.5241222539053865,0.0268386554337925,,,,,,-1.3362496999676352,,,-1.6172235848796146,69.14303674157954,6.566626118933072e-07,1.642111687111175e-05,10660290636374.0,False,False,holdout,8.723197,2.1632514,0.693950177935943,0.1730963,0.3932384341637011,0.13629995,41.81070091593944
DobbJK00,jk-dobbins-1,00-0036158,J.K. Dobbins,RB,2020,2,55,BAL,ohio st.,69.0,209.0,,,,23.0,,,,,,,,194229301.0,140310532003.0,71021.0,222623.0,135263247.0,122.0,22.0,10.0,47.0,0,0,1,False,skill_run,False,True,False,False,63.03,0,0,True,,,,30.86053350136526,-1.04571684125175,-0.618178513259113,,,,0.5149955712131901,,,,,,0.068238644539125,722.3963185812011,0.0003656554373328,0.0011461864860441,140445795250.0,False,False,holdout,29.619194,1.4966679,0.6352313167259787,0.37307668,0.8594306049822064,0.46279994,59.31539704579052
EvanZa00,zach-evans-1,00-0039136,Zach Evans,RB,2023,6,215,LAR,mississippi,71.0,202.0,,,,,,,,,,,,5492144.0,415648936.0,459.0,81012.0,76130119.0,11.0,0.0,0.0,10.0,0,0,0,False,skill_run,False,True,False,False,3.36,0,1,True,,,,28.170204324538783,0.0522152808722206,-1.0145288997918576,,,,,,,,,,-1.3617618700785177,75.68063328273986,8.357391940196761e-05,0.0147505236570636,491779055.0,False,False,holdout,7.082693,0.5227475,0.5533807829181495,0.16166854,0.302491103202847,0.11066709,33.63176605349334
AlixRa00,rasheen-ali-1,00-0039796,Rasheen Ali,RB,2024,5,165,BAL,marshall,71.0,206.0,,,,,,,,,,,,525047212.0,2214012731140.0,23115.0,46228.0,34210213.0,111.0,1.0,1.0,21.0,0,0,0,False,skill_run,False,True,False,False,13.99,0,1,True,,,,28.728030152747472,0.0522152808722206,-0.7880429646302892,,,,,,,,,,-1.065258665832561,4216.787901237346,4.4024612399998805e-05,8.804541561873869e-05,2214046941353.0,False,False,holdout,7.9233084,-0.27994442,0.4199288256227758,0.16744637,0.33807829181494664,0.12380169,29.383680374490833
BrooJo02,jonathon-brooks-1,00-0039344,Jonathon Brooks,RB,2024,2,46,CAR,texas,72.0,216.0,,,,,,,,,,,,2130187.0,1431971139.0,1510.0,1225.0,1237286.0,11.0,0.0,0.0,3.0,0,0,0,False,skill_run,False,True,False,False,68.6,0,0,True,,,,29.291666666666668,0.601181341934206,-0.2218281267263683,,,,,,,,,,-0.7656668865423755,672.2279025268674,0.0007088579547241,0.0005750668837994,1433208425.0,False,False,holdout,33.104477,4.9819508,0.8380782918149466,0.41464972,0.8896797153024911,0.51725745,69.95486966708802
MillKe01,kendre-miller-1,00-0038551,Kendre Miller,RB,2023,3,71,NOR,texas christian,71.0,215.0,,,,,,,,,,,,5483224.0,3886231399.0,2717.0,11216.0,-4117116.0,10.0,4.0,4.0,21.0,0,0,0,False,skill_run,False,True,False,False,53.7,0,0,True,,,,29.983138266217026,0.0522152808722206,-0.2784496105167604,,,,,,,,,,-0.3981264562791581,708.7493414458355,0.0004955113998625,0.002045511910511,3882114283.0,False,False,holdout,27.0684,6.9161167,0.8896797153024911,0.34376064,0.8309608540925267,0.42294374,67.540494049253
AbanIs00,israel-abanikanda-1,00-0038389,Israel Abanikanda,RB,2023,5,143,NYJ,pittsburgh,70.0,216.0,,,,,,,,,,,,28123239.0,956511431.0,1720.0,22412.0,11197146.0,111.0,1.0,1.0,6.0,0,0,0,False,skill_run,False,True,False,False,20.98,0,1,True,,,,30.98938775510204,-0.4967507801897647,-0.2218281267263683,,,,,,,,,,0.136729017665741,34.01142489312842,6.11593849485118e-05,0.0007969210089918,967708577.0,False,False,holdout,8.121866,-0.081386566,0.4483985765124555,0.16883495,0.3505338078291815,0.12690416,30.861401763542478
BrowBr06,brittain-brown-1,00-0037329,Brittain Brown,RB,2022,7,250,LVR,ucla,,,,,,,,,,,,,,130801281102.0,70136956543616.0,73047.0,1412618.0,161441384129.0,1010.0,0.0,0.0,9.0,0,0,0,False,skill_run,False,True,True,False,0.25,0,1,True,,,,,,,,,,,,,,,,,536.2100122622085,5.584578330164618e-07,1.0799726027900508e-05,70298397927745.0,False,False,holdout,8.172096,2.7632089,0.7419928825622776,0.1691877,0.35587188612099646,0.127689,42.73468703681146
NwanKe00,kene-nwangwu-1,00-0036842,Kene Nwangwu,RB,2021,4,119,MIN,iowa st.,,,,,,,,,,,,,,27391661.0,133157115339.0,4.0,1213.0,1611822.0,0.0,5.0,3.0,51.0,0,0,0,False,skill_run,False,True,True,False,30.21,0,0,True,,,,,,,,,,,,,,,,,4861.228216098323,1.4602984463045158e-07,4.4283550384184445e-05,133158727161.0,False,False,holdout,8.166701,-3.4585648,0.15480427046263345,0.16914979,0.3540925266903915,0.12760471,19.209111201248774
DaviRa04,remahn-davis-1,00-0039875,Ray Davis,RB,2024,4,128,BUF,kentucky,,,,,,,,,,,,,,23.0,116.0,1.0,3.0,38.0,1.0,10.0,10.0,34.0,0,1,0,False,skill_run,False,True,True,False,26.55,0,0,True,,,,,,,,,,,,,,,,,5.043478260869565,0.0434782608695652,0.1304347826086956,154.0,False,False,holdout,8.172601,-3.4526653,0.15658362989323843,0.16919123,0.35765124555160144,0.12769689,19.354132478957286
RodrCh00,christopher-rodriguez-jr-1,00-0038611,Chris Rodriguez,RB,2023,6,193,WAS,kentucky,,,,,,,,,,,,,,271119225174.0,435337851379903.0,61196.0,11135.0,2126141.0,30.0,6.0,6.0,35.0,0,0,0,False,skill_run,False,True,True,False,7.14,0,1,True,,,,,,,,,,,,,,,,,1605.706312787336,2.2571619537760697e-07,4.107049211598231e-08,435337853506044.0,False,False,holdout,6.3977823,-0.16216326,0.4395017793594306,0.15708078,0.2722419928825623,0.09996535,28.165833995647706
MasoBe00,ben-mason-1,00-0036565,Ben Mason,RB,2021,5,184,BAL,michigan,,,,,,,,,,,,,,3331.0,4803.0,270.0,12.0,1517.0,1.0,0.0,0.0,1.0,0,0,0,False,skill_run,False,True,True,False,9.09,0,1,True,,,,,,,,,,,,,,,,,1.4419093365355748,0.0810567397178024,0.0036025217652356,6320.0,False,False,holdout,4.314214,-3.8890386,0.13167259786476868,0.1437743,0.06227758007117438,0.0674096,10.736133497659104
HullEv00,evan-hull-2,00-0038397,Evan Hull,RB,2023,5,176,IND,northwestern,,,,,,,,,,,,,,4525196221.0,2812091009913.0,4275.0,63355.0,41264546.0,22.0,0.0,0.0,8.0,0,0,0,False,skill_run,False,True,True,False,11.03,0,1,True,,,,,,,,,,,,,,,,,621.4296292529764,9.44710415022686e-07,1.4000497858190004e-05,2812132274459.0,False,False,holdout,7.493389,-0.70986366,0.38256227758007116,0.16447105,0.31316725978647686,0.117084205,27.196941341926404
HarrNa00,najee-harris-1,00-0036893,Najee Harris,RB,2021,1,24,PIT,alabama,,,,,,,,,,,,,,61117209251.0,37078312241466.0,341326.0,642743.0,457304425.0,74.0,30.0,29.0,71.0,1,0,4,False,skill_run,False,True,True,False,83.21,1,0,True,,,,,,,,,,,,,,,,,606.6754797194757,5.584777253133744e-06,1.0516563303149898e-05,37078769545891.0,False,False,holdout,47.32503,3.6205254,0.800711743772242,0.5905529,0.9697508896797153,0.7394536,78.02361968202099
HuntJa01,jason-huntley-1,00-0036278,Jason Huntley,RB,2020,5,172,DET,new mexico st.,,,,,,,,,,,,,,4070109154.0,1674205051090.0,1179.0,8394740.0,35363471192.0,232.0,0.0,,6.0,0,0,0,False,skill_run,False,True,True,False,12.06,0,1,True,,,,,,,,,,,,,,,,,411.3415605683778,2.896728208975204e-07,0.002062534365141,1709568522282.0,False,False,holdout,6.3776083,-1.8256445,0.26868327402135234,0.15694728,0.2704626334519573,0.09965013,21.288531810389934
LaubDy00,,00-0039407,Dylan Laube,RB,2024,6,208,LVR,new hampshire,,,,,,,,,,,,,,86245158.0,3631205715.0,159.0,324968.0,871464699.0,1027.0,0.0,0.0,27.0,0,0,0,False,skill_run,False,True,True,False,4.41,0,1,True,,,,,,,,,,,,,,,,,42.10329946870756,1.8435817579463416e-06,0.0037679564573352,4502670414.0,False,False,holdout,4.9662867,-1.5936589,0.28825622775800713,0.1478347,0.09252669039145907,0.07759823,17.889441696071856
IrviBu00,markeise-irving-1,00-0039361,Bucky Irving,RB,2024,4,125,TAM,oregon,69.0,192.0,4.55,29.5,115.0,,,,,,,,,,,,,,,18.0,18.0,27.0,0,0,0,False,skill_run,False,True,False,True,27.74,0,0,True,89.59538453109731,72.25,,28.35034656584751,-1.04571684125175,-1.5807437376957785,-0.0470648885143437,-1.5434905501069416,-0.5736025796199266,,,,-1.303464122008041,-0.9972481902282948,,-1.2660102051912774,,,,,True,True,holdout,14.222164,2.596898,0.7277580071174378,0.21604043,0.6120996441281139,0.22222133,50.11754871051083
McBrDe00,dewayne-mcbride-1,00-0039046,DeWayne McBride,RB,2023,7,222,MIN,ala-birmingham,,,,,,,,,,,,,,47204233.0,43913711710.0,41319.0,32.0,1910.0,0.0,,,,0,0,0,False,skill_run,True,True,True,False,2.45,0,1,True,,,,,,,,,,,,,,,,,930.2918174732338,0.0008753240413841,6.779053056534146e-07,43913713620.0,False,False,holdout,6.012047,0.6031594,0.5622775800711743,0.15454395,0.24377224199288255,0.09393823,32.33619184415535
DoakGe00,gerrid-doaks-1,00-0036578,Gerrid Doaks,RB,2021,7,244,MIA,cincinnati,,,,,,,,,,,,,,87100144.0,513526673.0,257.0,14814.0,13570202.0,112.0,,,,0,0,0,False,skill_run,True,True,True,False,0.53,0,1,True,,,,,,,,,,,,,,,,,5.895818874880391,2.9506265799055398e-06,0.0001700800862051,527096875.0,False,False,holdout,4.548451,-0.86043644,0.3540925266903915,0.14522208,0.06405693950177936,0.071069546,19.770672563596026
HorvZa00,alexander-horvath-1,00-0037331,Zander Horvath,RB,2022,7,260,LAC,purdue,,,,,,,,,,,,,,,,,,,,0.0,0.0,15.0,0,0,0,False,skill_run,False,True,True,True,0.01,0,1,True,,,,,,,,,,,,,,,,,,,,,True,True,holdout,5.4824853,0.07359791,0.5142348754448398,0.15111588,0.18327402135231316,0.08566383,28.970469687651057
